rainfall_1h,rainfall_3h,rainfall_24h,humidity,temperature,wind_speed,month,is_rainy_season,elevation_m,distance_to_river_km,soil_type_encoded,rain_intensity,rain_persistence,saturation_index,drainage_score,heat_humidity,city_risk,label
0.0,0.0,0.0,81.76,37.12,27.51,2,0,5.524,0.05,2,0.0,0.0,0.8176,0.15,30.35,0.75,siaga
18.738,42.313,114.627,67.71,10.18,2.23,6,1,8.397,0.5333,3,18.738,14.1042,0.6771,0.15,6.893,0.45,siaga
102.808,153.838,302.993,76.45,7.55,26.07,1,0,3.227,0.1715,2,102.808,51.2794,0.7645,0.35,5.775,0.5,awas
21.681,40.922,105.443,77.62,31.98,10.93,6,1,3.43,0.05,2,21.681,13.6408,0.7762,0.15,24.819,0.15,siaga
1.548,2.589,10.368,83.09,27.39,16.06,8,1,5.118,0.5037,0,1.548,0.8629,0.8309,0.15,22.755,0.25,siaga
0.0,0.0,0.0,32.1,12.94,15.29,7,1,0.0,0.1995,3,0.0,0.0,0.321,0.15,4.154,0.85,waspada
3.548,9.654,24.144,67.88,25.83,27.44,4,0,0.0,0.05,1,3.548,3.218,0.6788,0.55,17.532,0.15,waspada
0.0,0.0,0.0,77.35,7.48,15.62,7,1,2.091,0.05,3,0.0,0.0,0.7735,0.55,5.788,0.15,waspada
134.513,238.56,465.039,77.58,34.71,9.31,12,0,3.601,0.05,1,134.513,79.5199,0.7758,0.75,26.927,0.65,awas
20.231,39.088,127.216,42.02,22.85,29.98,4,0,0.0,0.1983,3,20.231,13.0293,0.4202,0.55,9.602,0.3,siaga
1.779,5.138,19.234,39.83,13.88,3.62,6,1,2.803,0.05,3,1.779,1.7128,0.3983,0.85,5.526,0.75,waspada
56.445,111.394,267.396,63.09,4.98,17.17,10,0,7.176,0.2333,3,56.445,37.1312,0.6309,0.35,3.141,0.55,awas
2.609,6.495,27.155,67.67,7.05,3.8,11,0,1.923,0.1164,0,2.609,2.1649,0.6767,0.15,4.77,0.9,siaga
0.0,0.0,0.0,86.43,15.35,28.29,7,1,8.914,0.1502,2,0.0,0.0,0.8643,0.85,13.269,0.8,waspada
66.173,158.207,528.438,59.59,3.62,34.73,2,0,5.925,0.253,2,66.173,52.7357,0.5959,0.05,2.155,0.75,awas
0.0,0.0,0.0,47.85,28.88,32.79,2,0,10.53,0.3658,3,0.0,0.0,0.4785,0.35,13.82,0.15,waspada
115.052,151.307,229.069,51.1,9.07,27.21,11,0,12.618,0.2461,2,115.052,50.4356,0.511,0.15,4.636,0.3,awas
20.563,33.539,75.379,43.58,22.92,28.14,9,1,4.453,0.4932,1,20.563,11.1797,0.4358,0.35,9.99,0.15,siaga
5.255,8.717,21.104,92.89,12.31,0.87,12,0,1.579,0.2017,3,5.255,2.9056,0.9289,0.15,11.436,0.65,siaga
21.546,37.331,114.291,31.21,30.25,3.82,6,1,16.587,0.8631,3,21.546,12.4438,0.3121,0.15,9.442,0.55,siaga
9.79,15.336,48.905,46.09,10.92,26.11,6,1,1.353,0.05,3,9.79,5.1121,0.4609,0.05,5.034,0.7,siaga
0.0,0.0,0.0,40.45,12.25,4.04,2,0,12.643,0.05,1,0.0,0.0,0.4045,0.05,4.955,0.4,siaga
8.739,14.695,36.347,64.31,13.45,30.63,5,0,5.161,0.1334,3,8.739,4.8982,0.6431,0.15,8.648,0.25,siaga
30.451,71.365,239.356,86.68,5.66,1.82,7,1,11.867,0.4158,0,30.451,23.7882,0.8668,0.35,4.906,0.15,awas
3.388,8.333,23.326,64.97,21.3,30.02,2,0,1.642,0.3791,3,3.388,2.7776,0.6497,0.15,13.837,0.3,siaga
0.0,0.0,0.0,55.8,13.79,24.0,5,0,0.0,0.3984,2,0.0,0.0,0.558,0.35,7.695,0.5,siaga
2.661,6.925,18.056,84.7,25.49,18.65,11,0,6.913,0.8197,2,2.661,2.3084,0.847,0.35,21.592,0.1,siaga
18.093,41.299,148.271,39.34,35.69,33.56,2,0,3.047,0.6514,1,18.093,13.7662,0.3934,0.15,14.043,0.45,siaga
6.229,16.812,58.448,68.93,22.34,16.31,3,0,4.164,0.05,1,6.229,5.6041,0.6893,0.15,15.397,0.8,siaga
0.0,0.0,0.0,82.65,17.07,23.49,8,1,1.044,0.4773,1,0.0,0.0,0.8265,0.75,14.109,0.5,waspada
0.0,0.0,0.0,93.66,7.32,15.33,2,0,5.172,0.3811,3,0.0,0.0,0.9366,0.35,6.856,0.65,siaga
0.0,0.0,0.0,78.81,37.52,33.29,5,0,0.282,0.0533,2,0.0,0.0,0.7881,0.35,29.568,0.8,siaga
3.817,7.455,35.45,86.13,18.36,10.34,1,0,2.974,0.05,3,3.817,2.485,0.8613,0.15,15.809,0.45,siaga
1.178,3.353,6.998,97.94,5.83,23.3,11,0,0.0,0.05,2,1.178,1.1176,0.9794,0.55,5.711,0.25,siaga
6.511,12.097,55.018,30.37,3.3,1.81,8,1,3.102,0.359,2,6.511,4.0322,0.3037,0.05,1.003,0.7,siaga
6.089,14.887,67.789,43.72,3.45,4.37,11,0,7.747,0.2145,2,6.089,4.9625,0.4372,0.15,1.506,0.25,siaga
0.0,0.0,0.0,33.71,24.02,21.57,12,0,0.0,0.05,2,0.0,0.0,0.3371,0.15,8.095,0.5,waspada
1.588,4.637,13.465,83.32,18.51,22.27,12,0,0.0,0.5785,1,1.588,1.5456,0.8332,0.55,15.421,0.6,waspada
0.0,0.0,0.0,62.24,16.55,4.17,7,1,9.336,0.2006,3,0.0,0.0,0.6224,0.75,10.298,0.55,waspada
0.0,0.0,0.0,44.8,16.72,20.59,5,0,9.381,0.05,3,0.0,0.0,0.448,0.15,7.489,0.1,waspada
0.0,0.0,0.0,74.06,27.27,22.84,7,1,2.534,0.8812,2,0.0,0.0,0.7406,0.15,20.198,0.65,siaga
4.402,11.885,34.981,90.28,28.52,32.24,7,1,9.319,0.05,3,4.402,3.9616,0.9028,0.35,25.748,0.1,siaga
0.0,0.0,0.0,51.34,8.23,25.99,5,0,7.328,0.6256,1,0.0,0.0,0.5134,0.55,4.225,0.45,waspada
13.286,29.066,99.139,95.17,15.14,34.84,2,0,0.0,0.7092,2,13.286,9.6887,0.9517,0.15,14.406,0.35,siaga
6.793,20.28,49.176,86.87,7.97,34.62,2,0,4.497,0.2742,2,6.793,6.7602,0.8687,0.35,6.926,0.55,siaga
0.0,0.0,0.0,42.3,7.42,31.75,6,1,1.787,0.7365,2,0.0,0.0,0.423,0.35,3.141,0.5,waspada
5.527,14.614,31.776,87.36,10.77,22.32,2,0,7.187,0.1384,3,5.527,4.8714,0.8736,0.35,9.411,0.9,siaga
6.877,13.829,48.352,64.33,32.67,31.83,10,0,7.534,0.4988,2,6.877,4.6097,0.6433,0.35,21.017,0.45,siaga
49.651,89.747,260.06,43.03,14.2,0.87,3,0,0.0,0.2788,3,49.651,29.9156,0.4303,0.15,6.11,0.6,awas
24.375,55.623,207.674,81.78,19.19,31.62,8,1,5.31,0.05,3,24.375,18.541,0.8178,0.05,15.693,0.25,awas
13.89,22.556,46.96,49.6,37.44,25.68,12,0,13.986,0.05,3,13.89,7.5187,0.496,0.15,18.572,0.55,siaga
23.72,55.092,114.257,35.77,30.57,19.44,5,0,1.397,0.5438,3,23.72,18.3638,0.3577,0.05,10.935,0.7,siaga
0.0,0.0,0.0,80.28,33.16,28.03,10,0,6.69,0.05,3,0.0,0.0,0.8028,0.15,26.618,0.35,siaga
2.282,6.343,19.31,57.29,3.07,31.35,9,1,11.256,0.1678,0,2.282,2.1144,0.5729,0.35,1.756,0.7,siaga
21.726,54.289,140.755,35.77,8.75,11.97,11,0,1.974,0.05,3,21.726,18.0962,0.3577,0.55,3.131,0.45,siaga
0.0,0.0,0.0,92.24,16.13,17.39,8,1,3.29,0.4846,3,0.0,0.0,0.9224,0.15,14.874,0.3,siaga
17.195,30.684,116.416,58.59,14.36,33.57,8,1,0.0,0.4762,0,17.195,10.2281,0.5859,0.35,8.412,0.1,siaga
0.0,0.0,0.0,50.36,25.52,8.45,8,1,0.0,0.4446,3,0.0,0.0,0.5036,0.15,12.853,0.75,siaga
23.343,53.4,126.578,97.64,19.15,23.61,6,1,15.913,0.4261,2,23.343,17.8001,0.9764,0.15,18.693,0.4,awas
0.0,0.0,0.0,95.26,3.29,3.61,6,1,11.492,0.1623,3,0.0,0.0,0.9526,0.35,3.135,0.15,siaga
2.053,4.009,12.758,56.15,6.02,2.12,1,0,0.0,0.05,3,2.053,1.3364,0.5615,0.35,3.379,0.9,siaga
22.3,39.257,103.833,52.65,19.62,15.1,7,1,3.932,0.5105,2,22.3,13.0855,0.5265,1.0,10.331,0.85,waspada
0.0,0.0,0.0,61.33,3.75,24.9,12,0,0.0,0.05,2,0.0,0.0,0.6133,0.35,2.299,0.7,siaga
4.926,13.667,27.528,72.17,5.98,8.46,1,0,3.062,0.3834,0,4.926,4.5556,0.7217,0.55,4.318,0.25,siaga
105.308,194.874,354.36,60.9,35.08,21.12,4,0,12.988,0.4549,2,105.308,64.9582,0.609,0.05,21.363,0.7,awas
0.0,0.0,0.0,53.56,3.07,0.67,1,0,6.213,0.6749,3,0.0,0.0,0.5356,0.35,1.646,0.25,waspada
0.0,0.0,0.0,39.77,6.54,24.26,8,1,12.409,0.8187,2,0.0,0.0,0.3977,0.05,2.6,0.8,siaga
5.163,9.861,21.217,91.02,6.57,30.81,8,1,0.0,0.2846,0,5.163,3.287,0.9102,0.05,5.979,0.45,siaga
4.652,9.742,39.286,89.42,10.33,8.88,8,1,6.556,0.4174,2,4.652,3.2472,0.8942,1.0,9.234,0.9,waspada
0.0,0.0,0.0,84.13,2.45,18.21,7,1,9.5,0.2603,3,0.0,0.0,0.8413,0.35,2.06,0.15,siaga
36.668,72.229,223.927,43.57,8.42,30.06,12,0,5.557,0.1794,3,36.668,24.0763,0.4357,0.75,3.67,0.6,siaga
21.568,34.505,83.116,37.11,22.52,31.64,10,0,4.155,0.2647,3,21.568,11.5018,0.3711,0.15,8.357,0.45,siaga
3.569,8.574,41.208,51.7,16.21,21.31,11,0,2.32,0.8715,3,3.569,2.858,0.517,0.15,8.379,0.15,siaga
0.0,0.0,0.0,53.08,26.64,33.42,2,0,8.543,0.3093,3,0.0,0.0,0.5308,0.75,14.144,0.65,waspada
0.0,0.0,0.0,61.85,20.79,9.08,3,0,3.708,0.3252,2,0.0,0.0,0.6185,0.55,12.861,0.1,waspada
79.151,196.482,673.836,82.01,12.61,30.68,4,0,7.621,0.3189,3,79.151,65.4942,0.8201,0.75,10.343,0.75,awas
0.0,0.0,0.0,66.88,24.2,5.79,11,0,5.445,0.6735,3,0.0,0.0,0.6688,0.75,16.187,0.25,waspada
0.0,0.0,0.0,81.68,16.57,27.03,5,0,9.247,0.0972,3,0.0,0.0,0.8168,0.55,13.538,0.2,waspada
0.0,0.0,0.0,58.12,8.46,15.75,11,0,14.301,0.2324,1,0.0,0.0,0.5812,0.55,4.918,0.75,waspada
16.8,33.443,102.318,93.92,7.81,31.08,3,0,9.788,0.7309,3,16.8,11.1476,0.9392,0.55,7.331,0.65,siaga
0.0,0.0,0.0,41.12,36.32,19.4,6,1,2.839,0.3227,1,0.0,0.0,0.4112,0.05,14.934,0.85,siaga
0.0,0.0,0.0,57.23,18.74,18.62,8,1,8.701,0.5598,3,0.0,0.0,0.5723,0.35,10.725,0.15,waspada
18.586,41.834,150.071,33.41,14.29,11.98,12,0,5.914,0.05,3,18.586,13.9447,0.3341,0.55,4.774,0.2,siaga
0.0,0.0,0.0,34.22,12.11,16.04,12,0,4.655,0.05,3,0.0,0.0,0.3422,1.0,4.145,0.45,aman
7.625,15.358,38.882,74.88,18.6,20.99,9,1,3.469,0.3669,3,7.625,5.1194,0.7488,0.35,13.927,0.55,siaga
0.0,0.0,0.0,66.14,37.71,23.1,9,1,5.872,0.4896,3,0.0,0.0,0.6614,0.05,24.937,0.3,siaga
3.068,6.48,21.514,91.68,20.32,14.68,9,1,12.972,0.6944,3,3.068,2.1599,0.9168,0.15,18.631,0.8,siaga
12.194,26.434,59.707,43.45,13.76,27.24,1,0,5.701,0.501,3,12.194,8.8113,0.4345,0.15,5.977,0.65,siaga
2.413,5.884,17.426,77.69,21.51,33.35,3,0,2.316,0.4859,3,2.413,1.9614,0.7769,0.05,16.716,0.3,siaga
13.478,27.556,82.106,60.19,23.97,32.76,11,0,5.014,0.1499,0,13.478,9.1852,0.6019,0.35,14.426,0.35,siaga
16.17,31.636,78.473,80.66,37.22,26.76,11,0,0.188,0.05,3,16.17,10.5455,0.8066,0.05,30.018,0.65,awas
0.0,0.0,0.0,88.52,31.38,5.87,3,0,6.056,0.3355,3,0.0,0.0,0.8852,0.35,27.775,0.7,siaga
0.0,0.0,0.0,97.91,16.04,6.74,2,0,6.275,0.7335,1,0.0,0.0,0.9791,0.15,15.706,0.4,siaga
1.339,3.68,9.307,48.4,30.47,30.97,2,0,18.046,0.124,3,1.339,1.2267,0.484,0.75,14.747,0.15,waspada
24.603,44.737,130.74,65.12,37.98,3.33,12,0,1.02,0.3026,3,24.603,14.9123,0.6512,0.15,24.732,0.9,awas
21.624,43.058,163.021,58.33,31.56,11.25,10,0,6.992,0.4559,3,21.624,14.3527,0.5833,0.15,18.412,0.35,siaga
8.592,18.493,67.429,30.04,3.9,15.27,1,0,4.395,0.6401,2,8.592,6.1642,0.3004,0.35,1.172,0.7,waspada
0.0,0.0,0.0,56.82,5.34,25.82,10,0,2.781,0.05,2,0.0,0.0,0.5682,0.35,3.034,0.55,waspada
0.0,0.0,0.0,81.1,9.5,4.16,3,0,3.556,0.3011,3,0.0,0.0,0.811,0.35,7.706,0.6,siaga
78.658,186.644,427.125,60.51,25.53,13.75,2,0,9.095,0.6091,3,78.658,62.2146,0.6051,0.05,15.448,0.2,awas
0.0,0.0,0.0,78.32,31.83,0.93,7,1,2.184,0.2236,3,0.0,0.0,0.7832,0.15,24.926,0.3,siaga
2.861,6.711,27.047,56.21,22.2,9.47,10,0,0.0,0.2649,3,2.861,2.2371,0.5621,0.15,12.48,0.85,siaga
28.272,48.491,139.589,61.96,34.05,16.66,3,0,3.947,0.05,2,28.272,16.1637,0.6196,0.15,21.096,0.25,siaga
0.0,0.0,0.0,39.16,8.34,30.11,6,1,0.0,0.7455,1,0.0,0.0,0.3916,0.55,3.266,0.85,waspada
0.0,0.0,0.0,93.22,33.98,3.49,3,0,0.0,0.9845,2,0.0,0.0,0.9322,0.15,31.676,0.55,siaga
0.0,0.0,0.0,97.77,20.94,1.55,10,0,0.0,0.05,2,0.0,0.0,0.9777,0.15,20.472,0.85,siaga
0.0,0.0,0.0,63.57,19.95,33.98,12,0,1.117,0.4679,2,0.0,0.0,0.6357,0.55,12.683,0.25,waspada
0.0,0.0,0.0,70.07,33.18,12.55,2,0,0.037,0.308,2,0.0,0.0,0.7007,0.55,23.252,0.1,waspada
4.658,9.228,28.027,68.62,18.24,16.16,4,0,4.34,0.1764,3,4.658,3.0759,0.6862,0.35,12.515,0.25,siaga
23.768,49.85,166.394,81.38,22.26,9.01,3,0,12.698,0.1553,3,23.768,16.6167,0.8138,0.35,18.111,0.2,siaga
0.0,0.0,0.0,76.27,3.39,19.69,1,0,11.247,0.1875,3,0.0,0.0,0.7627,0.15,2.584,0.1,siaga
2.528,4.4,19.03,89.76,13.91,13.06,10,0,0.0,0.05,3,2.528,1.4667,0.8976,1.0,12.481,0.45,waspada
0.0,0.0,0.0,89.71,23.39,13.11,3,0,5.288,0.5536,3,0.0,0.0,0.8971,0.05,20.988,0.2,siaga
22.241,39.687,103.488,58.4,15.32,4.14,6,1,7.769,0.2247,3,22.241,13.229,0.584,0.15,8.946,0.15,siaga
0.0,0.0,0.0,55.62,26.06,21.66,2,0,2.985,0.4128,3,0.0,0.0,0.5562,0.15,14.494,0.45,siaga
24.565,38.831,128.272,94.42,5.49,14.17,5,0,5.465,0.05,1,24.565,12.9436,0.9442,0.55,5.179,0.5,siaga
13.13,31.551,65.949,95.19,37.77,1.41,7,1,2.931,0.0606,3,13.13,10.5171,0.9519,0.85,35.952,0.75,siaga
0.0,0.0,0.0,68.59,34.97,13.9,7,1,0.0,0.4058,2,0.0,0.0,0.6859,0.55,23.983,0.3,waspada
24.59,57.594,223.855,88.98,5.39,24.77,12,0,0.0,0.5586,2,24.59,19.1981,0.8898,0.55,4.8,0.75,siaga
0.0,0.0,0.0,62.84,27.37,15.97,12,0,5.823,0.4668,3,0.0,0.0,0.6284,0.05,17.202,0.75,siaga
0.0,0.0,0.0,71.63,35.5,1.23,6,1,4.471,0.6746,1,0.0,0.0,0.7163,0.15,25.432,0.3,siaga
0.0,0.0,0.0,33.34,10.51,5.38,12,0,13.312,0.4808,3,0.0,0.0,0.3334,0.05,3.504,0.2,waspada
44.135,70.199,164.189,72.01,30.82,30.24,3,0,7.473,0.3768,3,44.135,23.3998,0.7201,0.15,22.194,0.25,awas
0.0,0.0,0.0,74.42,13.55,23.55,3,0,8.856,0.3084,2,0.0,0.0,0.7442,0.35,10.081,0.55,siaga
0.0,0.0,0.0,65.33,19.92,17.79,2,0,7.273,0.5236,3,0.0,0.0,0.6533,0.55,13.011,0.25,waspada
112.83,216.341,427.396,73.36,10.21,1.78,8,1,0.0,0.6363,3,112.83,72.1138,0.7336,0.75,7.487,0.3,siaga
5.539,16.289,50.704,72.91,32.82,12.17,8,1,6.549,0.2684,2,5.539,5.4298,0.7291,0.35,23.933,0.55,siaga
6.105,17.349,48.886,38.92,28.83,6.95,3,0,8.943,0.3121,3,6.105,5.7831,0.3892,0.35,11.219,0.45,siaga
0.0,0.0,0.0,81.72,33.78,24.79,7,1,0.0,0.1828,2,0.0,0.0,0.8172,0.55,27.605,0.65,siaga
6.367,16.693,74.204,77.94,21.81,2.45,2,0,0.0,0.3985,2,6.367,5.5644,0.7794,0.35,16.998,0.6,siaga
0.0,0.0,0.0,46.38,16.11,26.31,6,1,1.169,0.1126,3,0.0,0.0,0.4638,0.55,7.474,0.75,waspada
7.004,20.999,80.648,93.24,29.47,17.43,3,0,4.34,0.4644,2,7.004,6.9997,0.9324,0.35,27.481,0.15,siaga
4.641,12.786,29.74,63.61,19.18,14.26,1,0,3.058,0.1727,3,4.641,4.2621,0.6361,0.75,12.201,0.3,waspada
7.541,15.21,55.836,57.31,13.32,9.38,11,0,7.746,0.05,3,7.541,5.07,0.5731,0.05,7.632,0.8,siaga
0.0,0.0,0.0,76.33,32.03,6.72,5,0,5.978,0.05,1,0.0,0.0,0.7633,0.05,24.447,0.25,siaga
0.0,0.0,0.0,48.78,10.47,33.76,10,0,3.271,0.1824,1,0.0,0.0,0.4878,0.15,5.107,0.1,waspada
7.956,12.395,32.523,44.49,32.06,0.15,5,0,0.0,0.3075,2,7.956,4.1315,0.4449,0.15,14.265,0.45,siaga
6.964,17.154,69.837,43.29,8.8,14.35,5,0,6.751,0.0891,3,6.964,5.718,0.4329,0.15,3.809,0.8,siaga
0.0,0.0,0.0,36.65,29.16,16.39,9,1,6.263,0.3963,3,0.0,0.0,0.3665,0.55,10.689,0.1,waspada
0.0,0.0,0.0,48.64,11.58,8.92,10,0,10.791,0.4524,2,0.0,0.0,0.4864,0.05,5.631,0.45,siaga
0.0,0.0,0.0,73.47,7.83,27.4,1,0,6.661,1.1743,2,0.0,0.0,0.7347,0.35,5.753,0.7,siaga
0.0,0.0,0.0,72.09,13.01,26.6,11,0,9.66,0.05,2,0.0,0.0,0.7209,0.75,9.378,0.2,waspada
0.0,0.0,0.0,85.79,28.81,26.23,7,1,9.423,0.05,3,0.0,0.0,0.8579,0.05,24.719,0.75,siaga
19.526,39.502,93.898,92.09,30.33,8.64,5,0,0.0,0.316,3,19.526,13.1673,0.9209,0.15,27.93,0.2,awas
0.0,0.0,0.0,62.23,24.98,34.53,5,0,0.0,0.5255,3,0.0,0.0,0.6223,0.05,15.542,0.6,siaga
0.0,0.0,0.0,50.49,33.81,26.96,12,0,4.01,0.3846,2,0.0,0.0,0.5049,0.35,17.069,0.4,waspada
0.0,0.0,0.0,63.7,22.29,1.93,9,1,5.823,0.0822,0,0.0,0.0,0.637,0.55,14.197,0.15,waspada
36.876,74.906,237.369,88.93,11.27,26.11,9,1,5.24,0.2576,3,36.876,24.9686,0.8893,0.75,10.026,0.6,awas
0.0,0.0,0.0,66.15,28.78,16.66,8,1,0.0,0.3611,3,0.0,0.0,0.6615,0.15,19.04,0.85,siaga
43.269,72.222,167.385,96.12,7.08,31.6,7,1,9.125,0.2508,2,43.269,24.0739,0.9612,0.35,6.802,0.1,awas
7.116,17.49,62.375,69.46,31.78,27.1,2,0,0.0,0.1012,3,7.116,5.8299,0.6946,0.75,22.074,0.9,waspada
13.613,29.76,110.492,40.44,11.39,8.62,10,0,1.417,0.5744,3,13.613,9.9199,0.4044,0.55,4.604,0.55,waspada
5.164,12.474,48.281,68.68,12.62,10.14,11,0,5.569,0.1525,2,5.164,4.1579,0.6868,0.15,8.668,0.35,siaga
0.0,0.0,0.0,35.9,16.73,7.78,6,1,0.0,0.0667,3,0.0,0.0,0.359,0.75,6.004,0.3,waspada
6.031,9.697,34.396,63.44,35.41,18.5,8,1,1.743,0.3216,3,6.031,3.2324,0.6344,0.35,22.463,0.85,siaga
0.0,0.0,0.0,44.75,8.51,3.33,6,1,0.0,0.5063,3,0.0,0.0,0.4475,0.05,3.809,0.5,siaga
0.0,0.0,0.0,41.38,35.88,21.93,2,0,2.496,0.05,0,0.0,0.0,0.4138,0.15,14.847,0.1,waspada
0.0,0.0,0.0,87.78,29.22,34.96,7,1,1.952,0.3277,2,0.0,0.0,0.8778,0.05,25.649,0.1,siaga
36.212,73.458,238.685,73.45,20.96,30.1,12,0,3.964,0.3511,3,36.212,24.4861,0.7345,0.05,15.399,0.9,awas
4.291,10.535,33.975,51.82,11.69,19.15,10,0,8.303,0.7676,3,4.291,3.5117,0.5182,0.05,6.057,0.45,siaga
0.659,1.301,3.292,45.5,18.07,26.58,11,0,0.0,0.1238,1,0.659,0.4335,0.455,0.55,8.219,0.45,waspada
0.0,0.0,0.0,40.57,32.56,21.23,1,0,2.503,0.5016,1,0.0,0.0,0.4057,0.15,13.207,0.25,waspada
0.0,0.0,0.0,67.37,34.54,5.25,3,0,11.063,0.6072,2,0.0,0.0,0.6737,1.0,23.268,0.45,waspada
0.0,0.0,0.0,54.46,19.18,7.85,4,0,0.919,0.05,3,0.0,0.0,0.5446,0.35,10.445,0.45,waspada
0.0,0.0,0.0,85.12,29.96,24.91,8,1,1.716,0.3304,3,0.0,0.0,0.8512,0.15,25.5,0.7,siaga
36.074,87.645,177.638,42.01,16.9,28.85,6,1,0.0,0.05,0,36.074,29.2149,0.4201,0.55,7.101,0.45,siaga
18.435,38.985,110.504,67.42,36.95,2.74,11,0,0.0,0.3097,2,18.435,12.9951,0.6742,0.05,24.909,0.75,awas
131.319,196.347,328.843,64.67,19.01,10.93,11,0,2.414,0.05,1,131.319,65.4488,0.6467,0.15,12.293,0.75,awas
7.45,14.057,57.335,87.92,15.62,8.46,11,0,1.982,0.05,3,7.45,4.6857,0.8792,0.55,13.728,0.1,waspada
0.0,0.0,0.0,81.26,19.11,9.98,1,0,2.102,0.05,3,0.0,0.0,0.8126,0.35,15.529,0.65,siaga
0.0,0.0,0.0,90.19,6.17,17.12,8,1,5.077,0.05,3,0.0,0.0,0.9019,0.05,5.567,0.7,siaga
0.0,0.0,0.0,65.49,16.92,9.79,6,1,0.328,0.4455,2,0.0,0.0,0.6549,0.75,11.078,0.75,waspada
0.0,0.0,0.0,56.8,18.44,28.36,3,0,0.0,0.531,1,0.0,0.0,0.568,1.0,10.471,0.55,waspada
0.0,0.0,0.0,83.23,5.61,32.98,6,1,0.07,0.213,3,0.0,0.0,0.8323,0.35,4.67,0.2,siaga
1.601,3.208,15.922,32.88,37.32,15.57,12,0,4.439,0.4176,2,1.601,1.0694,0.3288,0.15,12.269,0.7,waspada
39.62,79.4,169.603,38.9,19.1,1.81,12,0,0.0,0.6566,2,39.62,26.4667,0.389,0.35,7.429,0.8,awas
14.628,29.706,117.428,60.48,32.94,9.78,7,1,6.383,0.3044,3,14.628,9.9019,0.6048,0.55,19.924,0.2,siaga
0.0,0.0,0.0,75.89,8.53,9.22,9,1,7.297,0.1809,3,0.0,0.0,0.7589,0.55,6.471,0.3,waspada
0.0,0.0,0.0,91.21,9.7,11.99,7,1,13.582,0.071,3,0.0,0.0,0.9121,0.05,8.845,0.9,siaga
24.878,45.813,106.549,71.24,35.73,24.86,10,0,9.795,1.1572,3,24.878,15.2711,0.7124,0.75,25.455,0.65,siaga
0.0,0.0,0.0,32.69,11.52,3.79,12,0,2.455,0.2481,3,0.0,0.0,0.3269,1.0,3.767,0.85,aman
0.0,0.0,0.0,36.1,13.81,0.88,5,0,4.282,0.05,3,0.0,0.0,0.361,0.35,4.984,0.1,waspada
48.889,110.826,355.706,82.0,29.86,29.55,4,0,9.112,0.5331,3,48.889,36.9419,0.82,0.35,24.488,0.15,awas
18.241,42.991,94.399,32.32,25.62,26.96,2,0,0.0,0.05,3,18.241,14.3305,0.3232,0.15,8.283,0.9,siaga
48.428,88.518,243.758,89.8,17.3,9.46,5,0,5.952,0.4489,3,48.428,29.5059,0.898,0.55,15.539,0.1,awas
134.931,266.363,622.793,86.03,16.88,8.99,7,1,4.338,0.2916,2,134.931,88.7876,0.8603,0.35,14.524,0.4,awas
9.0,18.882,68.574,37.83,35.47,19.74,4,0,5.245,0.5539,2,9.0,6.2939,0.3783,0.15,13.418,0.65,siaga
5.885,12.736,31.444,42.65,34.21,11.31,12,0,4.637,0.2809,3,5.885,4.2454,0.4265,0.75,14.589,0.6,waspada
0.0,0.0,0.0,94.43,35.47,11.02,2,0,10.506,0.49,3,0.0,0.0,0.9443,0.75,33.491,0.15,waspada
0.0,0.0,0.0,32.64,4.42,22.88,9,1,2.502,0.05,2,0.0,0.0,0.3264,0.55,1.442,0.5,waspada
0.0,0.0,0.0,55.05,13.53,18.8,2,0,0.0,0.05,3,0.0,0.0,0.5505,0.05,7.446,0.5,siaga
6.289,13.007,48.941,56.39,24.57,12.09,4,0,0.0,0.311,3,6.289,4.3358,0.5639,0.55,13.856,0.35,waspada
0.0,0.0,0.0,97.1,27.14,16.04,6,1,2.528,0.1632,2,0.0,0.0,0.971,0.75,26.351,0.3,waspada
22.774,34.991,108.904,71.65,24.64,26.41,11,0,4.069,0.3034,3,22.774,11.6635,0.7165,0.15,17.655,0.2,siaga
67.032,113.94,277.839,43.9,27.34,3.28,5,0,14.929,0.3832,3,67.032,37.98,0.439,0.55,12.0,0.15,siaga
24.131,54.451,160.266,32.94,28.23,0.17,1,0,0.0,0.05,2,24.131,18.1504,0.3294,0.55,9.296,0.35,siaga
0.0,0.0,0.0,97.66,34.33,2.76,8,1,9.169,0.05,3,0.0,0.0,0.9766,0.35,33.529,0.7,siaga
0.0,0.0,0.0,32.22,35.09,2.34,6,1,6.388,0.5368,2,0.0,0.0,0.3222,0.15,11.306,0.2,waspada
10.356,19.97,67.49,69.47,19.93,13.19,7,1,4.634,0.05,2,10.356,6.6567,0.6947,0.55,13.844,0.8,siaga
0.0,0.0,0.0,49.59,28.2,25.33,1,0,15.387,0.5913,1,0.0,0.0,0.4959,0.55,13.986,0.35,waspada
16.311,32.633,129.821,67.28,10.45,14.92,11,0,0.25,0.1478,0,16.311,10.8778,0.6728,0.75,7.031,0.45,siaga
0.0,0.0,0.0,47.91,26.67,14.65,8,1,8.132,0.3838,3,0.0,0.0,0.4791,0.05,12.775,0.85,siaga
0.0,0.0,0.0,89.3,7.4,21.07,5,0,6.097,0.6773,2,0.0,0.0,0.893,0.55,6.607,0.2,siaga
9.222,19.293,67.76,97.13,29.44,1.57,1,0,0.0,0.05,2,9.222,6.431,0.9713,1.0,28.596,0.85,waspada
20.802,49.77,179.747,67.76,6.46,20.88,3,0,3.057,0.5435,3,20.802,16.5901,0.6776,0.55,4.378,0.6,siaga
1.305,2.42,8.671,58.35,37.09,18.81,9,1,4.75,0.3972,2,1.305,0.8067,0.5835,0.05,21.639,0.45,siaga
5.237,13.805,61.912,79.35,34.41,2.4,2,0,7.945,0.05,2,5.237,4.6018,0.7935,0.15,27.304,0.2,siaga
91.227,124.245,253.389,59.72,25.92,26.46,8,1,0.0,0.1449,3,91.227,41.4149,0.5972,0.05,15.479,0.85,awas
18.621,37.94,121.879,78.97,25.66,22.45,8,1,0.0,0.1674,3,18.621,12.6468,0.7897,0.15,20.268,0.3,siaga
18.089,37.83,101.278,45.08,23.32,25.69,2,0,5.454,0.1936,2,18.089,12.61,0.4508,0.15,10.513,0.65,siaga
52.783,91.571,197.667,43.13,7.15,13.07,1,0,0.0,0.05,3,52.783,30.5236,0.4313,0.35,3.083,0.65,awas
0.0,0.0,0.0,95.22,23.91,14.07,2,0,0.0,0.3307,2,0.0,0.0,0.9522,0.15,22.768,0.45,siaga
70.603,125.476,260.989,32.3,19.95,23.91,10,0,4.351,0.4714,3,70.603,41.8253,0.323,0.55,6.444,0.3,siaga
10.479,18.094,56.042,36.58,6.3,8.15,6,1,0.0,0.1768,3,10.479,6.0314,0.3658,0.35,2.305,0.35,waspada
18.732,39.714,130.2,92.11,7.44,31.59,11,0,1.797,0.6968,3,18.732,13.2381,0.9211,0.15,6.849,0.7,awas
0.0,0.0,0.0,64.66,2.45,17.75,5,0,2.6,0.845,3,0.0,0.0,0.6466,0.15,1.582,0.8,siaga
40.687,89.218,181.786,63.95,21.56,22.53,4,0,3.989,0.5446,2,40.687,29.7392,0.6395,0.35,13.787,0.15,awas
0.0,0.0,0.0,71.07,20.6,13.86,9,1,9.043,0.4453,3,0.0,0.0,0.7107,0.15,14.638,0.85,siaga
6.942,11.687,55.846,67.07,31.76,21.7,10,0,5.081,0.5415,0,6.942,3.8956,0.6707,0.15,21.305,0.4,siaga
0.0,0.0,0.0,41.29,14.04,15.79,6,1,0.0,0.8679,2,0.0,0.0,0.4129,1.0,5.796,0.4,aman
47.616,103.203,277.113,57.67,5.19,32.99,11,0,4.728,0.2475,1,47.616,34.401,0.5767,0.55,2.995,0.3,siaga
6.297,12.006,41.814,90.29,14.64,28.67,8,1,1.564,0.2064,3,6.297,4.002,0.9029,0.55,13.222,0.25,siaga
0.0,0.0,0.0,93.36,10.22,19.99,12,0,11.175,0.747,3,0.0,0.0,0.9336,0.05,9.542,0.15,siaga
0.0,0.0,0.0,72.85,33.96,18.23,6,1,0.0,0.4408,2,0.0,0.0,0.7285,0.75,24.74,0.4,waspada
65.118,149.689,448.598,88.68,22.7,10.19,10,0,10.332,0.7117,2,65.118,49.8963,0.8868,0.15,20.126,0.2,awas
0.0,0.0,0.0,56.82,35.37,19.79,6,1,14.793,0.4409,2,0.0,0.0,0.5682,0.15,20.098,0.85,siaga
4.005,9.697,32.405,90.87,31.01,2.45,6,1,11.057,0.2736,3,4.005,3.2322,0.9087,0.55,28.179,0.75,siaga
10.609,22.096,56.8,53.21,28.84,28.02,10,0,0.0,0.0963,3,10.609,7.3653,0.5321,0.35,15.349,0.25,siaga
34.123,79.153,162.123,89.55,15.73,34.54,12,0,11.331,0.055,2,34.123,26.3843,0.8955,0.35,14.084,0.8,awas
0.0,0.0,0.0,61.85,27.54,31.24,10,0,7.321,0.1244,3,0.0,0.0,0.6185,0.35,17.036,0.3,waspada
80.85,133.013,267.661,45.4,32.98,17.61,2,0,5.456,1.0178,2,80.85,44.3378,0.454,0.55,14.971,0.2,siaga
0.0,0.0,0.0,56.76,6.92,31.25,10,0,0.0,0.09,2,0.0,0.0,0.5676,0.15,3.927,0.2,siaga
0.0,0.0,0.0,78.06,21.07,20.14,3,0,7.455,0.7308,2,0.0,0.0,0.7806,0.35,16.444,0.25,siaga
0.0,0.0,0.0,63.8,8.72,1.15,3,0,10.164,0.2335,3,0.0,0.0,0.638,0.15,5.563,0.75,siaga
7.393,12.205,35.971,75.84,27.14,18.38,11,0,0.0,0.05,2,7.393,4.0683,0.7584,0.15,20.586,0.15,siaga
0.0,0.0,0.0,84.37,7.82,31.06,12,0,9.931,0.3633,3,0.0,0.0,0.8437,0.15,6.601,0.25,siaga
0.0,0.0,0.0,37.03,6.21,22.32,2,0,0.0,0.2576,3,0.0,0.0,0.3703,0.55,2.299,0.5,waspada
139.262,231.694,492.76,35.11,32.09,25.89,5,0,4.898,0.1244,3,139.262,77.2315,0.3511,0.05,11.267,0.55,awas
0.0,0.0,0.0,38.09,23.45,8.57,1,0,0.0,0.2295,3,0.0,0.0,0.3809,0.35,8.933,0.4,waspada
0.0,0.0,0.0,31.92,3.44,19.55,9,1,9.23,0.159,0,0.0,0.0,0.3192,0.05,1.098,0.75,siaga
2.15,5.845,24.603,96.69,36.41,25.87,1,0,0.0,0.4916,2,2.15,1.9484,0.9669,0.15,35.206,0.4,siaga
0.0,0.0,0.0,48.39,25.39,13.01,8,1,8.129,0.531,2,0.0,0.0,0.4839,0.15,12.289,0.6,siaga
0.0,0.0,0.0,34.37,10.37,26.86,8,1,6.327,0.05,2,0.0,0.0,0.3437,0.55,3.564,0.6,waspada
3.608,8.255,24.379,59.35,25.79,26.17,12,0,1.117,0.1652,2,3.608,2.7518,0.5935,0.15,15.308,0.7,siaga
0.0,0.0,0.0,72.26,3.3,16.02,12,0,2.702,0.5909,3,0.0,0.0,0.7226,0.15,2.387,0.65,siaga
0.0,0.0,0.0,36.36,7.83,19.24,1,0,0.828,0.1907,3,0.0,0.0,0.3636,0.35,2.846,0.45,waspada
7.9,12.898,63.505,96.73,7.28,21.62,2,0,0.0,0.3897,3,7.9,4.2995,0.9673,0.75,7.038,0.3,siaga
84.032,162.879,336.802,55.78,37.89,22.71,2,0,0.0,0.448,3,84.032,54.2929,0.5578,0.05,21.138,0.65,awas
24.99,37.671,87.477,88.1,10.79,1.21,2,0,1.161,0.1138,3,24.99,12.5571,0.881,0.35,9.504,0.65,siaga
7.114,17.788,60.751,70.41,27.1,7.27,5,0,0.0,0.05,3,7.114,5.9292,0.7041,0.15,19.083,0.5,siaga
0.0,0.0,0.0,41.47,31.34,9.93,3,0,0.0,0.05,0,0.0,0.0,0.4147,0.05,12.994,0.2,siaga
0.0,0.0,0.0,92.11,7.33,18.13,10,0,7.762,0.6422,2,0.0,0.0,0.9211,0.55,6.748,0.85,siaga
0.0,0.0,0.0,66.92,11.26,11.22,8,1,3.53,0.101,3,0.0,0.0,0.6692,0.75,7.533,0.3,waspada
20.174,47.916,154.634,85.73,20.21,22.89,12,0,9.106,0.1389,3,20.174,15.9719,0.8573,0.75,17.322,0.7,siaga
21.972,39.759,123.171,40.9,21.76,21.36,1,0,13.723,0.7728,1,21.972,13.2531,0.409,0.55,8.9,0.5,siaga
9.436,21.462,68.248,70.4,31.85,8.57,2,0,0.0,0.2065,2,9.436,7.1539,0.704,0.05,22.423,0.3,siaga
30.036,54.85,129.008,48.95,27.13,24.81,10,0,10.326,0.3073,2,30.036,18.2834,0.4895,0.05,13.281,0.5,siaga
0.0,0.0,0.0,88.46,11.61,21.08,2,0,0.0,0.05,3,0.0,0.0,0.8846,0.35,10.27,0.55,siaga
3.348,9.663,41.496,30.34,24.24,6.45,9,1,0.319,0.3085,2,3.348,3.2211,0.3034,0.05,7.354,0.8,siaga
4.217,10.229,25.113,74.09,5.51,27.4,11,0,0.079,0.2625,3,4.217,3.4098,0.7409,0.55,4.084,0.75,siaga
0.0,0.0,0.0,60.33,15.46,14.34,11,0,5.11,0.7151,3,0.0,0.0,0.6033,0.55,9.328,0.8,waspada
5.066,9.63,25.673,91.66,33.29,11.81,9,1,8.097,0.1998,3,5.066,3.2101,0.9166,0.15,30.512,0.45,siaga
75.383,177.17,610.683,67.18,18.33,32.17,3,0,2.234,0.1737,2,75.383,59.0568,0.6718,0.35,12.315,0.15,awas
18.896,41.118,109.496,43.29,36.32,33.58,3,0,6.01,0.0713,3,18.896,13.7061,0.4329,0.55,15.72,0.8,siaga
0.0,0.0,0.0,60.69,25.63,22.14,9,1,9.458,0.446,2,0.0,0.0,0.6069,0.55,15.556,0.6,waspada
1.467,3.715,17.952,42.95,18.35,6.76,4,0,5.004,0.1879,2,1.467,1.2385,0.4295,0.35,7.881,0.25,waspada
0.0,0.0,0.0,33.86,32.35,27.19,10,0,1.627,0.0984,0,0.0,0.0,0.3386,0.15,10.955,0.5,waspada
0.0,0.0,0.0,78.4,28.46,30.05,8,1,6.176,0.923,1,0.0,0.0,0.784,0.15,22.314,0.6,siaga
0.0,0.0,0.0,33.87,4.53,32.06,4,0,0.0,0.05,1,0.0,0.0,0.3387,0.55,1.534,0.5,waspada
7.899,19.812,81.867,42.82,5.46,2.68,9,1,0.0,0.3462,3,7.899,6.6039,0.4282,0.15,2.339,0.85,siaga
1.803,2.861,6.413,93.72,20.26,9.01,1,0,0.0,0.1433,2,1.803,0.9537,0.9372,0.35,18.987,0.35,siaga
0.0,0.0,0.0,77.59,21.92,22.68,1,0,7.898,0.3862,2,0.0,0.0,0.7759,0.55,17.011,0.4,waspada
0.0,0.0,0.0,74.16,35.0,32.49,12,0,6.731,0.3728,3,0.0,0.0,0.7416,0.15,25.956,0.65,siaga
14.032,21.23,54.373,70.13,30.46,5.13,9,1,0.882,0.142,1,14.032,7.0766,0.7013,0.35,21.365,0.8,siaga
4.126,8.909,20.814,76.05,31.08,6.82,2,0,5.862,0.5507,2,4.126,2.9696,0.7605,0.15,23.637,0.75,siaga
7.394,14.417,33.8,51.9,14.79,31.44,4,0,0.0,0.0905,1,7.394,4.8056,0.519,0.05,7.675,0.7,siaga
0.0,0.0,0.0,48.42,21.91,17.11,12,0,7.443,0.593,2,0.0,0.0,0.4842,0.35,10.609,0.8,waspada
0.0,0.0,0.0,34.88,27.06,16.7,1,0,0.0,0.0864,3,0.0,0.0,0.3488,0.85,9.439,0.9,waspada
21.937,43.511,133.436,73.63,23.41,24.85,12,0,0.0,0.3259,3,21.937,14.5036,0.7363,0.75,17.239,0.15,siaga
0.0,0.0,0.0,73.43,8.87,22.0,2,0,6.145,0.1971,0,0.0,0.0,0.7343,0.55,6.511,0.85,waspada
4.094,6.304,30.432,95.71,19.53,26.47,6,1,9.085,0.4399,3,4.094,2.1013,0.9571,0.15,18.693,0.45,siaga
5.125,9.931,21.768,93.47,4.58,32.79,8,1,3.686,0.4847,1,5.125,3.3103,0.9347,0.85,4.278,0.5,waspada
14.911,35.021,105.518,84.49,27.48,21.15,6,1,9.568,0.05,2,14.911,11.6738,0.8449,1.0,23.215,0.1,waspada
0.0,0.0,0.0,65.68,14.65,30.91,5,0,8.831,0.1889,0,0.0,0.0,0.6568,0.55,9.621,0.55,waspada
14.676,22.496,50.217,84.1,26.19,20.64,7,1,12.06,0.1529,2,14.676,7.4988,0.841,0.75,22.023,0.35,waspada
0.0,0.0,0.0,75.35,26.41,11.13,6,1,8.805,0.05,3,0.0,0.0,0.7535,0.15,19.898,0.15,siaga
0.0,0.0,0.0,59.99,6.86,31.24,8,1,0.0,0.622,2,0.0,0.0,0.5999,0.15,4.116,0.65,siaga
23.681,48.707,117.158,94.89,18.38,10.04,11,0,6.211,0.2817,3,23.681,16.2357,0.9489,1.0,17.438,0.35,siaga
23.758,37.413,83.07,96.24,27.15,0.99,2,0,1.78,0.1481,3,23.758,12.4711,0.9624,0.55,26.13,0.2,siaga
0.0,0.0,0.0,85.25,33.61,18.06,11,0,4.828,0.5336,2,0.0,0.0,0.8525,0.35,28.651,0.5,siaga
8.974,21.092,78.494,45.78,12.78,21.7,1,0,0.0,0.1808,1,8.974,7.0306,0.4578,0.35,5.852,0.45,waspada
4.682,13.938,38.241,92.85,33.62,28.76,2,0,2.838,0.377,2,4.682,4.646,0.9285,0.35,31.221,0.35,siaga
0.0,0.0,0.0,42.77,11.51,1.42,8,1,1.378,0.05,2,0.0,0.0,0.4277,1.0,4.921,0.4,aman
0.0,0.0,0.0,68.03,26.91,0.03,10,0,2.584,0.3909,2,0.0,0.0,0.6803,0.35,18.305,0.15,waspada
0.0,0.0,0.0,83.69,18.24,0.24,10,0,2.604,0.05,3,0.0,0.0,0.8369,0.85,15.266,0.85,waspada
0.0,0.0,0.0,60.4,17.81,19.33,12,0,1.497,0.05,2,0.0,0.0,0.604,0.35,10.759,0.25,waspada
5.75,15.091,60.805,77.96,17.92,29.34,7,1,2.699,0.05,3,5.75,5.0303,0.7796,0.05,13.968,0.7,siaga
0.0,0.0,0.0,78.76,31.39,26.54,2,0,6.467,0.2879,2,0.0,0.0,0.7876,0.15,24.722,0.6,siaga
2.586,7.598,31.317,63.77,22.42,28.35,9,1,4.683,0.6685,0,2.586,2.5326,0.6377,0.15,14.294,0.1,siaga
9.864,18.554,55.883,82.05,21.56,18.23,3,0,11.017,0.1977,2,9.864,6.1846,0.8205,0.15,17.69,0.2,siaga
21.52,37.194,118.438,62.2,2.59,5.75,1,0,9.53,0.2013,2,21.52,12.3979,0.622,0.35,1.613,0.5,siaga
88.011,165.599,391.424,62.02,13.88,16.8,3,0,0.0,0.2317,3,88.011,55.1998,0.6202,0.05,8.61,0.55,awas
16.567,39.835,94.365,72.34,35.33,18.0,6,1,0.0,0.209,2,16.567,13.2784,0.7234,0.15,25.559,0.15,siaga
0.0,0.0,0.0,39.55,29.43,10.75,4,0,10.55,0.5623,3,0.0,0.0,0.3955,0.15,11.64,0.75,waspada
23.557,54.199,150.721,83.86,29.57,14.06,1,0,5.207,0.7322,2,23.557,18.0662,0.8386,0.15,24.794,0.8,awas
23.008,56.4,162.242,33.02,5.12,34.92,10,0,3.094,0.4343,2,23.008,18.8,0.3302,0.35,1.692,0.75,siaga
0.0,0.0,0.0,46.76,7.16,6.96,1,0,3.7,0.3038,2,0.0,0.0,0.4676,0.05,3.346,0.25,siaga
123.527,175.656,342.69,40.86,15.16,11.22,9,1,0.0,0.05,2,123.527,58.5521,0.4086,0.15,6.194,0.45,awas
3.618,8.623,18.844,37.23,8.83,33.78,8,1,4.885,0.4056,2,3.618,2.8742,0.3723,0.15,3.288,0.15,siaga
13.951,26.358,65.739,42.0,31.37,1.81,1,0,0.0,0.5781,3,13.951,8.7859,0.42,0.55,13.175,0.3,waspada
28.151,48.213,162.119,40.78,4.99,14.6,4,0,7.587,0.05,2,28.151,16.0712,0.4078,0.55,2.033,0.3,siaga
2.722,5.495,24.024,69.16,15.68,12.6,2,0,6.788,0.05,3,2.722,1.8316,0.6916,0.55,10.844,0.65,waspada
0.0,0.0,0.0,58.95,8.16,17.05,9,1,10.737,0.8403,2,0.0,0.0,0.5895,0.75,4.808,0.85,waspada
15.201,27.353,57.298,36.27,23.61,18.99,1,0,16.089,0.05,3,15.201,9.1176,0.3627,0.35,8.564,0.35,siaga
22.749,51.376,204.708,75.57,13.93,15.37,2,0,0.0,0.5585,3,22.749,17.1254,0.7557,0.75,10.523,0.85,siaga
15.333,35.569,128.001,73.4,19.11,18.02,12,0,0.0,0.6681,3,15.333,11.8562,0.734,0.15,14.026,0.25,siaga
97.851,174.155,399.823,69.38,22.65,5.86,11,0,0.0,0.7994,2,97.851,58.0515,0.6938,0.05,15.713,0.75,awas
0.0,0.0,0.0,47.01,27.81,30.67,2,0,7.595,0.487,2,0.0,0.0,0.4701,0.35,13.075,0.9,waspada
34.079,84.795,211.173,47.79,14.38,9.74,6,1,5.574,0.2493,3,34.079,28.2651,0.4779,0.15,6.871,0.4,awas
127.648,236.691,542.597,72.88,25.83,32.9,5,0,0.0,0.4833,2,127.648,78.8971,0.7288,0.35,18.829,0.75,awas
7.459,21.932,52.278,93.44,32.1,7.92,2,0,10.751,0.5155,2,7.459,7.3106,0.9344,0.05,29.995,0.35,siaga
15.06,26.708,54.249,74.41,22.24,22.71,2,0,0.295,0.0656,2,15.06,8.9028,0.7441,0.85,16.552,0.2,waspada
1.532,3.593,7.851,93.63,24.67,27.94,8,1,0.0,0.5307,0,1.532,1.1978,0.9363,0.55,23.093,0.55,siaga
0.0,0.0,0.0,72.69,29.67,18.84,11,0,5.41,0.3741,2,0.0,0.0,0.7269,0.15,21.564,0.25,siaga
2.677,5.782,23.458,72.22,19.13,14.48,8,1,0.635,0.1578,2,2.677,1.9275,0.7222,0.05,13.818,0.4,siaga
19.993,34.713,89.094,95.22,23.89,17.79,8,1,0.841,0.2466,3,19.993,11.5709,0.9522,0.15,22.75,0.5,awas
0.0,0.0,0.0,59.75,30.95,24.72,3,0,5.515,0.4771,3,0.0,0.0,0.5975,0.15,18.496,0.7,siaga
3.28,5.922,13.824,47.5,22.3,21.7,4,0,6.102,0.4638,2,3.28,1.9739,0.475,0.05,10.592,0.45,siaga
15.882,39.298,81.687,78.79,17.07,32.01,1,0,0.0,0.2012,0,15.882,13.0994,0.7879,0.05,13.448,0.8,awas
2.833,5.95,14.282,65.58,20.57,32.36,8,1,0.0,0.5518,2,2.833,1.9832,0.6558,0.75,13.489,0.2,waspada
6.649,15.073,51.605,85.28,26.07,30.84,5,0,5.338,0.2085,3,6.649,5.0244,0.8528,0.35,22.228,0.85,siaga
13.882,33.635,81.219,59.27,25.78,7.62,7,1,3.681,0.2368,2,13.882,11.2118,0.5927,0.35,15.279,0.15,siaga
2.477,4.988,19.689,64.69,23.1,1.26,7,1,5.409,0.4734,1,2.477,1.6627,0.6469,0.05,14.944,0.35,siaga
0.0,0.0,0.0,89.96,8.4,7.34,8,1,8.332,0.0567,2,0.0,0.0,0.8996,0.55,7.558,0.65,siaga
30.83,58.453,144.572,70.35,4.48,34.62,9,1,1.959,0.4184,3,30.83,19.4843,0.7035,0.05,3.153,0.3,awas
32.974,66.67,153.038,59.38,7.69,5.02,6,1,0.0,0.153,2,32.974,22.2233,0.5938,0.75,4.569,0.55,siaga
0.0,0.0,0.0,59.99,5.14,20.34,8,1,10.179,0.0733,1,0.0,0.0,0.5999,0.35,3.086,0.1,waspada
0.0,0.0,0.0,58.77,37.27,2.82,12,0,0.0,0.4882,3,0.0,0.0,0.5877,0.05,21.901,0.5,siaga
0.0,0.0,0.0,54.28,27.78,29.82,3,0,2.845,0.05,3,0.0,0.0,0.5428,0.35,15.08,0.8,waspada
0.0,0.0,0.0,41.72,11.5,32.54,8,1,0.0,0.05,2,0.0,0.0,0.4172,0.55,4.796,0.7,waspada
68.806,168.36,501.367,43.15,9.98,11.02,9,1,7.329,0.3038,3,68.806,56.12,0.4315,0.75,4.307,0.65,siaga
0.0,0.0,0.0,38.43,21.66,13.75,8,1,9.999,0.4409,3,0.0,0.0,0.3843,0.35,8.325,0.25,waspada
0.0,0.0,0.0,62.68,35.29,9.09,2,0,3.747,0.6924,3,0.0,0.0,0.6268,0.15,22.117,0.35,siaga
46.731,107.486,370.851,87.78,31.82,10.26,6,1,0.0,0.072,3,46.731,35.8286,0.8778,0.35,27.926,0.5,awas
0.0,0.0,0.0,91.89,27.03,6.34,4,0,0.91,0.05,1,0.0,0.0,0.9189,0.15,24.835,0.35,siaga
0.0,0.0,0.0,40.62,22.66,15.77,8,1,7.722,0.5326,0,0.0,0.0,0.4062,0.35,9.207,0.55,waspada
0.0,0.0,0.0,34.98,24.21,6.23,7,1,9.983,0.05,3,0.0,0.0,0.3498,0.05,8.47,0.65,siaga
0.0,0.0,0.0,76.7,24.38,31.68,8,1,0.752,0.05,2,0.0,0.0,0.767,0.35,18.703,0.75,siaga
0.0,0.0,0.0,92.24,28.2,18.15,9,1,0.0,0.6499,3,0.0,0.0,0.9224,0.75,26.015,0.1,waspada
68.902,164.471,423.985,51.62,33.15,16.92,8,1,2.395,0.3016,2,68.902,54.8236,0.5162,0.55,17.111,0.2,siaga
4.32,6.612,23.201,72.62,28.32,14.96,11,0,1.692,0.4762,3,4.32,2.2039,0.7262,0.15,20.568,0.5,siaga
0.0,0.0,0.0,62.26,15.79,8.93,1,0,0.0,0.2552,3,0.0,0.0,0.6226,0.35,9.83,0.25,waspada
28.91,56.401,130.346,69.5,19.06,0.22,6,1,6.86,0.4127,2,28.91,18.8003,0.695,0.35,13.249,0.65,siaga
7.715,19.753,98.507,57.48,2.7,18.78,3,0,6.076,0.0528,3,7.715,6.5842,0.5748,0.15,1.551,0.9,siaga
4.132,11.894,52.576,79.35,34.36,4.46,8,1,2.022,0.147,3,4.132,3.9646,0.7935,0.05,27.263,0.15,siaga
1.381,3.904,9.858,86.84,21.88,9.79,9,1,4.308,0.0704,3,1.381,1.3014,0.8684,0.75,19.005,0.55,siaga
0.0,0.0,0.0,42.92,29.04,2.16,9,1,2.242,0.5327,1,0.0,0.0,0.4292,0.15,12.465,0.9,siaga
127.917,172.097,260.572,76.17,8.68,2.49,7,1,0.0,0.1174,3,127.917,57.3658,0.7617,0.75,6.611,0.45,awas
0.0,0.0,0.0,47.39,22.04,34.17,3,0,2.478,0.2358,2,0.0,0.0,0.4739,0.15,10.445,0.15,siaga
16.097,32.335,111.104,74.56,21.33,27.41,11,0,5.008,0.05,2,16.097,10.7784,0.7456,0.35,15.905,0.25,siaga
9.201,14.082,41.265,42.7,7.39,18.58,5,0,0.0,0.1812,2,9.201,4.694,0.427,0.15,3.157,0.7,siaga
21.482,48.484,193.768,64.8,26.69,14.8,10,0,6.666,0.05,2,21.482,16.1614,0.648,0.55,17.297,0.5,siaga
0.0,0.0,0.0,49.66,32.84,24.5,5,0,0.269,0.05,2,0.0,0.0,0.4966,0.85,16.309,0.5,waspada
0.0,0.0,0.0,97.61,9.79,21.17,11,0,15.779,0.2913,2,0.0,0.0,0.9761,0.55,9.556,0.15,siaga
5.854,17.538,53.507,66.25,23.21,24.08,6,1,0.0,0.6833,2,5.854,5.8461,0.6625,0.35,15.379,0.75,siaga
8.052,17.068,66.044,84.27,20.73,9.05,8,1,4.044,0.5663,2,8.052,5.6892,0.8427,0.05,17.471,0.9,siaga
0.0,0.0,0.0,43.71,4.12,19.28,8,1,12.596,0.1841,2,0.0,0.0,0.4371,0.15,1.801,0.9,siaga
0.0,0.0,0.0,87.14,19.07,2.46,1,0,0.658,0.5715,1,0.0,0.0,0.8714,0.05,16.614,0.65,siaga
22.912,46.273,169.573,79.65,10.43,33.24,7,1,3.606,0.4922,1,22.912,15.4242,0.7965,0.75,8.312,0.35,siaga
12.127,24.762,82.183,51.34,36.28,17.02,9,1,11.328,0.2197,1,12.127,8.254,0.5134,0.05,18.627,0.7,siaga
0.0,0.0,0.0,38.08,12.22,17.92,6,1,1.666,0.5603,3,0.0,0.0,0.3808,0.75,4.655,0.3,waspada
6.815,19.579,56.971,51.77,20.79,7.88,1,0,5.973,0.8532,2,6.815,6.5264,0.5177,0.05,10.763,0.75,siaga
0.0,0.0,0.0,54.44,25.52,15.37,7,1,12.462,0.0858,2,0.0,0.0,0.5444,0.15,13.893,0.7,siaga
45.658,108.44,243.462,61.85,11.83,20.84,1,0,6.255,0.2216,2,45.658,36.1465,0.6185,0.15,7.318,0.5,awas
2.787,4.935,18.953,30.95,21.25,0.08,10,0,5.681,0.05,2,2.787,1.6449,0.3095,0.55,6.577,0.1,waspada
14.324,29.734,93.209,50.95,3.07,31.57,3,0,0.421,0.33,2,14.324,9.9115,0.5095,0.75,1.566,0.8,siaga
3.36,7.507,27.505,92.02,33.6,3.84,4,0,9.108,0.4732,2,3.36,2.5022,0.9202,0.85,30.922,0.7,waspada
0.0,0.0,0.0,40.13,14.03,20.44,7,1,0.0,0.05,3,0.0,0.0,0.4013,0.15,5.632,0.65,waspada
96.483,185.681,330.256,41.26,7.45,23.05,3,0,8.22,0.1912,2,96.483,61.8938,0.4126,0.05,3.072,0.35,awas
6.428,11.971,54.985,95.97,31.83,16.07,3,0,7.681,0.05,3,6.428,3.9902,0.9597,0.35,30.543,0.15,siaga
0.0,0.0,0.0,97.74,32.62,3.75,7,1,6.374,0.0924,2,0.0,0.0,0.9774,0.35,31.877,0.1,siaga
0.0,0.0,0.0,72.03,18.38,16.11,1,0,0.0,0.05,2,0.0,0.0,0.7203,0.15,13.239,0.55,siaga
0.0,0.0,0.0,89.67,20.57,4.27,8,1,0.572,0.7641,2,0.0,0.0,0.8967,0.35,18.441,0.3,siaga
17.484,38.888,130.772,82.59,16.9,29.77,2,0,7.732,0.0744,2,17.484,12.9626,0.8259,0.55,13.955,0.3,siaga
10.404,19.416,40.721,36.12,20.11,23.32,6,1,7.638,0.3512,2,10.404,6.4719,0.3612,0.15,7.266,0.2,siaga
0.0,0.0,0.0,79.35,11.08,9.93,12,0,8.09,0.05,3,0.0,0.0,0.7935,0.55,8.793,0.35,waspada
96.984,137.658,318.475,31.66,28.07,24.63,10,0,4.097,0.7201,2,96.984,45.886,0.3166,0.15,8.888,0.2,awas
0.0,0.0,0.0,89.59,12.92,5.7,7,1,5.908,0.284,0,0.0,0.0,0.8959,0.15,11.579,0.15,siaga
127.041,230.611,462.551,83.76,26.4,29.75,1,0,5.49,0.0749,1,127.041,76.8704,0.8376,0.35,22.117,0.4,awas
0.0,0.0,0.0,44.37,9.3,34.23,9,1,5.147,0.3177,2,0.0,0.0,0.4437,0.35,4.126,0.1,waspada
11.703,18.799,74.19,77.59,25.46,11.26,12,0,0.0,0.397,3,11.703,6.2663,0.7759,0.05,19.757,0.4,siaga
2.115,6.151,24.085,67.35,6.9,15.63,4,0,7.748,0.05,3,2.115,2.0503,0.6735,0.35,4.645,0.45,siaga
0.898,1.805,7.345,52.17,18.1,9.49,4,0,0.0,0.05,2,0.898,0.6017,0.5217,0.55,9.442,0.6,waspada
0.0,0.0,0.0,97.65,11.83,32.14,1,0,12.971,0.05,0,0.0,0.0,0.9765,0.35,11.548,0.55,siaga
0.0,0.0,0.0,89.17,17.0,30.87,2,0,0.0,0.05,2,0.0,0.0,0.8917,0.75,15.16,0.35,waspada
0.0,0.0,0.0,57.78,22.85,28.38,1,0,0.612,0.0935,3,0.0,0.0,0.5778,0.35,13.204,0.8,siaga
76.926,118.971,373.583,39.0,6.01,2.71,2,0,0.33,0.3955,2,76.926,39.6571,0.39,0.15,2.344,0.35,awas
0.0,0.0,0.0,79.44,10.8,29.91,6,1,5.557,0.4313,2,0.0,0.0,0.7944,0.15,8.583,0.9,siaga
0.0,0.0,0.0,53.28,18.0,13.08,12,0,4.744,0.6864,3,0.0,0.0,0.5328,0.15,9.588,0.5,siaga
1.953,3.94,14.86,71.61,10.85,31.54,10,0,11.729,0.372,2,1.953,1.3135,0.7161,0.35,7.772,0.55,siaga
0.0,0.0,0.0,52.89,4.53,28.15,8,1,3.73,0.4672,3,0.0,0.0,0.5289,0.55,2.394,0.1,waspada
0.0,0.0,0.0,80.72,34.73,23.86,3,0,1.887,0.1002,3,0.0,0.0,0.8072,0.35,28.039,0.4,siaga
7.017,11.691,30.28,32.48,4.58,15.51,4,0,4.337,0.5538,2,7.017,3.8971,0.3248,0.15,1.487,0.6,siaga
4.278,12.334,43.439,34.43,37.62,32.62,5,0,0.0,0.05,3,4.278,4.1112,0.3443,0.35,12.954,0.5,waspada
0.0,0.0,0.0,57.02,25.19,0.15,9,1,4.85,0.2291,3,0.0,0.0,0.5702,0.55,14.361,0.45,waspada
7.752,21.722,64.224,97.84,13.11,32.07,8,1,0.895,0.05,1,7.752,7.2405,0.9784,0.55,12.827,0.25,siaga
6.82,17.984,59.537,42.34,13.37,6.56,12,0,1.769,0.4675,0,6.82,5.9947,0.4234,0.55,5.661,0.15,waspada
5.607,12.681,61.146,59.66,23.41,20.27,5,0,0.754,0.0873,2,5.607,4.227,0.5966,0.15,13.967,0.85,siaga
14.992,28.517,67.239,48.68,27.72,23.27,7,1,3.531,0.6237,3,14.992,9.5056,0.4868,0.35,13.495,0.15,siaga
0.0,0.0,0.0,52.59,28.65,28.93,9,1,6.132,0.1317,3,0.0,0.0,0.5259,0.55,15.065,0.9,waspada
0.0,0.0,0.0,56.85,17.45,10.55,4,0,0.0,0.05,2,0.0,0.0,0.5685,0.35,9.918,0.4,waspada
5.227,8.023,22.753,35.9,6.51,33.24,10,0,3.22,0.2125,2,5.227,2.6742,0.359,0.15,2.338,0.85,siaga
3.751,7.002,28.621,46.17,12.56,15.49,2,0,3.608,0.2436,2,3.751,2.3339,0.4617,0.15,5.8,0.15,waspada
3.052,8.515,38.628,40.18,15.08,20.89,5,0,4.841,0.5563,2,3.052,2.8384,0.4018,0.15,6.061,0.65,waspada
2.157,4.873,22.739,48.27,17.92,24.22,4,0,12.004,0.36,3,2.157,1.6243,0.4827,0.55,8.648,0.1,waspada
2.125,3.572,12.135,89.8,22.6,4.26,9,1,10.136,0.05,2,2.125,1.1908,0.898,0.05,20.293,0.8,siaga
0.0,0.0,0.0,57.74,35.13,13.64,9,1,9.706,0.05,2,0.0,0.0,0.5774,0.15,20.286,0.8,siaga
6.407,12.021,46.8,49.5,27.8,26.52,6,1,3.928,0.5922,2,6.407,4.0071,0.495,0.55,13.76,0.35,waspada
6.505,15.565,67.697,70.47,3.92,34.43,11,0,0.0,0.8643,3,6.505,5.1884,0.7047,0.55,2.763,0.6,siaga
0.0,0.0,0.0,46.09,10.2,30.05,12,0,10.419,0.05,3,0.0,0.0,0.4609,0.55,4.702,0.2,waspada
0.0,0.0,0.0,30.63,10.48,12.97,3,0,10.002,0.4211,2,0.0,0.0,0.3063,0.35,3.211,0.45,waspada
0.0,0.0,0.0,58.01,22.96,16.28,11,0,0.312,0.3074,1,0.0,0.0,0.5801,0.35,13.319,0.35,waspada
0.0,0.0,0.0,52.63,13.06,22.16,2,0,1.355,0.233,2,0.0,0.0,0.5263,0.35,6.873,0.25,waspada
3.149,7.629,20.252,45.2,23.44,5.89,5,0,14.767,0.3287,2,3.149,2.5431,0.452,0.15,10.594,0.5,siaga
0.0,0.0,0.0,77.73,25.43,14.1,10,0,5.36,0.1115,0,0.0,0.0,0.7773,0.35,19.765,0.35,siaga
71.196,169.384,498.714,70.86,19.52,15.31,7,1,0.0,0.05,2,71.196,56.4614,0.7086,0.55,13.833,0.2,awas
5.112,9.188,43.067,87.91,2.27,1.62,1,0,14.531,0.6722,2,5.112,3.0628,0.8791,0.15,1.994,0.5,siaga
0.0,0.0,0.0,46.71,16.33,34.96,4,0,3.743,0.3844,2,0.0,0.0,0.4671,0.55,7.627,0.8,waspada
4.622,11.112,24.073,85.54,6.33,9.61,7,1,5.615,0.7487,2,4.622,3.7039,0.8554,0.35,5.415,0.5,siaga
2.707,5.457,18.325,54.31,24.45,9.67,7,1,5.853,0.1435,1,2.707,1.8189,0.5431,0.05,13.278,0.7,siaga
0.0,0.0,0.0,41.86,27.82,20.35,5,0,0.0,0.6369,3,0.0,0.0,0.4186,0.75,11.648,0.85,waspada
0.0,0.0,0.0,58.03,12.46,26.56,12,0,1.559,0.1051,2,0.0,0.0,0.5803,0.35,7.229,0.3,waspada
0.0,0.0,0.0,68.3,33.03,10.31,10,0,0.0,0.1661,3,0.0,0.0,0.683,0.15,22.557,0.4,siaga
23.913,38.66,148.948,41.68,32.12,21.43,7,1,13.503,0.05,2,23.913,12.8866,0.4168,0.55,13.388,0.45,siaga
0.0,0.0,0.0,67.69,17.54,19.34,4,0,2.284,0.5342,3,0.0,0.0,0.6769,0.15,11.873,0.45,siaga
0.915,1.428,3.83,62.49,9.9,30.61,3,0,0.0,0.4274,3,0.915,0.476,0.6249,0.55,6.188,0.15,waspada
40.224,86.821,185.098,90.92,32.06,16.92,4,0,0.0,0.565,2,40.224,28.9404,0.9092,0.05,29.148,0.7,awas
31.911,61.113,181.705,50.52,18.39,34.69,8,1,8.103,0.6756,0,31.911,20.371,0.5052,0.35,9.29,0.5,siaga
0.0,0.0,0.0,86.93,24.52,1.64,9,1,0.0,0.7117,1,0.0,0.0,0.8693,0.35,21.319,0.4,siaga
0.0,0.0,0.0,30.22,15.86,23.59,8,1,0.346,0.3094,3,0.0,0.0,0.3022,0.35,4.792,0.55,waspada
78.582,152.689,384.282,38.32,26.54,23.62,8,1,2.909,0.2114,2,78.582,50.8964,0.3832,0.15,10.17,0.3,awas
29.013,45.642,122.175,31.34,8.12,1.82,6,1,6.077,0.321,2,29.013,15.2142,0.3134,0.55,2.546,0.65,siaga
0.0,0.0,0.0,49.91,3.36,4.29,5,0,14.152,0.3914,3,0.0,0.0,0.4991,0.35,1.679,0.7,waspada
23.562,44.909,126.196,43.12,2.16,8.26,2,0,0.0,0.05,3,23.562,14.9696,0.4312,0.35,0.932,0.15,siaga
0.0,0.0,0.0,49.94,6.99,10.71,7,1,4.053,0.5386,1,0.0,0.0,0.4994,0.35,3.493,0.4,waspada
20.779,49.368,158.183,34.23,19.25,9.03,10,0,2.36,0.2751,2,20.779,16.456,0.3423,0.75,6.59,0.35,waspada
0.0,0.0,0.0,55.06,33.88,1.74,2,0,2.384,0.424,3,0.0,0.0,0.5506,0.15,18.655,0.6,siaga
5.898,10.419,43.7,55.97,32.95,26.48,10,0,4.563,0.7756,3,5.898,3.4731,0.5597,0.05,18.441,0.4,siaga
2.991,6.498,29.811,67.73,30.26,10.75,2,0,0.879,0.05,3,2.991,2.1658,0.6773,0.55,20.494,0.25,waspada
13.703,20.722,67.646,67.67,5.33,21.47,4,0,3.54,0.1704,3,13.703,6.9073,0.6767,0.55,3.608,0.65,siaga
0.0,0.0,0.0,53.46,24.98,13.86,5,0,0.0,0.3687,3,0.0,0.0,0.5346,0.55,13.352,0.1,waspada
7.409,15.979,48.439,39.88,3.48,5.12,11,0,6.851,0.7238,1,7.409,5.3264,0.3988,0.15,1.388,0.2,siaga
0.0,0.0,0.0,75.28,27.02,29.03,10,0,0.0,0.05,2,0.0,0.0,0.7528,0.35,20.342,0.7,siaga
0.0,0.0,0.0,80.91,28.04,23.32,1,0,0.086,0.6589,3,0.0,0.0,0.8091,0.55,22.691,0.6,siaga
18.958,29.902,68.308,58.33,23.44,12.73,12,0,4.245,0.2174,3,18.958,9.9674,0.5833,0.05,13.675,0.65,siaga
0.0,0.0,0.0,39.88,13.37,34.9,10,0,3.072,0.5547,3,0.0,0.0,0.3988,0.15,5.33,0.9,siaga
11.212,19.486,69.337,44.9,31.85,24.38,3,0,5.624,0.05,2,11.212,6.4955,0.449,0.15,14.299,0.8,siaga
0.0,0.0,0.0,61.53,37.22,15.18,5,0,8.517,0.4491,3,0.0,0.0,0.6153,0.15,22.903,0.55,siaga
14.029,23.336,57.244,39.96,15.83,19.35,3,0,9.542,0.1142,0,14.029,7.7788,0.3996,0.15,6.327,0.7,siaga
0.0,0.0,0.0,32.13,18.87,33.6,9,1,5.492,0.4138,2,0.0,0.0,0.3213,0.55,6.062,0.35,waspada
58.055,107.826,287.289,94.64,25.26,28.61,12,0,4.512,0.7386,2,58.055,35.942,0.9464,1.0,23.903,0.15,siaga
21.918,49.069,192.402,40.58,35.98,4.52,3,0,2.444,0.7053,1,21.918,16.3563,0.4058,0.15,14.601,0.5,siaga
54.172,90.914,269.916,80.83,22.68,6.11,1,0,7.473,0.05,3,54.172,30.3046,0.8083,0.35,18.333,0.85,awas
0.0,0.0,0.0,85.06,3.99,27.87,9,1,12.438,0.6307,1,0.0,0.0,0.8506,0.75,3.392,0.3,waspada
4.798,14.386,29.892,38.72,26.58,7.34,3,0,0.0,0.2759,1,4.798,4.7955,0.3872,0.05,10.294,0.25,siaga
0.0,0.0,0.0,58.02,7.15,26.11,11,0,8.34,0.05,2,0.0,0.0,0.5802,0.05,4.151,0.25,siaga
0.0,0.0,0.0,31.6,13.03,8.92,12,0,13.974,0.135,2,0.0,0.0,0.316,0.55,4.116,0.15,waspada
0.0,0.0,0.0,83.45,16.4,20.7,3,0,8.487,0.2961,2,0.0,0.0,0.8345,0.35,13.686,0.9,siaga
0.0,0.0,0.0,39.9,8.94,19.96,3,0,5.897,0.7583,1,0.0,0.0,0.399,0.05,3.567,0.4,waspada
16.82,31.062,114.284,85.12,36.36,12.01,3,0,0.0,0.3862,3,16.82,10.354,0.8512,0.35,30.953,0.8,siaga
2.675,7.912,30.58,70.69,21.79,21.0,12,0,5.181,0.6467,3,2.675,2.6373,0.7069,1.0,15.402,0.85,waspada
0.0,0.0,0.0,89.77,25.84,10.6,3,0,8.793,0.2224,1,0.0,0.0,0.8977,0.35,23.193,0.4,siaga
0.0,0.0,0.0,46.8,35.58,23.18,3,0,4.495,0.6019,3,0.0,0.0,0.468,0.75,16.652,0.7,waspada
6.88,18.083,74.043,38.72,13.74,34.38,11,0,3.619,0.397,0,6.88,6.0275,0.3872,0.35,5.318,0.65,siaga
0.0,0.0,0.0,63.29,12.61,21.48,7,1,3.002,0.05,3,0.0,0.0,0.6329,0.05,7.978,0.75,siaga
1.005,2.86,13.529,69.06,16.89,16.62,11,0,6.791,0.2517,3,1.005,0.9532,0.6906,0.15,11.668,0.35,siaga
5.203,9.576,31.804,78.34,3.7,10.04,9,1,2.068,0.3808,3,5.203,3.1919,0.7834,0.35,2.896,0.7,siaga
21.068,32.845,85.638,30.71,24.12,21.27,8,1,13.544,0.0888,3,21.068,10.9484,0.3071,0.35,7.408,0.45,siaga
3.436,9.261,40.304,78.38,11.45,1.68,9,1,0.157,0.1521,1,3.436,3.0871,0.7838,0.75,8.976,0.55,waspada
0.0,0.0,0.0,70.17,18.02,12.61,11,0,0.0,0.114,3,0.0,0.0,0.7017,0.55,12.643,0.1,waspada
0.0,0.0,0.0,65.93,2.55,4.55,6,1,0.0,0.5547,1,0.0,0.0,0.6593,0.15,1.684,0.3,siaga
7.278,12.718,47.492,54.59,33.28,19.22,8,1,3.783,0.3499,3,7.278,4.2394,0.5459,0.15,18.168,0.1,siaga
0.0,0.0,0.0,31.03,17.14,2.44,8,1,12.351,0.8143,3,0.0,0.0,0.3103,0.55,5.319,0.3,waspada
71.975,111.828,361.822,49.79,28.98,4.34,11,0,4.821,0.3739,1,71.975,37.2762,0.4979,0.35,14.431,0.45,awas
17.358,43.101,145.34,33.92,32.21,21.56,11,0,0.0,0.2627,3,17.358,14.367,0.3392,0.35,10.927,0.25,siaga
69.025,164.387,489.177,34.38,29.48,2.4,2,0,5.937,0.4471,3,69.025,54.7956,0.3438,0.75,10.135,0.1,siaga
5.51,15.82,49.712,40.6,34.24,33.33,9,1,5.966,0.4383,2,5.51,5.2735,0.406,0.05,13.904,0.8,siaga
82.576,124.356,281.004,94.87,8.59,33.9,1,0,2.919,0.3304,2,82.576,41.452,0.9487,0.15,8.152,0.5,awas
23.841,46.967,132.755,35.44,3.91,31.88,3,0,6.363,1.0605,1,23.841,15.6555,0.3544,0.35,1.387,0.55,siaga
0.0,0.0,0.0,65.84,10.74,7.82,11,0,0.0,0.7558,3,0.0,0.0,0.6584,0.15,7.071,0.8,siaga
22.947,53.114,192.462,88.89,18.74,8.52,12,0,1.942,0.05,1,22.947,17.7048,0.8889,0.05,16.658,0.2,awas
3.471,7.362,28.091,65.32,24.52,31.75,10,0,7.006,0.1356,1,3.471,2.4539,0.6532,0.75,16.014,0.15,waspada
0.0,0.0,0.0,81.34,4.25,17.98,10,0,5.588,0.2441,3,0.0,0.0,0.8134,0.15,3.458,0.25,siaga
20.256,33.908,92.65,57.88,14.63,24.36,3,0,0.0,0.4149,2,20.256,11.3025,0.5788,0.35,8.466,0.55,siaga
1.223,3.438,12.162,52.63,12.74,22.87,9,1,0.0,0.8434,3,1.223,1.1459,0.5263,0.15,6.706,0.6,siaga
0.0,0.0,0.0,90.47,18.64,32.95,7,1,6.994,0.3061,2,0.0,0.0,0.9047,0.55,16.864,0.4,waspada
4.658,8.752,33.299,85.81,3.56,20.35,4,0,5.914,1.0711,2,4.658,2.9172,0.8581,0.85,3.055,0.1,waspada
2.671,4.484,11.054,38.72,27.76,6.83,10,0,4.976,0.05,3,2.671,1.4948,0.3872,0.35,10.75,0.6,waspada
52.087,80.321,192.035,45.2,13.22,27.48,4,0,0.0,0.6404,2,52.087,26.7735,0.452,0.15,5.973,0.1,awas
0.0,0.0,0.0,31.87,32.5,27.2,7,1,5.623,0.6351,3,0.0,0.0,0.3187,0.15,10.36,0.65,siaga
5.176,10.034,24.092,61.61,30.72,30.85,2,0,6.832,0.1213,2,5.176,3.3446,0.6161,0.85,18.928,0.35,waspada
0.0,0.0,0.0,82.85,30.73,30.41,8,1,16.692,0.3952,2,0.0,0.0,0.8285,0.55,25.456,0.45,waspada
0.0,0.0,0.0,85.57,31.5,30.71,3,0,3.72,0.8307,2,0.0,0.0,0.8557,0.15,26.955,0.5,siaga
19.777,41.419,95.075,56.78,10.63,22.95,7,1,0.0,0.4176,2,19.777,13.8062,0.5678,0.55,6.037,0.75,siaga
0.842,1.806,7.086,53.6,25.47,15.95,5,0,0.0,0.255,1,0.842,0.602,0.536,0.15,13.653,0.45,siaga
0.0,0.0,0.0,51.11,19.91,24.3,2,0,5.708,0.1852,2,0.0,0.0,0.5111,1.0,10.177,0.85,waspada
0.0,0.0,0.0,97.69,21.28,33.91,1,0,1.306,0.05,2,0.0,0.0,0.9769,0.35,20.784,0.6,siaga
0.0,0.0,0.0,52.88,31.79,23.35,7,1,0.0,0.1253,3,0.0,0.0,0.5288,0.35,16.81,0.8,siaga
0.0,0.0,0.0,91.74,36.68,20.02,9,1,3.816,0.6027,3,0.0,0.0,0.9174,0.75,33.652,0.5,waspada
5.415,15.061,65.494,40.64,22.49,2.13,2,0,10.576,0.6598,2,5.415,5.0204,0.4064,0.35,9.139,0.85,siaga
24.129,59.816,226.496,40.64,4.11,28.82,2,0,4.886,1.0343,0,24.129,19.9385,0.4064,0.15,1.671,0.45,siaga
1.433,2.194,10.933,41.82,35.26,12.9,2,0,3.701,0.5348,2,1.433,0.7314,0.4182,0.55,14.745,0.3,waspada
3.412,7.128,16.31,82.99,2.2,34.88,6,1,2.917,0.4728,2,3.412,2.376,0.8299,0.35,1.827,0.6,siaga
6.561,18.57,72.523,32.6,3.0,4.7,3,0,4.263,0.05,3,6.561,6.19,0.326,0.15,0.977,0.25,siaga
27.769,42.01,95.552,49.64,10.14,4.78,6,1,2.529,0.2273,2,27.769,14.0034,0.4964,0.05,5.035,0.65,siaga
0.0,0.0,0.0,32.25,8.91,20.04,11,0,2.779,0.294,3,0.0,0.0,0.3225,0.75,2.873,0.85,waspada
7.793,16.069,35.275,37.92,4.39,21.57,9,1,7.316,0.05,2,7.793,5.3563,0.3792,0.35,1.664,0.9,siaga
89.048,133.052,279.453,59.21,32.07,33.84,11,0,2.966,0.3389,3,89.048,44.3508,0.5921,0.55,18.988,0.45,siaga
0.0,0.0,0.0,38.96,15.92,30.21,10,0,3.575,0.3363,3,0.0,0.0,0.3896,0.35,6.203,0.85,waspada
0.0,0.0,0.0,30.37,10.82,18.72,4,0,1.177,0.1339,2,0.0,0.0,0.3037,0.75,3.286,0.7,waspada
0.0,0.0,0.0,42.96,36.45,6.41,3,0,3.193,0.1556,2,0.0,0.0,0.4296,0.35,15.656,0.2,waspada
21.68,48.151,130.821,52.19,29.84,32.14,8,1,5.119,0.784,3,21.68,16.0502,0.5219,0.15,15.574,0.35,siaga
0.0,0.0,0.0,76.87,35.53,19.66,1,0,6.055,0.05,3,0.0,0.0,0.7687,0.85,27.317,0.7,waspada
0.0,0.0,0.0,96.71,27.15,14.87,5,0,3.174,0.2712,3,0.0,0.0,0.9671,0.35,26.254,0.1,siaga
19.23,32.66,112.875,32.5,17.51,18.47,5,0,8.273,0.05,3,19.23,10.8867,0.325,0.35,5.69,0.1,siaga
0.0,0.0,0.0,63.05,9.01,1.55,2,0,3.691,0.05,3,0.0,0.0,0.6305,0.15,5.683,0.75,siaga
3.468,6.711,14.053,42.65,22.12,5.15,6,1,1.995,0.05,3,3.468,2.2369,0.4265,0.35,9.432,0.55,waspada
0.0,0.0,0.0,43.29,27.04,15.27,7,1,4.777,0.4497,2,0.0,0.0,0.4329,0.55,11.708,0.35,waspada
51.946,120.438,281.641,60.75,13.22,15.18,6,1,7.977,0.387,3,51.946,40.1459,0.6075,0.75,8.03,0.2,siaga
10.84,17.248,66.837,42.05,25.04,1.3,7,1,0.0,0.5332,3,10.84,5.7492,0.4205,0.15,10.531,0.5,siaga
1.331,2.958,8.094,92.06,14.85,32.19,6,1,8.992,0.2868,2,1.331,0.9861,0.9206,0.55,13.674,0.55,siaga
0.0,0.0,0.0,84.47,4.69,1.31,11,0,2.929,0.3438,3,0.0,0.0,0.8447,0.35,3.959,0.6,siaga
0.0,0.0,0.0,74.64,9.57,26.25,9,1,9.009,0.5833,0,0.0,0.0,0.7464,0.85,7.14,0.6,waspada
64.583,156.841,527.254,95.86,20.17,11.71,7,1,3.291,0.351,1,64.583,52.2804,0.9586,0.15,19.333,0.75,awas
1.714,4.428,10.036,43.9,36.75,17.49,4,0,3.785,0.586,2,1.714,1.476,0.439,0.15,16.131,0.3,waspada
4.486,11.484,39.805,40.38,36.27,24.22,11,0,12.817,0.9281,3,4.486,3.8279,0.4038,0.55,14.648,0.65,waspada
0.0,0.0,0.0,87.56,8.63,20.27,8,1,0.0,0.28,2,0.0,0.0,0.8756,0.75,7.561,0.4,waspada
74.808,178.102,476.9,40.26,14.13,24.98,6,1,4.171,0.05,3,74.808,59.3674,0.4026,0.35,5.689,0.7,awas
0.0,0.0,0.0,92.51,29.81,26.71,9,1,3.142,0.5565,3,0.0,0.0,0.9251,0.35,27.579,0.3,siaga
0.0,0.0,0.0,38.78,20.72,30.42,8,1,0.257,0.341,3,0.0,0.0,0.3878,0.35,8.035,0.8,waspada
0.0,0.0,0.0,77.86,37.04,9.95,1,0,9.13,0.1136,3,0.0,0.0,0.7786,0.05,28.839,0.7,siaga
40.165,65.403,226.58,81.21,25.71,6.07,11,0,3.958,0.1015,3,40.165,21.801,0.8121,0.15,20.878,0.8,awas
6.603,11.499,30.163,83.94,29.32,5.44,8,1,3.369,0.3031,2,6.603,3.8331,0.8394,0.75,24.613,0.6,waspada
15.378,37.627,115.461,44.4,25.37,0.63,3,0,1.577,0.668,3,15.378,12.5423,0.444,0.05,11.264,0.85,siaga
0.0,0.0,0.0,75.52,21.0,27.4,5,0,8.633,0.05,2,0.0,0.0,0.7552,0.15,15.861,0.8,siaga
3.414,7.717,22.708,37.42,17.9,32.08,5,0,0.0,0.4286,3,3.414,2.5723,0.3742,0.75,6.697,0.15,waspada
5.628,14.863,42.893,40.41,10.12,24.15,10,0,8.875,0.05,3,5.628,4.9543,0.4041,0.15,4.091,0.25,siaga
0.0,0.0,0.0,64.71,28.06,24.95,6,1,11.431,0.331,3,0.0,0.0,0.6471,0.15,18.155,0.3,siaga
0.0,0.0,0.0,94.87,28.5,30.32,3,0,0.412,0.2286,3,0.0,0.0,0.9487,0.05,27.033,0.6,siaga
15.909,37.681,130.747,46.78,17.25,12.17,10,0,0.0,0.47,1,15.909,12.5603,0.4678,0.85,8.07,0.15,waspada
0.0,0.0,0.0,75.21,11.4,29.72,12,0,2.737,0.3308,3,0.0,0.0,0.7521,0.85,8.571,0.7,waspada
67.515,104.022,355.151,52.24,34.93,20.27,8,1,4.823,0.2255,3,67.515,34.6741,0.5224,0.35,18.248,0.75,awas
19.071,32.623,85.079,40.17,29.08,16.43,3,0,0.0,0.6565,2,19.071,10.8744,0.4017,0.75,11.679,0.25,waspada
0.0,0.0,0.0,31.79,12.9,17.95,12,0,7.671,0.6441,2,0.0,0.0,0.3179,0.35,4.101,0.8,waspada
23.169,40.469,155.644,69.92,6.43,17.7,3,0,12.557,0.05,1,23.169,13.4897,0.6992,0.35,4.493,0.5,siaga
9.335,15.496,42.799,88.72,12.08,8.41,9,1,3.712,0.1829,0,9.335,5.1653,0.8872,0.15,10.716,0.9,siaga
4.815,10.845,41.75,94.21,6.25,15.34,5,0,5.927,0.297,2,4.815,3.615,0.9421,0.35,5.891,0.5,siaga
147.191,273.272,574.353,60.16,24.49,26.52,6,1,8.185,0.1695,3,147.191,91.0908,0.6016,0.15,14.735,0.6,awas
3.761,10.174,50.853,64.93,33.1,8.9,12,0,3.288,0.8672,2,3.761,3.3912,0.6493,1.0,21.491,0.9,waspada
9.795,23.176,56.6,48.48,6.12,5.6,1,0,10.211,0.2213,1,9.795,7.7252,0.4848,0.35,2.966,0.45,siaga
12.163,21.492,77.736,38.53,37.47,14.42,2,0,4.838,0.6718,2,12.163,7.1639,0.3853,0.35,14.436,0.8,siaga
0.953,2.69,10.056,43.71,22.99,24.5,8,1,3.891,0.1007,0,0.953,0.8967,0.4371,0.05,10.048,0.1,siaga
0.0,0.0,0.0,85.64,2.85,7.21,5,0,4.731,1.0781,3,0.0,0.0,0.8564,0.15,2.443,0.9,siaga
4.407,9.102,34.581,97.27,25.78,23.43,4,0,0.0,0.1367,0,4.407,3.034,0.9727,0.05,25.079,0.8,siaga
16.109,27.261,100.58,47.35,32.59,25.05,2,0,9.053,0.1741,2,16.109,9.087,0.4735,0.05,15.427,0.65,siaga
5.454,15.443,58.397,90.64,17.68,1.26,2,0,7.791,0.3489,3,5.454,5.1478,0.9064,0.15,16.029,0.9,siaga
69.998,136.934,331.266,60.67,19.12,2.06,7,1,0.0,0.05,3,69.998,45.6447,0.6067,0.05,11.599,0.6,awas
1.751,4.023,15.358,38.32,37.25,16.05,8,1,0.0,0.2129,3,1.751,1.3409,0.3832,0.55,14.276,0.65,waspada
3.871,8.092,25.384,80.31,32.21,29.42,8,1,7.397,0.6162,2,3.871,2.6972,0.8031,0.15,25.869,0.9,siaga
6.906,18.604,42.695,69.3,29.07,28.22,4,0,4.322,0.4884,3,6.906,6.2015,0.693,0.85,20.145,0.7,waspada
0.0,0.0,0.0,34.12,15.04,0.3,8,1,2.143,0.05,2,0.0,0.0,0.3412,0.35,5.131,0.7,waspada
0.0,0.0,0.0,82.86,11.76,31.85,1,0,0.0,0.4469,3,0.0,0.0,0.8286,0.15,9.741,0.75,siaga
0.0,0.0,0.0,91.87,23.28,23.73,1,0,0.765,0.3113,3,0.0,0.0,0.9187,0.55,21.387,0.1,waspada
3.389,7.091,25.837,61.6,22.99,34.2,5,0,0.0,0.6798,2,3.389,2.3636,0.616,0.35,14.16,0.9,waspada
20.89,49.014,134.77,64.34,25.59,15.86,1,0,0.0,0.2817,3,20.89,16.3381,0.6434,0.15,16.466,0.7,awas
0.0,0.0,0.0,67.79,8.84,5.53,10,0,5.962,0.0877,3,0.0,0.0,0.6779,0.15,5.993,0.5,siaga
0.0,0.0,0.0,58.86,36.2,27.58,7,1,0.0,0.3233,2,0.0,0.0,0.5886,0.15,21.307,0.3,siaga
7.523,16.813,35.312,38.4,8.84,33.92,8,1,0.0,0.1221,3,7.523,5.6045,0.384,0.55,3.396,0.25,waspada
108.05,143.692,223.573,72.05,19.78,9.01,9,1,1.985,0.2353,2,108.05,47.8973,0.7205,0.15,14.253,0.85,awas
0.0,0.0,0.0,70.88,14.21,2.79,9,1,0.0,0.2483,3,0.0,0.0,0.7088,0.05,10.075,0.85,siaga
0.0,0.0,0.0,39.49,16.68,11.79,9,1,6.74,0.8318,3,0.0,0.0,0.3949,0.35,6.586,0.45,waspada
0.826,2.042,7.535,65.93,13.69,12.41,2,0,11.467,0.8462,2,0.826,0.6806,0.6593,0.05,9.027,0.6,siaga
0.0,0.0,0.0,52.32,2.94,23.73,7,1,12.675,0.05,3,0.0,0.0,0.5232,0.55,1.537,0.55,waspada
5.168,10.246,22.451,47.97,17.32,21.3,12,0,1.976,0.3553,2,5.168,3.4152,0.4797,0.05,8.31,0.3,siaga
2.879,6.381,28.403,54.48,36.11,18.45,8,1,6.299,0.05,3,2.879,2.1269,0.5448,1.0,19.674,0.2,waspada
44.213,95.211,230.453,80.31,26.0,26.24,8,1,9.04,0.1218,3,44.213,31.7371,0.8031,0.15,20.879,0.7,awas
0.0,0.0,0.0,47.72,8.09,31.92,5,0,3.923,0.1892,3,0.0,0.0,0.4772,0.35,3.858,0.45,waspada
0.0,0.0,0.0,91.58,27.44,19.72,8,1,12.675,0.764,3,0.0,0.0,0.9158,0.15,25.131,0.35,siaga
23.136,48.479,190.724,79.2,29.86,25.0,5,0,12.842,0.05,3,23.136,16.1597,0.792,0.15,23.649,0.1,awas
0.0,0.0,0.0,91.82,15.13,12.49,7,1,3.842,0.05,3,0.0,0.0,0.9182,0.55,13.893,0.1,siaga
0.0,0.0,0.0,68.58,23.51,27.08,3,0,2.123,0.4067,3,0.0,0.0,0.6858,0.35,16.127,0.2,siaga
99.209,179.881,326.818,77.95,30.3,33.91,3,0,1.614,0.6152,0,99.209,59.9604,0.7795,0.15,23.617,0.2,awas
22.251,49.73,138.388,91.67,11.28,18.15,2,0,0.0,0.3743,0,22.251,16.5768,0.9167,0.75,10.337,0.15,siaga
0.0,0.0,0.0,60.9,34.05,28.4,7,1,0.0,0.05,3,0.0,0.0,0.609,0.15,20.735,0.75,siaga
0.0,0.0,0.0,95.79,10.76,13.35,9,1,5.738,0.1441,3,0.0,0.0,0.9579,1.0,10.309,0.6,waspada
0.0,0.0,0.0,65.51,5.62,20.99,6,1,2.504,0.05,3,0.0,0.0,0.6551,0.35,3.679,0.15,waspada
23.079,56.004,185.953,72.56,7.98,3.59,2,0,1.902,0.3034,2,23.079,18.668,0.7256,0.55,5.79,0.55,siaga
0.0,0.0,0.0,49.83,20.36,34.29,4,0,4.734,0.05,3,0.0,0.0,0.4983,0.35,10.147,0.65,waspada
0.0,0.0,0.0,57.65,23.02,5.97,2,0,1.568,0.3003,3,0.0,0.0,0.5765,0.05,13.274,0.15,siaga
0.0,0.0,0.0,78.13,17.37,23.29,12,0,0.0,0.2891,2,0.0,0.0,0.7813,0.15,13.573,0.5,siaga
11.539,24.608,86.459,85.02,36.41,29.36,2,0,0.0,0.05,2,11.539,8.2026,0.8502,0.05,30.956,0.6,awas
0.0,0.0,0.0,82.29,32.13,23.67,7,1,7.152,0.1221,2,0.0,0.0,0.8229,0.35,26.441,0.3,siaga
0.0,0.0,0.0,34.24,22.59,9.47,4,0,11.02,0.05,0,0.0,0.0,0.3424,0.35,7.734,0.25,waspada
46.049,100.849,236.473,66.13,26.45,28.23,8,1,0.0,0.5439,1,46.049,33.6162,0.6613,0.05,17.491,0.45,awas
13.178,25.704,85.626,51.56,37.92,16.06,4,0,5.799,0.3409,3,13.178,8.5682,0.5156,0.05,19.553,0.75,siaga
21.013,33.513,124.133,40.62,27.61,14.77,3,0,2.311,0.4864,3,21.013,11.1711,0.4062,0.75,11.216,0.5,waspada
20.653,48.654,190.19,97.95,28.45,20.25,7,1,9.436,0.3628,3,20.653,16.2179,0.9795,0.15,27.866,0.75,awas
0.0,0.0,0.0,58.38,35.54,25.13,10,0,1.765,0.05,3,0.0,0.0,0.5838,0.15,20.751,0.55,siaga
144.563,211.073,371.247,30.39,14.9,4.04,8,1,2.613,0.3103,3,144.563,70.3577,0.3039,0.15,4.529,0.75,awas
2.531,5.9,20.522,41.08,13.7,23.06,4,0,7.535,0.05,1,2.531,1.9668,0.4108,0.35,5.627,0.1,waspada
122.455,186.36,380.877,53.39,15.47,0.2,9,1,0.0,0.3284,2,122.455,62.1201,0.5339,0.15,8.261,0.25,awas
5.867,11.222,29.031,85.44,23.65,2.39,8,1,3.098,0.8041,3,5.867,3.7406,0.8544,0.15,20.208,0.1,siaga
101.21,139.432,236.584,51.71,2.97,6.72,2,0,14.091,0.1724,1,101.21,46.4772,0.5171,0.15,1.535,0.35,awas
21.941,43.124,171.391,68.69,32.47,10.15,6,1,17.056,0.1277,3,21.941,14.3746,0.6869,0.15,22.308,0.25,siaga
0.0,0.0,0.0,71.54,32.72,18.82,7,1,6.053,0.3671,3,0.0,0.0,0.7154,0.35,23.41,0.5,siaga
0.0,0.0,0.0,31.52,21.68,19.69,10,0,5.683,0.6682,1,0.0,0.0,0.3152,0.05,6.835,0.5,siaga
14.671,31.642,102.024,46.28,2.76,24.85,12,0,3.789,0.05,3,14.671,10.5473,0.4628,0.05,1.276,0.4,siaga
1.904,3.909,10.949,84.22,34.89,4.09,12,0,6.849,0.6095,2,1.904,1.3029,0.8422,0.75,29.384,0.8,waspada
7.093,15.716,56.481,73.73,34.68,15.97,1,0,3.426,0.3583,3,7.093,5.2385,0.7373,0.15,25.571,0.9,siaga
0.0,0.0,0.0,57.37,12.08,21.63,5,0,0.146,0.1385,1,0.0,0.0,0.5737,0.35,6.931,0.75,waspada
13.938,34.399,98.295,56.72,3.33,32.56,1,0,20.469,0.4263,3,13.938,11.4662,0.5672,0.35,1.887,0.75,siaga
1.491,4.254,15.486,91.32,16.01,22.48,8,1,7.057,0.6628,2,1.491,1.4179,0.9132,0.35,14.616,0.7,siaga
0.0,0.0,0.0,47.97,19.16,4.55,5,0,4.107,0.5321,2,0.0,0.0,0.4797,0.35,9.193,0.9,waspada
6.276,17.859,79.83,48.78,7.09,22.96,9,1,11.72,0.7158,3,6.276,5.9528,0.4878,0.35,3.456,0.2,waspada
17.322,28.51,61.538,87.14,12.74,18.77,12,0,7.551,0.05,2,17.322,9.5035,0.8714,0.05,11.098,0.15,awas
1.464,2.272,6.072,38.1,4.26,27.64,12,0,8.234,0.5217,3,1.464,0.7572,0.381,0.35,1.622,0.4,waspada
17.135,30.068,79.458,51.72,16.04,35.0,11,0,1.923,0.05,3,17.135,10.0227,0.5172,0.05,8.294,0.1,siaga
0.0,0.0,0.0,82.02,9.61,25.8,8,1,0.064,0.3342,3,0.0,0.0,0.8202,0.15,7.884,0.15,siaga
0.0,0.0,0.0,37.18,5.47,6.92,6,1,5.905,0.6511,2,0.0,0.0,0.3718,0.05,2.036,0.3,waspada
10.281,15.522,44.521,86.61,35.44,22.68,8,1,0.0,0.44,3,10.281,5.1739,0.8661,0.55,30.696,0.65,siaga
5.317,10.922,37.331,40.48,27.7,1.69,10,0,0.403,0.7174,3,5.317,3.6406,0.4048,0.05,11.213,0.3,siaga
0.0,0.0,0.0,79.72,21.39,28.25,12,0,13.312,0.4415,3,0.0,0.0,0.7972,0.15,17.048,0.3,siaga
18.167,30.473,110.553,44.47,2.13,6.31,12,0,0.299,0.6458,0,18.167,10.1576,0.4447,0.05,0.945,0.45,siaga
55.257,125.368,305.946,91.77,17.28,17.6,4,0,0.0,0.242,3,55.257,41.7893,0.9177,0.35,15.861,0.55,awas
65.908,120.759,332.5,81.83,38.0,3.78,12,0,3.407,0.2866,2,65.908,40.253,0.8183,0.85,31.095,0.75,siaga
18.566,38.684,124.037,80.02,21.17,33.76,6,1,1.584,0.2953,3,18.566,12.8948,0.8002,0.55,16.941,0.6,siaga
0.0,0.0,0.0,54.66,26.21,0.69,11,0,1.736,0.05,3,0.0,0.0,0.5466,0.35,14.325,0.9,siaga
0.0,0.0,0.0,56.04,29.77,6.03,10,0,0.0,0.1545,2,0.0,0.0,0.5604,0.55,16.681,0.45,waspada
46.095,99.032,343.064,38.79,31.62,9.38,7,1,2.255,0.4597,2,46.095,33.0105,0.3879,0.05,12.264,0.4,awas
0.0,0.0,0.0,75.65,33.83,10.44,1,0,1.181,0.1781,1,0.0,0.0,0.7565,0.75,25.593,0.35,waspada
0.0,0.0,0.0,49.93,34.91,4.21,11,0,7.434,0.4819,2,0.0,0.0,0.4993,0.05,17.43,0.7,siaga
0.0,0.0,0.0,94.59,25.4,2.65,12,0,3.653,0.0621,3,0.0,0.0,0.9459,0.05,24.032,0.6,siaga
17.426,32.715,74.965,87.59,11.31,5.62,5,0,0.0,0.2676,0,17.426,10.905,0.8759,1.0,9.904,0.25,siaga
0.0,0.0,0.0,71.9,31.2,31.08,10,0,0.0,0.05,3,0.0,0.0,0.719,0.05,22.435,0.15,siaga
9.108,16.601,62.969,91.02,22.66,34.5,7,1,1.646,0.5771,3,9.108,5.5336,0.9102,0.05,20.624,0.9,awas
13.438,30.127,66.67,76.57,12.58,25.42,10,0,0.0,0.4478,3,13.438,10.0422,0.7657,0.35,9.629,0.2,siaga
56.734,91.7,183.755,64.6,32.18,24.57,1,0,0.274,0.6521,3,56.734,30.5667,0.646,0.05,20.789,0.1,awas
0.0,0.0,0.0,77.92,13.78,24.3,11,0,0.0,0.529,3,0.0,0.0,0.7792,0.85,10.736,0.3,waspada
21.488,48.915,111.759,32.76,21.02,7.5,3,0,3.229,0.6148,3,21.488,16.305,0.3276,0.15,6.885,0.2,siaga
4.338,12.961,32.682,82.47,18.23,12.88,2,0,0.846,0.6673,3,4.338,4.3203,0.8247,0.05,15.035,0.5,siaga
3.888,10.792,22.356,96.16,34.81,34.89,12,0,6.326,0.5887,3,3.888,3.5975,0.9616,0.55,33.476,0.45,siaga
0.0,0.0,0.0,57.77,17.26,7.87,1,0,0.0,0.5808,3,0.0,0.0,0.5777,0.35,9.969,0.9,waspada
0.0,0.0,0.0,67.57,21.02,22.48,2,0,0.256,0.0681,1,0.0,0.0,0.6757,0.15,14.202,0.1,siaga
0.0,0.0,0.0,58.97,30.06,8.25,6,1,6.172,0.05,3,0.0,0.0,0.5897,0.15,17.723,0.9,siaga
14.684,23.757,60.15,33.86,33.09,13.97,3,0,6.973,0.8156,2,14.684,7.919,0.3386,0.35,11.203,0.55,waspada
0.0,0.0,0.0,56.97,31.64,25.85,3,0,2.021,0.1792,3,0.0,0.0,0.5697,0.35,18.026,0.4,waspada
2.659,7.226,33.026,69.63,30.32,18.95,11,0,7.425,0.3402,3,2.659,2.4086,0.6963,0.15,21.114,0.35,siaga
0.0,0.0,0.0,53.65,3.01,19.79,2,0,1.539,0.05,3,0.0,0.0,0.5365,0.05,1.614,0.45,siaga
0.0,0.0,0.0,96.49,15.59,24.2,9,1,3.929,0.2422,3,0.0,0.0,0.9649,1.0,15.041,0.2,waspada
13.009,26.082,63.797,43.71,33.45,24.73,3,0,9.583,0.1626,3,13.009,8.6941,0.4371,0.35,14.62,0.55,siaga
0.0,0.0,0.0,64.04,27.66,6.19,3,0,0.0,0.1814,2,0.0,0.0,0.6404,0.35,17.715,0.1,waspada
2.171,5.491,23.849,84.68,9.02,12.4,4,0,0.0,0.8543,2,2.171,1.8304,0.8468,0.35,7.642,0.85,siaga
5.445,16.113,54.253,67.68,11.02,11.14,9,1,7.74,0.22,1,5.445,5.3709,0.6768,0.15,7.461,0.35,siaga
0.0,0.0,0.0,39.97,30.45,28.15,3,0,1.591,0.588,2,0.0,0.0,0.3997,0.05,12.17,0.4,waspada
0.0,0.0,0.0,78.88,11.39,25.95,5,0,0.0,0.4367,3,0.0,0.0,0.7888,0.15,8.981,0.55,siaga
17.299,40.476,128.003,49.47,20.26,7.52,4,0,3.671,0.49,3,17.299,13.4918,0.4947,0.75,10.022,0.9,siaga
0.0,0.0,0.0,71.68,28.68,1.36,11,0,3.336,0.0916,2,0.0,0.0,0.7168,0.55,20.559,0.3,waspada
1.428,3.53,15.29,47.77,3.56,2.92,1,0,2.975,0.1121,3,1.428,1.1766,0.4777,0.15,1.701,0.2,siaga
0.0,0.0,0.0,54.46,4.15,10.43,9,1,0.063,0.3741,0,0.0,0.0,0.5446,0.35,2.262,0.3,waspada
0.0,0.0,0.0,74.6,15.8,20.44,2,0,7.268,0.1467,3,0.0,0.0,0.746,0.75,11.79,0.35,waspada
16.653,31.012,123.101,42.76,36.37,21.66,8,1,0.0,0.1309,3,16.653,10.3372,0.4276,0.05,15.551,0.6,siaga
3.457,9.405,35.059,93.22,3.83,14.99,11,0,6.747,0.05,3,3.457,3.135,0.9322,0.05,3.575,0.3,siaga
0.0,0.0,0.0,67.9,12.66,2.45,9,1,0.0,0.6235,3,0.0,0.0,0.679,1.0,8.594,0.75,waspada
4.98,9.344,44.832,54.66,8.04,24.08,8,1,2.866,0.5563,2,4.98,3.1145,0.5466,0.55,4.393,0.85,waspada
0.0,0.0,0.0,86.96,4.11,23.73,11,0,6.627,0.3671,3,0.0,0.0,0.8696,0.15,3.572,0.7,siaga
6.863,11.194,23.826,40.93,27.57,28.49,9,1,6.77,0.05,1,6.863,3.7313,0.4093,0.55,11.283,0.7,waspada
0.0,0.0,0.0,95.17,32.2,31.61,11,0,5.733,0.3803,0,0.0,0.0,0.9517,0.15,30.644,0.35,siaga
17.54,42.87,93.794,94.41,36.02,23.31,3,0,2.226,0.1634,3,17.54,14.29,0.9441,0.15,34.003,0.3,awas
0.0,0.0,0.0,68.03,36.27,31.42,3,0,6.811,0.591,1,0.0,0.0,0.6803,0.35,24.679,0.75,siaga
3.211,4.827,13.143,95.68,23.16,25.19,11,0,6.358,0.05,3,3.211,1.609,0.9568,0.15,22.165,0.6,siaga
3.403,8.827,43.134,58.1,36.11,8.57,4,0,11.937,0.05,3,3.403,2.9425,0.581,0.55,20.977,0.45,waspada
0.0,0.0,0.0,59.2,33.18,17.22,1,0,0.0,0.6769,3,0.0,0.0,0.592,0.35,19.643,0.55,siaga
5.691,11.894,50.598,78.64,9.54,34.23,12,0,6.883,0.4186,2,5.691,3.9647,0.7864,0.35,7.498,0.55,siaga
0.0,0.0,0.0,89.97,27.55,22.62,4,0,9.138,0.05,3,0.0,0.0,0.8997,0.15,24.784,0.6,siaga
2.203,4.789,23.725,96.67,6.52,14.85,5,0,3.702,0.6188,2,2.203,1.5963,0.9667,0.75,6.305,0.55,siaga
0.0,0.0,0.0,35.23,24.15,20.21,3,0,4.305,0.7563,3,0.0,0.0,0.3523,0.05,8.508,0.4,waspada
0.0,0.0,0.0,47.99,4.34,34.66,5,0,2.065,0.1208,3,0.0,0.0,0.4799,0.75,2.084,0.8,waspada
0.696,1.315,5.945,80.91,8.47,25.4,3,0,9.411,0.1436,3,0.696,0.4384,0.8091,0.05,6.852,0.25,siaga
0.0,0.0,0.0,93.76,6.57,20.38,9,1,1.61,0.0983,2,0.0,0.0,0.9376,0.05,6.158,0.8,siaga
5.066,10.943,43.217,54.22,35.99,14.68,3,0,0.0,0.3044,3,5.066,3.6477,0.5422,0.15,19.515,0.15,siaga
0.0,0.0,0.0,82.35,3.59,11.32,7,1,6.966,0.5305,2,0.0,0.0,0.8235,0.35,2.957,0.65,siaga
4.404,10.399,48.429,86.19,9.43,3.25,4,0,1.932,0.6833,3,4.404,3.4664,0.8619,0.15,8.129,0.15,siaga
0.0,0.0,0.0,67.6,16.09,8.14,5,0,0.0,0.9156,2,0.0,0.0,0.676,0.55,10.88,0.7,waspada
1.066,3.028,11.74,76.92,36.73,20.73,5,0,6.304,0.2197,3,1.066,1.0095,0.7692,0.55,28.252,0.8,waspada
0.0,0.0,0.0,57.14,3.22,32.5,7,1,5.79,0.3439,2,0.0,0.0,0.5714,0.15,1.841,0.15,siaga
2.096,4.553,11.874,91.47,35.29,18.17,2,0,0.0,0.1246,3,2.096,1.5175,0.9147,0.05,32.274,0.9,siaga
110.004,217.662,471.846,52.78,16.32,22.31,5,0,0.0,0.3297,3,110.004,72.5538,0.5278,0.35,8.614,0.1,awas
0.0,0.0,0.0,51.12,31.23,27.43,5,0,11.799,0.0681,2,0.0,0.0,0.5112,0.15,15.965,0.8,siaga
58.432,139.871,302.868,45.7,25.6,7.31,12,0,5.074,0.3396,3,58.432,46.6237,0.457,0.55,11.699,0.9,siaga
0.0,0.0,0.0,54.79,37.81,33.04,12,0,4.636,0.5269,3,0.0,0.0,0.5479,0.75,20.713,0.9,waspada
0.0,0.0,0.0,86.67,28.3,24.07,2,0,8.411,0.3645,1,0.0,0.0,0.8667,0.35,24.526,0.8,siaga
0.0,0.0,0.0,95.59,25.97,32.69,12,0,0.0,0.6831,1,0.0,0.0,0.9559,0.15,24.827,0.55,siaga
23.737,43.235,127.328,55.26,11.61,14.79,9,1,7.543,0.05,2,23.737,14.4118,0.5526,0.05,6.415,0.3,siaga
24.135,47.284,95.381,53.76,34.94,8.74,5,0,3.016,0.2803,1,24.135,15.7613,0.5376,0.55,18.781,0.8,siaga
6.143,10.314,42.034,56.73,27.37,7.67,5,0,0.813,0.2359,2,6.143,3.4381,0.5673,1.0,15.529,0.85,waspada
72.869,131.588,347.774,43.92,13.1,19.15,1,0,0.0,0.0526,2,72.869,43.8627,0.4392,0.35,5.753,0.65,awas
1.938,4.768,10.684,68.63,27.18,28.05,3,0,8.612,0.1402,3,1.938,1.5892,0.6863,0.05,18.651,0.3,siaga
3.161,8.686,30.679,41.13,28.41,19.83,5,0,7.224,0.4948,2,3.161,2.8954,0.4113,0.75,11.684,0.85,waspada
19.469,31.453,119.242,43.57,31.07,18.39,11,0,2.781,0.4332,1,19.469,10.4844,0.4357,0.05,13.54,0.6,siaga
0.0,0.0,0.0,38.13,37.33,26.49,7,1,3.008,0.1277,3,0.0,0.0,0.3813,0.35,14.236,0.6,waspada
0.0,0.0,0.0,79.17,22.75,29.27,8,1,1.942,0.0939,2,0.0,0.0,0.7917,0.35,18.014,0.7,siaga
0.0,0.0,0.0,96.19,15.89,20.4,3,0,13.182,0.3697,1,0.0,0.0,0.9619,0.35,15.285,0.4,siaga
135.703,217.536,363.166,67.22,21.44,26.49,1,0,5.0,0.4802,3,135.703,72.5119,0.6722,0.15,14.414,0.55,awas
5.277,10.246,23.223,76.31,33.69,24.0,9,1,6.486,0.0542,2,5.277,3.4154,0.7631,0.55,25.705,0.65,siaga
0.0,0.0,0.0,74.6,32.34,33.83,4,0,6.042,0.05,2,0.0,0.0,0.746,0.75,24.126,0.75,waspada
21.328,40.96,147.343,89.99,2.91,22.58,1,0,1.896,0.4729,3,21.328,13.6534,0.8999,0.15,2.615,0.8,awas
1.328,3.57,17.23,31.5,33.09,15.19,5,0,6.054,0.3595,2,1.328,1.1902,0.315,0.35,10.425,0.55,waspada
61.054,131.778,430.324,74.59,34.13,19.3,12,0,4.933,0.0992,2,61.054,43.926,0.7459,0.75,25.461,0.65,siaga
0.0,0.0,0.0,84.53,18.13,14.58,5,0,3.771,0.339,3,0.0,0.0,0.8453,0.35,15.327,0.3,siaga
6.302,17.377,83.861,41.85,2.69,28.94,10,0,17.768,0.4842,3,6.302,5.7924,0.4185,0.55,1.126,0.25,waspada
0.0,0.0,0.0,71.15,33.95,18.44,5,0,8.204,0.05,2,0.0,0.0,0.7115,0.05,24.157,0.15,siaga
2.302,6.72,30.783,76.31,23.55,9.78,2,0,0.0,0.2781,0,2.302,2.2402,0.7631,0.15,17.975,0.25,siaga
0.0,0.0,0.0,41.07,35.43,19.27,7,1,1.464,0.3025,3,0.0,0.0,0.4107,0.35,14.553,0.9,waspada
0.0,0.0,0.0,77.25,31.55,26.21,11,0,14.077,0.4586,3,0.0,0.0,0.7725,0.75,24.373,0.9,waspada
0.0,0.0,0.0,94.53,6.01,3.93,3,0,5.19,0.0675,3,0.0,0.0,0.9453,0.15,5.681,0.4,siaga
5.064,12.531,55.106,67.47,28.85,26.03,7,1,3.519,0.05,3,5.064,4.1771,0.6747,0.35,19.469,0.5,siaga
12.199,23.368,63.931,50.72,33.48,8.53,4,0,5.192,0.1999,3,12.199,7.7893,0.5072,0.15,16.984,0.5,siaga
0.669,1.265,4.89,57.21,30.89,33.28,12,0,8.368,0.1457,2,0.669,0.4217,0.5721,0.15,17.674,0.3,siaga
5.281,12.076,25.728,39.53,15.03,15.33,11,0,8.599,0.05,3,5.281,4.0252,0.3953,1.0,5.941,0.45,waspada
0.0,0.0,0.0,57.91,17.37,18.77,8,1,6.242,0.6983,2,0.0,0.0,0.5791,0.15,10.059,0.2,siaga
18.928,29.713,66.262,41.04,11.37,5.41,9,1,0.0,0.5312,3,18.928,9.9043,0.4104,0.55,4.667,0.9,siaga
0.0,0.0,0.0,43.34,23.64,23.78,12,0,7.948,0.5071,2,0.0,0.0,0.4334,0.15,10.244,0.85,siaga
0.0,0.0,0.0,30.35,20.61,22.3,7,1,5.44,0.1878,3,0.0,0.0,0.3035,0.05,6.256,0.75,siaga
0.0,0.0,0.0,33.9,37.63,11.18,4,0,4.397,0.3643,3,0.0,0.0,0.339,1.0,12.756,0.8,aman
0.0,0.0,0.0,96.62,36.16,4.19,4,0,0.0,0.7009,3,0.0,0.0,0.9662,0.15,34.933,0.65,siaga
0.0,0.0,0.0,97.46,12.03,32.33,4,0,9.328,0.1471,3,0.0,0.0,0.9746,0.35,11.725,0.65,siaga
0.0,0.0,0.0,97.01,14.59,6.38,1,0,1.333,0.3438,3,0.0,0.0,0.9701,0.05,14.15,0.85,siaga
0.0,0.0,0.0,82.83,23.9,30.29,2,0,6.026,0.1464,2,0.0,0.0,0.8283,0.15,19.792,0.75,siaga
16.325,26.932,73.174,30.78,13.76,1.24,7,1,2.868,0.3288,0,16.325,8.9772,0.3078,0.15,4.235,0.25,siaga
0.0,0.0,0.0,58.56,19.21,4.5,5,0,7.434,0.1761,3,0.0,0.0,0.5856,0.55,11.247,0.35,waspada
0.0,0.0,0.0,31.82,2.14,6.83,9,1,0.0,0.05,1,0.0,0.0,0.3182,0.15,0.682,0.85,waspada
0.0,0.0,0.0,92.92,20.24,34.66,10,0,0.917,0.578,3,0.0,0.0,0.9292,0.15,18.811,0.7,siaga
0.0,0.0,0.0,48.63,29.47,18.81,6,1,1.792,0.7653,3,0.0,0.0,0.4863,0.35,14.335,0.3,waspada
21.239,43.441,149.671,57.3,22.42,24.29,9,1,4.969,0.3301,3,21.239,14.4804,0.573,0.55,12.849,0.3,siaga
1.262,2.404,9.608,56.69,7.98,6.76,4,0,1.582,0.9544,1,1.262,0.8014,0.5669,0.55,4.523,0.75,waspada
19.488,32.732,94.817,95.86,5.7,23.77,1,0,1.533,0.6029,3,19.488,10.9108,0.9586,0.15,5.468,0.4,awas
5.444,10.849,48.348,79.41,11.08,8.09,12,0,0.0,0.05,3,5.444,3.6163,0.7941,0.55,8.798,0.45,siaga
0.0,0.0,0.0,70.82,19.19,4.75,8,1,10.141,0.4799,3,0.0,0.0,0.7082,0.15,13.588,0.6,siaga
70.266,175.118,504.27,83.62,2.85,31.83,7,1,3.126,0.3067,2,70.266,58.3726,0.8362,0.15,2.384,0.75,awas
6.034,17.012,78.725,56.12,34.27,14.0,10,0,2.273,0.05,2,6.034,5.6707,0.5612,0.15,19.232,0.75,siaga
0.0,0.0,0.0,68.62,5.25,13.65,7,1,10.545,0.2437,3,0.0,0.0,0.6862,0.75,3.601,0.35,waspada
6.57,15.684,68.885,70.74,7.31,27.26,2,0,11.482,0.0754,3,6.57,5.2281,0.7074,0.55,5.167,0.6,waspada
0.0,0.0,0.0,89.98,8.63,33.49,7,1,6.497,0.2006,1,0.0,0.0,0.8998,0.15,7.768,0.6,siaga
0.0,0.0,0.0,36.14,19.03,14.22,1,0,0.0,0.3418,2,0.0,0.0,0.3614,0.15,6.877,0.9,siaga
5.914,17.187,67.08,76.95,33.67,6.02,4,0,7.024,0.05,2,5.914,5.729,0.7695,0.85,25.907,0.25,waspada
0.0,0.0,0.0,78.03,30.21,26.32,1,0,0.0,0.202,3,0.0,0.0,0.7803,0.15,23.574,0.45,siaga
0.0,0.0,0.0,91.3,8.79,27.44,3,0,0.0,0.1314,2,0.0,0.0,0.913,0.35,8.029,0.2,siaga
0.0,0.0,0.0,64.05,15.27,21.72,3,0,9.833,0.2007,2,0.0,0.0,0.6405,0.35,9.779,0.35,waspada
0.0,0.0,0.0,80.81,16.77,0.24,9,1,2.92,0.4718,2,0.0,0.0,0.8081,0.05,13.552,0.15,siaga
136.667,268.797,461.748,49.13,23.98,4.95,5,0,1.074,0.726,3,136.667,89.5989,0.4913,0.35,11.78,0.35,awas
0.0,0.0,0.0,83.44,29.54,24.34,1,0,0.0,0.4999,1,0.0,0.0,0.8344,0.75,24.65,0.65,waspada
5.379,8.088,31.184,62.28,36.91,13.03,4,0,1.217,0.4661,2,5.379,2.6961,0.6228,0.35,22.989,0.5,waspada
6.995,14.586,65.379,51.72,20.2,31.95,3,0,3.988,0.8911,3,6.995,4.862,0.5172,0.35,10.445,0.8,siaga
6.699,16.047,68.132,66.21,24.5,19.93,9,1,11.033,0.3821,0,6.699,5.3491,0.6621,0.05,16.224,0.3,siaga
70.987,139.424,482.332,54.85,7.09,14.99,3,0,0.0,0.39,3,70.987,46.4747,0.5485,0.05,3.888,0.15,awas
0.742,1.612,6.532,38.04,27.4,19.17,1,0,0.0,0.756,3,0.742,0.5373,0.3804,0.85,10.423,0.35,waspada
143.603,228.1,507.027,85.5,27.6,10.62,5,0,2.244,0.64,2,143.603,76.0332,0.855,0.15,23.598,0.85,awas
2.666,7.602,27.99,57.08,35.03,31.06,5,0,3.558,0.05,0,2.666,2.5339,0.5708,0.75,19.998,0.6,waspada
0.0,0.0,0.0,34.46,13.07,9.27,8,1,7.425,0.05,1,0.0,0.0,0.3446,0.35,4.505,0.35,waspada
82.33,153.781,362.464,93.12,32.1,22.28,10,0,6.629,0.05,3,82.33,51.2604,0.9312,0.05,29.895,0.5,awas
0.0,0.0,0.0,75.94,23.46,12.15,5,0,0.0,0.1424,2,0.0,0.0,0.7594,0.15,17.817,0.7,siaga
3.205,5.371,14.084,32.07,26.77,11.75,10,0,2.091,0.05,3,3.205,1.7905,0.3207,0.75,8.587,0.65,waspada
0.0,0.0,0.0,66.82,25.84,4.6,6,1,0.0,0.3785,2,0.0,0.0,0.6682,0.35,17.266,0.3,siaga
20.415,45.506,109.353,65.37,13.31,16.81,12,0,6.466,0.8384,3,20.415,15.1688,0.6537,0.15,8.702,0.7,awas
0.0,0.0,0.0,59.49,19.08,29.6,6,1,10.5,0.2669,3,0.0,0.0,0.5949,0.35,11.352,0.3,waspada
0.0,0.0,0.0,88.47,14.55,33.55,11,0,0.0,0.1501,3,0.0,0.0,0.8847,0.05,12.877,0.25,siaga
5.189,10.241,24.963,31.76,23.14,24.34,6,1,6.689,0.2354,1,5.189,3.4138,0.3176,0.15,7.35,0.9,siaga
0.0,0.0,0.0,60.7,10.58,12.87,9,1,8.444,0.05,3,0.0,0.0,0.607,0.85,6.425,0.1,waspada
0.0,0.0,0.0,37.31,18.62,8.06,11,0,0.0,0.2783,3,0.0,0.0,0.3731,0.35,6.946,0.9,waspada
0.0,0.0,0.0,38.47,24.04,5.69,5,0,10.492,0.5863,3,0.0,0.0,0.3847,0.35,9.249,0.75,waspada
0.0,0.0,0.0,63.69,19.55,27.07,12,0,0.0,0.2375,2,0.0,0.0,0.6369,0.05,12.453,0.1,siaga
3.98,7.717,27.478,71.35,28.86,26.4,12,0,0.0,0.3968,3,3.98,2.5725,0.7135,0.15,20.59,0.8,siaga
0.0,0.0,0.0,41.05,19.97,33.68,4,0,0.0,0.3621,3,0.0,0.0,0.4105,0.55,8.196,0.7,waspada
0.0,0.0,0.0,94.29,28.82,13.33,3,0,1.758,0.7277,3,0.0,0.0,0.9429,0.35,27.18,0.7,siaga
0.0,0.0,0.0,96.48,7.84,11.47,10,0,4.504,0.05,3,0.0,0.0,0.9648,0.05,7.563,0.9,siaga
7.32,12.253,35.723,34.48,16.05,27.74,10,0,2.146,0.4966,3,7.32,4.0844,0.3448,0.15,5.535,0.25,siaga
4.031,8.251,31.95,47.2,3.04,13.09,6,1,0.0,0.4575,3,4.031,2.7503,0.472,0.55,1.436,0.15,waspada
0.0,0.0,0.0,66.67,9.54,31.5,10,0,10.851,0.05,3,0.0,0.0,0.6667,0.15,6.358,0.65,siaga
72.987,114.179,357.984,61.94,27.72,29.85,2,0,21.18,0.4258,3,72.987,38.0598,0.6194,0.05,17.171,0.6,awas
113.348,152.107,302.38,92.96,13.29,33.24,1,0,8.46,0.6833,0,113.348,50.7023,0.9296,0.05,12.351,0.75,awas
0.0,0.0,0.0,77.83,33.18,2.89,5,0,9.299,0.1271,3,0.0,0.0,0.7783,0.75,25.827,0.15,waspada
0.0,0.0,0.0,46.65,15.26,19.95,10,0,13.371,0.1817,3,0.0,0.0,0.4665,0.75,7.12,0.7,waspada
0.0,0.0,0.0,47.27,22.17,20.0,3,0,0.0,0.1353,2,0.0,0.0,0.4727,0.15,10.48,0.3,waspada
4.476,10.209,22.239,39.22,12.17,23.74,9,1,4.795,0.0517,2,4.476,3.403,0.3922,0.75,4.773,0.8,waspada
2.84,4.49,9.037,58.61,31.82,19.19,8,1,0.0,0.05,3,2.84,1.4966,0.5861,0.15,18.648,0.6,siaga
3.103,8.037,32.615,31.55,27.14,27.18,11,0,8.764,0.3277,3,3.103,2.679,0.3155,0.35,8.562,0.65,waspada
12.464,27.447,99.72,72.88,18.09,17.95,4,0,0.0,0.4107,3,12.464,9.149,0.7288,0.75,13.185,0.3,siaga
0.0,0.0,0.0,44.78,22.65,34.96,12,0,5.004,0.3333,1,0.0,0.0,0.4478,0.15,10.143,0.8,siaga
12.075,18.269,59.539,64.99,19.22,31.03,12,0,6.345,0.05,3,12.075,6.0897,0.6499,0.35,12.492,0.55,siaga
5.467,12.506,42.417,83.33,33.08,23.38,7,1,2.174,0.6022,3,5.467,4.1687,0.8333,0.15,27.565,0.65,siaga
140.214,231.191,439.644,54.23,14.32,8.64,8,1,0.0,0.05,1,140.214,77.0635,0.5423,0.15,7.766,0.15,awas
0.0,0.0,0.0,71.09,9.32,27.35,7,1,2.453,0.841,1,0.0,0.0,0.7109,0.85,6.624,0.65,waspada
0.0,0.0,0.0,82.49,18.36,19.45,8,1,8.318,0.6606,3,0.0,0.0,0.8249,0.55,15.147,0.3,waspada
4.449,8.325,25.339,78.34,12.76,9.89,9,1,5.042,0.05,3,4.449,2.7751,0.7834,0.05,9.994,0.5,siaga
141.407,172.545,306.047,42.17,9.36,20.54,2,0,4.032,0.5447,3,141.407,57.5149,0.4217,0.35,3.949,0.85,awas
0.0,0.0,0.0,75.58,10.13,3.4,7,1,10.487,1.27,2,0.0,0.0,0.7558,0.15,7.657,0.15,siaga
124.689,224.299,393.01,95.7,27.9,12.52,4,0,0.0,0.0837,3,124.689,74.7664,0.957,0.15,26.697,0.4,awas
0.0,0.0,0.0,70.15,33.85,2.87,12,0,3.021,0.05,3,0.0,0.0,0.7015,0.35,23.747,0.55,waspada
4.778,8.501,35.443,44.06,24.72,20.28,8,1,0.0,0.4582,2,4.778,2.8338,0.4406,0.15,10.891,0.3,waspada
0.0,0.0,0.0,90.15,35.59,12.62,3,0,0.0,0.4049,2,0.0,0.0,0.9015,0.15,32.082,0.55,siaga
12.459,25.436,83.38,64.61,22.66,2.9,2,0,0.854,0.3126,0,12.459,8.4786,0.6461,0.35,14.637,0.1,siaga
49.322,99.824,289.156,36.03,27.47,34.51,3,0,1.143,0.4907,3,49.322,33.2747,0.3603,0.05,9.896,0.65,awas
0.0,0.0,0.0,72.78,6.14,3.61,12,0,1.254,0.055,3,0.0,0.0,0.7278,0.75,4.47,0.1,waspada
4.675,8.736,38.722,33.9,7.05,21.89,9,1,0.0,0.3493,3,4.675,2.9121,0.339,0.15,2.389,0.4,waspada
1.4,2.254,9.33,67.75,3.88,5.07,9,1,4.729,0.05,3,1.4,0.7513,0.6775,0.35,2.628,0.7,siaga
9.657,23.305,76.316,82.59,21.01,4.79,4,0,7.797,0.7009,2,9.657,7.7685,0.8259,0.05,17.351,0.9,awas
0.0,0.0,0.0,76.94,9.03,13.72,7,1,5.256,0.5608,3,0.0,0.0,0.7694,0.35,6.947,0.75,siaga
0.0,0.0,0.0,73.05,27.02,8.2,12,0,3.665,0.2075,3,0.0,0.0,0.7305,0.35,19.736,0.35,siaga
11.821,21.997,85.755,80.54,36.19,27.47,9,1,3.912,0.05,3,11.821,7.3322,0.8054,0.55,29.146,0.3,siaga
2.715,7.023,17.122,68.84,2.88,28.3,8,1,1.068,0.05,2,2.715,2.3409,0.6884,0.35,1.981,0.65,siaga
10.772,23.412,86.943,61.12,9.21,29.74,7,1,7.745,0.05,3,10.772,7.8039,0.6112,0.35,5.628,0.9,siaga
0.0,0.0,0.0,47.95,29.34,29.22,5,0,7.478,0.0651,3,0.0,0.0,0.4795,0.35,14.07,0.4,waspada
0.0,0.0,0.0,66.34,35.4,14.07,12,0,10.534,0.4592,2,0.0,0.0,0.6634,0.55,23.486,0.75,waspada
0.0,0.0,0.0,49.71,36.48,4.93,1,0,10.547,0.5014,3,0.0,0.0,0.4971,0.15,18.137,0.7,siaga
0.0,0.0,0.0,33.95,28.49,19.24,3,0,0.0,0.8515,2,0.0,0.0,0.3395,0.35,9.671,0.9,waspada
0.0,0.0,0.0,49.03,37.2,10.75,2,0,0.64,0.2196,2,0.0,0.0,0.4903,0.75,18.24,0.4,waspada
2.485,4.048,18.374,84.3,32.94,0.06,5,0,1.905,0.459,3,2.485,1.3494,0.843,0.15,27.77,0.5,siaga
7.549,14.703,46.025,46.34,30.97,8.77,8,1,13.255,0.6214,3,7.549,4.901,0.4634,0.35,14.35,0.65,siaga
0.0,0.0,0.0,74.85,24.4,17.86,3,0,5.558,0.05,3,0.0,0.0,0.7485,0.85,18.262,0.55,waspada
42.651,64.837,188.415,39.06,32.17,33.48,11,0,1.124,0.1891,2,42.651,21.6125,0.3906,0.15,12.565,0.1,siaga
2.376,5.887,24.019,49.85,28.52,15.84,1,0,0.0,0.2475,2,2.376,1.9622,0.4985,0.05,14.218,0.5,siaga
6.609,11.708,41.568,38.04,5.88,23.01,10,0,9.131,0.05,3,6.609,3.9027,0.3804,0.35,2.235,0.55,waspada
0.0,0.0,0.0,91.4,9.79,8.29,5,0,0.0,0.337,3,0.0,0.0,0.914,0.55,8.946,0.4,siaga
5.663,14.707,39.313,57.45,4.09,1.7,4,0,2.763,0.5768,3,5.663,4.9024,0.5745,1.0,2.352,0.8,waspada
92.214,112.624,169.536,72.81,15.74,1.94,4,0,7.764,0.05,3,92.214,37.5413,0.7281,0.15,11.458,0.25,awas
3.913,8.893,38.975,33.16,15.89,31.83,6,1,3.586,0.7784,3,3.913,2.9644,0.3316,0.35,5.269,0.35,waspada
2.091,3.715,14.558,87.84,18.96,33.78,3,0,9.565,0.5953,2,2.091,1.2385,0.8784,1.0,16.652,0.45,waspada
0.0,0.0,0.0,77.48,11.15,12.61,1,0,5.54,0.1342,3,0.0,0.0,0.7748,0.35,8.636,0.9,siaga
28.192,54.227,108.501,64.04,7.51,2.1,7,1,13.35,0.5196,3,28.192,18.0757,0.6404,0.35,4.811,0.8,siaga
0.0,0.0,0.0,86.33,14.88,30.17,3,0,1.167,0.4515,3,0.0,0.0,0.8633,0.55,12.843,0.3,siaga
4.279,6.486,30.437,32.67,29.86,32.03,9,1,12.096,0.5214,2,4.279,2.1619,0.3267,0.05,9.752,0.7,siaga
4.994,12.798,46.614,43.74,10.12,24.94,12,0,1.264,0.3813,2,4.994,4.266,0.4374,0.15,4.426,0.65,siaga
3.597,5.977,27.937,52.22,11.1,10.69,11,0,7.638,0.05,1,3.597,1.9924,0.5222,0.15,5.795,0.15,siaga
1.064,2.682,9.383,32.28,25.92,27.8,12,0,6.895,0.6127,0,1.064,0.8942,0.3228,0.75,8.368,0.8,waspada
17.742,32.089,66.454,91.41,27.42,8.03,10,0,3.838,0.4627,2,17.742,10.6964,0.9141,0.55,25.066,0.3,siaga
6.084,10.353,34.568,63.08,31.32,23.81,12,0,0.0,0.2724,3,6.084,3.4509,0.6308,1.0,19.754,0.45,waspada
0.0,0.0,0.0,55.39,2.36,21.71,1,0,15.68,0.05,1,0.0,0.0,0.5539,0.05,1.309,0.4,siaga
0.0,0.0,0.0,78.25,5.99,29.42,8,1,8.845,0.8443,3,0.0,0.0,0.7825,0.35,4.684,0.35,siaga
0.0,0.0,0.0,86.58,36.52,28.5,8,1,6.225,0.2217,3,0.0,0.0,0.8658,0.15,31.621,0.1,siaga
0.0,0.0,0.0,51.04,18.08,5.79,5,0,6.563,0.6096,3,0.0,0.0,0.5104,0.75,9.229,0.6,waspada
0.0,0.0,0.0,56.91,7.66,34.28,4,0,0.0,0.6391,2,0.0,0.0,0.5691,0.85,4.358,0.35,waspada
0.0,0.0,0.0,73.19,5.71,27.73,12,0,0.0,0.2634,0,0.0,0.0,0.7319,0.55,4.182,0.65,waspada
60.775,126.221,394.696,92.95,6.65,5.67,3,0,6.88,0.4326,2,60.775,42.0738,0.9295,0.05,6.182,0.4,awas
5.44,10.871,37.111,31.02,21.31,17.48,7,1,5.934,0.05,2,5.44,3.6236,0.3102,0.15,6.608,0.35,waspada
0.0,0.0,0.0,58.06,26.85,29.38,1,0,6.801,0.4322,3,0.0,0.0,0.5806,1.0,15.59,0.4,waspada
46.801,115.136,268.384,34.78,31.26,20.03,6,1,3.411,1.2194,3,46.801,38.3785,0.3478,0.05,10.873,0.85,awas
20.134,40.578,99.455,67.88,28.84,6.13,3,0,2.09,0.3221,2,20.134,13.5262,0.6788,0.15,19.576,0.5,siaga
0.0,0.0,0.0,63.79,7.85,23.35,10,0,5.744,0.2053,2,0.0,0.0,0.6379,0.15,5.008,0.15,siaga
23.922,55.179,182.28,45.81,7.02,34.12,12,0,4.756,0.05,3,23.922,18.3928,0.4581,0.85,3.217,0.2,siaga
0.0,0.0,0.0,52.18,12.72,30.12,5,0,1.56,0.5477,2,0.0,0.0,0.5218,0.35,6.635,0.65,waspada
0.0,0.0,0.0,36.15,10.08,4.43,1,0,2.892,0.442,3,0.0,0.0,0.3615,0.35,3.645,0.9,waspada
2.078,5.408,21.872,62.89,5.84,29.57,11,0,4.385,0.4824,1,2.078,1.8028,0.6289,0.35,3.67,0.15,siaga
0.0,0.0,0.0,92.62,20.67,0.3,2,0,0.0,0.2825,2,0.0,0.0,0.9262,0.35,19.142,0.15,siaga
13.404,30.085,68.983,53.13,14.65,17.07,5,0,0.0,0.05,2,13.404,10.0284,0.5313,0.85,7.783,0.8,waspada
2.884,8.166,20.972,90.71,31.75,5.13,11,0,4.002,0.3384,1,2.884,2.7219,0.9071,0.05,28.8,0.2,siaga
0.0,0.0,0.0,71.45,33.43,7.44,8,1,0.0,0.05,3,0.0,0.0,0.7145,0.55,23.886,0.4,waspada
0.503,1.45,3.332,38.08,36.15,10.67,3,0,9.215,0.5386,2,0.503,0.4835,0.3808,0.55,13.765,0.45,waspada
2.042,3.853,11.85,77.71,19.59,19.89,6,1,3.564,0.2278,3,2.042,1.2843,0.7771,0.15,15.227,0.75,siaga
6.522,16.804,67.03,30.0,26.97,2.08,7,1,0.645,0.2938,3,6.522,5.6012,0.3,0.15,8.09,0.7,siaga
0.0,0.0,0.0,65.88,15.0,26.69,1,0,6.125,0.05,3,0.0,0.0,0.6588,0.75,9.882,0.55,waspada
0.0,0.0,0.0,46.01,2.12,11.82,4,0,4.881,0.5697,3,0.0,0.0,0.4601,0.35,0.976,0.1,waspada
2.799,7.928,25.626,91.89,37.36,11.05,10,0,8.329,0.242,0,2.799,2.6427,0.9189,0.05,34.328,0.9,siaga
0.0,0.0,0.0,58.86,12.83,16.56,3,0,1.271,0.6746,3,0.0,0.0,0.5886,0.75,7.552,0.9,waspada
0.847,2.522,10.122,39.14,8.76,26.05,5,0,14.439,0.0756,2,0.847,0.8405,0.3914,0.15,3.43,0.65,waspada
0.0,0.0,0.0,63.93,34.1,4.4,11,0,9.266,0.05,2,0.0,0.0,0.6393,0.55,21.802,0.65,waspada
0.0,0.0,0.0,69.65,17.26,34.56,9,1,0.0,0.05,1,0.0,0.0,0.6965,0.15,12.025,0.55,siaga
0.0,0.0,0.0,77.82,6.43,4.62,7,1,0.0,0.5067,2,0.0,0.0,0.7782,0.15,5.003,0.8,siaga
16.942,29.207,92.319,96.25,20.32,14.61,5,0,0.0,0.05,3,16.942,9.7357,0.9625,0.15,19.559,0.6,awas
0.0,0.0,0.0,87.47,15.96,19.45,11,0,3.65,0.05,2,0.0,0.0,0.8747,0.35,13.963,0.75,siaga
46.537,108.804,306.509,96.35,29.79,0.64,9,1,2.214,1.2136,3,46.537,36.2681,0.9635,0.35,28.705,0.7,awas
5.445,13.673,56.448,62.07,28.73,23.81,7,1,15.52,0.05,2,5.445,4.5578,0.6207,0.35,17.834,0.7,siaga
96.462,117.263,188.955,59.58,30.52,17.43,3,0,2.166,0.0594,3,96.462,39.0878,0.5958,0.75,18.184,0.25,siaga
0.0,0.0,0.0,76.36,2.54,21.5,7,1,0.0,0.431,3,0.0,0.0,0.7636,0.55,1.938,0.1,waspada
4.759,11.754,39.043,76.46,8.96,32.67,2,0,4.539,0.1211,3,4.759,3.9179,0.7646,0.15,6.849,0.3,siaga
0.0,0.0,0.0,69.76,20.21,7.35,2,0,5.415,0.2656,2,0.0,0.0,0.6976,0.05,14.102,0.15,siaga
113.004,143.159,217.293,65.24,6.68,10.84,1,0,0.0,0.1586,2,113.004,47.7197,0.6524,0.35,4.357,0.3,awas
0.0,0.0,0.0,37.58,19.48,27.47,8,1,6.094,0.05,3,0.0,0.0,0.3758,0.55,7.322,0.1,waspada
48.155,86.872,223.396,45.7,37.87,31.95,4,0,3.607,0.2973,2,48.155,28.9573,0.457,0.35,17.303,0.3,siaga
68.454,116.21,297.28,48.69,3.69,16.65,2,0,0.0,0.611,0,68.454,38.7368,0.4869,0.15,1.797,0.15,awas
0.0,0.0,0.0,31.1,25.83,24.68,12,0,5.814,0.3917,3,0.0,0.0,0.311,0.15,8.032,0.15,waspada
0.0,0.0,0.0,82.18,22.64,29.22,3,0,3.746,0.2017,3,0.0,0.0,0.8218,0.55,18.603,0.25,waspada
0.0,0.0,0.0,84.11,3.86,22.6,12,0,9.064,0.38,2,0.0,0.0,0.8411,0.05,3.249,0.75,siaga
72.785,134.226,408.586,94.61,18.2,15.36,4,0,3.743,0.6504,3,72.785,44.742,0.9461,0.15,17.219,0.1,awas
0.0,0.0,0.0,81.41,29.9,20.43,8,1,3.177,0.8998,1,0.0,0.0,0.8141,0.55,24.345,0.25,waspada
4.959,14.52,68.527,41.67,35.09,2.15,5,0,6.653,0.4325,2,4.959,4.8401,0.4167,0.55,14.622,0.85,waspada
0.0,0.0,0.0,64.63,5.94,24.35,8,1,9.223,0.1974,3,0.0,0.0,0.6463,0.05,3.839,0.15,siaga
1.702,4.526,12.355,95.07,20.67,32.39,10,0,2.048,0.4685,2,1.702,1.5088,0.9507,0.15,19.647,0.75,siaga
23.634,44.765,96.071,93.11,9.72,1.1,12,0,0.0,0.1208,3,23.634,14.9216,0.9311,0.35,9.048,0.35,siaga
13.52,32.912,103.275,59.28,24.64,6.1,3,0,0.0,0.6757,3,13.52,10.9708,0.5928,0.15,14.609,0.3,siaga
15.06,30.258,88.92,47.78,17.16,3.04,10,0,0.225,0.2492,2,15.06,10.0861,0.4778,0.15,8.198,0.55,siaga
0.0,0.0,0.0,84.94,4.28,21.57,7,1,1.599,0.7776,3,0.0,0.0,0.8494,0.75,3.633,0.1,waspada
15.341,24.832,68.208,81.7,28.31,30.61,11,0,0.0,0.05,3,15.341,8.2774,0.817,0.75,23.133,0.7,siaga
0.0,0.0,0.0,69.72,7.11,13.24,11,0,0.0,0.3437,2,0.0,0.0,0.6972,0.55,4.956,0.75,waspada
0.0,0.0,0.0,63.77,22.81,23.9,11,0,0.0,0.1169,3,0.0,0.0,0.6377,0.35,14.547,0.4,waspada
142.495,233.439,422.381,73.26,24.84,2.53,12,0,13.772,0.8694,2,142.495,77.8129,0.7326,0.55,18.196,0.25,awas
0.0,0.0,0.0,85.51,19.93,9.29,4,0,1.464,0.4378,3,0.0,0.0,0.8551,0.15,17.038,0.75,siaga
1.49,3.804,18.933,81.63,27.12,15.96,4,0,2.127,0.6929,1,1.49,1.2681,0.8163,0.35,22.142,0.2,siaga
0.0,0.0,0.0,43.32,5.69,27.85,3,0,0.0,0.8385,2,0.0,0.0,0.4332,0.85,2.467,0.85,waspada
22.421,49.277,150.844,63.92,17.42,29.09,2,0,7.104,0.6578,3,22.421,16.4258,0.6392,0.15,11.132,0.4,siaga
0.0,0.0,0.0,45.27,4.49,27.17,7,1,12.576,0.05,3,0.0,0.0,0.4527,0.05,2.034,0.45,siaga
7.855,18.267,71.91,75.54,7.12,6.35,5,0,8.782,0.2944,2,7.855,6.0889,0.7554,0.15,5.379,0.25,siaga
0.0,0.0,0.0,64.52,12.65,26.83,8,1,9.202,0.4397,3,0.0,0.0,0.6452,0.55,8.16,0.65,waspada
23.241,46.932,97.175,78.95,37.95,21.41,12,0,9.772,0.3927,0,23.241,15.6438,0.7895,0.55,29.959,0.55,siaga
8.47,19.638,69.631,55.73,27.97,32.94,5,0,12.642,0.3342,3,8.47,6.546,0.5573,0.35,15.588,0.2,siaga
3.995,11.023,38.086,76.31,11.55,6.26,4,0,14.558,0.05,3,3.995,3.6745,0.7631,0.55,8.812,0.9,siaga
0.0,0.0,0.0,50.0,24.89,8.72,10,0,6.472,0.4498,3,0.0,0.0,0.5,0.55,12.443,0.15,waspada
6.081,13.544,45.98,52.8,7.38,31.0,8,1,10.747,0.4112,2,6.081,4.5145,0.528,0.35,3.898,0.2,waspada
7.766,13.356,49.117,93.77,8.31,28.57,1,0,4.674,0.7288,3,7.766,4.4521,0.9377,0.75,7.796,0.85,siaga
2.682,5.203,13.981,34.17,23.4,19.25,3,0,7.651,0.05,2,2.682,1.7342,0.3417,0.75,7.997,0.25,waspada
0.0,0.0,0.0,80.61,4.58,25.43,2,0,4.933,0.05,2,0.0,0.0,0.8061,0.15,3.691,0.35,siaga
3.751,9.904,21.059,76.96,25.36,18.42,4,0,0.0,0.5013,2,3.751,3.3013,0.7696,0.35,19.521,0.3,siaga
2.332,6.314,16.691,79.27,6.39,27.14,9,1,7.862,0.1331,1,2.332,2.1048,0.7927,0.35,5.067,0.85,siaga
40.012,85.257,258.286,71.25,17.14,25.36,6,1,0.62,0.0617,2,40.012,28.4188,0.7125,0.35,12.211,0.75,awas
0.0,0.0,0.0,48.2,21.65,1.16,3,0,10.992,0.4277,2,0.0,0.0,0.482,0.35,10.435,0.65,waspada
3.015,8.049,18.652,68.3,37.84,8.14,4,0,0.0,0.7641,1,3.015,2.6829,0.683,0.15,25.847,0.5,siaga
50.512,110.294,379.763,49.83,4.17,8.47,5,0,6.382,0.05,3,50.512,36.7647,0.4983,0.15,2.08,0.8,awas
0.0,0.0,0.0,62.44,16.51,8.59,4,0,4.813,0.3861,1,0.0,0.0,0.6244,0.55,10.307,0.45,waspada
109.87,186.082,428.512,74.35,25.65,32.61,8,1,2.693,0.5493,3,109.87,62.0275,0.7435,0.15,19.073,0.6,awas
44.798,78.749,250.672,67.93,8.56,32.18,4,0,0.051,0.1645,3,44.798,26.2495,0.6793,0.35,5.813,0.25,awas
51.093,99.867,340.132,92.48,15.57,23.09,8,1,3.633,0.1882,1,51.093,33.2889,0.9248,0.15,14.397,0.4,awas
78.372,191.828,543.37,54.72,35.78,26.49,5,0,10.252,0.1163,3,78.372,63.9427,0.5472,0.55,19.579,0.9,awas
58.159,110.771,313.112,38.98,21.31,17.96,9,1,8.972,0.6388,2,58.159,36.9238,0.3898,0.05,8.305,0.65,awas
0.0,0.0,0.0,66.14,9.92,20.24,6,1,6.622,0.4376,3,0.0,0.0,0.6614,0.55,6.558,0.3,waspada
5.863,13.728,34.901,47.67,37.96,31.36,2,0,4.947,0.2633,3,5.863,4.5759,0.4767,0.55,18.097,0.65,waspada
131.951,170.999,394.56,32.79,30.9,30.77,11,0,0.0,0.05,2,131.951,56.9998,0.3279,0.35,10.132,0.8,awas
3.526,6.011,24.395,96.3,12.39,19.99,9,1,0.0,0.2811,3,3.526,2.0036,0.963,0.05,11.928,0.25,siaga
45.777,80.712,281.895,86.2,2.74,17.28,9,1,6.77,0.1542,2,45.777,26.9041,0.862,0.55,2.358,0.35,awas
12.851,27.129,97.923,95.6,32.52,11.49,7,1,0.0,0.448,3,12.851,9.0429,0.956,0.35,31.087,0.8,siaga
11.665,20.487,79.322,58.48,33.39,11.11,5,0,7.814,0.05,2,11.665,6.829,0.5848,0.75,19.527,0.85,waspada
0.0,0.0,0.0,91.1,14.43,15.11,3,0,1.184,0.1579,2,0.0,0.0,0.911,0.55,13.142,0.6,siaga
0.0,0.0,0.0,35.64,13.35,18.2,12,0,14.793,0.9361,2,0.0,0.0,0.3564,0.35,4.757,0.4,waspada
18.018,36.987,91.529,79.76,37.95,20.66,4,0,7.531,0.4561,2,18.018,12.329,0.7976,0.15,30.271,0.85,awas
5.095,14.272,35.939,88.42,17.57,3.3,2,0,1.46,0.537,1,5.095,4.7572,0.8842,0.15,15.537,0.5,siaga
1.744,3.565,11.868,58.9,5.84,22.82,7,1,10.414,0.6124,3,1.744,1.1884,0.589,0.35,3.443,0.3,waspada
0.0,0.0,0.0,54.09,13.35,7.8,12,0,4.695,0.095,3,0.0,0.0,0.5409,0.75,7.22,0.8,waspada
1.779,3.541,10.188,88.6,35.48,31.72,10,0,0.0,0.2353,2,1.779,1.1803,0.886,0.05,31.431,0.65,siaga
0.0,0.0,0.0,76.97,5.93,4.88,1,0,2.665,0.2295,3,0.0,0.0,0.7697,0.75,4.565,0.3,waspada
12.25,29.786,108.875,48.04,8.65,6.6,11,0,4.044,0.6282,0,12.25,9.9285,0.4804,0.05,4.157,0.75,siaga
4.31,9.216,37.821,84.71,27.51,33.48,1,0,4.364,0.2505,3,4.31,3.072,0.8471,0.15,23.303,0.35,siaga
2.155,4.376,14.109,57.03,4.38,32.9,11,0,7.667,0.3824,0,2.155,1.4585,0.5703,0.15,2.495,0.75,siaga
10.042,21.774,51.316,41.26,8.28,3.43,1,0,0.088,0.05,3,10.042,7.2579,0.4126,0.15,3.417,0.9,siaga
0.0,0.0,0.0,82.62,24.18,10.93,2,0,8.984,0.3124,3,0.0,0.0,0.8262,0.15,19.98,0.1,siaga
1.224,2.292,6.6,74.14,15.37,2.68,10,0,11.976,0.3136,3,1.224,0.7639,0.7414,0.35,11.398,0.25,waspada
0.0,0.0,0.0,80.34,31.73,20.71,1,0,0.712,0.8828,1,0.0,0.0,0.8034,0.05,25.489,0.45,siaga
0.0,0.0,0.0,85.87,25.22,16.21,7,1,0.0,0.3084,2,0.0,0.0,0.8587,0.75,21.66,0.45,waspada
0.0,0.0,0.0,62.24,9.2,1.77,3,0,3.987,0.3845,3,0.0,0.0,0.6224,0.15,5.726,0.65,siaga
5.628,8.861,22.654,34.21,12.33,4.78,7,1,14.18,0.23,3,5.628,2.9537,0.3421,0.05,4.217,0.55,siaga
0.0,0.0,0.0,38.61,6.84,14.26,5,0,6.091,0.5939,2,0.0,0.0,0.3861,0.75,2.641,0.15,waspada
0.0,0.0,0.0,93.34,36.61,15.19,4,0,9.566,0.308,1,0.0,0.0,0.9334,0.05,34.173,0.25,siaga
4.251,12.675,61.82,89.58,28.25,25.71,11,0,0.0,0.4745,3,4.251,4.2249,0.8958,0.35,25.309,0.5,siaga
1.819,3.014,8.038,57.45,10.19,20.52,1,0,5.191,0.1374,2,1.819,1.0046,0.5745,0.05,5.853,0.45,siaga
0.0,0.0,0.0,88.47,20.43,5.23,5,0,4.653,0.529,2,0.0,0.0,0.8847,0.35,18.07,0.55,siaga
0.0,0.0,0.0,58.22,16.87,3.72,12,0,1.415,0.05,3,0.0,0.0,0.5822,0.15,9.822,0.15,waspada
6.021,9.548,31.281,43.31,13.74,24.38,3,0,16.105,0.3549,2,6.021,3.1827,0.4331,0.15,5.952,0.7,siaga
0.0,0.0,0.0,65.28,7.67,32.3,6,1,1.714,0.1768,0,0.0,0.0,0.6528,0.75,5.007,0.9,waspada
6.597,11.585,38.256,41.68,35.24,28.03,8,1,11.562,0.5744,2,6.597,3.8616,0.4168,0.35,14.686,0.5,waspada
0.0,0.0,0.0,49.55,23.49,22.71,4,0,0.0,0.05,1,0.0,0.0,0.4955,0.05,11.64,0.8,siaga
5.769,12.357,57.008,49.86,8.06,11.79,9,1,2.463,0.083,2,5.769,4.1191,0.4986,0.75,4.018,0.35,waspada
3.621,9.104,28.379,41.24,22.62,6.04,10,0,12.325,0.05,1,3.621,3.0345,0.4124,0.05,9.327,0.1,siaga
6.616,19.273,80.275,80.97,36.1,26.91,7,1,0.0,0.1609,1,6.616,6.4243,0.8097,0.15,29.226,0.75,siaga
0.0,0.0,0.0,35.04,7.72,31.03,11,0,3.358,1.2597,1,0.0,0.0,0.3504,0.15,2.705,0.7,waspada
0.0,0.0,0.0,81.36,10.58,29.72,5,0,9.46,0.1299,3,0.0,0.0,0.8136,0.35,8.611,0.5,siaga
24.326,45.425,98.875,76.93,11.21,19.01,10,0,2.418,0.05,2,24.326,15.1415,0.7693,0.85,8.627,0.55,siaga
65.389,126.351,320.557,74.39,17.26,10.14,6,1,10.016,0.1677,2,65.389,42.1169,0.7439,1.0,12.842,0.85,siaga
21.569,50.591,164.299,31.66,3.94,5.35,1,0,4.303,0.392,2,21.569,16.8637,0.3166,0.85,1.248,0.9,siaga
0.0,0.0,0.0,45.86,33.34,25.78,12,0,12.844,0.05,2,0.0,0.0,0.4586,0.35,15.29,0.85,waspada
4.4,9.703,37.249,66.27,37.57,13.79,1,0,2.974,0.4397,3,4.4,3.2344,0.6627,0.35,24.897,0.1,siaga
0.0,0.0,0.0,97.83,11.77,20.45,4,0,2.499,0.05,0,0.0,0.0,0.9783,0.05,11.512,0.4,siaga
0.0,0.0,0.0,33.74,16.57,30.13,7,1,0.0,0.1834,3,0.0,0.0,0.3374,0.55,5.591,0.45,waspada
9.795,17.061,51.142,33.38,22.8,2.08,8,1,10.118,0.1481,3,9.795,5.6869,0.3338,0.15,7.609,0.5,siaga
3.104,5.943,23.524,54.7,32.49,24.35,6,1,7.368,0.569,2,3.104,1.981,0.547,0.85,17.771,0.65,waspada
6.867,15.901,52.863,95.35,9.35,25.19,6,1,0.0,0.2475,1,6.867,5.3005,0.9535,0.15,8.913,0.4,siaga
0.0,0.0,0.0,86.61,23.35,34.77,6,1,2.781,0.0622,3,0.0,0.0,0.8661,0.15,20.227,0.8,siaga
0.0,0.0,0.0,63.65,21.99,26.72,8,1,2.151,0.1323,2,0.0,0.0,0.6365,0.55,13.997,0.9,waspada
61.89,118.626,285.974,58.75,9.53,8.28,2,0,0.0,0.05,2,61.89,39.542,0.5875,0.55,5.599,0.1,siaga
0.0,0.0,0.0,97.56,11.45,6.66,2,0,0.709,0.5173,1,0.0,0.0,0.9756,0.15,11.169,0.1,siaga
0.0,0.0,0.0,82.87,10.31,30.01,7,1,5.392,0.05,0,0.0,0.0,0.8287,0.75,8.546,0.7,waspada
0.0,0.0,0.0,75.82,19.84,28.78,5,0,2.943,0.2138,2,0.0,0.0,0.7582,0.15,15.044,0.5,siaga
6.3,16.159,76.529,39.62,10.22,17.05,7,1,0.0,0.1155,3,6.3,5.3862,0.3962,0.15,4.051,0.9,siaga
0.0,0.0,0.0,69.64,8.53,12.24,8,1,0.0,0.6248,3,0.0,0.0,0.6964,0.15,5.942,0.8,siaga
0.0,0.0,0.0,52.75,23.58,22.93,3,0,9.183,0.4351,3,0.0,0.0,0.5275,0.15,12.44,0.25,waspada
5.521,11.939,46.732,77.74,25.59,31.11,9,1,0.959,0.05,2,5.521,3.9796,0.7774,0.35,19.898,0.8,siaga
7.009,20.63,93.506,54.78,20.25,14.15,12,0,6.311,0.2771,2,7.009,6.8767,0.5478,0.55,11.094,0.8,waspada
0.0,0.0,0.0,43.6,28.87,9.21,3,0,0.0,0.336,3,0.0,0.0,0.436,0.15,12.585,0.35,waspada
0.0,0.0,0.0,44.02,30.13,17.61,5,0,7.488,0.1458,2,0.0,0.0,0.4402,0.15,13.265,0.1,waspada
22.786,41.234,141.752,36.48,3.96,12.3,8,1,3.362,0.5363,3,22.786,13.7445,0.3648,0.15,1.444,0.85,siaga
5.751,10.188,46.6,33.54,3.69,15.88,4,0,14.39,0.05,3,5.751,3.3961,0.3354,0.15,1.238,0.7,siaga
3.684,11.013,31.622,54.57,31.12,24.97,10,0,0.0,0.05,2,3.684,3.6709,0.5457,0.05,16.981,0.9,siaga
5.516,13.826,67.45,37.78,32.95,21.76,10,0,6.546,0.2288,2,5.516,4.6088,0.3778,0.35,12.451,0.4,waspada
6.159,9.349,24.944,93.61,7.34,2.39,1,0,5.72,0.5993,3,6.159,3.1162,0.9361,0.35,6.868,0.55,siaga
27.463,55.752,159.824,53.49,2.06,12.66,1,0,4.378,0.4453,3,27.463,18.5839,0.5349,0.55,1.1,0.45,siaga
1.82,4.556,19.184,78.7,8.78,21.89,10,0,4.943,0.2703,3,1.82,1.5186,0.787,0.35,6.911,0.85,siaga
5.081,11.573,30.013,80.33,27.3,23.6,5,0,10.286,0.413,2,5.081,3.8576,0.8033,0.15,21.927,0.15,siaga
0.0,0.0,0.0,73.78,28.08,8.3,6,1,11.439,0.8475,3,0.0,0.0,0.7378,0.05,20.714,0.9,siaga
0.0,0.0,0.0,61.96,12.29,6.36,9,1,7.66,0.7376,2,0.0,0.0,0.6196,0.15,7.613,0.85,siaga
0.618,1.775,8.116,65.71,33.0,32.31,4,0,4.092,0.117,3,0.618,0.5917,0.6571,0.35,21.684,0.5,siaga
0.0,0.0,0.0,33.96,8.34,4.42,7,1,6.25,0.05,3,0.0,0.0,0.3396,0.15,2.831,0.65,waspada
138.618,255.644,477.045,66.18,24.22,33.31,7,1,6.193,0.05,2,138.618,85.2146,0.6618,0.55,16.027,0.6,awas
3.327,8.944,18.931,76.82,23.92,0.12,1,0,6.625,0.05,2,3.327,2.9812,0.7682,0.55,18.377,0.15,waspada
0.0,0.0,0.0,57.06,13.32,34.22,12,0,0.0,0.1487,2,0.0,0.0,0.5706,0.15,7.599,0.45,siaga
0.0,0.0,0.0,41.14,3.19,11.99,10,0,4.528,0.6279,2,0.0,0.0,0.4114,0.15,1.312,0.45,waspada
14.886,31.361,118.77,78.6,12.03,21.62,4,0,0.0,0.6729,3,14.886,10.4537,0.786,0.35,9.453,0.65,siaga
19.88,44.373,155.437,96.86,26.03,15.45,10,0,8.211,0.262,3,19.88,14.7912,0.9686,0.15,25.216,0.45,awas
7.153,17.63,82.631,70.53,30.39,4.9,11,0,0.0,0.1936,3,7.153,5.8768,0.7053,0.15,21.432,0.85,siaga
3.787,10.536,35.081,39.66,24.73,15.1,3,0,0.348,0.1816,2,3.787,3.5121,0.3966,0.55,9.809,0.65,waspada
0.0,0.0,0.0,42.1,19.6,26.38,3,0,3.317,0.2851,1,0.0,0.0,0.421,0.15,8.253,0.55,waspada
0.0,0.0,0.0,45.4,29.89,32.93,4,0,0.0,0.1255,2,0.0,0.0,0.454,0.35,13.57,0.75,siaga
0.0,0.0,0.0,45.87,20.62,15.79,11,0,0.341,0.0609,3,0.0,0.0,0.4587,0.55,9.457,0.4,waspada
0.0,0.0,0.0,47.47,35.16,30.0,9,1,6.621,0.05,2,0.0,0.0,0.4747,0.05,16.689,0.15,siaga
92.234,129.52,224.835,54.05,20.65,2.63,8,1,6.495,0.1378,3,92.234,43.1732,0.5405,0.15,11.161,0.6,awas
144.007,240.181,412.594,56.6,4.18,1.89,11,0,3.549,0.05,3,144.007,80.0603,0.566,0.75,2.363,0.3,siaga
1.96,4.78,20.601,62.43,34.56,12.06,8,1,11.851,0.5377,0,1.96,1.5932,0.6243,0.15,21.571,0.45,siaga
27.93,45.282,138.244,34.73,22.8,28.14,9,1,0.0,0.5696,3,27.93,15.094,0.3473,0.35,7.92,0.3,siaga
3.187,9.124,28.884,59.84,5.22,32.3,2,0,3.309,0.4899,3,3.187,3.0412,0.5984,0.35,3.124,0.4,siaga
0.0,0.0,0.0,41.45,17.7,33.76,4,0,10.373,0.6996,3,0.0,0.0,0.4145,0.15,7.335,0.85,siaga
0.0,0.0,0.0,59.23,37.82,34.65,7,1,0.0,0.1244,3,0.0,0.0,0.5923,0.85,22.4,0.9,waspada
0.0,0.0,0.0,72.74,29.61,5.34,11,0,6.175,0.2941,2,0.0,0.0,0.7274,0.15,21.535,0.2,siaga
18.356,30.215,86.045,56.34,16.05,4.05,6,1,4.017,1.0658,2,18.356,10.0717,0.5634,0.35,9.042,0.65,siaga
0.0,0.0,0.0,31.18,12.98,15.91,2,0,0.0,0.7029,3,0.0,0.0,0.3118,0.15,4.046,0.9,waspada
11.387,27.868,111.348,53.31,4.58,13.7,9,1,7.477,0.2698,2,11.387,9.2894,0.5331,0.35,2.439,0.65,siaga
53.584,106.113,331.722,52.26,8.35,28.03,7,1,8.734,0.1712,1,53.584,35.3712,0.5226,0.05,4.365,0.9,awas
11.349,23.174,48.044,33.85,15.97,14.31,2,0,4.586,0.3363,3,11.349,7.7248,0.3385,0.05,5.407,0.9,siaga
0.0,0.0,0.0,38.16,27.75,34.32,11,0,6.309,0.1871,3,0.0,0.0,0.3816,0.75,10.589,0.65,waspada
6.816,13.174,48.282,48.8,37.78,21.44,6,1,3.009,0.05,1,6.816,4.3914,0.488,0.75,18.44,0.85,waspada
5.177,10.795,21.993,85.05,12.95,32.56,5,0,9.868,0.05,2,5.177,3.5982,0.8505,0.35,11.012,0.45,siaga
0.0,0.0,0.0,46.93,15.77,5.11,2,0,2.314,0.05,3,0.0,0.0,0.4693,0.75,7.403,0.45,waspada
0.0,0.0,0.0,65.34,34.67,22.17,8,1,1.945,0.2743,2,0.0,0.0,0.6534,0.15,22.657,0.65,siaga
0.0,0.0,0.0,34.77,19.91,14.99,11,0,3.296,0.2162,1,0.0,0.0,0.3477,0.15,6.923,0.15,waspada
7.068,17.066,59.741,45.14,4.39,0.45,9,1,1.685,0.562,3,7.068,5.6886,0.4514,0.15,1.981,0.85,siaga
2.172,4.929,22.023,95.94,10.86,26.79,9,1,6.938,0.0551,3,2.172,1.6431,0.9594,0.05,10.415,0.65,siaga
0.0,0.0,0.0,38.57,5.08,26.61,6,1,10.527,0.195,3,0.0,0.0,0.3857,0.35,1.958,0.35,waspada
0.0,0.0,0.0,61.88,17.03,16.06,10,0,6.124,0.6283,0,0.0,0.0,0.6188,0.35,10.54,0.35,siaga
0.0,0.0,0.0,41.98,33.3,9.74,2,0,0.0,0.3301,2,0.0,0.0,0.4198,0.85,13.977,0.9,waspada
0.0,0.0,0.0,94.64,3.46,33.48,8,1,7.948,0.1747,3,0.0,0.0,0.9464,0.35,3.27,0.15,siaga
5.416,14.33,71.65,78.72,26.97,7.74,5,0,0.0,0.05,2,5.416,4.7768,0.7872,0.05,21.227,0.35,siaga
0.0,0.0,0.0,75.46,18.15,13.18,11,0,0.0,0.2623,2,0.0,0.0,0.7546,0.35,13.698,0.1,siaga
17.063,33.577,124.819,75.88,19.4,12.85,3,0,6.295,0.5581,3,17.063,11.1923,0.7588,0.35,14.718,0.65,siaga
2.517,6.191,25.209,39.78,23.16,7.83,3,0,2.981,0.6738,3,2.517,2.0638,0.3978,0.35,9.214,0.1,waspada
69.007,132.476,295.328,94.32,18.14,3.56,8,1,4.752,0.05,3,69.007,44.1585,0.9432,0.15,17.107,0.85,awas
38.104,92.272,322.152,44.62,24.3,14.99,6,1,6.761,0.05,2,38.104,30.7574,0.4462,0.35,10.844,0.8,awas
0.0,0.0,0.0,44.51,35.29,18.98,11,0,6.278,0.5352,3,0.0,0.0,0.4451,0.05,15.709,0.75,siaga
0.0,0.0,0.0,89.01,4.79,27.3,3,0,0.0,0.1605,0,0.0,0.0,0.8901,0.55,4.263,0.7,siaga
14.057,28.377,100.101,69.82,8.76,26.28,5,0,1.663,0.4165,2,14.057,9.459,0.6982,0.15,6.114,0.5,siaga
3.473,10.08,42.123,75.68,23.31,27.71,2,0,0.0,0.303,2,3.473,3.3599,0.7568,0.35,17.642,0.15,siaga
143.8,172.86,369.509,94.54,34.94,22.06,10,0,7.613,0.3864,3,143.8,57.6201,0.9454,0.15,33.033,0.85,awas
111.399,156.862,369.113,74.24,3.05,31.13,3,0,1.823,0.3626,3,111.399,52.2874,0.7424,1.0,2.263,0.1,siaga
3.739,6.876,23.664,58.14,21.6,29.49,1,0,0.0,0.6136,3,3.739,2.2922,0.5814,0.75,12.56,0.25,waspada
7.07,13.02,41.731,76.99,32.11,24.73,4,0,0.34,0.05,2,7.07,4.3401,0.7699,0.35,24.721,0.55,siaga
0.0,0.0,0.0,82.95,32.35,10.08,1,0,3.545,0.5665,3,0.0,0.0,0.8295,0.75,26.832,0.2,waspada
7.746,17.111,78.374,76.85,23.49,22.87,1,0,8.6,0.05,2,7.746,5.7036,0.7685,0.55,18.05,0.25,siaga
0.0,0.0,0.0,89.88,17.75,7.54,3,0,0.0,0.5414,3,0.0,0.0,0.8988,0.15,15.953,0.2,siaga
9.366,16.322,61.565,45.74,16.07,7.63,6,1,12.995,0.05,3,9.366,5.4408,0.4574,0.05,7.35,0.85,siaga
16.658,37.439,113.28,43.99,2.16,9.03,9,1,1.602,0.1643,3,16.658,12.4796,0.4399,0.05,0.95,0.7,siaga
8.193,17.663,41.092,75.29,10.63,5.34,12,0,0.0,0.0744,3,8.193,5.8877,0.7529,0.15,8.004,0.5,siaga
2.921,6.802,15.297,66.86,12.46,29.9,12,0,10.819,0.2995,3,2.921,2.2672,0.6686,0.35,8.333,0.45,siaga
4.292,12.469,40.252,66.32,16.06,13.19,1,0,0.0,0.2786,2,4.292,4.1564,0.6632,0.55,10.651,0.6,waspada
0.0,0.0,0.0,93.93,28.86,12.26,5,0,0.0,0.6043,2,0.0,0.0,0.9393,0.55,27.109,0.5,siaga
0.0,0.0,0.0,46.96,24.65,21.26,11,0,0.0,0.6942,3,0.0,0.0,0.4696,0.15,11.573,0.3,waspada
0.0,0.0,0.0,81.07,23.73,22.28,3,0,0.0,0.1918,3,0.0,0.0,0.8107,0.55,19.234,0.7,waspada
24.267,46.65,153.784,54.88,30.19,22.13,11,0,8.535,0.3182,2,24.267,15.5499,0.5488,0.15,16.567,0.15,siaga
0.0,0.0,0.0,72.91,29.18,31.68,3,0,10.112,0.4136,3,0.0,0.0,0.7291,0.55,21.273,0.9,siaga
0.0,0.0,0.0,67.88,30.6,16.69,2,0,2.186,0.7278,1,0.0,0.0,0.6788,0.15,20.769,0.2,siaga
0.0,0.0,0.0,65.36,23.02,9.58,12,0,7.466,0.3921,2,0.0,0.0,0.6536,0.15,15.045,0.65,siaga
4.173,9.824,34.867,30.65,26.0,27.55,2,0,0.334,0.05,3,4.173,3.2746,0.3065,0.35,7.967,0.75,waspada
9.759,21.131,53.575,59.05,8.92,4.67,4,0,5.535,0.1613,2,9.759,7.0436,0.5905,0.75,5.269,0.35,waspada
0.0,0.0,0.0,67.93,13.71,24.56,12,0,0.0,0.2053,3,0.0,0.0,0.6793,0.55,9.314,0.75,waspada
0.0,0.0,0.0,39.59,35.25,21.24,4,0,8.739,0.5166,3,0.0,0.0,0.3959,0.05,13.956,0.25,siaga
0.0,0.0,0.0,32.38,13.37,5.0,12,0,9.923,0.4195,2,0.0,0.0,0.3238,0.15,4.33,0.35,waspada
6.551,16.624,70.725,93.5,22.71,10.2,4,0,0.0,0.1697,1,6.551,5.5413,0.935,0.15,21.23,0.75,siaga
0.0,0.0,0.0,86.34,15.76,8.27,9,1,0.541,0.2453,3,0.0,0.0,0.8634,0.15,13.605,0.55,siaga
14.77,25.594,66.294,47.57,7.49,18.26,7,1,3.807,0.3536,2,14.77,8.5315,0.4757,0.15,3.562,0.6,siaga
30.466,53.123,174.8,59.65,25.89,22.72,11,0,3.112,0.5564,1,30.466,17.7078,0.5965,0.75,15.442,0.6,siaga
6.829,11.052,50.314,41.61,33.78,7.2,9,1,12.657,0.5057,3,6.829,3.6839,0.4161,0.35,14.056,0.3,waspada
0.0,0.0,0.0,93.14,7.33,27.93,7,1,0.0,0.05,3,0.0,0.0,0.9314,0.75,6.829,0.45,waspada
0.0,0.0,0.0,61.13,27.9,4.49,6,1,3.535,0.1005,2,0.0,0.0,0.6113,0.15,17.057,0.25,siaga
0.0,0.0,0.0,33.55,18.88,11.57,1,0,3.114,0.05,2,0.0,0.0,0.3355,0.15,6.337,0.7,waspada
21.23,37.565,124.259,52.84,23.58,24.86,7,1,2.88,0.5794,3,21.23,12.5218,0.5284,0.15,12.461,0.5,siaga
61.033,97.838,217.211,67.98,3.77,22.29,11,0,0.0,0.2927,2,61.033,32.6126,0.6798,0.15,2.56,0.3,awas
0.0,0.0,0.0,75.08,27.81,1.25,4,0,12.577,0.4585,3,0.0,0.0,0.7508,0.05,20.881,0.2,siaga
5.427,14.966,69.063,48.87,8.92,2.28,7,1,0.0,0.7813,2,5.427,4.9887,0.4887,0.55,4.36,0.15,waspada
40.858,81.763,285.745,48.44,7.64,4.46,1,0,12.568,0.3279,3,40.858,27.2543,0.4844,0.35,3.702,0.8,awas
5.83,17.245,42.03,84.2,17.38,1.47,7,1,2.512,0.053,2,5.83,5.7482,0.842,0.55,14.636,0.5,siaga
7.118,13.509,54.63,46.39,33.68,5.62,7,1,6.132,0.1021,2,7.118,4.5031,0.4639,0.15,15.623,0.75,siaga
0.0,0.0,0.0,56.97,15.05,28.0,10,0,6.085,0.3771,1,0.0,0.0,0.5697,0.85,8.575,0.1,waspada
0.0,0.0,0.0,87.74,35.09,11.28,11,0,9.742,0.6607,3,0.0,0.0,0.8774,0.35,30.782,0.55,siaga
6.428,13.016,35.494,70.13,24.49,9.46,2,0,8.222,0.7281,2,6.428,4.3387,0.7013,0.55,17.178,0.9,siaga
2.643,5.114,24.452,51.29,27.27,0.78,10,0,6.779,0.5397,1,2.643,1.7047,0.5129,0.05,13.985,0.7,siaga
0.0,0.0,0.0,92.84,22.04,6.28,8,1,8.431,0.2771,2,0.0,0.0,0.9284,0.55,20.46,0.5,waspada
24.867,44.159,116.883,68.97,21.85,16.58,8,1,12.577,0.327,1,24.867,14.7196,0.6897,0.75,15.069,0.4,siaga
0.0,0.0,0.0,64.96,31.84,16.63,8,1,2.884,0.05,3,0.0,0.0,0.6496,0.35,20.685,0.75,siaga
0.0,0.0,0.0,92.31,21.24,10.52,3,0,4.366,0.0897,3,0.0,0.0,0.9231,0.75,19.611,0.45,waspada
2.011,3.185,9.902,63.24,29.65,25.61,10,0,0.0,0.05,1,2.011,1.0618,0.6324,0.15,18.75,0.7,siaga
11.68,18.433,64.499,64.0,26.12,5.23,1,0,2.755,0.0577,2,11.68,6.1445,0.64,0.85,16.714,0.2,waspada
0.0,0.0,0.0,62.24,9.85,14.84,8,1,2.763,0.7053,3,0.0,0.0,0.6224,0.85,6.133,0.75,waspada
16.206,31.203,98.44,56.22,21.6,24.64,11,0,0.0,0.3073,2,16.206,10.401,0.5622,0.35,12.145,0.6,siaga
3.868,8.057,21.047,45.77,11.38,6.19,12,0,3.565,0.3731,3,3.868,2.6857,0.4577,0.15,5.211,0.15,siaga
0.0,0.0,0.0,62.16,15.22,8.56,1,0,0.0,0.05,1,0.0,0.0,0.6216,0.75,9.463,0.35,waspada
148.291,233.497,375.433,72.27,35.53,3.37,9,1,13.344,0.8875,1,148.291,77.8324,0.7227,1.0,25.673,0.25,siaga
0.0,0.0,0.0,40.17,4.63,29.08,12,0,12.687,0.1905,3,0.0,0.0,0.4017,0.15,1.861,0.35,waspada
7.709,15.611,31.329,50.71,21.86,32.95,5,0,2.243,0.05,0,7.709,5.2036,0.5071,0.15,11.083,0.2,siaga
16.359,37.326,128.617,46.54,21.89,0.58,2,0,0.338,0.1945,3,16.359,12.442,0.4654,0.15,10.187,0.15,siaga
22.077,40.864,138.15,54.24,28.24,4.58,6,1,1.474,0.5166,2,22.077,13.6214,0.5424,0.15,15.316,0.85,siaga
0.0,0.0,0.0,55.95,30.14,1.23,3,0,3.617,0.3477,3,0.0,0.0,0.5595,0.75,16.864,0.35,waspada
0.0,0.0,0.0,38.63,30.81,14.53,5,0,0.0,0.05,3,0.0,0.0,0.3863,0.05,11.903,0.5,siaga
3.39,9.821,47.157,72.75,21.37,6.46,12,0,10.631,0.5522,2,3.39,3.2736,0.7275,0.35,15.546,0.8,siaga
0.0,0.0,0.0,53.48,30.77,18.01,8,1,0.0,0.2656,3,0.0,0.0,0.5348,0.75,16.453,0.5,waspada
0.0,0.0,0.0,42.48,2.25,26.26,9,1,0.0,0.4975,2,0.0,0.0,0.4248,0.15,0.957,0.65,siaga
69.815,133.688,355.905,57.01,29.96,23.05,9,1,0.0,0.4472,3,69.815,44.5625,0.5701,0.55,17.082,0.8,awas
0.0,0.0,0.0,72.78,12.27,6.45,2,0,6.538,0.4211,2,0.0,0.0,0.7278,0.15,8.93,0.8,siaga
0.0,0.0,0.0,38.06,6.65,17.51,6,1,0.0,0.8956,2,0.0,0.0,0.3806,0.15,2.53,0.8,siaga
0.0,0.0,0.0,48.35,23.46,6.47,3,0,5.371,0.05,3,0.0,0.0,0.4835,0.55,11.342,0.35,waspada
8.169,15.597,57.021,64.01,15.5,30.47,5,0,4.259,0.4389,3,8.169,5.1991,0.6401,0.55,9.92,0.9,siaga
13.969,27.848,77.41,66.48,34.11,31.63,5,0,1.249,0.2709,3,13.969,9.2827,0.6648,0.35,22.676,0.1,siaga
0.0,0.0,0.0,75.4,21.96,22.93,7,1,7.625,0.0876,3,0.0,0.0,0.754,0.15,16.56,0.4,siaga
6.117,11.072,25.812,67.5,18.45,23.54,9,1,9.836,0.2487,3,6.117,3.6908,0.675,0.55,12.455,0.85,siaga
96.019,182.855,299.684,50.3,7.66,32.23,12,0,0.0,0.1108,1,96.019,60.9517,0.503,0.35,3.854,0.1,awas
44.866,74.714,174.695,77.38,18.74,1.63,1,0,2.941,0.1019,2,44.866,24.9045,0.7738,0.15,14.498,0.85,awas
37.183,78.825,269.735,50.47,30.14,21.8,6,1,9.659,0.2463,3,37.183,26.275,0.5047,0.35,15.212,0.8,awas
78.196,161.696,565.862,96.17,10.64,22.86,12,0,0.0,0.269,2,78.196,53.8988,0.9617,1.0,10.235,0.55,siaga
5.418,15.392,75.404,45.51,17.66,17.99,4,0,5.001,0.1969,2,5.418,5.1306,0.4551,1.0,8.036,0.15,waspada
0.0,0.0,0.0,69.01,13.43,23.85,2,0,9.721,0.4865,3,0.0,0.0,0.6901,0.55,9.269,0.4,waspada
24.723,53.391,169.799,43.36,3.47,0.78,10,0,1.183,0.5656,2,24.723,17.797,0.4336,0.35,1.506,0.55,siaga
0.0,0.0,0.0,51.68,18.43,17.02,6,1,4.199,0.0808,3,0.0,0.0,0.5168,0.55,9.523,0.2,waspada
18.45,41.023,142.637,87.66,7.66,28.99,1,0,0.0,0.6443,1,18.45,13.6745,0.8766,0.75,6.711,0.2,siaga
0.0,0.0,0.0,58.49,5.04,3.21,3,0,15.306,0.8394,2,0.0,0.0,0.5849,0.15,2.95,0.65,siaga
0.0,0.0,0.0,75.82,12.85,22.21,5,0,7.872,0.05,3,0.0,0.0,0.7582,0.55,9.742,0.15,waspada
0.0,0.0,0.0,83.93,28.74,30.25,3,0,5.853,0.05,3,0.0,0.0,0.8393,0.05,24.117,0.25,siaga
22.777,51.779,114.527,63.71,32.5,34.81,3,0,8.594,0.1584,3,22.777,17.2596,0.6371,0.35,20.702,0.4,siaga
1.807,4.355,10.228,76.01,14.99,2.63,6,1,5.285,0.8715,2,1.807,1.4516,0.7601,0.55,11.395,0.75,siaga
0.0,0.0,0.0,89.9,12.77,13.9,3,0,5.82,0.7077,3,0.0,0.0,0.899,0.55,11.48,0.4,siaga
0.0,0.0,0.0,96.19,14.35,16.91,6,1,4.143,0.4643,3,0.0,0.0,0.9619,0.35,13.802,0.55,siaga
0.0,0.0,0.0,52.5,19.95,10.55,10,0,0.0,0.4662,2,0.0,0.0,0.525,0.15,10.471,0.4,waspada
28.414,54.371,160.264,94.48,12.61,4.43,5,0,2.496,0.5402,3,28.414,18.1238,0.9448,0.15,11.915,0.85,awas
4.727,8.974,36.189,62.77,23.02,1.91,10,0,2.125,0.05,3,4.727,2.9913,0.6277,0.75,14.448,0.85,waspada
0.0,0.0,0.0,33.5,28.24,4.43,8,1,0.0,0.9784,1,0.0,0.0,0.335,0.55,9.46,0.35,waspada
0.0,0.0,0.0,47.96,7.87,5.19,5,0,9.504,0.1538,2,0.0,0.0,0.4796,0.05,3.775,0.6,siaga
3.743,7.087,23.234,85.99,30.0,14.05,3,0,2.697,0.3435,3,3.743,2.3623,0.8599,0.05,25.8,0.15,siaga
12.62,29.259,80.083,75.13,6.59,4.69,3,0,0.0,0.0645,2,12.62,9.7531,0.7513,0.15,4.95,0.15,siaga
6.767,15.646,41.793,58.29,5.7,20.09,5,0,3.955,0.2856,2,6.767,5.2154,0.5829,0.05,3.322,0.65,siaga
56.473,110.557,345.104,35.07,30.28,7.1,8,1,9.163,0.6748,1,56.473,36.8522,0.3507,0.15,10.62,0.2,awas
100.788,147.2,261.866,36.57,11.58,28.13,2,0,3.513,0.2084,1,100.788,49.0668,0.3657,0.05,4.236,0.5,awas
8.382,13.146,47.168,97.51,21.06,29.84,2,0,5.927,0.5545,3,8.382,4.382,0.9751,0.05,20.539,0.2,siaga
62.437,127.425,413.325,52.51,33.36,2.19,5,0,1.356,0.6433,3,62.437,42.4751,0.5251,0.75,17.517,0.7,siaga
113.059,206.557,445.769,73.47,25.74,18.29,4,0,0.0,0.6911,2,113.059,68.8523,0.7347,0.35,18.91,0.65,awas
0.0,0.0,0.0,52.04,18.81,28.84,10,0,5.354,0.1143,3,0.0,0.0,0.5204,0.75,9.79,0.45,waspada
0.0,0.0,0.0,30.78,25.58,33.92,3,0,9.343,0.536,3,0.0,0.0,0.3078,0.55,7.872,0.85,waspada
0.0,0.0,0.0,35.55,6.67,34.78,11,0,5.848,0.5486,3,0.0,0.0,0.3555,0.15,2.372,0.1,waspada
50.135,83.448,273.844,78.74,24.12,10.71,1,0,0.0,0.5591,2,50.135,27.816,0.7874,0.05,18.995,0.1,awas
14.908,24.576,60.457,39.6,32.78,4.57,4,0,6.982,0.2951,2,14.908,8.1919,0.396,1.0,12.98,0.75,waspada
0.0,0.0,0.0,41.5,11.57,13.36,10,0,9.18,0.2647,1,0.0,0.0,0.415,0.35,4.802,0.45,waspada
13.171,27.382,105.528,93.37,21.99,14.43,8,1,11.931,0.8184,3,13.171,9.1273,0.9337,0.75,20.534,0.15,siaga
0.0,0.0,0.0,97.7,21.82,17.16,3,0,9.994,0.2924,3,0.0,0.0,0.977,0.55,21.314,0.8,siaga
0.0,0.0,0.0,41.46,13.72,17.93,9,1,2.806,0.05,1,0.0,0.0,0.4146,0.85,5.687,0.65,waspada
0.0,0.0,0.0,52.53,8.85,5.61,3,0,7.848,0.3289,3,0.0,0.0,0.5253,0.75,4.65,0.45,waspada
7.579,13.175,34.31,82.57,6.44,2.16,7,1,7.978,0.6193,2,7.579,4.3917,0.8257,0.75,5.316,0.4,waspada
2.281,5.753,24.409,71.7,11.1,3.1,8,1,0.0,0.2544,3,2.281,1.9176,0.717,0.55,7.956,0.8,waspada
22.169,51.164,154.575,58.65,24.17,15.2,11,0,0.0,0.05,3,22.169,17.0546,0.5865,1.0,14.174,0.85,waspada
15.518,25.893,81.649,67.62,27.67,30.64,8,1,0.217,0.2707,3,15.518,8.631,0.6762,0.15,18.71,0.5,siaga
0.0,0.0,0.0,58.96,35.82,6.74,11,0,1.863,0.2093,1,0.0,0.0,0.5896,0.55,21.12,0.8,waspada
0.0,0.0,0.0,55.66,25.84,11.78,8,1,5.344,0.3632,2,0.0,0.0,0.5566,0.15,14.379,0.6,siaga
3.499,10.423,43.404,87.31,17.63,5.63,5,0,5.031,0.4298,3,3.499,3.4745,0.8731,0.05,15.392,0.3,siaga
0.0,0.0,0.0,59.92,24.62,30.16,2,0,0.0,0.7413,3,0.0,0.0,0.5992,0.55,14.753,0.7,waspada
0.0,0.0,0.0,51.54,23.81,27.0,3,0,0.0,0.3382,0,0.0,0.0,0.5154,0.35,12.273,0.4,waspada
5.521,12.556,61.531,36.17,36.65,24.61,8,1,1.027,0.2411,0,5.521,4.1854,0.3617,0.35,13.259,0.85,waspada
3.066,7.628,24.691,87.54,12.95,3.33,11,0,6.725,0.3562,2,3.066,2.5428,0.8754,0.05,11.333,0.9,siaga
4.313,7.203,27.33,84.89,30.4,13.02,9,1,12.418,0.086,3,4.313,2.4008,0.8489,0.15,25.807,0.65,siaga
2.516,5.14,13.142,46.66,33.57,17.22,3,0,0.0,0.5562,1,2.516,1.7133,0.4666,0.15,15.66,0.1,waspada
0.0,0.0,0.0,60.35,31.93,15.41,6,1,5.645,0.5913,3,0.0,0.0,0.6035,0.05,19.268,0.85,siaga
0.0,0.0,0.0,65.69,34.27,9.69,11,0,4.724,0.4014,3,0.0,0.0,0.6569,0.35,22.51,0.55,siaga
142.993,251.194,415.411,64.25,14.68,19.95,6,1,1.679,0.9542,3,142.993,83.7314,0.6425,0.55,9.429,0.55,awas
3.001,7.608,30.0,53.43,15.99,13.68,10,0,3.614,0.2629,3,3.001,2.5361,0.5343,0.55,8.542,0.7,waspada
30.634,76.577,225.298,75.87,15.14,0.49,6,1,1.222,0.4053,3,30.634,25.5255,0.7587,0.35,11.488,0.1,awas
3.485,6.923,28.499,97.72,17.47,23.36,7,1,9.675,0.0664,3,3.485,2.3078,0.9772,0.15,17.073,0.55,siaga
7.197,19.099,57.828,87.93,16.94,11.45,10,0,0.189,0.6302,3,7.197,6.3663,0.8793,0.35,14.895,0.45,siaga
23.311,54.394,214.745,60.32,36.12,31.68,1,0,2.029,0.05,2,23.311,18.1312,0.6032,0.15,21.788,0.3,siaga
24.291,46.691,158.432,89.57,9.39,16.93,12,0,0.0,0.2305,2,24.291,15.5636,0.8957,0.55,8.41,0.65,siaga
78.449,188.972,547.909,85.66,8.12,9.14,6,1,0.556,0.0956,2,78.449,62.9907,0.8566,0.85,6.956,0.7,awas
8.012,16.487,44.937,87.0,37.94,7.75,1,0,1.356,0.5773,3,8.012,5.4955,0.87,0.35,33.01,0.5,siaga
0.0,0.0,0.0,78.36,22.78,23.7,6,1,9.096,0.4197,3,0.0,0.0,0.7836,0.55,17.853,0.65,waspada
68.795,131.796,338.272,60.46,34.19,27.56,8,1,14.665,0.7607,3,68.795,43.9319,0.6046,0.05,20.675,0.6,awas
5.974,15.511,66.072,67.93,15.66,12.96,9,1,9.994,0.5933,3,5.974,5.1705,0.6793,0.55,10.636,0.75,siaga
0.0,0.0,0.0,50.72,34.83,29.59,9,1,5.439,0.05,3,0.0,0.0,0.5072,0.15,17.668,0.4,siaga
0.0,0.0,0.0,93.72,37.75,15.06,4,0,9.319,0.6047,2,0.0,0.0,0.9372,0.15,35.374,0.65,siaga
0.0,0.0,0.0,55.59,20.63,4.3,1,0,7.401,0.05,2,0.0,0.0,0.5559,0.35,11.471,0.75,waspada
20.228,44.304,132.595,81.44,36.56,22.6,8,1,9.389,0.309,3,20.228,14.7681,0.8144,0.35,29.778,0.7,siaga
0.0,0.0,0.0,63.99,22.86,3.78,6,1,7.357,0.357,2,0.0,0.0,0.6399,0.35,14.627,0.3,waspada
61.057,93.481,240.348,63.63,8.79,20.1,6,1,10.86,0.387,0,61.057,31.1602,0.6363,0.75,5.591,0.65,siaga
0.0,0.0,0.0,97.42,34.63,30.21,3,0,5.303,0.5033,3,0.0,0.0,0.9742,0.75,33.733,0.5,waspada
0.0,0.0,0.0,44.97,19.85,14.11,6,1,8.952,0.3522,3,0.0,0.0,0.4497,0.05,8.927,0.7,siaga
43.271,90.214,302.45,67.18,16.4,22.43,4,0,5.264,0.0619,2,43.271,30.0713,0.6718,0.35,11.019,0.8,awas
0.0,0.0,0.0,70.61,19.32,34.11,9,1,7.651,0.4654,2,0.0,0.0,0.7061,0.15,13.641,0.75,siaga
6.524,12.457,41.586,54.88,32.15,31.98,7,1,3.621,0.5111,3,6.524,4.1523,0.5488,0.15,17.642,0.6,siaga
6.858,17.505,40.369,94.4,28.62,17.44,11,0,0.0,0.3914,2,6.858,5.8349,0.944,0.15,27.016,0.35,siaga
0.0,0.0,0.0,71.89,11.54,19.5,11,0,0.0,0.2795,3,0.0,0.0,0.7189,0.15,8.3,0.75,siaga
33.561,61.312,162.825,68.85,32.17,11.16,6,1,2.567,0.1392,3,33.561,20.4372,0.6885,0.75,22.145,0.85,siaga
4.541,13.048,60.316,51.34,8.85,32.77,10,0,6.288,0.4118,2,4.541,4.3493,0.5134,0.05,4.542,0.7,siaga
0.0,0.0,0.0,83.99,10.03,18.2,1,0,3.45,0.5674,2,0.0,0.0,0.8399,0.05,8.424,0.85,siaga
24.216,46.575,183.791,59.07,2.49,11.12,9,1,0.454,0.4537,2,24.216,15.5251,0.5907,0.15,1.47,0.2,siaga
0.0,0.0,0.0,43.72,30.64,6.9,3,0,9.473,0.4063,3,0.0,0.0,0.4372,0.05,13.396,0.4,siaga
4.88,10.324,20.782,46.11,31.51,11.51,1,0,0.0,0.2828,0,4.88,3.4415,0.4611,0.75,14.527,0.75,waspada
5.085,9.173,20.466,58.14,18.48,29.47,1,0,13.527,0.3318,3,5.085,3.0575,0.5814,0.05,10.745,0.25,siaga
108.245,191.978,420.062,84.49,34.9,30.88,7,1,10.924,0.4085,2,108.245,63.9928,0.8449,0.15,29.489,0.75,awas
1.251,2.513,7.834,66.2,27.13,5.49,9,1,3.359,0.7656,3,1.251,0.8378,0.662,0.55,17.956,0.35,waspada
7.68,19.087,74.024,54.81,6.91,3.32,11,0,2.333,0.05,2,7.68,6.3624,0.5481,0.35,3.789,0.85,siaga
16.206,39.783,86.241,32.38,15.37,6.24,6,1,0.0,0.1607,2,16.206,13.2611,0.3238,0.05,4.978,0.25,siaga
2.857,5.051,24.742,52.87,33.08,16.09,9,1,0.0,0.7807,3,2.857,1.6837,0.5287,0.15,17.489,0.15,siaga
0.0,0.0,0.0,59.19,6.44,29.02,1,0,0.0,1.0103,1,0.0,0.0,0.5919,0.85,3.81,0.2,waspada
140.375,169.095,380.612,30.76,15.98,31.02,5,0,0.0,0.4436,3,140.375,56.3648,0.3076,0.35,4.915,0.55,siaga
0.0,0.0,0.0,60.92,6.54,5.56,12,0,0.71,0.5295,2,0.0,0.0,0.6092,0.75,3.986,0.5,waspada
0.0,0.0,0.0,91.58,35.59,22.36,12,0,8.158,0.2672,2,0.0,0.0,0.9158,0.05,32.591,0.75,siaga
0.0,0.0,0.0,63.39,34.59,19.39,8,1,16.397,0.5289,3,0.0,0.0,0.6339,0.55,21.927,0.8,waspada
0.0,0.0,0.0,33.52,14.02,23.82,5,0,0.0,0.4611,3,0.0,0.0,0.3352,0.35,4.701,0.6,waspada
0.0,0.0,0.0,78.56,8.99,4.41,2,0,2.717,0.0886,2,0.0,0.0,0.7856,0.15,7.06,0.35,siaga
0.0,0.0,0.0,77.4,15.63,12.2,8,1,12.19,0.5114,2,0.0,0.0,0.774,0.35,12.1,0.2,siaga
3.541,10.314,27.282,44.19,16.88,32.29,9,1,5.545,0.1893,3,3.541,3.4381,0.4419,0.05,7.46,0.7,siaga
0.0,0.0,0.0,33.04,33.59,27.08,10,0,0.0,0.6064,2,0.0,0.0,0.3304,0.15,11.099,0.5,waspada
19.648,41.685,144.276,71.78,8.11,11.79,2,0,13.383,0.7349,2,19.648,13.8951,0.7178,0.15,5.822,0.8,awas
0.0,0.0,0.0,48.15,11.49,20.03,3,0,0.0,0.3725,3,0.0,0.0,0.4815,0.15,5.533,0.45,siaga
42.949,65.278,144.423,43.61,6.7,10.53,8,1,9.734,0.1249,2,42.949,21.7592,0.4361,0.15,2.923,0.15,siaga
12.655,25.321,84.921,83.52,18.91,23.62,1,0,2.175,0.099,3,12.655,8.4404,0.8352,0.15,15.794,0.2,siaga
7.993,14.913,50.983,90.66,33.81,9.75,9,1,0.942,0.1042,1,7.993,4.9711,0.9066,0.15,30.655,0.9,siaga
7.43,21.8,106.926,82.56,26.17,2.35,8,1,0.0,0.05,3,7.43,7.2665,0.8256,0.05,21.608,0.8,siaga
0.0,0.0,0.0,72.12,5.2,11.0,1,0,3.306,0.1962,3,0.0,0.0,0.7212,0.15,3.75,0.6,siaga
0.0,0.0,0.0,40.44,9.85,7.41,11,0,6.545,0.1049,3,0.0,0.0,0.4044,0.05,3.981,0.35,siaga
122.032,232.351,363.589,82.95,36.32,27.71,12,0,5.716,0.0977,3,122.032,77.4502,0.8295,0.35,30.122,0.4,awas
5.553,8.593,38.826,58.77,3.93,28.45,4,0,4.291,0.4208,1,5.553,2.8642,0.5877,0.85,2.308,0.25,waspada
0.0,0.0,0.0,65.88,28.26,23.3,10,0,3.079,0.3546,3,0.0,0.0,0.6588,0.05,18.615,0.9,siaga
0.0,0.0,0.0,45.22,19.46,22.7,3,0,11.993,0.05,2,0.0,0.0,0.4522,0.55,8.797,0.75,waspada
0.0,0.0,0.0,50.88,30.39,25.58,8,1,1.818,0.1921,2,0.0,0.0,0.5088,0.35,15.462,0.55,waspada
0.0,0.0,0.0,74.5,6.91,6.94,11,0,0.788,0.1525,3,0.0,0.0,0.745,0.15,5.151,0.7,siaga
6.022,17.849,36.323,87.74,33.96,8.03,12,0,0.0,0.8383,2,6.022,5.9498,0.8774,0.15,29.799,0.75,siaga
4.42,13.138,55.78,57.66,27.62,5.04,5,0,2.384,0.3816,2,4.42,4.3794,0.5766,0.85,15.926,0.65,waspada
10.763,23.089,80.245,33.11,9.65,29.34,6,1,6.635,0.341,3,10.763,7.6963,0.3311,0.15,3.194,0.35,siaga
0.0,0.0,0.0,39.86,27.97,32.29,8,1,0.0,0.2824,3,0.0,0.0,0.3986,0.15,11.149,0.55,waspada
103.256,152.797,267.629,35.57,24.02,3.9,6,1,3.331,0.3932,3,103.256,50.9325,0.3557,0.75,8.543,0.2,siaga
0.0,0.0,0.0,86.22,3.99,3.98,6,1,0.0,0.4049,3,0.0,0.0,0.8622,1.0,3.437,0.4,waspada
6.982,18.721,89.962,78.99,22.76,4.47,2,0,7.536,0.5599,3,6.982,6.2402,0.7899,0.05,17.979,0.65,siaga
11.47,26.141,88.915,92.32,33.4,2.97,10,0,3.648,0.4818,2,11.47,8.7137,0.9232,0.15,30.838,0.85,awas
0.0,0.0,0.0,31.14,23.19,6.97,8,1,11.656,0.05,3,0.0,0.0,0.3114,0.05,7.221,0.85,waspada
0.0,0.0,0.0,42.58,35.01,23.07,8,1,9.753,0.4198,3,0.0,0.0,0.4258,0.55,14.908,0.2,waspada
17.045,27.478,107.128,71.63,28.02,5.73,3,0,0.0,0.2142,2,17.045,9.1592,0.7163,0.05,20.074,0.2,siaga
0.0,0.0,0.0,80.75,11.87,17.67,9,1,17.261,0.05,1,0.0,0.0,0.8075,0.15,9.583,0.8,siaga
74.236,125.547,302.752,54.36,31.45,16.27,12,0,0.0,0.2582,2,74.236,41.8491,0.5436,0.35,17.095,0.4,awas
4.705,8.648,22.603,58.75,3.18,13.22,11,0,3.701,0.05,2,4.705,2.8826,0.5875,0.55,1.87,0.15,waspada
0.0,0.0,0.0,50.36,18.42,29.1,9,1,4.656,0.05,2,0.0,0.0,0.5036,0.55,9.275,0.15,waspada
52.409,107.856,339.3,58.26,6.04,30.23,10,0,3.786,0.0958,3,52.409,35.952,0.5826,0.15,3.518,0.3,awas
2.623,4.207,16.071,70.92,31.58,2.03,2,0,9.461,0.3318,3,2.623,1.4025,0.7092,0.35,22.397,0.55,siaga
0.0,0.0,0.0,89.23,11.62,0.42,12,0,3.403,0.3404,3,0.0,0.0,0.8923,1.0,10.371,0.25,waspada
6.241,17.302,39.704,55.84,23.01,31.82,1,0,4.636,0.0717,3,6.241,5.7672,0.5584,0.35,12.851,0.2,siaga
0.0,0.0,0.0,57.0,34.2,20.76,3,0,2.956,0.4037,3,0.0,0.0,0.57,0.05,19.496,0.85,siaga
0.0,0.0,0.0,41.4,3.36,7.34,8,1,0.281,0.05,3,0.0,0.0,0.414,0.35,1.393,0.7,waspada
0.0,0.0,0.0,71.6,32.76,21.51,4,0,5.594,0.05,3,0.0,0.0,0.716,0.15,23.457,0.25,siaga
0.0,0.0,0.0,38.65,7.46,15.39,2,0,5.34,0.05,3,0.0,0.0,0.3865,0.35,2.883,0.1,waspada
1.245,3.298,6.699,77.49,17.05,32.31,7,1,1.099,0.1168,3,1.245,1.0992,0.7749,0.05,13.212,0.1,siaga
105.031,140.448,329.487,87.89,31.54,16.01,7,1,1.709,0.6465,2,105.031,46.8159,0.8789,0.15,27.722,0.9,awas
0.0,0.0,0.0,36.17,16.5,13.07,10,0,13.601,0.05,0,0.0,0.0,0.3617,0.15,5.966,0.4,waspada
0.0,0.0,0.0,71.73,16.65,14.1,4,0,4.761,0.8851,3,0.0,0.0,0.7173,0.15,11.947,0.35,siaga
0.0,0.0,0.0,56.06,29.74,8.35,6,1,2.462,0.05,2,0.0,0.0,0.5606,0.35,16.673,0.2,waspada
26.48,53.549,111.784,86.47,9.18,3.33,4,0,0.0,0.5655,3,26.48,17.8497,0.8647,0.35,7.937,0.55,awas
6.594,14.143,60.465,60.02,30.68,0.46,3,0,7.24,0.3838,3,6.594,4.7143,0.6002,0.15,18.415,0.25,siaga
0.0,0.0,0.0,89.63,13.55,9.92,3,0,5.1,0.063,3,0.0,0.0,0.8963,0.35,12.145,0.2,siaga
20.099,38.837,143.022,84.33,14.68,33.65,10,0,7.806,0.1013,3,20.099,12.9456,0.8433,0.15,12.382,0.1,siaga
22.03,52.019,139.838,93.17,28.01,22.47,1,0,10.754,0.05,2,22.03,17.3398,0.9317,0.15,26.101,0.7,awas
0.0,0.0,0.0,89.5,29.73,20.31,5,0,12.765,0.4422,1,0.0,0.0,0.895,0.55,26.609,0.5,siaga
48.758,94.668,211.072,41.67,19.77,10.94,10,0,7.303,0.7285,1,48.758,31.5559,0.4167,0.35,8.236,0.4,siaga
23.322,52.625,175.753,32.15,33.12,12.15,5,0,0.0,0.2478,3,23.322,17.5416,0.3215,0.05,10.646,0.25,siaga
0.0,0.0,0.0,62.22,33.86,6.23,8,1,13.69,0.3156,3,0.0,0.0,0.6222,0.15,21.07,0.65,siaga
4.869,13.809,31.496,85.92,16.67,3.51,10,0,3.642,0.05,1,4.869,4.6029,0.8592,0.35,14.326,0.15,siaga
21.916,52.151,116.17,88.38,22.31,30.44,7,1,2.971,0.6495,2,21.916,17.3838,0.8838,0.15,19.723,0.1,awas
0.654,1.853,4.673,85.23,31.82,1.72,8,1,0.0,0.465,2,0.654,0.6177,0.8523,0.35,27.116,0.75,siaga
0.0,0.0,0.0,52.11,21.68,26.61,5,0,0.0,0.7048,3,0.0,0.0,0.5211,0.75,11.297,0.25,waspada
7.68,19.718,75.368,44.47,24.94,27.84,4,0,4.972,0.2237,2,7.68,6.5728,0.4447,0.35,11.092,0.55,siaga
0.0,0.0,0.0,74.32,17.4,16.12,1,0,14.961,0.2753,3,0.0,0.0,0.7432,0.15,12.929,0.5,siaga
49.285,94.55,227.811,66.06,3.22,2.29,11,0,15.399,0.05,3,49.285,31.5167,0.6606,0.05,2.129,0.4,awas
8.995,20.646,61.968,41.91,8.67,14.73,11,0,5.477,0.65,3,8.995,6.8819,0.4191,0.15,3.632,0.5,siaga
0.0,0.0,0.0,94.25,22.18,1.62,5,0,1.216,0.05,2,0.0,0.0,0.9425,0.15,20.904,0.6,siaga
0.0,0.0,0.0,96.7,3.27,29.26,12,0,0.0,0.05,3,0.0,0.0,0.967,0.35,3.158,0.5,siaga
0.0,0.0,0.0,46.99,6.26,25.94,2,0,2.839,0.4421,3,0.0,0.0,0.4699,0.15,2.939,0.75,siaga
8.944,21.407,54.316,75.65,16.43,13.36,9,1,0.451,0.05,3,8.944,7.1356,0.7565,0.75,12.425,0.65,siaga
0.0,0.0,0.0,96.5,23.61,16.23,10,0,0.788,0.05,3,0.0,0.0,0.965,0.15,22.786,0.35,siaga
30.173,49.797,143.651,70.34,12.9,26.3,4,0,0.0,0.2065,1,30.173,16.5989,0.7034,0.35,9.073,0.25,siaga
0.0,0.0,0.0,81.01,13.29,26.32,11,0,11.949,0.7174,3,0.0,0.0,0.8101,0.15,10.77,0.6,siaga
5.603,12.616,45.746,64.07,2.02,6.45,10,0,2.702,0.3197,3,5.603,4.2052,0.6407,0.35,1.297,0.65,siaga
62.147,131.929,408.853,64.42,11.37,1.36,11,0,9.016,0.3968,2,62.147,43.9764,0.6442,0.15,7.321,0.3,awas
1.401,3.687,9.073,84.97,36.67,10.3,11,0,0.0,0.5487,1,1.401,1.229,0.8497,0.05,31.157,0.5,siaga
0.0,0.0,0.0,94.0,13.01,17.03,3,0,8.24,0.05,2,0.0,0.0,0.94,0.55,12.228,0.2,waspada
5.154,14.55,37.131,81.06,13.47,2.34,2,0,2.839,0.05,1,5.154,4.85,0.8106,0.85,10.916,0.8,waspada
33.563,76.427,199.314,44.44,31.34,5.78,12,0,12.743,0.05,2,33.563,25.4758,0.4444,0.75,13.927,0.3,siaga
88.6,120.556,278.447,43.34,5.94,2.75,3,0,10.639,0.8101,3,88.6,40.1854,0.4334,0.05,2.573,0.35,awas
0.0,0.0,0.0,70.66,12.38,30.33,8,1,12.147,0.0552,3,0.0,0.0,0.7066,0.15,8.745,0.35,siaga
0.0,0.0,0.0,79.3,5.43,21.27,6,1,0.0,0.1033,3,0.0,0.0,0.793,0.75,4.304,0.25,waspada
0.0,0.0,0.0,87.31,11.56,23.9,7,1,7.445,0.05,2,0.0,0.0,0.8731,0.75,10.097,0.65,waspada
1.741,3.962,19.329,44.22,22.64,34.27,11,0,0.0,0.2797,3,1.741,1.3208,0.4422,0.55,10.013,0.85,waspada
0.0,0.0,0.0,80.03,34.19,3.37,7,1,6.509,0.05,2,0.0,0.0,0.8003,0.55,27.363,0.3,waspada
69.444,143.544,351.088,90.1,26.09,23.9,6,1,9.624,0.2012,2,69.444,47.8481,0.901,0.15,23.508,0.25,awas
0.0,0.0,0.0,94.82,13.88,1.28,9,1,3.969,0.05,3,0.0,0.0,0.9482,0.35,13.163,0.2,siaga
1.429,3.15,8.719,45.19,22.89,7.53,2,0,6.064,0.3833,2,1.429,1.0502,0.4519,0.15,10.343,0.35,siaga
0.0,0.0,0.0,48.21,36.6,10.24,4,0,6.532,0.7321,3,0.0,0.0,0.4821,0.15,17.642,0.65,siaga
21.535,48.412,120.335,39.94,14.91,33.12,3,0,0.0,0.1825,2,21.535,16.1374,0.3994,0.55,5.955,0.3,siaga
3.452,9.737,40.559,66.91,9.2,0.52,8,1,8.292,0.05,2,3.452,3.2457,0.6691,1.0,6.157,0.1,waspada
7.653,18.546,54.503,55.95,9.88,12.25,10,0,4.975,0.168,3,7.653,6.182,0.5595,0.05,5.528,0.3,siaga
0.0,0.0,0.0,92.81,19.25,9.3,7,1,9.259,0.2188,3,0.0,0.0,0.9281,0.35,17.867,0.55,siaga
6.321,9.995,44.549,61.93,14.87,23.58,5,0,3.9,0.7578,3,6.321,3.3316,0.6193,0.15,9.212,0.5,siaga
4.494,8.893,39.146,74.57,16.46,31.24,3,0,4.449,0.5758,1,4.494,2.9643,0.7457,0.55,12.277,0.4,siaga
3.14,8.932,36.824,86.16,5.62,4.14,2,0,7.79,0.7781,2,3.14,2.9774,0.8616,0.15,4.844,0.1,siaga
7.677,16.313,81.378,53.91,12.92,5.47,9,1,4.847,0.4144,2,7.677,5.4376,0.5391,0.15,6.964,0.85,siaga
0.0,0.0,0.0,70.92,5.08,34.94,4,0,6.062,0.1671,3,0.0,0.0,0.7092,0.75,3.605,0.5,waspada
0.0,0.0,0.0,72.37,5.17,14.9,10,0,3.211,0.0744,3,0.0,0.0,0.7237,0.55,3.74,0.45,waspada
67.652,108.692,302.054,94.19,36.33,3.35,4,0,0.824,0.5207,2,67.652,36.2306,0.9419,0.35,34.221,0.55,awas
3.16,8.284,34.017,84.58,21.47,7.53,3,0,9.409,0.05,3,3.16,2.7615,0.8458,0.35,18.162,0.4,siaga
84.251,161.962,342.11,46.92,33.2,1.95,7,1,3.772,0.5503,3,84.251,53.9873,0.4692,0.15,15.579,0.6,awas
0.0,0.0,0.0,47.06,2.1,33.31,5,0,10.623,0.7869,3,0.0,0.0,0.4706,0.35,0.99,0.3,waspada
1.312,3.546,13.74,35.2,18.61,7.49,7,1,4.367,0.42,3,1.312,1.1819,0.352,0.85,6.553,0.9,waspada
0.0,0.0,0.0,62.83,21.54,22.51,1,0,6.132,0.3201,2,0.0,0.0,0.6283,0.35,13.537,0.35,waspada
0.0,0.0,0.0,31.84,26.59,19.49,3,0,12.885,0.05,3,0.0,0.0,0.3184,0.55,8.468,0.4,waspada
24.253,41.306,99.854,32.16,20.38,21.38,5,0,4.853,0.05,3,24.253,13.7688,0.3216,0.75,6.552,0.35,waspada
13.525,28.895,88.09,60.61,21.76,21.87,1,0,2.768,0.4868,2,13.525,9.6315,0.6061,0.15,13.188,0.7,siaga
0.0,0.0,0.0,56.31,17.5,1.25,3,0,4.574,0.3111,3,0.0,0.0,0.5631,0.15,9.853,0.85,siaga
22.531,40.976,84.732,41.52,23.76,21.64,10,0,4.121,0.4438,1,22.531,13.6587,0.4152,0.35,9.865,0.7,siaga
0.0,0.0,0.0,91.49,23.04,22.47,12,0,0.0,0.4231,3,0.0,0.0,0.9149,0.15,21.083,0.7,siaga
0.0,0.0,0.0,73.06,4.26,18.74,10,0,9.954,0.05,2,0.0,0.0,0.7306,0.35,3.115,0.75,siaga
0.0,0.0,0.0,31.93,16.74,28.06,8,1,0.0,0.2095,3,0.0,0.0,0.3193,0.15,5.345,0.6,waspada
66.56,164.814,333.793,59.81,7.78,27.57,2,0,0.0,0.05,2,66.56,54.938,0.5981,0.05,4.656,0.35,awas
101.567,121.973,302.101,36.83,24.69,21.1,10,0,0.0,0.1879,3,101.567,40.6575,0.3683,0.35,9.094,0.75,awas
8.301,19.586,68.621,62.87,31.79,23.54,2,0,6.772,0.05,3,8.301,6.5286,0.6287,0.35,19.983,0.8,siaga
6.78,18.293,55.566,66.67,17.0,5.97,12,0,8.323,0.05,3,6.78,6.0977,0.6667,0.05,11.335,0.8,siaga
5.709,12.967,39.763,35.24,23.95,6.29,10,0,0.0,0.05,3,5.709,4.3223,0.3524,0.35,8.44,0.35,waspada
107.007,172.127,324.712,48.49,27.47,10.45,1,0,8.101,0.5244,2,107.007,57.3756,0.4849,0.55,13.321,0.5,siaga
6.851,11.011,54.712,75.9,2.1,4.15,12,0,3.717,0.6611,3,6.851,3.6703,0.759,0.15,1.595,0.4,siaga
0.0,0.0,0.0,30.87,19.66,34.98,3,0,3.224,0.2356,3,0.0,0.0,0.3087,0.35,6.068,0.4,waspada
8.083,19.513,67.054,76.7,16.05,1.58,3,0,0.073,0.05,2,8.083,6.5044,0.767,0.05,12.314,0.8,siaga
5.18,10.296,50.645,33.72,2.79,6.94,10,0,2.41,0.6527,3,5.18,3.4319,0.3372,0.15,0.94,0.35,waspada
3.257,7.894,26.068,51.69,29.78,18.09,9,1,5.729,0.7773,3,3.257,2.6312,0.5169,0.85,15.391,0.25,waspada
0.0,0.0,0.0,31.88,23.72,25.7,12,0,0.0,0.0925,2,0.0,0.0,0.3188,0.35,7.561,0.25,waspada
0.0,0.0,0.0,93.16,5.01,11.52,6,1,10.454,0.5635,3,0.0,0.0,0.9316,0.15,4.666,0.9,siaga
9.529,20.983,83.399,95.81,17.21,31.54,10,0,0.0,0.05,2,9.529,6.9945,0.9581,0.55,16.493,0.75,siaga
37.771,92.561,198.995,33.38,19.25,13.83,2,0,4.375,0.4152,3,37.771,30.8536,0.3338,0.15,6.424,0.8,awas
0.0,0.0,0.0,32.17,30.16,14.96,8,1,1.325,0.1935,2,0.0,0.0,0.3217,0.05,9.704,0.1,waspada
0.0,0.0,0.0,53.6,5.63,22.06,12,0,9.282,0.5989,3,0.0,0.0,0.536,0.75,3.016,0.3,waspada
24.127,56.025,112.123,39.35,19.67,11.15,1,0,2.341,0.4534,2,24.127,18.6751,0.3935,0.55,7.741,0.85,siaga
0.0,0.0,0.0,73.71,11.64,33.32,8,1,1.304,0.2985,3,0.0,0.0,0.7371,0.05,8.577,0.35,siaga
21.984,48.039,132.641,72.02,5.14,21.73,9,1,0.0,0.2297,2,21.984,16.0131,0.7202,1.0,3.702,0.55,siaga
10.595,20.18,66.394,91.31,2.08,20.2,4,0,3.433,0.6647,1,10.595,6.7266,0.9131,0.05,1.897,0.7,awas
0.0,0.0,0.0,81.98,10.88,19.94,4,0,0.0,0.05,2,0.0,0.0,0.8198,1.0,8.921,0.25,waspada
5.171,15.319,46.646,38.47,12.13,26.35,8,1,0.0,0.482,2,5.171,5.1064,0.3847,0.15,4.668,0.8,siaga
5.199,11.453,53.052,77.65,27.04,15.94,4,0,2.348,0.7281,1,5.199,3.8177,0.7765,0.15,20.994,0.5,siaga
0.984,2.154,5.656,40.47,11.44,25.33,2,0,0.0,0.2672,2,0.984,0.7181,0.4047,0.15,4.629,0.65,waspada
3.242,5.968,13.434,80.92,14.29,15.66,12,0,1.272,0.05,3,3.242,1.9894,0.8092,0.15,11.56,0.4,siaga
0.0,0.0,0.0,59.92,14.69,25.14,9,1,0.0,0.0937,2,0.0,0.0,0.5992,0.35,8.803,0.25,waspada
7.724,23.106,101.78,80.29,8.52,33.18,12,0,5.143,0.316,3,7.724,7.7021,0.8029,0.15,6.838,0.6,siaga
0.0,0.0,0.0,88.16,11.38,8.16,4,0,4.085,0.1148,2,0.0,0.0,0.8816,0.75,10.035,0.3,waspada
0.0,0.0,0.0,73.11,30.73,16.26,4,0,0.0,0.05,3,0.0,0.0,0.7311,0.55,22.468,0.9,siaga
21.039,40.471,122.008,95.32,17.25,31.35,9,1,2.907,0.5707,3,21.039,13.4904,0.9532,0.05,16.443,0.45,awas
0.0,0.0,0.0,49.14,31.88,1.0,2,0,0.0,0.6801,2,0.0,0.0,0.4914,0.05,15.665,0.55,siaga
0.0,0.0,0.0,36.93,14.53,2.2,1,0,0.0,0.8816,3,0.0,0.0,0.3693,0.35,5.367,0.85,waspada
0.0,0.0,0.0,74.01,2.21,10.14,4,0,0.62,0.8976,2,0.0,0.0,0.7401,0.35,1.635,0.65,siaga
4.054,7.95,24.631,57.48,4.91,34.03,5,0,2.299,0.482,3,4.054,2.65,0.5748,0.35,2.824,0.9,siaga
26.285,50.259,115.908,66.08,32.29,27.61,11,0,4.252,0.4374,3,26.285,16.7531,0.6608,0.05,21.338,0.3,siaga
41.528,78.521,210.613,71.95,8.77,27.76,1,0,1.882,0.2208,2,41.528,26.1738,0.7195,0.05,6.309,0.55,awas
55.299,103.176,237.198,44.65,33.35,6.04,9,1,1.188,0.2138,2,55.299,34.3918,0.4465,0.35,14.891,0.15,siaga
0.0,0.0,0.0,45.62,6.0,4.09,3,0,11.632,0.05,1,0.0,0.0,0.4562,0.55,2.737,0.4,waspada
1.557,2.535,5.63,42.31,36.55,8.6,11,0,7.731,0.05,2,1.557,0.845,0.4231,0.05,15.464,0.65,waspada
19.671,42.937,110.363,34.63,16.66,32.03,1,0,0.0,0.2479,3,19.671,14.3122,0.3463,0.15,5.77,0.25,siaga
34.645,61.513,128.018,70.51,6.97,27.93,1,0,6.652,0.05,3,34.645,20.5043,0.7051,0.85,4.917,0.1,siaga
2.812,7.291,27.006,50.19,8.67,8.65,4,0,5.454,0.7624,3,2.812,2.4305,0.5019,0.15,4.354,0.8,siaga
19.266,41.719,119.937,44.17,20.09,0.05,9,1,0.0,0.05,3,19.266,13.9062,0.4417,1.0,8.874,0.35,waspada
38.326,92.376,203.87,59.65,17.61,34.45,10,0,6.816,0.4392,3,38.326,30.7921,0.5965,0.35,10.502,0.75,awas
7.105,19.919,40.713,37.55,19.81,33.34,11,0,11.194,0.5311,3,7.105,6.6398,0.3755,0.75,7.438,0.65,waspada
0.0,0.0,0.0,77.69,8.23,16.11,10,0,7.914,0.3819,1,0.0,0.0,0.7769,0.35,6.397,0.9,siaga
0.0,0.0,0.0,90.4,4.88,33.57,10,0,5.404,0.7976,1,0.0,0.0,0.904,0.15,4.413,0.6,siaga
2.548,4.302,10.524,97.49,37.22,2.66,11,0,2.949,0.1136,2,2.548,1.4339,0.9749,0.15,36.287,0.85,siaga
4.343,6.796,23.798,79.41,18.95,23.66,4,0,0.0,0.6554,3,4.343,2.2653,0.7941,0.15,15.049,0.6,siaga
0.0,0.0,0.0,45.23,36.63,14.21,2,0,5.173,0.2628,3,0.0,0.0,0.4523,0.35,16.565,0.25,waspada
20.923,50.195,197.197,95.27,18.87,33.48,7,1,10.438,0.5073,2,20.923,16.7317,0.9527,0.15,17.977,0.8,awas
0.0,0.0,0.0,43.65,25.56,21.35,10,0,0.0,0.2597,3,0.0,0.0,0.4365,0.35,11.156,0.3,waspada
13.614,21.942,83.025,93.35,23.85,27.27,4,0,0.651,0.2481,1,13.614,7.3139,0.9335,0.75,22.268,0.85,siaga
24.98,46.721,95.323,32.73,24.38,15.15,1,0,0.0,0.2412,3,24.98,15.5736,0.3273,0.35,7.978,0.85,siaga
0.0,0.0,0.0,65.48,14.28,32.3,10,0,1.928,0.2826,3,0.0,0.0,0.6548,0.35,9.353,0.55,waspada
0.0,0.0,0.0,57.63,20.02,9.71,6,1,5.657,0.05,2,0.0,0.0,0.5763,0.85,11.539,0.1,waspada
103.052,194.543,308.502,33.44,12.84,12.24,2,0,3.512,0.4084,3,103.052,64.8477,0.3344,0.15,4.294,0.45,awas
85.041,120.85,231.635,91.54,32.4,16.87,6,1,0.0,0.6559,3,85.041,40.2833,0.9154,0.15,29.654,0.4,awas
0.0,0.0,0.0,63.35,22.09,10.48,10,0,5.418,0.05,2,0.0,0.0,0.6335,0.55,13.994,0.15,waspada
5.606,12.076,29.146,66.0,36.17,22.9,8,1,4.155,0.5694,2,5.606,4.0253,0.66,0.15,23.874,0.15,siaga
0.0,0.0,0.0,38.48,13.74,4.41,2,0,8.008,0.7833,3,0.0,0.0,0.3848,0.15,5.287,0.5,waspada
0.0,0.0,0.0,92.49,18.57,16.95,9,1,0.0,0.5665,3,0.0,0.0,0.9249,0.55,17.176,0.8,siaga
0.0,0.0,0.0,37.11,18.24,4.41,8,1,2.067,0.05,2,0.0,0.0,0.3711,0.55,6.769,0.6,waspada
0.0,0.0,0.0,90.76,30.56,31.0,9,1,0.0,0.05,3,0.0,0.0,0.9076,0.75,27.735,0.2,waspada
0.0,0.0,0.0,97.12,26.99,12.58,10,0,6.572,0.2205,1,0.0,0.0,0.9712,0.35,26.214,0.3,siaga
0.0,0.0,0.0,62.56,31.78,25.95,10,0,1.756,0.05,3,0.0,0.0,0.6256,0.35,19.882,0.2,waspada
0.0,0.0,0.0,96.9,24.31,17.6,12,0,7.413,0.5418,2,0.0,0.0,0.969,0.05,23.561,0.6,siaga
0.0,0.0,0.0,83.96,27.96,34.51,4,0,3.891,0.4711,3,0.0,0.0,0.8396,0.75,23.479,0.6,waspada
0.0,0.0,0.0,44.5,12.17,19.21,10,0,10.981,0.1767,3,0.0,0.0,0.445,0.35,5.416,0.15,waspada
6.889,12.007,53.341,66.59,23.05,16.95,8,1,5.714,0.1,2,6.889,4.0024,0.6659,0.55,15.351,0.7,siaga
23.282,41.731,97.189,69.0,3.34,5.44,1,0,0.0,0.1713,2,23.282,13.9104,0.69,0.75,2.305,0.3,siaga
2.8,6.228,16.553,90.77,14.33,32.46,6,1,5.813,0.1117,1,2.8,2.076,0.9077,0.05,13.003,0.5,siaga
14.082,22.054,66.552,47.52,21.14,0.5,3,0,20.117,0.05,2,14.082,7.3513,0.4752,0.75,10.045,0.35,waspada
0.0,0.0,0.0,79.05,24.96,24.64,1,0,11.594,0.1148,3,0.0,0.0,0.7905,0.05,19.733,0.45,siaga
24.681,37.77,130.305,88.88,30.06,0.47,1,0,15.287,0.0768,1,24.681,12.5901,0.8888,0.35,26.72,0.6,awas
0.0,0.0,0.0,64.85,10.08,13.05,4,0,1.666,0.2147,2,0.0,0.0,0.6485,0.15,6.534,0.6,siaga
99.539,121.502,286.178,72.53,6.05,3.81,2,0,11.706,0.4436,3,99.539,40.5007,0.7253,0.55,4.389,0.3,awas
19.841,38.94,131.514,89.83,24.7,21.79,10,0,2.831,0.515,3,19.841,12.98,0.8983,0.35,22.191,0.7,siaga
0.0,0.0,0.0,31.03,2.83,5.54,2,0,7.532,0.4959,2,0.0,0.0,0.3103,0.15,0.878,0.75,waspada
5.524,13.597,41.759,59.31,17.0,12.67,2,0,14.366,0.2808,3,5.524,4.5322,0.5931,0.15,10.085,0.6,siaga
14.927,25.497,82.948,63.37,31.28,3.07,10,0,14.792,0.654,3,14.927,8.4989,0.6337,0.35,19.825,0.35,siaga
4.462,13.085,61.927,80.28,6.14,22.69,9,1,0.61,0.4296,2,4.462,4.3616,0.8028,0.15,4.932,0.8,siaga
3.169,7.713,24.905,55.71,33.9,9.49,5,0,0.0,0.2353,3,3.169,2.5709,0.5571,0.15,18.889,0.2,siaga
15.254,25.575,61.145,69.64,30.65,5.24,2,0,13.874,0.2466,3,15.254,8.525,0.6964,0.15,21.347,0.3,siaga
5.327,12.314,30.694,58.98,15.35,11.8,8,1,13.532,0.1925,1,5.327,4.1045,0.5898,0.75,9.051,0.15,waspada
0.0,0.0,0.0,72.77,11.92,13.05,7,1,0.0,0.2531,1,0.0,0.0,0.7277,0.55,8.672,0.2,waspada
0.0,0.0,0.0,89.59,8.96,28.56,11,0,7.878,0.2599,2,0.0,0.0,0.8959,0.35,8.03,0.35,siaga
18.983,45.311,146.209,87.54,36.77,28.6,9,1,9.868,0.84,3,18.983,15.1035,0.8754,0.05,32.191,0.1,awas
5.033,11.319,31.221,65.07,9.12,11.99,7,1,0.0,0.05,3,5.033,3.7731,0.6507,0.15,5.936,0.6,siaga
0.0,0.0,0.0,92.92,3.37,34.72,4,0,9.705,0.623,2,0.0,0.0,0.9292,0.15,3.133,0.8,siaga
3.76,8.553,18.097,63.45,7.18,31.35,12,0,11.411,0.2692,3,3.76,2.851,0.6345,0.05,4.556,0.6,siaga
0.0,0.0,0.0,31.9,14.36,26.03,7,1,12.86,0.1852,2,0.0,0.0,0.319,0.15,4.581,0.5,waspada
3.891,8.398,22.096,59.65,22.07,15.05,7,1,12.557,0.3162,3,3.891,2.7993,0.5965,0.15,13.166,0.15,siaga
17.653,42.707,140.916,93.22,15.01,32.76,8,1,8.008,0.3326,3,17.653,14.2356,0.9322,0.75,13.997,0.5,siaga
5.844,8.886,38.102,91.77,26.73,0.2,12,0,12.594,0.0988,3,5.844,2.9621,0.9177,0.35,24.529,0.3,siaga
0.0,0.0,0.0,64.51,19.48,14.07,11,0,7.84,0.099,1,0.0,0.0,0.6451,0.15,12.564,0.4,siaga
0.0,0.0,0.0,47.32,7.92,3.64,10,0,5.995,0.1212,2,0.0,0.0,0.4732,0.15,3.746,0.15,waspada
0.0,0.0,0.0,46.66,16.16,26.74,10,0,10.682,0.3325,1,0.0,0.0,0.4666,0.15,7.543,0.3,waspada
0.0,0.0,0.0,56.68,19.11,20.07,11,0,2.461,0.227,1,0.0,0.0,0.5668,0.75,10.831,0.7,waspada
0.0,0.0,0.0,75.56,4.05,2.09,9,1,0.0,0.3148,3,0.0,0.0,0.7556,0.05,3.061,0.5,siaga
0.0,0.0,0.0,76.68,11.4,31.35,7,1,15.552,0.3793,3,0.0,0.0,0.7668,0.35,8.742,0.5,siaga
48.905,79.881,161.045,83.97,29.67,34.89,1,0,6.077,0.3899,3,48.905,26.6271,0.8397,0.55,24.909,0.45,awas
0.0,0.0,0.0,79.14,18.26,16.19,11,0,0.0,0.1807,2,0.0,0.0,0.7914,0.35,14.452,0.1,siaga
6.634,17.285,72.075,37.7,2.05,5.76,2,0,4.689,0.1889,3,6.634,5.7618,0.377,0.35,0.773,0.2,siaga
4.968,13.312,49.456,53.13,5.68,18.56,11,0,12.201,0.1469,1,4.968,4.4374,0.5313,0.55,3.02,0.25,waspada
0.0,0.0,0.0,87.51,35.83,31.91,12,0,0.0,0.05,3,0.0,0.0,0.8751,0.55,31.355,0.65,siaga
6.258,11.014,52.28,39.68,24.77,5.77,11,0,12.068,0.5752,2,6.258,3.6715,0.3968,0.05,9.826,0.5,siaga
24.47,58.538,127.26,30.86,16.17,18.83,5,0,0.0,0.2218,3,24.47,19.5126,0.3086,0.15,4.989,0.6,siaga
0.0,0.0,0.0,43.93,31.7,5.39,12,0,4.984,0.3139,3,0.0,0.0,0.4393,0.05,13.927,0.35,siaga
2.528,3.867,18.707,51.65,16.91,23.3,9,1,20.489,0.05,3,2.528,1.2892,0.5165,0.15,8.734,0.6,siaga
16.0,34.214,88.786,64.54,36.44,6.7,3,0,0.0,0.3287,3,16.0,11.4047,0.6454,0.55,23.521,0.8,siaga
0.0,0.0,0.0,62.98,29.56,23.29,1,0,4.999,0.38,3,0.0,0.0,0.6298,0.15,18.614,0.5,siaga
20.68,31.985,99.854,48.06,34.85,20.38,1,0,5.707,0.2529,2,20.68,10.6616,0.4806,0.55,16.747,0.3,waspada
0.0,0.0,0.0,60.9,28.45,27.83,2,0,0.0,0.1915,3,0.0,0.0,0.609,0.55,17.326,0.35,waspada
2.659,5.909,15.374,64.68,2.6,9.76,5,0,4.836,0.0588,1,2.659,1.9697,0.6468,0.05,1.685,0.85,siaga
0.0,0.0,0.0,68.57,31.11,30.83,2,0,0.0,0.2555,3,0.0,0.0,0.6857,0.05,21.334,0.25,siaga
1.014,2.724,12.194,48.94,2.72,14.29,3,0,19.89,0.25,2,1.014,0.908,0.4894,0.05,1.33,0.25,siaga
5.614,9.202,43.796,63.19,15.5,10.03,11,0,1.857,0.05,3,5.614,3.0673,0.6319,0.05,9.797,0.65,siaga
6.952,20.732,45.863,95.83,32.96,9.84,7,1,12.69,0.05,3,6.952,6.9107,0.9583,0.35,31.591,0.7,siaga
0.0,0.0,0.0,34.46,28.38,27.49,7,1,0.0,0.1918,3,0.0,0.0,0.3446,0.15,9.778,0.15,waspada
0.0,0.0,0.0,70.05,11.72,34.56,5,0,9.947,0.3444,3,0.0,0.0,0.7005,0.15,8.21,0.35,siaga
0.0,0.0,0.0,94.24,7.9,3.62,12,0,18.689,0.3452,3,0.0,0.0,0.9424,0.75,7.446,0.8,waspada
7.518,20.65,64.329,66.02,3.79,2.22,11,0,9.171,0.4319,3,7.518,6.8834,0.6602,0.55,2.505,0.15,siaga
78.33,163.211,521.341,64.6,37.85,19.21,5,0,20.996,0.4758,1,78.33,54.4038,0.646,0.15,24.45,0.6,awas
5.885,11.946,33.146,79.78,10.28,5.24,2,0,10.701,0.4144,3,5.885,3.9821,0.7978,0.15,8.204,0.4,siaga
0.0,0.0,0.0,51.36,28.16,29.35,1,0,0.0,0.3263,3,0.0,0.0,0.5136,0.05,14.462,0.15,siaga
0.0,0.0,0.0,64.97,25.19,9.26,2,0,3.293,0.398,3,0.0,0.0,0.6497,0.75,16.369,0.65,waspada
0.0,0.0,0.0,34.7,33.93,22.89,11,0,12.184,0.05,2,0.0,0.0,0.347,0.35,11.772,0.9,waspada
36.02,72.218,178.945,83.84,29.93,17.75,9,1,0.0,0.1495,1,36.02,24.0728,0.8384,0.05,25.091,0.25,awas
0.0,0.0,0.0,78.52,11.45,10.04,3,0,16.244,0.5238,2,0.0,0.0,0.7852,0.35,8.992,0.6,siaga
16.812,30.426,61.456,65.15,28.83,2.44,11,0,0.0,0.146,2,16.812,10.1419,0.6515,0.05,18.781,0.7,siaga
18.783,44.475,177.406,39.5,4.95,12.53,4,0,0.0,0.5047,3,18.783,14.8251,0.395,0.15,1.956,0.3,siaga
0.0,0.0,0.0,72.21,26.35,11.15,5,0,14.905,0.05,3,0.0,0.0,0.7221,0.35,19.026,0.15,waspada
0.0,0.0,0.0,30.71,28.73,16.46,10,0,19.679,0.3339,0,0.0,0.0,0.3071,0.35,8.823,0.85,waspada
34.568,71.257,214.996,96.33,35.54,0.2,1,0,2.2,0.4612,3,34.568,23.7522,0.9633,0.85,34.234,0.8,siaga
0.0,0.0,0.0,94.21,2.37,15.02,3,0,9.286,0.2088,2,0.0,0.0,0.9421,0.05,2.235,0.85,siaga
72.571,176.177,539.012,91.97,33.65,11.1,6,1,3.223,0.1396,3,72.571,58.7256,0.9197,0.15,30.944,0.4,awas
0.0,0.0,0.0,56.16,9.65,33.87,9,1,14.817,0.2909,3,0.0,0.0,0.5616,0.05,5.42,0.65,siaga
0.0,0.0,0.0,34.05,20.23,4.45,11,0,0.0,0.05,2,0.0,0.0,0.3405,0.15,6.89,0.75,waspada
3.314,6.109,22.91,72.52,24.68,5.22,12,0,18.381,0.05,0,3.314,2.0364,0.7252,0.15,17.902,0.75,siaga
0.0,0.0,0.0,67.34,11.74,18.71,1,0,5.837,0.3128,3,0.0,0.0,0.6734,0.55,7.902,0.2,waspada
0.0,0.0,0.0,37.87,9.38,27.03,1,0,10.381,0.7212,2,0.0,0.0,0.3787,0.05,3.552,0.75,siaga
23.739,54.455,189.145,63.77,28.96,14.74,6,1,5.122,0.05,2,23.739,18.1516,0.6377,0.35,18.468,0.75,siaga
7.822,18.132,55.188,80.38,3.69,24.0,2,0,11.886,0.4519,3,7.822,6.0439,0.8038,0.15,2.967,0.2,siaga
16.348,28.53,73.5,37.22,30.87,29.64,11,0,4.562,0.05,3,16.348,9.5101,0.3722,1.0,11.488,0.5,waspada
3.787,6.321,27.458,30.39,36.41,8.56,9,1,21.773,0.05,3,3.787,2.1071,0.3039,0.15,11.068,0.1,waspada
0.0,0.0,0.0,93.19,34.0,16.87,1,0,10.763,0.3481,3,0.0,0.0,0.9319,0.35,31.686,0.3,siaga
0.0,0.0,0.0,86.88,12.1,17.34,4,0,9.956,0.1392,2,0.0,0.0,0.8688,0.55,10.514,0.35,siaga
0.0,0.0,0.0,57.9,30.84,12.14,9,1,6.827,0.3389,2,0.0,0.0,0.579,0.15,17.857,0.2,siaga
5.456,8.979,39.738,92.66,11.75,25.74,1,0,16.521,0.3351,0,5.456,2.9928,0.9266,0.05,10.888,0.35,siaga
100.684,171.301,362.965,83.13,15.07,7.44,2,0,4.146,0.05,3,100.684,57.1004,0.8313,0.15,12.524,0.45,awas
7.454,11.469,41.655,34.82,16.47,5.59,8,1,9.892,0.05,3,7.454,3.8228,0.3482,0.15,5.735,0.45,siaga
0.0,0.0,0.0,92.65,11.42,27.4,7,1,2.758,0.3879,2,0.0,0.0,0.9265,0.75,10.584,0.55,waspada
9.551,22.142,53.67,74.11,25.27,8.42,5,0,15.163,0.05,1,9.551,7.3805,0.7411,0.15,18.727,0.4,siaga
5.162,11.105,51.095,86.19,15.48,16.21,1,0,1.865,0.5558,2,5.162,3.7016,0.8619,0.15,13.343,0.5,siaga
0.0,0.0,0.0,42.64,29.19,8.44,9,1,3.349,0.1982,3,0.0,0.0,0.4264,0.35,12.447,0.3,waspada
1.523,2.727,11.837,50.69,8.43,12.19,12,0,19.397,0.098,3,1.523,0.9089,0.5069,0.15,4.272,0.2,waspada
25.142,53.834,115.232,34.07,6.04,30.86,5,0,8.978,0.1689,1,25.142,17.9446,0.3407,0.35,2.056,0.25,siaga
1.832,4.365,19.144,39.09,19.97,23.53,3,0,7.135,0.05,3,1.832,1.4549,0.3909,0.35,7.808,0.25,waspada
0.0,0.0,0.0,96.61,8.97,14.13,5,0,5.494,0.3816,0,0.0,0.0,0.9661,0.15,8.664,0.7,siaga
7.33,14.747,31.741,62.92,27.77,3.86,2,0,0.0,0.4149,1,7.33,4.9155,0.6292,0.15,17.471,0.85,siaga
10.155,22.347,63.136,34.76,6.07,17.78,3,0,4.822,0.05,3,10.155,7.449,0.3476,0.55,2.111,0.65,waspada
0.0,0.0,0.0,46.63,35.07,32.89,8,1,0.422,0.1874,3,0.0,0.0,0.4663,0.35,16.351,0.7,waspada
17.463,40.615,95.773,90.69,16.85,33.53,9,1,3.057,0.4206,3,17.463,13.5382,0.9069,0.05,15.285,0.85,awas
33.955,57.14,158.193,94.54,28.95,17.62,11,0,20.573,0.3867,1,33.955,19.0467,0.9454,0.05,27.372,0.9,awas
3.392,6.45,14.011,43.73,32.51,25.72,2,0,0.785,0.2612,1,3.392,2.1498,0.4373,0.15,14.216,0.45,siaga
4.914,10.921,34.75,61.46,14.26,17.98,3,0,15.023,0.2482,3,4.914,3.6404,0.6146,0.55,8.763,0.25,waspada
0.0,0.0,0.0,93.14,20.32,14.76,8,1,28.26,0.05,2,0.0,0.0,0.9314,0.15,18.923,0.25,siaga
119.189,189.655,458.563,30.39,12.06,0.68,10,0,0.0,0.3265,2,119.189,63.2184,0.3039,0.55,3.665,0.5,siaga
0.0,0.0,0.0,31.19,9.22,28.75,12,0,9.981,0.4705,3,0.0,0.0,0.3119,0.15,2.876,0.15,waspada
4.173,9.783,26.12,64.74,37.16,21.75,6,1,20.796,0.352,3,4.173,3.261,0.6474,0.05,24.054,0.15,siaga
112.067,170.469,269.177,44.62,26.97,33.66,4,0,17.57,0.1635,3,112.067,56.823,0.4462,0.35,12.031,0.85,awas
10.832,25.839,75.137,66.8,18.78,6.29,9,1,10.512,0.3201,3,10.832,8.6129,0.668,0.55,12.542,0.45,siaga
0.0,0.0,0.0,94.34,14.3,8.85,6,1,10.215,0.3453,3,0.0,0.0,0.9434,0.35,13.491,0.65,siaga
0.0,0.0,0.0,93.45,20.3,14.81,8,1,17.302,0.1702,2,0.0,0.0,0.9345,0.75,18.967,0.55,waspada
12.584,26.173,68.063,74.31,17.25,8.01,11,0,3.471,0.0754,2,12.584,8.7244,0.7431,0.15,12.821,0.2,siaga
0.0,0.0,0.0,45.03,19.72,13.7,12,0,2.146,0.3495,2,0.0,0.0,0.4503,0.35,8.882,0.8,waspada
0.0,0.0,0.0,64.84,26.67,32.88,2,0,17.036,0.3763,0,0.0,0.0,0.6484,0.35,17.292,0.45,siaga
11.611,26.503,98.658,97.97,8.16,6.08,9,1,5.234,0.3234,2,11.611,8.8344,0.9797,0.35,7.993,0.45,siaga
1.974,4.162,18.92,60.34,10.5,12.93,8,1,19.88,0.3549,2,1.974,1.3872,0.6034,0.15,6.335,0.9,siaga
0.0,0.0,0.0,40.11,26.64,18.18,5,0,9.979,0.05,3,0.0,0.0,0.4011,0.15,10.687,0.75,siaga
6.124,12.529,59.644,57.61,4.69,27.49,9,1,12.856,0.1314,3,6.124,4.1765,0.5761,0.35,2.702,0.45,siaga
18.892,29.912,102.367,80.94,10.14,10.21,3,0,0.0,0.2875,3,18.892,9.9707,0.8094,0.15,8.205,0.35,siaga
23.514,56.568,151.52,43.23,12.45,23.97,8,1,0.0,0.2273,3,23.514,18.856,0.4323,0.05,5.383,0.1,siaga
0.521,1.078,3.708,59.45,19.36,11.37,2,0,20.8,0.0508,1,0.521,0.3595,0.5945,0.05,11.512,0.5,siaga
77.246,127.397,401.832,44.57,36.67,6.12,5,0,11.877,0.4054,3,77.246,42.4655,0.4457,0.55,16.345,0.55,siaga
20.446,35.859,142.921,81.25,25.5,32.41,8,1,16.958,0.05,2,20.446,11.9529,0.8125,1.0,20.716,0.85,siaga
7.716,16.386,51.814,93.1,10.64,32.47,5,0,10.137,0.2065,3,7.716,5.4619,0.931,0.15,9.904,0.9,siaga
3.432,9.099,32.62,63.61,10.21,4.01,12,0,6.891,0.1585,3,3.432,3.0329,0.6361,0.75,6.492,0.9,waspada
132.706,168.684,326.76,46.32,21.29,30.82,5,0,6.083,0.6826,3,132.706,56.2279,0.4632,0.15,9.863,0.8,awas
48.708,109.912,370.795,93.16,20.24,13.82,8,1,16.36,0.1236,3,48.708,36.6372,0.9316,0.15,18.857,0.55,awas
7.824,22.004,50.89,92.58,33.59,31.05,4,0,9.78,0.3116,2,7.824,7.3346,0.9258,0.15,31.095,0.25,siaga
8.04,13.732,45.949,48.82,2.97,24.0,4,0,0.0,0.1421,2,8.04,4.5773,0.4882,0.15,1.451,0.3,siaga
105.227,199.119,450.517,39.3,13.33,27.97,11,0,7.801,0.3714,3,105.227,66.3731,0.393,0.15,5.24,0.7,awas
7.39,15.514,61.308,34.05,18.45,2.33,11,0,10.534,0.5031,1,7.39,5.1712,0.3405,0.15,6.283,0.7,siaga
5.494,10.486,51.58,70.12,35.49,6.16,11,0,5.452,0.05,2,5.494,3.4953,0.7012,0.15,24.883,0.65,siaga
56.095,99.373,332.73,66.76,33.3,3.29,8,1,4.842,0.359,0,56.095,33.1244,0.6676,0.15,22.229,0.35,awas
0.0,0.0,0.0,97.34,11.46,0.68,12,0,12.448,0.2841,3,0.0,0.0,0.9734,0.15,11.156,0.4,siaga
20.358,34.15,103.502,88.87,2.27,13.88,9,1,14.17,0.3883,2,20.358,11.3834,0.8887,0.15,2.014,0.75,awas
2.167,6.464,30.234,85.01,18.29,15.37,5,0,8.496,0.4221,3,2.167,2.1548,0.8501,0.35,15.551,0.9,siaga
18.716,34.513,96.488,58.55,33.87,12.99,3,0,12.08,0.071,3,18.716,11.5043,0.5855,0.55,19.829,0.7,siaga
0.0,0.0,0.0,74.24,15.8,5.5,6,1,6.965,0.05,3,0.0,0.0,0.7424,0.15,11.73,0.85,siaga
0.0,0.0,0.0,94.11,28.08,23.8,11,0,9.229,0.4846,3,0.0,0.0,0.9411,0.15,26.431,0.4,siaga
0.0,0.0,0.0,51.64,26.91,17.8,9,1,0.834,0.3315,1,0.0,0.0,0.5164,0.35,13.897,0.1,waspada
0.0,0.0,0.0,30.53,22.23,6.36,7,1,7.808,0.31,2,0.0,0.0,0.3053,0.05,6.788,0.85,siaga
0.0,0.0,0.0,63.75,24.84,33.51,4,0,9.683,0.2712,3,0.0,0.0,0.6375,0.35,15.833,0.55,waspada
0.0,0.0,0.0,39.68,27.85,1.82,11,0,10.481,0.0742,2,0.0,0.0,0.3968,0.15,11.053,0.65,siaga
12.821,19.427,76.471,80.4,30.29,34.61,5,0,0.783,0.0843,3,12.821,6.4757,0.804,0.05,24.351,0.65,siaga
0.0,0.0,0.0,55.79,34.91,1.08,12,0,0.602,0.0744,3,0.0,0.0,0.5579,0.15,19.474,0.4,waspada
0.0,0.0,0.0,73.28,31.97,4.89,7,1,15.573,0.05,3,0.0,0.0,0.7328,0.35,23.429,0.15,siaga
0.0,0.0,0.0,50.16,16.12,14.29,3,0,9.417,0.3385,3,0.0,0.0,0.5016,0.75,8.084,0.5,waspada
23.639,36.915,76.111,30.9,5.63,12.44,4,0,16.507,0.05,2,23.639,12.3049,0.309,0.35,1.739,0.2,siaga
0.0,0.0,0.0,41.15,26.13,13.34,11,0,5.477,0.1349,2,0.0,0.0,0.4115,0.05,10.753,0.8,siaga
9.351,17.189,61.254,54.52,3.86,0.52,10,0,1.711,0.2266,2,9.351,5.7297,0.5452,0.35,2.104,0.75,siaga
3.981,7.038,30.635,60.04,3.01,1.59,5,0,9.12,0.05,3,3.981,2.346,0.6004,0.15,1.81,0.2,siaga
0.0,0.0,0.0,43.96,21.6,30.41,3,0,1.534,0.3136,2,0.0,0.0,0.4396,0.35,9.496,0.3,waspada
14.41,27.915,64.968,61.29,23.81,15.71,10,0,2.635,0.421,3,14.41,9.305,0.6129,0.15,14.596,0.4,siaga
0.0,0.0,0.0,51.93,12.46,25.14,3,0,0.3,0.05,1,0.0,0.0,0.5193,0.35,6.472,0.15,waspada
0.0,0.0,0.0,60.57,18.62,28.84,10,0,0.0,0.05,3,0.0,0.0,0.6057,0.35,11.279,0.25,waspada
11.325,25.278,57.085,48.22,35.71,11.92,12,0,0.0,0.05,3,11.325,8.4259,0.4822,0.35,17.218,0.5,siaga
0.0,0.0,0.0,46.74,16.95,9.7,4,0,7.066,0.4762,3,0.0,0.0,0.4674,0.15,7.925,0.75,siaga
6.63,14.272,43.709,30.45,14.61,30.96,12,0,0.0,0.3461,3,6.63,4.7574,0.3045,0.85,4.448,0.8,waspada
0.0,0.0,0.0,53.72,30.13,34.12,1,0,10.842,0.2684,2,0.0,0.0,0.5372,0.35,16.186,0.85,siaga
12.578,27.113,94.096,43.02,28.81,20.98,5,0,16.712,0.332,2,12.578,9.0378,0.4302,0.35,12.394,0.85,siaga
0.0,0.0,0.0,46.35,2.73,4.08,1,0,2.052,0.3353,3,0.0,0.0,0.4635,0.35,1.264,0.6,waspada
0.0,0.0,0.0,65.5,37.63,1.2,5,0,0.0,0.3465,3,0.0,0.0,0.655,0.55,24.645,0.75,waspada
32.643,51.574,127.308,61.01,26.34,32.49,7,1,15.547,0.3803,3,32.643,17.1913,0.6101,0.85,16.071,0.65,siaga
0.0,0.0,0.0,36.69,31.95,8.14,10,0,0.0,0.1543,3,0.0,0.0,0.3669,0.35,11.724,0.5,waspada
0.0,0.0,0.0,80.65,17.87,14.85,11,0,13.947,0.3234,3,0.0,0.0,0.8065,0.35,14.414,0.6,siaga
81.144,98.39,196.78,84.63,24.43,21.86,2,0,22.868,0.6172,3,81.144,32.7966,0.8463,0.35,20.676,0.2,awas
0.0,0.0,0.0,56.15,26.78,23.36,1,0,13.017,0.1068,1,0.0,0.0,0.5615,0.05,15.037,0.7,siaga
1.969,5.652,14.966,70.06,21.57,30.05,7,1,16.284,0.2412,3,1.969,1.884,0.7006,0.15,15.111,0.9,siaga
0.0,0.0,0.0,63.33,4.19,2.4,10,0,0.802,0.05,1,0.0,0.0,0.6333,0.15,2.652,0.45,siaga
16.843,29.84,82.703,80.87,35.49,10.74,11,0,6.329,0.2682,3,16.843,9.9467,0.8087,0.15,28.699,0.2,siaga
22.445,45.141,147.373,58.38,32.81,15.47,2,0,0.0,0.2794,3,22.445,15.047,0.5838,0.35,19.153,0.65,siaga
13.939,33.081,80.651,60.6,15.28,23.88,8,1,9.644,0.3639,3,13.939,11.027,0.606,0.55,9.262,0.5,siaga
7.321,17.078,52.71,77.31,13.82,3.21,11,0,4.269,0.2615,2,7.321,5.6928,0.7731,0.85,10.687,0.85,waspada
4.314,12.856,34.566,57.29,13.39,33.6,10,0,0.0,0.05,3,4.314,4.2854,0.5729,0.15,7.669,0.1,siaga
0.0,0.0,0.0,36.1,16.32,32.33,4,0,8.1,0.3204,3,0.0,0.0,0.361,0.15,5.89,0.4,waspada
13.586,21.296,55.629,91.82,36.78,2.96,1,0,5.389,0.2294,2,13.586,7.0986,0.9182,0.15,33.767,0.7,siaga
0.0,0.0,0.0,85.69,21.46,22.45,9,1,11.908,0.499,3,0.0,0.0,0.8569,0.15,18.392,0.3,siaga
2.206,4.354,18.567,87.73,27.02,29.34,2,0,12.068,0.3441,3,2.206,1.4515,0.8773,0.35,23.704,0.5,siaga
6.218,15.026,48.809,48.24,24.59,28.39,8,1,18.034,0.5281,0,6.218,5.0088,0.4824,0.15,11.862,0.25,siaga
0.0,0.0,0.0,45.28,14.06,27.01,11,0,11.19,0.1672,3,0.0,0.0,0.4528,0.75,6.368,0.4,waspada
0.0,0.0,0.0,52.24,2.18,10.87,2,0,8.092,0.3787,1,0.0,0.0,0.5224,0.75,1.139,0.4,waspada
0.0,0.0,0.0,92.71,15.14,9.16,2,0,0.0,0.3565,2,0.0,0.0,0.9271,0.35,14.04,0.3,siaga
0.0,0.0,0.0,69.73,35.78,24.01,12,0,27.476,0.05,2,0.0,0.0,0.6973,0.15,24.948,0.85,siaga
0.0,0.0,0.0,42.72,31.23,28.54,7,1,14.286,0.05,0,0.0,0.0,0.4272,0.15,13.339,0.1,waspada
8.568,20.401,73.008,45.49,30.98,25.79,3,0,5.031,0.4964,3,8.568,6.8002,0.4549,0.55,14.094,0.65,waspada
0.0,0.0,0.0,49.99,27.35,21.29,1,0,0.0,0.3682,3,0.0,0.0,0.4999,0.55,13.672,0.3,waspada
6.674,10.697,32.848,45.72,31.96,30.87,10,0,4.269,0.1784,2,6.674,3.5657,0.4572,0.15,14.611,0.4,siaga
4.635,13.517,53.997,49.89,20.03,30.47,5,0,2.262,0.6011,3,4.635,4.5056,0.4989,0.15,9.992,0.3,siaga
0.629,1.425,6.715,73.57,31.39,32.79,2,0,5.295,0.4915,0,0.629,0.4751,0.7357,0.15,23.094,0.2,siaga
6.55,12.56,50.461,75.41,13.76,16.51,4,0,0.0,0.05,3,6.55,4.1865,0.7541,0.75,10.379,0.1,waspada
0.0,0.0,0.0,59.16,5.73,19.14,4,0,3.334,0.05,3,0.0,0.0,0.5916,0.05,3.393,0.55,siaga
0.0,0.0,0.0,90.63,23.45,17.54,7,1,5.024,0.5693,3,0.0,0.0,0.9063,0.75,21.25,0.2,waspada
0.0,0.0,0.0,77.75,5.44,24.65,11,0,11.399,0.3768,2,0.0,0.0,0.7775,0.15,4.232,0.3,siaga
0.0,0.0,0.0,77.0,9.96,11.26,1,0,2.43,0.2272,3,0.0,0.0,0.77,0.05,7.667,0.5,siaga
0.0,0.0,0.0,53.57,16.72,3.76,11,0,8.209,0.4045,3,0.0,0.0,0.5357,0.35,8.96,0.55,waspada
0.0,0.0,0.0,50.19,19.45,9.1,8,1,18.214,0.0771,0,0.0,0.0,0.5019,0.75,9.762,0.9,waspada
51.15,98.845,232.85,90.09,9.61,23.87,7,1,8.175,0.05,3,51.15,32.9483,0.9009,0.35,8.657,0.9,awas
0.0,0.0,0.0,69.49,13.49,33.45,1,0,2.399,0.0827,1,0.0,0.0,0.6949,0.35,9.374,0.65,siaga
7.953,15.25,76.108,63.37,32.8,32.23,12,0,0.0,0.3119,3,7.953,5.0833,0.6337,1.0,20.786,0.9,waspada
6.602,10.036,45.395,54.16,7.36,14.74,1,0,0.0,0.05,3,6.602,3.3452,0.5416,0.55,3.987,0.45,waspada
6.499,12.428,48.439,78.91,34.73,3.38,7,1,6.16,0.1748,3,6.499,4.1427,0.7891,0.75,27.4,0.35,waspada
21.681,43.928,105.105,59.47,26.47,30.71,5,0,10.865,0.5818,3,21.681,14.6425,0.5947,0.15,15.739,0.2,siaga
0.0,0.0,0.0,58.35,17.09,4.3,9,1,0.0,0.1531,1,0.0,0.0,0.5835,0.15,9.973,0.9,siaga
16.43,33.789,132.493,73.64,18.66,24.6,4,0,14.114,0.2706,3,16.43,11.2631,0.7364,0.75,13.745,0.8,siaga
1.305,2.179,6.973,38.62,30.06,4.89,11,0,14.035,0.6138,1,1.305,0.7262,0.3862,0.05,11.61,0.1,waspada
0.0,0.0,0.0,63.01,4.55,17.49,1,0,0.0,0.3795,1,0.0,0.0,0.6301,0.15,2.864,0.85,siaga
0.0,0.0,0.0,76.67,7.76,27.44,7,1,6.364,0.05,3,0.0,0.0,0.7667,0.15,5.951,0.5,siaga
12.279,21.98,81.359,97.3,34.37,20.44,9,1,8.468,0.05,3,12.279,7.3266,0.973,0.35,33.436,0.65,siaga
20.93,34.223,93.399,53.38,4.9,34.52,7,1,0.0,0.05,2,20.93,11.4077,0.5338,0.55,2.615,0.8,siaga
58.206,131.009,334.023,42.86,9.0,6.84,11,0,8.308,0.2778,3,58.206,43.6698,0.4286,0.75,3.859,0.55,siaga
106.986,138.653,251.806,88.94,6.28,9.13,9,1,16.043,0.05,2,106.986,46.2177,0.8894,0.15,5.586,0.65,awas
26.978,58.723,186.328,90.6,30.35,13.82,7,1,8.289,0.3303,3,26.978,19.5745,0.906,0.55,27.499,0.8,siaga
133.117,218.014,442.191,42.74,29.69,16.94,2,0,8.372,0.05,3,133.117,72.6712,0.4274,0.55,12.69,0.9,awas
0.0,0.0,0.0,40.16,8.97,30.35,8,1,0.0,0.1247,1,0.0,0.0,0.4016,0.75,3.601,0.75,waspada
1.516,3.517,12.612,34.85,19.12,12.02,10,0,9.044,0.05,0,1.516,1.1723,0.3485,1.0,6.662,0.7,aman
145.989,208.038,428.263,71.99,25.6,0.4,6,1,11.425,0.1047,2,145.989,69.346,0.7199,0.35,18.433,0.35,awas
0.0,0.0,0.0,69.95,26.16,22.42,2,0,3.943,0.05,0,0.0,0.0,0.6995,0.15,18.299,0.15,siaga
16.644,26.52,63.541,74.95,18.72,18.02,11,0,24.547,0.3324,2,16.644,8.84,0.7495,0.55,14.034,0.7,siaga
0.0,0.0,0.0,74.44,37.53,8.83,10,0,16.348,0.28,2,0.0,0.0,0.7444,0.15,27.937,0.65,siaga
3.672,6.392,24.49,49.27,22.75,11.5,11,0,3.018,0.05,3,3.672,2.1307,0.4927,0.35,11.212,0.7,waspada
7.952,16.416,67.268,60.28,13.44,28.42,5,0,6.991,0.2313,3,7.952,5.4719,0.6028,0.35,8.099,0.35,siaga
0.0,0.0,0.0,97.8,35.61,5.48,12,0,8.192,0.2385,3,0.0,0.0,0.978,0.35,34.827,0.3,siaga
0.0,0.0,0.0,45.61,28.32,29.42,3,0,17.086,0.4649,3,0.0,0.0,0.4561,0.15,12.917,0.55,waspada
4.014,8.95,18.733,78.49,4.0,6.39,7,1,9.925,0.3111,3,4.014,2.9834,0.7849,0.15,3.14,0.3,siaga
11.487,18.614,50.704,74.98,6.28,18.59,1,0,5.346,0.05,3,11.487,6.2045,0.7498,0.15,4.709,0.3,siaga
0.0,0.0,0.0,50.05,26.1,11.02,4,0,0.0,0.0565,1,0.0,0.0,0.5005,0.15,13.065,0.1,siaga
20.706,42.057,105.062,77.4,11.46,14.39,4,0,4.963,0.1965,2,20.706,14.0188,0.774,0.55,8.87,0.1,siaga
7.09,18.009,82.076,47.92,35.95,27.52,9,1,22.767,0.4351,1,7.09,6.0032,0.4792,0.15,17.226,0.75,siaga
9.98,19.949,61.119,90.86,37.55,23.49,8,1,11.008,0.4395,2,9.98,6.6495,0.9086,0.55,34.12,0.3,siaga
0.0,0.0,0.0,83.22,20.28,25.23,11,0,10.274,0.4292,2,0.0,0.0,0.8322,0.35,16.879,0.8,siaga
0.0,0.0,0.0,70.4,10.04,19.75,10,0,5.577,0.4827,3,0.0,0.0,0.704,0.55,7.067,0.25,waspada
0.0,0.0,0.0,93.75,22.28,18.45,8,1,7.327,0.1746,3,0.0,0.0,0.9375,0.15,20.882,0.25,siaga
0.0,0.0,0.0,80.86,15.45,18.59,9,1,13.468,0.4151,1,0.0,0.0,0.8086,0.15,12.493,0.8,siaga
114.971,186.061,448.319,81.62,36.55,8.44,4,0,5.323,0.0778,0,114.971,62.0205,0.8162,0.15,29.83,0.3,awas
0.863,1.753,7.438,70.98,14.47,10.69,1,0,10.337,0.05,3,0.863,0.5842,0.7098,0.55,10.27,0.25,waspada
0.0,0.0,0.0,76.18,3.25,8.3,12,0,19.333,0.1763,3,0.0,0.0,0.7618,0.05,2.475,0.1,siaga
9.851,19.005,47.747,31.46,6.21,18.54,8,1,24.582,0.05,3,9.851,6.335,0.3146,0.15,1.955,0.75,siaga
5.369,10.7,24.593,45.47,35.45,17.93,7,1,9.835,0.3895,0,5.369,3.5667,0.4547,0.35,16.119,0.55,waspada
0.0,0.0,0.0,80.23,4.76,7.95,1,0,1.658,0.3512,3,0.0,0.0,0.8023,0.85,3.819,0.55,waspada
0.0,0.0,0.0,81.21,18.54,10.13,6,1,9.171,0.1474,3,0.0,0.0,0.8121,0.15,15.06,0.4,siaga
0.0,0.0,0.0,70.35,32.69,1.6,1,0,2.585,0.6124,2,0.0,0.0,0.7035,0.55,22.994,0.75,waspada
101.819,139.262,231.893,88.67,34.79,32.25,9,1,8.194,0.1467,3,101.819,46.4207,0.8867,0.05,30.846,0.5,awas
0.0,0.0,0.0,40.45,17.68,17.7,8,1,16.131,0.5142,2,0.0,0.0,0.4045,0.15,7.152,0.5,siaga
0.0,0.0,0.0,30.4,36.69,31.95,5,0,0.0,0.05,3,0.0,0.0,0.304,0.15,11.154,0.85,waspada
72.173,161.643,481.221,40.53,30.23,27.79,5,0,24.745,0.4749,3,72.173,53.8809,0.4053,0.15,12.253,0.65,awas
0.0,0.0,0.0,85.29,3.95,28.37,10,0,3.621,0.05,3,0.0,0.0,0.8529,0.35,3.367,0.5,siaga
24.364,51.412,126.653,83.22,3.51,20.25,3,0,15.794,0.2988,3,24.364,17.1372,0.8322,1.0,2.925,0.65,siaga
3.768,8.388,26.562,94.66,23.74,26.46,8,1,30.423,0.4019,2,3.768,2.7959,0.9466,0.05,22.475,0.2,siaga
3.931,7.687,22.546,32.72,28.54,31.29,6,1,8.94,0.3179,0,3.931,2.5623,0.3272,0.05,9.338,0.85,siaga
0.0,0.0,0.0,36.05,17.11,29.82,9,1,7.685,0.05,3,0.0,0.0,0.3605,0.35,6.17,0.9,waspada
21.656,35.185,101.03,42.15,31.65,21.93,11,0,14.574,0.1387,3,21.656,11.7284,0.4215,0.15,13.34,0.7,siaga
77.377,154.121,330.599,88.9,32.84,28.43,5,0,7.485,0.2868,3,77.377,51.3738,0.889,0.35,29.195,0.25,awas
18.922,40.013,97.538,32.49,23.33,30.11,11,0,7.528,0.1828,3,18.922,13.3376,0.3249,0.35,7.581,0.85,siaga
79.579,183.942,382.891,47.91,22.07,8.89,2,0,5.068,0.1559,3,79.579,61.314,0.4791,0.15,10.574,0.5,awas
15.787,24.828,54.777,50.47,27.5,3.32,12,0,0.0,0.0819,2,15.787,8.276,0.5047,0.35,13.88,0.5,siaga
0.0,0.0,0.0,59.61,29.97,2.62,5,0,13.523,0.5276,3,0.0,0.0,0.5961,0.35,17.867,0.55,siaga
0.0,0.0,0.0,97.64,4.94,30.09,10,0,18.525,0.1982,2,0.0,0.0,0.9764,0.35,4.819,0.4,siaga
114.766,143.218,334.516,50.37,30.92,10.78,6,1,10.897,0.0773,1,114.766,47.7394,0.5037,0.05,15.572,0.25,awas
2.024,5.019,15.056,65.72,35.51,23.82,12,0,7.436,0.2817,1,2.024,1.6732,0.6572,0.15,23.338,0.35,siaga
0.0,0.0,0.0,96.55,7.58,15.19,1,0,12.97,0.05,2,0.0,0.0,0.9655,0.35,7.319,0.15,siaga
0.0,0.0,0.0,72.32,27.48,23.63,3,0,8.713,0.3201,2,0.0,0.0,0.7232,0.15,19.873,0.8,siaga
0.0,0.0,0.0,33.68,12.43,20.11,10,0,0.031,0.5047,3,0.0,0.0,0.3368,0.05,4.185,0.65,siaga
9.033,18.774,43.904,68.6,20.54,2.9,8,1,16.451,0.0529,2,9.033,6.2582,0.686,0.05,14.087,0.55,siaga
1.305,3.115,15.559,83.24,4.05,0.24,1,0,0.0,0.1704,2,1.305,1.0383,0.8324,0.15,3.372,0.45,siaga
18.688,29.151,75.302,88.98,23.41,3.9,11,0,1.077,0.627,3,18.688,9.717,0.8898,0.15,20.825,0.2,siaga
0.0,0.0,0.0,46.39,6.86,11.1,8,1,3.584,0.3413,2,0.0,0.0,0.4639,0.35,3.181,0.65,waspada
3.673,10.93,54.519,46.92,18.45,19.81,11,0,24.312,0.1387,2,3.673,3.6435,0.4692,0.15,8.655,0.15,siaga
3.035,6.032,17.048,40.35,8.84,28.69,3,0,10.104,0.05,3,3.035,2.0106,0.4035,0.05,3.569,0.45,siaga
0.0,0.0,0.0,36.88,31.59,0.07,9,1,11.761,0.4885,3,0.0,0.0,0.3688,0.15,11.652,0.35,waspada
20.024,47.321,129.77,41.29,18.95,26.78,12,0,9.98,0.6309,2,20.024,15.7735,0.4129,0.15,7.824,0.5,siaga
0.0,0.0,0.0,89.52,26.17,11.0,1,0,6.44,0.05,2,0.0,0.0,0.8952,0.55,23.428,0.6,siaga
0.0,0.0,0.0,77.97,26.32,5.34,7,1,9.745,0.1063,3,0.0,0.0,0.7797,0.05,20.522,0.8,siaga
8.716,14.193,37.228,93.69,13.17,10.6,3,0,11.767,0.2189,3,8.716,4.731,0.9369,0.35,12.337,0.5,siaga
56.319,96.421,252.623,49.47,24.39,5.67,8,1,1.904,0.05,2,56.319,32.1404,0.4947,0.15,12.065,0.55,awas
12.759,27.671,55.623,77.82,35.43,17.59,8,1,15.614,0.05,1,12.759,9.2238,0.7782,0.35,27.567,0.7,siaga
13.618,31.82,86.186,71.68,16.13,24.97,1,0,18.782,0.05,3,13.618,10.6068,0.7168,0.15,11.563,0.45,siaga
6.519,12.887,40.664,95.4,34.9,10.6,10,0,0.0,0.4665,1,6.519,4.2957,0.954,0.35,33.297,0.35,siaga
59.661,125.019,369.997,44.89,24.2,11.01,9,1,25.113,0.2279,3,59.661,41.6729,0.4489,0.85,10.863,0.65,siaga
3.289,6.296,26.847,45.52,9.45,22.27,2,0,13.473,0.3143,3,3.289,2.0988,0.4552,0.15,4.3,0.35,siaga
6.279,14.724,54.596,47.26,6.35,24.52,8,1,10.857,0.6207,3,6.279,4.908,0.4726,0.35,3.004,0.75,siaga
5.211,7.897,19.619,41.71,2.42,2.51,10,0,10.58,0.1368,3,5.211,2.6323,0.4171,0.35,1.008,0.6,waspada
0.0,0.0,0.0,47.91,12.66,2.81,9,1,11.5,0.0558,2,0.0,0.0,0.4791,0.15,6.065,0.55,siaga
0.0,0.0,0.0,35.31,35.7,29.7,8,1,10.153,0.4014,3,0.0,0.0,0.3531,0.55,12.603,0.6,waspada
10.628,23.138,52.016,76.43,24.27,2.42,8,1,11.667,0.05,2,10.628,7.7126,0.7643,0.15,18.547,0.55,siaga
24.049,58.304,136.51,49.46,8.99,13.25,9,1,8.906,0.7778,3,24.049,19.4346,0.4946,0.75,4.446,0.85,siaga
59.745,107.753,345.637,89.0,15.49,22.75,3,0,14.479,0.1209,3,59.745,35.9178,0.89,0.05,13.79,0.65,awas
44.589,104.783,309.351,96.45,37.88,18.54,4,0,13.174,0.478,3,44.589,34.9276,0.9645,0.35,36.532,0.75,awas
23.339,41.42,87.484,43.6,8.6,25.11,11,0,0.0,0.1726,2,23.339,13.8065,0.436,0.35,3.751,0.5,siaga
0.0,0.0,0.0,92.64,9.7,19.84,11,0,6.965,0.5378,2,0.0,0.0,0.9264,0.35,8.989,0.2,siaga
0.0,0.0,0.0,39.7,24.93,22.52,12,0,5.039,0.05,1,0.0,0.0,0.397,0.15,9.897,0.2,waspada
6.149,16.881,57.67,49.66,25.31,5.01,4,0,9.698,0.4837,3,6.149,5.627,0.4966,0.75,12.57,0.2,waspada
0.0,0.0,0.0,56.86,13.51,33.28,4,0,0.0,0.3156,3,0.0,0.0,0.5686,0.75,7.684,0.4,waspada
11.739,27.233,56.437,59.33,3.72,8.42,5,0,0.0,0.5601,2,11.739,9.0778,0.5933,0.05,2.209,0.5,siaga
4.679,11.451,56.158,32.45,23.4,21.74,10,0,10.0,0.4572,1,4.679,3.8169,0.3245,0.05,7.592,0.25,waspada
0.0,0.0,0.0,36.67,17.7,12.36,12,0,4.914,0.3474,1,0.0,0.0,0.3667,0.15,6.489,0.1,waspada
70.475,146.18,398.623,33.91,26.22,11.74,8,1,0.318,0.3574,3,70.475,48.7266,0.3391,0.75,8.891,0.35,siaga
146.906,202.683,435.162,77.21,33.25,6.22,1,0,0.0,0.3807,1,146.906,67.5609,0.7721,0.55,25.668,0.85,awas
0.0,0.0,0.0,81.51,34.59,5.77,11,0,6.553,0.2881,2,0.0,0.0,0.8151,0.05,28.196,0.25,siaga
0.0,0.0,0.0,65.17,26.7,22.47,7,1,1.481,0.3561,3,0.0,0.0,0.6517,0.55,17.403,0.1,waspada
16.975,39.843,133.14,43.9,26.0,30.11,1,0,9.185,0.05,3,16.975,13.281,0.439,0.15,11.415,0.55,siaga
0.0,0.0,0.0,69.88,24.95,27.58,5,0,0.0,0.1211,2,0.0,0.0,0.6988,0.15,17.435,0.5,siaga
7.102,19.759,53.817,57.13,18.69,25.01,3,0,17.481,0.4492,3,7.102,6.5864,0.5713,0.85,10.678,0.9,waspada
12.583,27.96,81.755,42.02,12.08,17.62,9,1,24.457,0.05,3,12.583,9.3201,0.4202,0.55,5.077,0.1,waspada
6.784,11.637,28.199,37.31,36.5,12.67,2,0,0.257,0.1536,3,6.784,3.8789,0.3731,0.05,13.618,0.65,siaga
7.882,21.541,45.949,91.12,3.35,34.15,11,0,2.44,0.1275,2,7.882,7.1804,0.9112,0.75,3.055,0.7,siaga
104.21,152.128,251.436,32.89,18.19,7.92,9,1,3.525,0.4765,3,104.21,50.7093,0.3289,0.35,5.982,0.5,siaga
119.086,235.271,391.532,76.25,24.87,8.08,9,1,0.0,0.1459,0,119.086,78.4238,0.7625,0.75,18.961,0.65,awas
0.0,0.0,0.0,33.42,8.31,29.65,1,0,17.211,0.2151,3,0.0,0.0,0.3342,0.35,2.776,0.9,waspada
5.647,8.56,40.431,68.5,26.58,16.64,12,0,11.755,0.4494,3,5.647,2.8532,0.685,0.35,18.205,0.3,waspada
13.687,33.681,113.474,58.33,4.28,5.23,5,0,0.0,0.246,3,13.687,11.227,0.5833,0.35,2.499,0.75,siaga
0.0,0.0,0.0,76.41,15.2,29.11,2,0,20.303,0.4566,3,0.0,0.0,0.7641,0.75,11.612,0.45,waspada
9.165,20.498,67.009,30.45,11.74,19.88,6,1,28.099,0.2262,1,9.165,6.8326,0.3045,0.15,3.573,0.3,siaga
0.0,0.0,0.0,79.45,32.44,29.03,11,0,3.384,0.4146,3,0.0,0.0,0.7945,0.35,25.775,0.7,siaga
0.0,0.0,0.0,64.06,29.24,26.73,5,0,14.398,0.5577,3,0.0,0.0,0.6406,0.75,18.735,0.9,waspada
6.524,12.736,53.913,66.88,17.03,31.95,8,1,10.812,0.1644,3,6.524,4.2455,0.6688,0.05,11.386,0.85,siaga
5.457,12.956,46.45,62.93,26.57,11.9,6,1,5.38,0.3397,2,5.457,4.3186,0.6293,0.75,16.721,0.2,waspada
6.4,18.899,70.074,92.01,7.07,30.23,4,0,4.667,0.4209,3,6.4,6.2997,0.9201,0.15,6.502,0.5,siaga
22.032,53.829,111.919,57.32,29.13,34.56,12,0,5.265,0.3749,3,22.032,17.943,0.5732,0.85,16.7,0.35,siaga
0.0,0.0,0.0,50.17,30.59,14.23,10,0,5.737,0.4861,2,0.0,0.0,0.5017,0.15,15.348,0.6,siaga
10.797,17.29,56.387,88.69,37.83,18.41,6,1,4.238,0.3963,2,10.797,5.7632,0.8869,0.15,33.551,0.1,siaga
0.0,0.0,0.0,92.68,19.35,11.05,6,1,0.153,0.05,3,0.0,0.0,0.9268,0.75,17.939,0.4,waspada
19.771,48.352,104.077,37.78,30.35,9.41,12,0,20.885,0.2031,3,19.771,16.1172,0.3778,0.55,11.466,0.6,siaga
0.0,0.0,0.0,82.94,9.27,4.42,1,0,0.0,0.4361,2,0.0,0.0,0.8294,0.15,7.689,0.8,siaga
21.56,49.457,138.348,73.07,4.07,11.69,9,1,1.047,0.0565,1,21.56,16.4857,0.7307,0.15,2.976,0.35,awas
0.0,0.0,0.0,93.07,12.79,35.0,4,0,7.402,0.1941,1,0.0,0.0,0.9307,0.75,11.899,0.85,waspada
0.0,0.0,0.0,46.62,9.54,31.9,8,1,16.974,0.05,3,0.0,0.0,0.4662,0.15,4.449,0.4,waspada
0.0,0.0,0.0,70.44,34.01,18.34,6,1,5.247,0.05,3,0.0,0.0,0.7044,0.05,23.953,0.2,siaga
9.553,16.475,46.559,71.2,6.04,27.96,10,0,0.0,0.1591,3,9.553,5.4916,0.712,0.05,4.297,0.65,siaga
38.488,90.813,303.099,56.05,4.23,27.74,8,1,18.133,0.2057,3,38.488,30.2709,0.5605,0.55,2.372,0.1,siaga
0.0,0.0,0.0,33.76,14.47,2.26,6,1,0.401,0.6981,1,0.0,0.0,0.3376,0.15,4.885,0.2,waspada
10.064,15.631,61.459,42.58,34.62,9.94,4,0,0.0,0.3004,2,10.064,5.2102,0.4258,0.85,14.743,0.25,waspada
3.944,9.581,40.194,90.16,12.56,27.34,9,1,11.281,0.1945,2,3.944,3.1938,0.9016,0.35,11.321,0.4,siaga
10.399,22.071,85.751,65.78,15.84,18.89,1,0,3.519,0.7644,3,10.399,7.3571,0.6578,0.05,10.421,0.3,siaga
19.492,36.885,74.804,92.26,12.82,20.43,3,0,11.604,0.5679,3,19.492,12.295,0.9226,0.75,11.829,0.9,siaga
4.313,11.505,31.25,49.96,34.64,32.59,10,0,0.134,0.2582,2,4.313,3.8351,0.4996,0.15,17.307,0.8,siaga
46.149,92.516,304.738,89.71,12.72,21.94,1,0,9.562,0.0554,2,46.149,30.8388,0.8971,0.15,11.41,0.5,awas
0.0,0.0,0.0,43.89,21.66,14.42,6,1,6.662,0.2624,2,0.0,0.0,0.4389,0.15,9.509,0.45,siaga
66.969,152.585,502.432,40.76,15.01,24.28,1,0,0.0,0.6207,2,66.969,50.8617,0.4076,0.35,6.12,0.25,siaga
0.0,0.0,0.0,45.21,27.98,33.39,9,1,0.0,0.05,3,0.0,0.0,0.4521,0.75,12.651,0.3,waspada
3.589,7.132,16.023,74.48,36.34,17.32,9,1,0.0,0.1174,3,3.589,2.3773,0.7448,0.15,27.062,0.1,siaga
0.0,0.0,0.0,41.97,22.73,20.36,7,1,11.241,0.0527,3,0.0,0.0,0.4197,0.55,9.539,0.45,waspada
0.0,0.0,0.0,96.04,11.37,2.65,3,0,6.536,0.08,2,0.0,0.0,0.9604,0.15,10.922,0.3,siaga
2.704,7.558,21.544,43.11,13.84,0.38,11,0,6.055,0.7362,2,2.704,2.5193,0.4311,0.35,5.966,0.6,waspada
22.364,33.639,93.482,43.88,18.57,16.76,2,0,0.647,0.4264,3,22.364,11.2129,0.4388,0.05,8.15,0.2,siaga
0.71,1.123,3.496,64.47,18.0,16.26,6,1,0.0,0.05,3,0.71,0.3743,0.6447,0.35,11.605,0.3,waspada
4.343,10.178,25.453,97.81,27.11,3.38,6,1,4.899,0.479,3,4.343,3.3925,0.9781,0.15,26.52,0.8,siaga
10.346,21.633,68.398,66.69,31.84,34.67,12,0,3.157,0.6067,3,10.346,7.2111,0.6669,0.35,21.231,0.9,siaga
1.145,2.363,5.671,31.84,14.91,10.61,10,0,3.059,0.05,1,1.145,0.7878,0.3184,0.35,4.748,0.25,waspada
0.0,0.0,0.0,32.96,23.33,1.15,2,0,8.537,0.5234,3,0.0,0.0,0.3296,0.55,7.691,0.65,waspada
7.494,11.249,52.9,83.12,19.39,19.2,12,0,2.44,0.7846,3,7.494,3.7495,0.8312,0.15,16.12,0.5,siaga
0.0,0.0,0.0,89.4,24.46,10.18,12,0,0.0,0.3289,2,0.0,0.0,0.894,0.75,21.866,0.2,waspada
4.517,6.957,15.501,71.59,14.56,21.43,6,1,0.0,0.5861,3,4.517,2.3189,0.7159,0.05,10.421,0.9,siaga
0.0,0.0,0.0,49.57,34.72,24.28,4,0,12.629,0.3979,3,0.0,0.0,0.4957,0.15,17.21,0.6,siaga
17.002,25.894,62.26,34.33,30.33,28.33,7,1,3.073,0.05,3,17.002,8.6314,0.3433,0.15,10.413,0.65,siaga
0.0,0.0,0.0,36.43,13.65,23.7,10,0,0.406,0.1762,3,0.0,0.0,0.3643,0.35,4.973,0.1,waspada
0.619,1.851,3.762,51.38,36.72,13.32,12,0,12.963,0.529,3,0.619,0.617,0.5138,0.15,18.87,0.1,siaga
9.183,16.855,66.066,80.98,23.27,18.05,4,0,4.194,0.2319,3,9.183,5.6183,0.8098,0.15,18.847,0.15,siaga
0.0,0.0,0.0,75.3,33.05,19.01,4,0,0.0,0.1804,3,0.0,0.0,0.753,0.55,24.884,0.75,waspada
1.36,3.962,15.78,74.63,23.96,29.37,7,1,13.989,0.3813,3,1.36,1.3207,0.7463,0.05,17.879,0.2,siaga
0.0,0.0,0.0,82.35,16.66,34.73,1,0,2.732,0.05,3,0.0,0.0,0.8235,0.15,13.723,0.55,siaga
6.486,12.522,56.231,55.15,16.98,34.5,8,1,0.0,0.05,0,6.486,4.174,0.5515,0.15,9.364,0.15,siaga
0.0,0.0,0.0,62.93,13.05,34.66,10,0,8.181,0.2312,3,0.0,0.0,0.6293,0.35,8.211,0.6,siaga
0.0,0.0,0.0,65.84,29.34,34.39,9,1,3.203,0.05,2,0.0,0.0,0.6584,0.55,19.319,0.9,siaga
0.0,0.0,0.0,37.28,5.18,31.41,3,0,14.965,0.3232,2,0.0,0.0,0.3728,0.15,1.932,0.55,waspada
23.429,53.129,200.814,35.31,30.92,9.18,2,0,24.371,0.5649,2,23.429,17.7095,0.3531,0.55,10.919,0.75,siaga
2.454,4.897,24.172,61.95,37.72,21.67,7,1,4.839,0.05,2,2.454,1.6322,0.6195,0.15,23.367,0.8,siaga
2.883,4.605,22.985,78.41,14.8,5.65,1,0,0.995,0.3068,2,2.883,1.535,0.7841,0.15,11.601,0.8,siaga
34.668,62.995,181.569,41.8,3.53,23.7,12,0,0.0,0.5358,3,34.668,20.9984,0.418,0.15,1.477,0.85,siaga
21.947,40.913,157.742,63.0,23.65,9.62,9,1,15.16,0.1933,3,21.947,13.6377,0.63,0.55,14.902,0.75,siaga
49.617,78.848,185.047,67.36,30.62,31.27,9,1,21.551,0.2448,3,49.617,26.2826,0.6736,0.75,20.629,0.45,siaga
5.337,13.386,46.981,55.69,12.29,28.85,2,0,4.24,0.3706,3,5.337,4.4621,0.5569,0.15,6.847,0.85,siaga
0.0,0.0,0.0,37.58,6.14,4.35,10,0,0.0,0.2634,1,0.0,0.0,0.3758,0.35,2.309,0.6,waspada
0.0,0.0,0.0,45.6,19.85,19.59,3,0,5.542,0.1247,3,0.0,0.0,0.456,0.35,9.049,0.65,waspada
0.0,0.0,0.0,31.98,30.74,23.19,4,0,9.86,0.2891,2,0.0,0.0,0.3198,0.35,9.831,0.2,waspada
4.164,10.111,39.241,88.21,3.57,17.23,3,0,0.0,0.05,3,4.164,3.3704,0.8821,0.15,3.15,0.45,siaga
0.0,0.0,0.0,84.61,3.96,30.28,3,0,6.202,0.1924,1,0.0,0.0,0.8461,0.15,3.353,0.4,siaga
0.0,0.0,0.0,87.17,14.64,1.35,5,0,6.494,0.05,3,0.0,0.0,0.8717,0.15,12.761,0.25,siaga
1.389,3.736,17.392,59.98,34.65,19.41,8,1,0.0,0.1884,3,1.389,1.2452,0.5998,0.35,20.783,0.85,siaga
7.623,20.238,93.737,47.79,22.9,28.19,12,0,9.716,0.0531,3,7.623,6.7459,0.4779,0.55,10.945,0.15,waspada
0.0,0.0,0.0,94.98,34.99,2.18,12,0,5.208,0.1803,1,0.0,0.0,0.9498,0.75,33.232,0.2,waspada
18.512,38.888,111.829,65.65,12.45,3.94,7,1,4.494,0.4248,3,18.512,12.9626,0.6565,0.05,8.176,0.75,awas
4.135,11.123,55.524,84.14,37.56,3.35,5,0,4.294,0.3089,3,4.135,3.7075,0.8414,0.35,31.606,0.3,siaga
0.0,0.0,0.0,64.23,10.19,3.98,9,1,0.0,0.1917,3,0.0,0.0,0.6423,0.15,6.546,0.9,siaga
0.0,0.0,0.0,86.16,30.11,9.14,11,0,5.29,0.2281,3,0.0,0.0,0.8616,0.15,25.946,0.15,siaga
7.434,20.838,58.016,67.66,35.91,26.41,4,0,4.057,0.0764,3,7.434,6.946,0.6766,0.55,24.3,0.75,siaga
16.958,32.401,113.393,97.98,26.07,4.59,4,0,12.181,0.05,2,16.958,10.8002,0.9798,0.35,25.544,0.75,awas
6.131,11.01,36.385,74.18,30.06,3.14,1,0,9.428,0.05,3,6.131,3.67,0.7418,0.15,22.302,0.65,siaga
0.0,0.0,0.0,66.68,18.13,5.37,10,0,10.732,0.2022,2,0.0,0.0,0.6668,0.15,12.089,0.7,siaga
0.0,0.0,0.0,48.87,32.9,25.19,5,0,17.143,0.068,3,0.0,0.0,0.4887,0.75,16.079,0.5,waspada
7.18,11.455,52.203,41.03,2.53,6.61,9,1,1.438,0.4876,3,7.18,3.8182,0.4103,0.35,1.036,0.15,waspada
0.0,0.0,0.0,57.93,20.15,25.37,10,0,0.0,0.2538,3,0.0,0.0,0.5793,0.55,11.671,0.7,waspada
5.975,14.091,32.053,90.98,17.68,34.23,12,0,4.44,0.4838,3,5.975,4.6971,0.9098,0.35,16.087,0.3,siaga
0.0,0.0,0.0,41.55,9.05,25.03,6,1,0.0,0.2436,3,0.0,0.0,0.4155,0.75,3.761,0.1,waspada
2.81,5.226,22.521,67.79,24.47,7.59,5,0,14.591,0.1475,1,2.81,1.7421,0.6779,0.15,16.586,0.75,siaga
0.0,0.0,0.0,64.96,29.06,15.01,11,0,5.234,0.1426,3,0.0,0.0,0.6496,0.05,18.875,0.9,siaga
110.973,217.208,524.481,92.67,7.38,3.95,7,1,13.123,0.05,3,110.973,72.4027,0.9267,0.15,6.844,0.25,awas
11.952,24.239,56.789,65.03,2.34,34.15,8,1,11.25,0.0732,1,11.952,8.0798,0.6503,0.35,1.519,0.35,siaga
0.0,0.0,0.0,36.07,18.05,5.17,5,0,13.166,0.05,2,0.0,0.0,0.3607,0.55,6.511,0.65,waspada
32.635,75.454,152.951,90.34,7.98,1.72,10,0,11.333,0.1951,3,32.635,25.1514,0.9034,0.35,7.206,0.75,awas
6.185,17.78,72.323,81.62,13.95,29.86,7,1,0.0,0.2419,2,6.185,5.9267,0.8162,0.75,11.388,0.75,waspada
0.0,0.0,0.0,73.06,23.96,3.86,10,0,1.019,0.05,3,0.0,0.0,0.7306,0.55,17.503,0.1,waspada
0.0,0.0,0.0,34.46,27.24,24.28,9,1,10.26,0.05,3,0.0,0.0,0.3446,0.55,9.384,0.35,waspada
0.0,0.0,0.0,57.86,29.43,2.39,10,0,7.98,0.1955,3,0.0,0.0,0.5786,0.55,17.031,0.6,waspada
0.0,0.0,0.0,51.92,3.16,4.47,4,0,13.232,0.3446,1,0.0,0.0,0.5192,0.15,1.639,0.7,siaga
1.952,4.028,14.66,95.58,17.04,2.37,6,1,1.899,0.05,3,1.952,1.3427,0.9558,0.35,16.29,0.8,siaga
1.397,2.212,10.97,87.58,20.28,14.13,3,0,10.048,0.4218,2,1.397,0.7374,0.8758,0.15,17.762,0.25,siaga
0.0,0.0,0.0,59.84,19.76,27.94,3,0,2.323,0.209,3,0.0,0.0,0.5984,0.75,11.827,0.7,waspada
0.0,0.0,0.0,87.27,16.23,3.01,4,0,12.2,0.05,3,0.0,0.0,0.8727,0.15,14.165,0.65,siaga
2.485,5.752,26.681,38.64,30.08,25.65,2,0,0.0,0.4075,3,2.485,1.9175,0.3864,0.05,11.623,0.25,waspada
0.0,0.0,0.0,78.69,10.74,10.65,5,0,6.393,0.3299,3,0.0,0.0,0.7869,0.15,8.451,0.65,siaga
73.342,173.381,357.005,95.23,12.49,11.39,10,0,2.316,0.05,3,73.342,57.7937,0.9523,0.55,11.898,0.55,awas
0.0,0.0,0.0,59.14,30.08,22.59,12,0,16.757,0.4937,3,0.0,0.0,0.5914,0.15,17.791,0.8,siaga
73.42,175.054,484.303,36.38,28.73,34.25,5,0,11.965,0.344,2,73.42,58.3514,0.3638,0.15,10.451,0.85,awas
7.451,15.85,42.176,87.34,21.48,17.26,11,0,0.656,0.3088,2,7.451,5.2835,0.8734,0.55,18.759,0.1,siaga
0.0,0.0,0.0,77.29,34.24,3.97,1,0,25.128,0.3895,3,0.0,0.0,0.7729,0.75,26.462,0.35,waspada
118.843,194.608,449.465,51.91,14.0,14.89,11,0,12.25,0.05,3,118.843,64.8693,0.5191,0.15,7.27,0.6,awas
0.0,0.0,0.0,79.34,34.6,21.48,6,1,10.0,0.1576,3,0.0,0.0,0.7934,0.55,27.451,0.1,waspada
0.0,0.0,0.0,82.26,13.16,5.72,3,0,0.0,0.3788,3,0.0,0.0,0.8226,0.15,10.825,0.6,siaga
0.629,0.989,3.494,68.28,22.38,18.58,1,0,13.666,0.4224,3,0.629,0.3296,0.6828,0.05,15.282,0.35,siaga
6.407,13.517,65.691,91.06,20.17,20.34,10,0,5.118,0.05,3,6.407,4.5058,0.9106,0.15,18.367,0.35,siaga
0.0,0.0,0.0,84.9,5.12,33.57,7,1,15.676,0.4942,2,0.0,0.0,0.849,0.35,4.348,0.3,siaga
0.794,1.944,4.035,39.31,19.76,8.97,11,0,0.0,0.05,2,0.794,0.6479,0.3931,0.35,7.77,0.7,waspada
4.232,12.249,55.139,38.89,20.57,3.46,10,0,16.434,0.6293,2,4.232,4.083,0.3889,0.15,7.999,0.25,waspada
0.0,0.0,0.0,92.85,14.99,4.14,10,0,13.316,0.3262,1,0.0,0.0,0.9285,0.75,13.914,0.5,waspada
0.0,0.0,0.0,46.25,35.08,21.01,8,1,0.0,0.05,1,0.0,0.0,0.4625,0.35,16.224,0.8,waspada
1.809,5.22,13.048,72.87,23.46,25.22,4,0,7.242,0.3162,2,1.809,1.7399,0.7287,0.35,17.097,0.25,siaga
0.0,0.0,0.0,79.7,14.14,18.28,8,1,1.322,0.1071,2,0.0,0.0,0.797,0.55,11.268,0.45,waspada
117.055,222.893,392.755,81.67,24.7,30.79,5,0,1.875,0.1645,3,117.055,74.2977,0.8167,0.75,20.17,0.5,awas
134.944,232.447,449.148,94.48,34.09,16.02,11,0,10.836,0.2377,2,134.944,77.4825,0.9448,0.35,32.212,0.85,awas
0.0,0.0,0.0,61.13,13.56,11.86,8,1,5.842,0.05,3,0.0,0.0,0.6113,0.55,8.29,0.8,waspada
56.26,106.558,298.262,43.32,4.93,1.69,1,0,17.805,0.1141,3,56.26,35.5192,0.4332,0.35,2.137,0.35,siaga
2.133,5.833,13.509,38.57,7.47,23.47,8,1,2.481,0.2802,1,2.133,1.9444,0.3857,0.55,2.881,0.85,waspada
12.407,28.035,71.769,68.68,33.47,14.04,8,1,20.928,0.0656,3,12.407,9.345,0.6868,0.15,22.988,0.7,siaga
0.0,0.0,0.0,61.74,37.88,3.01,10,0,19.286,0.2066,1,0.0,0.0,0.6174,0.35,23.39,0.8,waspada
3.583,8.447,39.321,62.34,20.68,12.11,1,0,0.0,0.2614,3,3.583,2.8156,0.6234,0.35,12.891,0.1,siaga
0.822,1.476,5.344,93.5,23.31,16.47,10,0,8.21,0.4648,3,0.822,0.4921,0.935,0.35,21.793,0.7,siaga
0.0,0.0,0.0,82.8,14.18,5.11,8,1,0.0,0.1325,0,0.0,0.0,0.828,0.35,11.739,0.8,siaga
18.232,32.814,76.264,37.81,6.22,4.59,7,1,11.998,0.2893,3,18.232,10.9379,0.3781,0.05,2.35,0.2,siaga
6.851,10.808,37.087,59.79,23.08,3.07,4,0,0.495,0.2281,3,6.851,3.6028,0.5979,0.15,13.801,0.9,siaga
6.703,14.694,72.179,38.45,11.97,16.07,2,0,4.511,0.6831,2,6.703,4.898,0.3845,0.15,4.601,0.85,siaga
0.0,0.0,0.0,62.91,9.37,12.47,9,1,0.0,0.2876,2,0.0,0.0,0.6291,0.15,5.895,0.5,siaga
16.265,38.267,84.815,63.52,5.16,9.71,2,0,8.026,0.3864,2,16.265,12.7557,0.6352,0.15,3.278,0.25,siaga
5.992,11.208,30.168,85.44,19.89,30.08,2,0,4.513,0.3055,3,5.992,3.736,0.8544,0.35,16.992,0.4,siaga
11.013,25.465,91.068,46.4,8.82,24.24,7,1,12.644,0.302,2,11.013,8.4883,0.464,0.15,4.09,0.55,siaga
47.614,84.982,292.638,61.12,16.49,17.69,3,0,13.979,0.05,2,47.614,28.3274,0.6112,0.35,10.077,0.25,siaga
0.0,0.0,0.0,86.58,21.58,30.99,5,0,5.532,0.05,3,0.0,0.0,0.8658,0.15,18.679,0.1,siaga
16.195,39.249,119.388,78.66,17.35,0.06,12,0,15.006,0.2465,1,16.195,13.0831,0.7866,0.75,13.651,0.4,siaga
51.678,101.914,327.732,74.7,3.3,31.91,11,0,6.793,0.2489,3,51.678,33.9713,0.747,0.35,2.464,0.15,awas
7.939,16.001,51.873,51.82,14.81,34.32,5,0,1.293,0.2013,1,7.939,5.3336,0.5182,0.15,7.674,0.65,siaga
6.317,17.092,77.156,65.22,17.73,15.6,9,1,2.392,0.4955,0,6.317,5.6973,0.6522,0.35,11.567,0.8,siaga
0.0,0.0,0.0,97.44,29.53,14.91,6,1,2.851,0.106,3,0.0,0.0,0.9744,0.15,28.768,0.55,siaga
9.974,19.929,61.622,40.59,30.1,7.59,9,1,0.806,0.2707,3,9.974,6.6432,0.4059,0.15,12.219,0.3,siaga
0.0,0.0,0.0,43.75,33.41,28.03,7,1,13.701,0.1746,2,0.0,0.0,0.4375,0.15,14.616,0.5,waspada
15.709,24.279,94.154,34.15,8.98,0.28,2,0,4.231,0.05,2,15.709,8.0931,0.3415,0.35,3.066,0.1,waspada
118.552,206.608,462.369,96.55,23.24,25.44,11,0,8.623,0.05,3,118.552,68.8695,0.9655,0.15,22.436,0.45,awas
0.0,0.0,0.0,39.74,28.01,14.92,11,0,11.153,0.2087,2,0.0,0.0,0.3974,0.35,11.134,0.2,waspada
1.531,4.224,18.015,54.32,33.25,7.34,8,1,3.977,0.2368,3,1.531,1.4082,0.5432,0.05,18.063,0.15,siaga
0.0,0.0,0.0,91.44,9.0,24.02,10,0,20.424,0.2751,3,0.0,0.0,0.9144,0.35,8.23,0.85,siaga
3.953,11.146,26.839,44.14,14.5,31.08,10,0,14.941,0.05,3,3.953,3.7152,0.4414,0.15,6.399,0.2,siaga
0.0,0.0,0.0,93.6,35.25,28.02,3,0,21.678,0.1042,3,0.0,0.0,0.936,0.15,32.998,0.85,siaga
5.298,11.563,54.188,73.69,19.21,0.65,2,0,7.087,0.1767,2,5.298,3.8544,0.7369,0.35,14.155,0.55,siaga
54.488,82.77,209.668,48.37,11.13,28.38,12,0,0.778,0.05,3,54.488,27.5899,0.4837,0.35,5.386,0.9,awas
0.0,0.0,0.0,43.33,10.86,28.2,10,0,5.96,0.3849,3,0.0,0.0,0.4333,0.15,4.706,0.15,waspada
117.844,176.705,404.969,43.19,21.05,28.92,5,0,8.473,0.1022,3,117.844,58.9015,0.4319,0.15,9.089,0.4,awas
12.119,29.668,72.862,70.61,23.15,5.76,7,1,14.878,0.3928,2,12.119,9.8893,0.7061,0.55,16.343,0.2,siaga
0.0,0.0,0.0,59.16,8.46,4.78,6,1,0.0,0.0973,3,0.0,0.0,0.5916,0.55,5.006,0.8,waspada
135.457,171.021,283.713,62.65,10.16,14.0,1,0,3.689,0.05,2,135.457,57.0071,0.6265,0.75,6.366,0.2,siaga
0.0,0.0,0.0,31.32,26.1,33.94,2,0,6.418,0.1622,1,0.0,0.0,0.3132,0.75,8.173,0.4,waspada
5.516,16.061,54.916,31.86,13.59,23.51,5,0,30.343,0.1748,3,5.516,5.3536,0.3186,0.35,4.33,0.85,waspada
15.883,24.248,51.442,34.67,20.35,8.28,3,0,1.718,0.05,3,15.883,8.0827,0.3467,0.55,7.056,0.1,waspada
0.0,0.0,0.0,66.52,30.27,27.29,4,0,14.223,0.1503,2,0.0,0.0,0.6652,0.35,20.133,0.3,siaga
0.0,0.0,0.0,93.25,18.48,13.78,11,0,13.895,0.1641,3,0.0,0.0,0.9325,0.15,17.232,0.7,siaga
0.0,0.0,0.0,93.42,28.8,28.58,4,0,6.165,0.05,1,0.0,0.0,0.9342,0.35,26.904,0.4,siaga
0.0,0.0,0.0,82.63,27.62,11.88,10,0,0.0,0.05,1,0.0,0.0,0.8263,0.05,22.82,0.15,siaga
0.0,0.0,0.0,44.88,7.61,14.37,11,0,17.112,0.5811,3,0.0,0.0,0.4488,0.05,3.416,0.3,siaga
0.0,0.0,0.0,85.45,37.77,25.28,8,1,17.918,0.05,3,0.0,0.0,0.8545,0.15,32.274,0.35,siaga
14.838,33.922,106.952,74.35,30.92,33.0,3,0,11.239,0.05,3,14.838,11.3074,0.7435,0.75,22.994,0.35,siaga
16.768,26.151,94.061,72.44,35.44,5.83,1,0,2.277,0.3792,1,16.768,8.717,0.7244,0.15,25.672,0.35,siaga
17.486,36.313,137.047,60.63,10.3,32.62,9,1,19.224,0.3861,0,17.486,12.1044,0.6063,0.35,6.246,0.9,siaga
0.0,0.0,0.0,84.02,23.98,31.94,4,0,0.0,0.337,2,0.0,0.0,0.8402,0.75,20.15,0.7,waspada
76.489,133.109,448.165,51.61,29.24,18.8,2,0,2.914,0.4694,1,76.489,44.3696,0.5161,0.05,15.09,0.55,awas
0.0,0.0,0.0,50.32,32.28,29.86,11,0,0.875,0.2479,3,0.0,0.0,0.5032,0.15,16.245,0.3,siaga
0.0,0.0,0.0,38.6,23.07,24.65,2,0,6.802,0.05,1,0.0,0.0,0.386,0.15,8.906,0.85,waspada
0.0,0.0,0.0,91.64,24.04,0.97,12,0,6.543,0.0768,3,0.0,0.0,0.9164,0.35,22.033,0.65,siaga
28.073,50.049,134.162,79.82,22.42,6.57,12,0,0.0,0.2325,2,28.073,16.6832,0.7982,0.15,17.892,0.7,awas
0.0,0.0,0.0,91.57,2.02,21.76,1,0,1.598,0.2884,2,0.0,0.0,0.9157,1.0,1.845,0.35,waspada
0.727,1.94,5.215,84.1,6.37,14.44,7,1,18.944,0.1634,3,0.727,0.6466,0.841,0.55,5.36,0.6,waspada
0.0,0.0,0.0,46.61,15.9,12.06,10,0,9.826,0.1785,1,0.0,0.0,0.4661,0.15,7.414,0.15,waspada
14.85,35.031,113.371,31.62,27.81,32.35,3,0,2.602,0.05,2,14.85,11.6769,0.3162,0.35,8.791,0.9,siaga
0.0,0.0,0.0,71.91,18.03,5.44,2,0,4.451,0.2229,1,0.0,0.0,0.7191,0.15,12.961,0.4,siaga
19.172,45.327,147.222,87.15,22.72,23.11,9,1,7.684,0.0948,3,19.172,15.1089,0.8715,0.05,19.796,0.5,awas
12.392,24.778,69.593,75.14,29.92,31.62,10,0,11.312,0.5917,3,12.392,8.2593,0.7514,0.05,22.478,0.15,siaga
133.535,257.105,520.873,86.27,14.36,2.25,11,0,18.358,0.2621,2,133.535,85.7018,0.8627,0.55,12.386,0.2,awas
0.0,0.0,0.0,37.48,33.5,25.24,1,0,15.689,0.3848,2,0.0,0.0,0.3748,0.75,12.555,0.8,waspada
0.0,0.0,0.0,86.91,14.16,3.14,3,0,8.762,0.05,2,0.0,0.0,0.8691,0.05,12.302,0.1,siaga
6.413,14.078,37.787,76.37,25.47,32.68,12,0,4.662,0.097,1,6.413,4.6928,0.7637,0.05,19.45,0.15,siaga
140.646,267.302,582.814,34.92,29.65,21.87,4,0,15.276,0.1079,3,140.646,89.1006,0.3492,0.15,10.355,0.3,awas
0.0,0.0,0.0,53.99,16.83,11.56,7,1,13.801,0.05,3,0.0,0.0,0.5399,0.15,9.087,0.85,siaga
63.56,104.98,296.419,78.98,32.72,32.23,3,0,0.0,0.2673,1,63.56,34.9935,0.7898,0.15,25.838,0.8,awas
38.533,88.528,268.616,71.74,26.41,17.88,5,0,8.318,0.05,3,38.533,29.5092,0.7174,0.15,18.951,0.1,awas
0.0,0.0,0.0,62.27,6.75,9.84,2,0,14.56,0.3473,3,0.0,0.0,0.6227,0.05,4.204,0.6,siaga
27.319,55.508,163.967,62.05,11.22,25.22,5,0,12.549,0.0518,3,27.319,18.5026,0.6205,0.15,6.96,0.4,siaga
17.784,31.497,90.544,40.69,28.61,25.21,2,0,14.302,0.2598,2,17.784,10.499,0.4069,0.15,11.643,0.25,siaga
0.0,0.0,0.0,48.51,27.07,16.43,10,0,3.465,0.2218,3,0.0,0.0,0.4851,0.15,13.13,0.1,waspada
3.662,6.565,23.535,32.72,7.99,3.69,11,0,16.421,0.05,2,3.662,2.1884,0.3272,0.15,2.615,0.3,waspada
3.733,7.176,21.354,87.97,17.02,31.35,11,0,0.0,0.1951,2,3.733,2.3921,0.8797,0.15,14.971,0.65,siaga
0.0,0.0,0.0,60.22,32.37,7.84,8,1,0.0,0.3278,0,0.0,0.0,0.6022,0.05,19.495,0.7,siaga
0.0,0.0,0.0,38.73,19.25,30.09,1,0,0.0,0.05,2,0.0,0.0,0.3873,0.35,7.454,0.6,waspada
8.614,14.064,43.519,39.8,33.25,27.75,7,1,5.955,0.05,3,8.614,4.6881,0.398,0.15,13.235,0.35,siaga
7.246,15.174,59.586,62.25,25.03,14.44,6,1,4.195,0.2888,2,7.246,5.0581,0.6225,0.15,15.584,0.1,siaga
18.279,45.48,160.508,77.18,29.67,0.12,9,1,0.0,0.376,1,18.279,15.1601,0.7718,0.15,22.902,0.45,awas
16.302,37.654,131.005,79.85,5.16,13.44,3,0,14.48,0.05,3,16.302,12.5512,0.7985,0.15,4.122,0.25,siaga
0.0,0.0,0.0,72.77,10.46,16.42,6,1,11.211,0.4015,3,0.0,0.0,0.7277,0.15,7.614,0.35,siaga
0.0,0.0,0.0,79.13,23.67,20.46,10,0,11.146,0.05,3,0.0,0.0,0.7913,0.55,18.729,0.25,waspada
24.699,43.31,154.548,77.17,17.81,9.52,10,0,5.199,0.1934,2,24.699,14.4368,0.7717,0.85,13.743,0.75,siaga
4.373,11.611,24.343,70.05,33.46,26.55,1,0,4.2,0.1238,3,4.373,3.8704,0.7005,0.35,23.44,0.9,siaga
0.893,1.914,5.192,59.18,19.46,4.53,10,0,6.683,0.05,3,0.893,0.6378,0.5918,0.05,11.515,0.3,siaga
8.071,18.777,39.79,72.24,30.04,15.31,5,0,0.0,0.5902,3,8.071,6.259,0.7224,0.55,21.704,0.45,siaga
0.0,0.0,0.0,54.48,21.62,16.47,10,0,8.742,0.4448,0,0.0,0.0,0.5448,0.15,11.778,0.55,siaga
3.598,8.785,24.224,73.99,22.03,27.28,12,0,4.62,0.1662,2,3.598,2.9283,0.7399,0.85,16.299,0.8,waspada
19.958,39.33,113.812,59.51,5.25,30.31,8,1,15.856,0.1035,3,19.958,13.1101,0.5951,0.55,3.125,0.85,siaga
3.778,6.797,24.27,30.26,11.11,14.61,1,0,19.851,0.3693,0,3.778,2.2657,0.3026,0.55,3.363,0.25,waspada
14.849,28.923,113.197,56.27,18.29,28.64,5,0,4.332,0.2826,3,14.849,9.6409,0.5627,0.55,10.29,0.4,siaga
6.695,17.583,38.528,50.87,31.02,23.65,2,0,0.0,0.2251,2,6.695,5.8608,0.5087,0.55,15.779,0.1,waspada
6.563,13.704,51.606,33.78,17.66,30.47,10,0,5.354,0.43,3,6.563,4.5681,0.3378,0.15,5.966,0.55,siaga
5.568,11.89,40.969,59.38,14.75,20.17,4,0,12.028,0.1355,3,5.568,3.9633,0.5938,0.35,8.76,0.4,siaga
0.667,1.744,6.102,78.14,28.53,23.85,2,0,8.928,0.1956,3,0.667,0.5813,0.7814,0.05,22.293,0.7,siaga
55.913,99.282,209.131,72.99,8.81,25.92,5,0,6.068,0.3605,3,55.913,33.0939,0.7299,0.35,6.431,0.85,awas
0.0,0.0,0.0,74.32,22.68,16.21,9,1,24.025,0.116,1,0.0,0.0,0.7432,0.35,16.858,0.35,waspada
0.0,0.0,0.0,46.13,21.14,32.75,12,0,6.247,0.4191,2,0.0,0.0,0.4613,0.35,9.754,0.15,waspada
0.0,0.0,0.0,47.95,22.86,0.02,12,0,0.0,0.05,2,0.0,0.0,0.4795,0.35,10.961,0.5,waspada
19.569,35.726,103.341,55.31,22.38,7.38,6,1,4.098,0.2349,3,19.569,11.9088,0.5531,0.15,12.377,0.6,siaga
3.173,7.912,35.212,91.55,28.99,28.61,5,0,2.444,0.3299,2,3.173,2.6372,0.9155,0.15,26.536,0.35,siaga
5.115,8.96,36.033,64.64,2.52,13.06,4,0,16.594,0.05,2,5.115,2.9867,0.6464,0.75,1.63,0.1,waspada
4.388,12.415,28.857,55.92,15.33,25.3,8,1,7.493,0.05,0,4.388,4.1384,0.5592,0.35,8.575,0.3,siaga
0.0,0.0,0.0,45.37,16.49,23.97,3,0,14.441,0.1566,3,0.0,0.0,0.4537,0.15,7.48,0.9,siaga
5.454,15.716,55.816,90.09,19.39,23.47,4,0,19.502,0.05,3,5.454,5.2387,0.9009,0.05,17.469,0.8,siaga
17.436,27.507,80.857,95.47,18.21,12.32,8,1,0.0,0.3527,3,17.436,9.1689,0.9547,0.35,17.384,0.75,siaga
0.0,0.0,0.0,91.49,12.25,5.29,12,0,10.016,0.05,1,0.0,0.0,0.9149,0.35,11.205,0.5,siaga
17.488,32.365,94.949,80.8,26.44,23.45,9,1,0.0,0.1938,3,17.488,10.7883,0.808,0.15,21.367,0.9,awas
72.12,110.298,282.012,52.95,29.23,33.08,10,0,0.0,0.05,3,72.12,36.7659,0.5295,0.55,15.48,0.35,siaga
0.0,0.0,0.0,91.47,21.85,28.52,12,0,21.956,0.2249,3,0.0,0.0,0.9147,0.15,19.991,0.75,siaga
0.0,0.0,0.0,54.61,36.24,8.29,6,1,0.0,0.1508,3,0.0,0.0,0.5461,0.35,19.787,0.9,siaga
0.0,0.0,0.0,64.38,5.77,22.11,7,1,12.723,0.05,2,0.0,0.0,0.6438,0.35,3.713,0.55,waspada
0.0,0.0,0.0,41.21,10.04,28.09,2,0,16.346,0.05,1,0.0,0.0,0.4121,0.35,4.139,0.8,waspada
9.127,21.956,51.397,39.29,14.91,31.98,7,1,17.755,0.2945,2,9.127,7.3186,0.3929,0.35,5.858,0.85,siaga
14.711,29.937,62.974,54.86,20.66,3.25,8,1,8.95,0.2527,2,14.711,9.9791,0.5486,0.15,11.332,0.65,siaga
0.0,0.0,0.0,76.7,4.46,1.57,5,0,11.815,0.2531,3,0.0,0.0,0.767,0.35,3.424,0.25,siaga
22.0,51.572,193.892,70.58,22.76,29.57,5,0,13.01,0.1041,3,22.0,17.1906,0.7058,0.35,16.068,0.65,siaga
0.0,0.0,0.0,33.52,20.82,14.19,11,0,0.0,0.05,2,0.0,0.0,0.3352,0.35,6.979,0.6,waspada
0.0,0.0,0.0,57.53,3.04,22.64,6,1,1.93,0.194,3,0.0,0.0,0.5753,0.85,1.75,0.3,waspada
7.301,20.762,45.147,75.91,34.97,27.29,1,0,6.144,0.084,3,7.301,6.9208,0.7591,0.75,26.547,0.1,waspada
0.0,0.0,0.0,83.82,2.27,13.77,10,0,4.838,0.05,3,0.0,0.0,0.8382,0.35,1.903,0.5,siaga
14.2,31.06,119.237,36.66,6.28,33.1,4,0,0.0,0.6068,2,14.2,10.3534,0.3666,0.75,2.303,0.7,waspada
0.0,0.0,0.0,70.98,7.78,22.66,6,1,10.542,0.05,3,0.0,0.0,0.7098,0.55,5.519,0.1,waspada
0.0,0.0,0.0,80.72,9.35,22.47,4,0,18.258,0.385,3,0.0,0.0,0.8072,0.35,7.552,0.4,siaga
0.0,0.0,0.0,73.39,36.72,2.32,2,0,13.437,0.2032,2,0.0,0.0,0.7339,0.15,26.944,0.85,siaga
0.0,0.0,0.0,56.21,9.13,28.19,11,0,0.0,0.7098,2,0.0,0.0,0.5621,0.15,5.13,0.8,siaga
14.639,30.476,113.193,60.62,18.22,4.47,8,1,27.061,0.2146,2,14.639,10.1588,0.6062,0.35,11.045,0.7,siaga
0.0,0.0,0.0,54.14,35.9,13.97,10,0,0.0,0.1547,0,0.0,0.0,0.5414,0.15,19.437,0.1,siaga
0.0,0.0,0.0,53.65,15.4,2.88,7,1,0.0,0.2975,3,0.0,0.0,0.5365,0.55,8.26,0.2,waspada
0.0,0.0,0.0,34.04,16.63,13.82,9,1,4.4,0.4625,2,0.0,0.0,0.3404,0.55,5.66,0.45,waspada
0.0,0.0,0.0,81.69,25.38,27.12,2,0,16.632,0.2482,3,0.0,0.0,0.8169,0.35,20.731,0.1,siaga
0.0,0.0,0.0,77.46,14.88,11.55,5,0,5.636,0.05,1,0.0,0.0,0.7746,0.75,11.523,0.4,waspada
0.0,0.0,0.0,79.43,5.53,24.91,5,0,7.026,0.05,2,0.0,0.0,0.7943,0.05,4.394,0.75,siaga
0.0,0.0,0.0,76.7,26.93,18.27,10,0,10.623,0.2161,2,0.0,0.0,0.767,0.15,20.659,0.15,siaga
0.0,0.0,0.0,62.38,18.21,28.96,8,1,26.133,0.138,1,0.0,0.0,0.6238,0.15,11.357,0.4,siaga
8.288,16.388,41.279,89.69,16.69,27.22,12,0,6.176,0.1722,3,8.288,5.4627,0.8969,0.55,14.965,0.3,siaga
0.0,0.0,0.0,54.52,11.82,24.03,4,0,5.868,0.1433,3,0.0,0.0,0.5452,0.15,6.444,0.75,siaga
71.059,150.419,352.575,32.03,35.12,12.23,8,1,17.788,0.05,2,71.059,50.1396,0.3203,0.15,11.249,0.9,awas
0.0,0.0,0.0,95.51,22.74,14.23,10,0,0.0,0.0976,2,0.0,0.0,0.9551,0.55,21.724,0.35,siaga
1.619,3.719,16.891,46.02,31.35,16.06,3,0,28.533,0.4484,1,1.619,1.2397,0.4602,0.35,14.429,0.85,waspada
0.0,0.0,0.0,65.81,24.02,10.62,5,0,3.358,0.0706,3,0.0,0.0,0.6581,0.15,15.809,0.85,siaga
0.0,0.0,0.0,41.63,36.46,27.0,2,0,11.267,0.163,3,0.0,0.0,0.4163,0.35,15.178,0.4,waspada
8.528,19.819,68.311,94.76,26.9,13.62,3,0,7.597,0.3069,3,8.528,6.6062,0.9476,0.55,25.49,0.85,siaga
14.164,33.162,87.214,92.6,11.67,27.27,9,1,9.081,0.3466,3,14.164,11.0539,0.926,0.15,10.806,0.55,awas
19.579,37.721,101.336,89.34,33.34,12.88,5,0,9.416,0.05,1,19.579,12.5736,0.8934,0.15,29.79,0.75,awas
16.924,28.607,106.582,87.82,2.49,28.03,12,0,0.0,0.1432,3,16.924,9.5356,0.8782,0.35,2.189,0.45,siaga
0.0,0.0,0.0,41.81,29.09,6.09,8,1,0.0,0.5526,3,0.0,0.0,0.4181,0.35,12.165,0.45,waspada
0.0,0.0,0.0,35.7,14.45,26.58,10,0,0.0,0.05,3,0.0,0.0,0.357,0.15,5.158,0.1,waspada
4.864,14.358,50.46,40.69,5.8,27.08,4,0,18.161,0.05,3,4.864,4.7859,0.4069,0.05,2.36,0.75,siaga
0.0,0.0,0.0,69.14,13.31,4.44,6,1,15.386,0.05,3,0.0,0.0,0.6914,0.05,9.205,0.5,siaga
32.164,77.761,233.902,37.6,37.89,5.4,5,0,7.179,0.3244,3,32.164,25.9205,0.376,0.35,14.245,0.3,siaga
20.294,30.706,116.21,78.01,31.8,1.91,10,0,9.388,0.4489,2,20.294,10.2355,0.7801,0.75,24.807,0.5,siaga
0.0,0.0,0.0,30.76,8.66,28.93,2,0,0.0,0.2874,2,0.0,0.0,0.3076,0.15,2.663,0.65,waspada
24.391,47.651,181.732,92.75,30.27,25.69,12,0,0.0,0.2253,3,24.391,15.8838,0.9275,0.35,28.077,0.2,awas
0.0,0.0,0.0,89.2,21.38,12.11,7,1,18.905,0.4475,3,0.0,0.0,0.892,0.35,19.072,0.85,siaga
0.0,0.0,0.0,76.24,3.59,11.26,12,0,4.25,0.3429,3,0.0,0.0,0.7624,1.0,2.739,0.5,waspada
0.0,0.0,0.0,59.77,21.37,21.71,4,0,11.074,0.2328,2,0.0,0.0,0.5977,0.85,12.773,0.55,waspada
7.277,20.153,71.464,79.36,15.14,13.59,5,0,23.485,0.1232,0,7.277,6.7176,0.7936,0.05,12.012,0.3,siaga
0.0,0.0,0.0,79.55,9.75,3.55,7,1,7.652,0.1881,2,0.0,0.0,0.7955,0.75,7.758,0.1,waspada
0.0,0.0,0.0,36.86,17.99,27.15,1,0,6.891,0.05,2,0.0,0.0,0.3686,0.55,6.631,0.7,waspada
0.0,0.0,0.0,69.13,20.74,11.54,5,0,5.387,0.15,1,0.0,0.0,0.6913,0.75,14.335,0.7,waspada
0.0,0.0,0.0,71.01,24.45,24.44,6,1,2.528,0.2202,3,0.0,0.0,0.7101,0.35,17.366,0.15,waspada
99.979,178.015,334.075,91.36,7.89,11.25,9,1,11.601,0.05,3,99.979,59.3382,0.9136,0.35,7.208,0.1,awas
0.0,0.0,0.0,97.42,11.36,32.39,3,0,17.738,0.5228,2,0.0,0.0,0.9742,0.15,11.062,0.75,siaga
4.47,8.084,33.911,96.09,33.76,9.86,2,0,14.645,0.3942,2,4.47,2.6947,0.9609,0.15,32.437,0.8,siaga
0.0,0.0,0.0,34.06,5.7,8.31,12,0,0.0,0.1695,3,0.0,0.0,0.3406,0.55,1.943,0.5,waspada
0.0,0.0,0.0,82.69,36.02,25.93,5,0,0.0,0.3249,3,0.0,0.0,0.8269,1.0,29.784,0.25,waspada
0.0,0.0,0.0,30.02,6.3,12.57,1,0,12.921,0.1882,3,0.0,0.0,0.3002,0.35,1.89,0.45,waspada
0.0,0.0,0.0,60.23,37.27,30.61,7,1,24.423,0.5525,3,0.0,0.0,0.6023,0.55,22.452,0.75,waspada
0.0,0.0,0.0,83.69,33.77,0.86,10,0,0.0,0.2595,2,0.0,0.0,0.8369,0.35,28.263,0.75,siaga
5.034,10.07,26.442,77.06,32.86,4.84,10,0,0.0,0.6027,2,5.034,3.3566,0.7706,0.15,25.324,0.7,siaga
0.0,0.0,0.0,34.13,12.98,11.12,9,1,10.741,0.3482,3,0.0,0.0,0.3413,0.05,4.428,0.1,waspada
139.106,251.952,546.936,34.71,19.09,6.2,1,0,7.213,0.05,2,139.106,83.9841,0.3471,0.85,6.626,0.6,siaga
0.515,1.209,3.135,47.16,2.49,11.76,7,1,0.0,0.3581,1,0.515,0.403,0.4716,0.35,1.176,0.85,waspada
3.857,10.703,35.495,85.53,21.26,7.22,1,0,0.0,0.2997,3,3.857,3.5677,0.8553,0.15,18.186,0.65,siaga
23.787,40.963,154.41,49.34,16.98,23.46,2,0,9.976,0.3555,2,23.787,13.6544,0.4934,0.15,8.38,0.75,siaga
0.0,0.0,0.0,43.96,28.66,5.51,8,1,15.513,0.05,2,0.0,0.0,0.4396,0.05,12.599,0.15,waspada
94.145,133.006,301.757,57.66,8.04,25.12,4,0,11.939,0.133,0,94.145,44.3355,0.5766,0.75,4.635,0.25,siaga
0.0,0.0,0.0,31.52,36.71,17.48,12,0,13.174,0.3791,2,0.0,0.0,0.3152,0.75,11.573,0.6,waspada
0.0,0.0,0.0,72.29,32.99,22.81,7,1,19.468,0.05,2,0.0,0.0,0.7229,1.0,23.848,0.35,waspada
5.457,13.949,53.335,59.37,26.62,1.21,9,1,1.053,0.05,3,5.457,4.6495,0.5937,0.05,15.805,0.3,siaga
0.0,0.0,0.0,77.1,26.23,5.65,7,1,17.332,0.05,3,0.0,0.0,0.771,0.05,20.226,0.9,siaga
3.608,9.385,34.341,52.52,36.6,32.41,3,0,12.937,0.2054,3,3.608,3.1283,0.5252,0.15,19.224,0.3,siaga
2.749,4.62,20.09,51.66,15.18,8.78,8,1,5.544,0.5321,3,2.749,1.5401,0.5166,0.15,7.844,0.7,siaga
0.0,0.0,0.0,93.39,24.23,9.89,5,0,2.8,0.3306,3,0.0,0.0,0.9339,0.15,22.626,0.6,siaga
0.0,0.0,0.0,65.45,12.85,33.53,12,0,8.214,0.1432,3,0.0,0.0,0.6545,0.15,8.413,0.8,siaga
7.604,14.845,32.664,61.51,30.74,14.18,3,0,4.31,0.1717,1,7.604,4.9485,0.6151,0.35,18.91,0.7,siaga
0.0,0.0,0.0,52.59,26.06,2.89,7,1,17.863,0.5674,3,0.0,0.0,0.5259,0.55,13.707,0.8,waspada
0.0,0.0,0.0,67.91,33.09,2.15,8,1,1.1,0.05,3,0.0,0.0,0.6791,0.35,22.473,0.15,waspada
0.0,0.0,0.0,57.2,31.82,9.59,3,0,10.17,0.3279,3,0.0,0.0,0.572,0.35,18.204,0.25,waspada
0.0,0.0,0.0,39.94,2.4,22.41,1,0,0.0,0.05,3,0.0,0.0,0.3994,0.75,0.957,0.45,waspada
0.0,0.0,0.0,65.09,25.76,33.81,8,1,14.123,0.2613,2,0.0,0.0,0.6509,0.05,16.767,0.75,siaga
0.0,0.0,0.0,67.22,25.43,19.6,5,0,0.12,0.1817,3,0.0,0.0,0.6722,1.0,17.095,0.75,waspada
0.0,0.0,0.0,84.33,14.05,13.37,5,0,0.0,0.2545,3,0.0,0.0,0.8433,0.15,11.85,0.7,siaga
6.442,15.376,51.769,79.92,3.07,9.12,7,1,7.265,0.3426,0,6.442,5.1253,0.7992,0.35,2.455,0.6,siaga
0.0,0.0,0.0,33.17,15.42,5.91,6,1,6.031,0.0862,3,0.0,0.0,0.3317,0.15,5.114,0.75,siaga
4.376,12.403,28.871,30.1,23.58,26.67,10,0,12.251,0.3891,3,4.376,4.1345,0.301,0.35,7.098,0.7,waspada
0.0,0.0,0.0,59.52,13.2,0.41,6,1,10.007,0.3959,2,0.0,0.0,0.5952,1.0,7.857,0.25,waspada
20.312,32.014,81.651,72.55,32.84,34.43,5,0,21.739,0.05,3,20.312,10.6713,0.7255,0.85,23.826,0.45,siaga
7.949,16.191,38.03,86.99,33.21,28.6,6,1,4.388,0.2111,3,7.949,5.397,0.8699,0.55,28.887,0.4,siaga
0.0,0.0,0.0,40.41,27.73,18.2,5,0,2.432,0.4768,3,0.0,0.0,0.4041,0.15,11.208,0.1,waspada
0.0,0.0,0.0,38.24,12.59,2.27,11,0,10.563,0.4187,3,0.0,0.0,0.3824,0.05,4.813,0.65,waspada
131.933,197.548,341.166,89.27,15.59,34.6,11,0,7.979,0.0974,2,131.933,65.8493,0.8927,0.15,13.917,0.7,awas
0.0,0.0,0.0,64.35,31.13,14.68,2,0,9.052,0.05,2,0.0,0.0,0.6435,0.35,20.029,0.15,waspada
0.0,0.0,0.0,73.4,21.03,23.61,11,0,8.237,0.2335,2,0.0,0.0,0.734,0.35,15.435,0.65,siaga
1.296,2.343,9.952,31.58,32.15,8.41,8,1,0.0,0.1208,3,1.296,0.7811,0.3158,0.35,10.154,0.7,waspada
5.146,9.786,25.365,51.23,21.65,14.4,12,0,17.008,0.0956,1,5.146,3.2621,0.5123,0.35,11.092,0.8,waspada
43.994,92.593,263.096,73.21,22.4,8.27,6,1,4.097,0.462,3,43.994,30.8643,0.7321,0.15,16.401,0.55,awas
68.015,124.806,401.897,71.6,11.26,16.23,11,0,16.504,0.214,1,68.015,41.6021,0.716,0.55,8.059,0.6,awas
0.0,0.0,0.0,93.13,22.02,5.07,10,0,30.851,0.1971,3,0.0,0.0,0.9313,0.15,20.51,0.5,siaga
0.0,0.0,0.0,50.48,8.29,10.61,3,0,14.227,0.05,2,0.0,0.0,0.5048,0.15,4.187,0.15,siaga
11.905,20.921,52.822,74.03,8.88,34.69,12,0,4.939,0.1302,3,11.905,6.9736,0.7403,0.35,6.576,0.15,siaga
0.0,0.0,0.0,70.8,14.42,14.89,5,0,22.611,0.1699,3,0.0,0.0,0.708,0.35,10.21,0.15,waspada
0.0,0.0,0.0,85.03,3.11,29.94,3,0,12.87,0.1932,3,0.0,0.0,0.8503,0.15,2.645,0.6,siaga
0.0,0.0,0.0,34.68,37.06,11.11,1,0,15.421,0.1585,2,0.0,0.0,0.3468,0.05,12.85,0.1,waspada
25.933,57.705,137.952,31.64,4.61,16.21,3,0,0.0,0.3815,1,25.933,19.235,0.3164,0.05,1.459,0.7,siaga
0.0,0.0,0.0,70.77,28.54,14.79,1,0,0.0,0.05,3,0.0,0.0,0.7077,0.55,20.2,0.45,waspada
1.005,2.027,7.876,70.21,20.73,31.54,6,1,0.339,0.2179,3,1.005,0.6758,0.7021,0.55,14.552,0.2,waspada
73.883,140.333,439.113,65.36,26.51,10.51,11,0,8.485,0.05,1,73.883,46.7776,0.6536,0.55,17.33,0.7,awas
0.901,1.813,3.714,44.41,21.33,12.47,10,0,2.998,0.1204,3,0.901,0.6045,0.4441,0.35,9.472,0.75,waspada
0.0,0.0,0.0,85.88,15.68,6.4,9,1,20.905,0.3372,2,0.0,0.0,0.8588,0.75,13.461,0.1,waspada
0.0,0.0,0.0,43.94,9.96,31.09,2,0,5.507,0.5533,2,0.0,0.0,0.4394,0.55,4.378,0.85,waspada
138.231,192.524,367.57,89.71,11.23,26.33,10,0,1.197,0.05,3,138.231,64.1747,0.8971,0.75,10.076,0.75,awas
0.0,0.0,0.0,95.81,3.99,29.54,5,0,3.933,0.0878,2,0.0,0.0,0.9581,0.15,3.819,0.55,siaga
1.668,4.888,20.37,34.19,12.25,11.19,4,0,0.0,0.4392,3,1.668,1.6293,0.3419,0.15,4.187,0.2,waspada
7.971,19.742,97.805,40.18,9.75,6.09,2,0,9.575,0.2465,3,7.971,6.5807,0.4018,0.15,3.918,0.6,siaga
11.992,22.105,83.955,93.17,25.41,4.65,12,0,8.494,0.6219,1,11.992,7.3684,0.9317,0.75,23.671,0.9,siaga
0.0,0.0,0.0,68.24,35.07,16.81,2,0,9.729,0.2294,2,0.0,0.0,0.6824,1.0,23.934,0.3,waspada
0.0,0.0,0.0,89.57,22.17,10.1,3,0,17.819,0.4301,2,0.0,0.0,0.8957,0.55,19.857,0.3,waspada
19.448,40.093,104.847,78.96,3.83,28.06,8,1,9.749,0.1884,3,19.448,13.3642,0.7896,1.0,3.028,0.1,waspada
7.424,18.619,51.449,53.34,25.4,15.5,7,1,0.0,0.05,0,7.424,6.2062,0.5334,0.35,13.549,0.45,siaga
0.0,0.0,0.0,85.17,21.12,19.86,8,1,14.01,0.2202,1,0.0,0.0,0.8517,0.35,17.983,0.75,siaga
0.0,0.0,0.0,88.09,13.18,7.27,7,1,21.002,0.1919,3,0.0,0.0,0.8809,0.15,11.61,0.4,siaga
7.749,14.384,35.18,70.2,16.61,15.06,5,0,0.0,0.1455,3,7.749,4.7948,0.702,0.05,11.661,0.3,siaga
11.171,18.948,53.498,44.2,10.87,10.73,12,0,7.647,0.4205,3,11.171,6.3159,0.442,0.15,4.804,0.25,siaga
5.323,14.523,37.204,51.02,9.97,20.27,2,0,4.228,0.2487,1,5.323,4.841,0.5102,0.15,5.089,0.5,siaga
56.783,126.911,444.114,46.53,12.22,31.51,2,0,11.295,0.0911,3,56.783,42.3038,0.4653,0.85,5.684,0.75,siaga
5.722,9.95,29.288,47.13,27.67,8.92,1,0,7.731,0.1137,3,5.722,3.3167,0.4713,0.15,13.04,0.4,siaga
6.448,10.852,40.505,91.71,36.36,6.65,1,0,9.212,0.6452,3,6.448,3.6174,0.9171,0.15,33.348,0.35,siaga
33.774,61.942,198.023,59.3,7.61,21.73,12,0,6.007,0.3745,0,33.774,20.6474,0.593,0.05,4.515,0.9,awas
6.801,18.228,37.0,91.48,22.31,4.13,12,0,23.406,0.2948,3,6.801,6.0761,0.9148,0.55,20.409,0.6,siaga
0.0,0.0,0.0,46.59,5.69,13.26,8,1,18.085,0.1325,3,0.0,0.0,0.4659,0.05,2.649,0.6,siaga
5.513,10.082,30.95,35.46,20.56,19.45,5,0,10.756,0.1931,3,5.513,3.3607,0.3546,0.55,7.289,0.55,waspada
0.0,0.0,0.0,60.99,37.55,18.68,1,0,3.409,0.3767,2,0.0,0.0,0.6099,0.75,22.9,0.8,waspada
0.0,0.0,0.0,52.45,27.64,2.23,2,0,7.082,0.4267,3,0.0,0.0,0.5245,0.85,14.494,0.85,waspada
40.952,86.17,276.786,83.85,24.74,17.88,10,0,0.0,0.2048,3,40.952,28.7234,0.8385,0.35,20.743,0.1,awas
16.441,27.075,75.733,58.66,8.63,32.21,8,1,11.57,0.1416,3,16.441,9.025,0.5866,0.35,5.064,0.15,siaga
0.0,0.0,0.0,56.94,4.67,8.06,9,1,16.051,0.2481,3,0.0,0.0,0.5694,0.75,2.659,0.85,waspada
0.0,0.0,0.0,93.17,36.43,29.14,10,0,0.0,0.574,2,0.0,0.0,0.9317,0.05,33.947,0.15,siaga
0.754,1.235,4.475,75.24,27.46,1.63,10,0,12.449,0.0855,2,0.754,0.4117,0.7524,0.15,20.661,0.4,siaga
4.724,12.361,54.63,68.0,19.21,22.7,11,0,10.197,0.3075,3,4.724,4.1205,0.68,0.55,13.062,0.55,siaga
85.877,145.234,231.796,87.38,13.41,19.64,5,0,2.274,0.5248,2,85.877,48.4112,0.8738,0.35,11.717,0.85,awas
6.702,19.919,62.432,46.46,17.1,23.68,3,0,7.777,0.3456,3,6.702,6.6396,0.4646,0.55,7.945,0.5,waspada
13.456,33.277,110.587,90.25,27.29,26.64,9,1,4.858,0.1239,2,13.456,11.0924,0.9025,0.35,24.632,0.6,siaga
3.48,9.842,36.434,62.8,29.22,8.79,12,0,20.145,0.05,3,3.48,3.2808,0.628,0.15,18.349,0.55,siaga
0.0,0.0,0.0,51.11,18.76,25.77,7,1,0.0,0.3027,3,0.0,0.0,0.5111,0.55,9.59,0.55,waspada
0.0,0.0,0.0,82.55,12.38,31.77,2,0,15.891,0.05,3,0.0,0.0,0.8255,0.15,10.22,0.35,siaga
2.272,5.455,24.655,96.46,5.69,8.92,2,0,0.0,0.2692,3,2.272,1.8182,0.9646,0.15,5.489,0.85,siaga
0.0,0.0,0.0,30.65,24.57,33.27,10,0,3.62,0.3939,3,0.0,0.0,0.3065,0.55,7.53,0.6,waspada
16.743,41.786,107.262,39.05,25.25,24.78,10,0,19.748,0.5318,3,16.743,13.9285,0.3905,0.35,9.861,0.8,siaga
16.402,31.192,81.515,75.73,30.69,23.16,11,0,0.0,0.356,1,16.402,10.3975,0.7573,0.15,23.239,0.35,siaga
0.0,0.0,0.0,58.95,11.2,5.65,10,0,0.0,0.05,1,0.0,0.0,0.5895,0.35,6.603,0.45,waspada
0.0,0.0,0.0,43.34,25.07,12.93,8,1,10.245,0.2864,3,0.0,0.0,0.4334,0.35,10.864,0.55,waspada
22.448,45.438,167.289,71.61,18.18,0.94,7,1,0.0,0.05,1,22.448,15.1461,0.7161,0.55,13.016,0.45,siaga
2.95,8.634,22.181,90.39,13.34,8.78,5,0,12.108,0.1948,3,2.95,2.8782,0.9039,0.05,12.061,0.5,siaga
68.965,125.031,286.646,88.11,18.88,22.35,2,0,1.308,0.05,3,68.965,41.677,0.8811,0.15,16.638,0.6,awas
0.0,0.0,0.0,61.44,16.73,17.61,1,0,1.989,0.3898,0,0.0,0.0,0.6144,0.15,10.281,0.35,siaga
57.909,133.431,353.865,79.06,4.42,5.67,2,0,0.0,0.4868,3,57.909,44.4769,0.7906,0.35,3.497,0.3,awas
0.0,0.0,0.0,80.76,27.79,8.34,11,0,9.903,0.1729,2,0.0,0.0,0.8076,0.55,22.442,0.25,waspada
0.0,0.0,0.0,47.73,28.1,11.93,1,0,5.12,0.2322,3,0.0,0.0,0.4773,0.05,13.414,0.15,siaga
0.0,0.0,0.0,86.44,5.16,32.69,7,1,8.81,0.2539,2,0.0,0.0,0.8644,0.35,4.456,0.1,siaga
0.0,0.0,0.0,78.43,11.89,5.57,7,1,11.117,0.05,2,0.0,0.0,0.7843,0.35,9.324,0.2,siaga
0.0,0.0,0.0,87.51,15.59,28.88,8,1,7.374,0.5004,2,0.0,0.0,0.8751,0.05,13.64,0.2,siaga
17.242,29.503,104.421,66.31,12.5,3.84,7,1,11.892,0.1265,3,17.242,9.8343,0.6631,1.0,8.291,0.75,waspada
0.0,0.0,0.0,77.99,28.37,3.13,1,0,0.0,0.1943,0,0.0,0.0,0.7799,0.55,22.123,0.25,waspada
0.0,0.0,0.0,87.74,2.83,12.63,12,0,12.743,0.2376,3,0.0,0.0,0.8774,0.75,2.482,0.2,waspada
0.0,0.0,0.0,33.09,3.97,28.92,2,0,0.0,0.1403,1,0.0,0.0,0.3309,0.05,1.313,0.85,siaga
13.925,22.891,62.068,52.75,19.79,21.79,3,0,2.021,0.109,2,13.925,7.6303,0.5275,0.15,10.442,0.15,siaga
0.0,0.0,0.0,45.6,24.56,21.29,12,0,8.427,0.3539,3,0.0,0.0,0.456,0.15,11.2,0.8,siaga
0.0,0.0,0.0,70.08,35.01,7.38,1,0,4.876,0.4198,3,0.0,0.0,0.7008,0.35,24.535,0.8,siaga
0.0,0.0,0.0,62.86,2.38,12.92,10,0,12.147,0.05,3,0.0,0.0,0.6286,0.35,1.494,0.9,siaga
0.0,0.0,0.0,42.97,17.35,9.55,12,0,21.098,0.1752,2,0.0,0.0,0.4297,0.55,7.454,0.1,waspada
2.351,5.197,14.485,30.5,26.06,29.13,2,0,0.935,0.1672,2,2.351,1.7323,0.305,0.55,7.95,0.65,waspada
1.285,2.622,12.467,42.61,35.17,29.28,1,0,17.917,0.213,3,1.285,0.8739,0.4261,0.15,14.987,0.8,siaga
0.0,0.0,0.0,86.37,11.39,24.66,8,1,24.581,0.2161,3,0.0,0.0,0.8637,0.55,9.841,0.45,waspada
142.371,180.76,354.372,80.3,26.42,16.0,3,0,20.739,0.1459,2,142.371,60.2535,0.803,0.35,21.215,0.5,awas
11.85,18.289,43.102,41.64,33.66,24.47,10,0,16.694,0.1948,3,11.85,6.0963,0.4164,0.15,14.017,0.65,siaga
0.0,0.0,0.0,67.71,35.66,26.19,1,0,2.307,0.255,3,0.0,0.0,0.6771,0.15,24.146,0.4,siaga
3.253,7.003,26.646,47.81,21.49,1.75,4,0,12.391,0.1213,2,3.253,2.3345,0.4781,0.15,10.272,0.85,siaga
0.0,0.0,0.0,33.48,2.25,20.73,2,0,1.06,0.1744,1,0.0,0.0,0.3348,0.35,0.753,0.9,waspada
23.595,48.331,164.901,61.08,37.58,0.95,2,0,5.587,0.23,3,23.595,16.1104,0.6108,0.85,22.951,0.75,siaga
0.0,0.0,0.0,54.38,2.15,2.89,4,0,0.0,0.4884,2,0.0,0.0,0.5438,0.15,1.167,0.25,siaga
0.0,0.0,0.0,66.88,29.32,21.14,5,0,0.0,0.05,2,0.0,0.0,0.6688,0.15,19.607,0.4,siaga
0.0,0.0,0.0,78.87,20.35,25.44,9,1,0.0,0.243,2,0.0,0.0,0.7887,0.35,16.047,0.2,siaga
1.534,3.742,16.4,56.93,15.78,31.92,11,0,15.806,0.277,3,1.534,1.2472,0.5693,0.35,8.985,0.35,waspada
0.0,0.0,0.0,83.96,25.16,4.78,7,1,5.99,0.2055,3,0.0,0.0,0.8396,0.05,21.127,0.9,siaga
7.657,22.861,102.862,67.73,16.27,5.62,1,0,0.0,0.2244,0,7.657,7.6202,0.6773,0.55,11.021,0.25,siaga
34.868,54.872,161.236,44.98,24.97,5.36,9,1,11.271,0.1952,2,34.868,18.2907,0.4498,0.05,11.23,0.9,awas
6.824,18.178,51.852,51.72,30.51,24.61,6,1,23.182,0.05,2,6.824,6.0594,0.5172,0.05,15.781,0.4,siaga
0.0,0.0,0.0,62.84,26.79,30.1,1,0,12.047,0.3186,3,0.0,0.0,0.6284,0.35,16.832,0.85,siaga
60.894,110.814,382.922,37.36,37.34,12.43,2,0,7.447,0.1352,3,60.894,36.9382,0.3736,0.35,13.949,0.5,siaga
83.635,111.578,248.027,39.99,3.57,29.99,10,0,7.636,0.2161,3,83.635,37.1926,0.3999,0.35,1.427,0.65,awas
0.0,0.0,0.0,39.42,13.67,18.77,4,0,11.809,0.3011,3,0.0,0.0,0.3942,0.55,5.391,0.6,waspada
6.408,11.102,54.565,70.65,2.59,27.39,4,0,0.0,0.05,2,6.408,3.7005,0.7065,0.15,1.829,0.35,siaga
0.0,0.0,0.0,81.53,28.96,21.55,3,0,6.453,0.2396,0,0.0,0.0,0.8153,0.35,23.614,0.9,siaga
109.92,171.757,389.213,77.52,14.98,29.58,3,0,11.421,0.2218,3,109.92,57.2525,0.7752,0.55,11.611,0.45,awas
0.0,0.0,0.0,48.39,22.8,7.29,5,0,8.374,0.05,2,0.0,0.0,0.4839,0.35,11.031,0.2,waspada
0.0,0.0,0.0,65.46,19.97,25.65,2,0,5.135,0.3263,2,0.0,0.0,0.6546,0.55,13.072,0.9,waspada
0.0,0.0,0.0,83.72,28.96,28.39,10,0,1.472,0.3971,2,0.0,0.0,0.8372,0.15,24.25,0.75,siaga
0.0,0.0,0.0,49.78,36.91,9.52,6,1,9.982,0.05,3,0.0,0.0,0.4978,0.55,18.372,0.5,waspada
22.708,36.028,136.772,85.36,3.49,31.71,1,0,12.238,0.1403,1,22.708,12.0094,0.8536,0.55,2.982,0.3,siaga
0.0,0.0,0.0,63.6,16.86,34.41,2,0,8.672,0.5419,3,0.0,0.0,0.636,0.35,10.72,0.3,siaga
21.734,36.529,120.275,32.32,10.4,10.28,6,1,1.482,0.2934,3,21.734,12.1762,0.3232,0.35,3.363,0.85,siaga
11.315,18.555,40.421,66.75,31.3,11.67,10,0,9.486,0.2113,0,11.315,6.1851,0.6675,0.55,20.895,0.7,waspada
107.652,156.655,253.779,64.89,35.0,4.27,10,0,8.93,0.528,1,107.652,52.2182,0.6489,0.35,22.714,0.5,awas
24.725,45.879,155.818,50.65,17.67,7.64,7,1,2.615,0.05,2,24.725,15.2931,0.5065,0.55,8.952,0.8,siaga
0.0,0.0,0.0,83.19,10.75,25.63,7,1,4.585,0.05,3,0.0,0.0,0.8319,0.15,8.939,0.2,siaga
28.487,70.212,242.205,85.89,7.41,27.25,5,0,0.0,0.4125,3,28.487,23.4039,0.8589,0.55,6.367,0.2,awas
0.0,0.0,0.0,77.03,3.51,11.78,1,0,7.631,0.05,3,0.0,0.0,0.7703,0.55,2.705,0.5,waspada
100.986,184.441,353.218,79.16,27.5,21.56,12,0,12.397,0.3873,3,100.986,61.4802,0.7916,0.15,21.769,0.55,awas
0.0,0.0,0.0,93.83,20.99,7.33,9,1,25.805,0.05,2,0.0,0.0,0.9383,0.05,19.699,0.65,siaga
6.249,14.214,35.077,94.8,23.6,12.18,10,0,18.344,0.2616,2,6.249,4.7381,0.948,0.85,22.377,0.5,siaga
19.939,44.772,175.813,39.27,3.4,26.64,9,1,18.336,0.4675,3,19.939,14.9239,0.3927,0.15,1.337,0.9,siaga
0.0,0.0,0.0,44.64,7.29,32.78,6,1,5.328,0.4493,0,0.0,0.0,0.4464,0.15,3.255,0.25,waspada
23.351,47.208,184.311,72.82,11.97,4.78,8,1,9.837,0.4564,1,23.351,15.736,0.7282,0.15,8.718,0.35,awas
0.0,0.0,0.0,83.95,14.65,7.86,11,0,0.0,0.1555,1,0.0,0.0,0.8395,0.05,12.3,0.4,siaga
13.93,27.3,108.772,44.05,31.63,3.1,6,1,0.348,0.3246,2,13.93,9.1001,0.4405,0.05,13.934,0.15,siaga
7.529,19.932,62.734,59.28,8.3,16.12,6,1,0.0,0.2086,1,7.529,6.6442,0.5928,0.15,4.92,0.35,siaga
2.091,6.182,21.893,53.17,19.48,34.05,2,0,2.881,0.0877,1,2.091,2.0606,0.5317,0.55,10.355,0.85,waspada
1.51,3.359,11.083,88.6,26.53,25.99,11,0,20.0,0.0726,3,1.51,1.1197,0.886,0.15,23.506,0.15,siaga
3.391,9.196,43.98,55.39,34.46,25.58,5,0,4.999,0.7214,3,3.391,3.0652,0.5539,0.15,19.09,0.1,siaga
3.633,9.069,26.974,79.65,32.07,17.93,10,0,0.0,0.4125,3,3.633,3.0229,0.7965,0.05,25.541,0.75,siaga
0.0,0.0,0.0,32.26,15.31,11.54,8,1,6.291,0.2619,1,0.0,0.0,0.3226,0.35,4.94,0.35,waspada
0.0,0.0,0.0,35.24,13.22,21.47,2,0,10.116,0.4487,3,0.0,0.0,0.3524,0.05,4.659,0.7,siaga
0.0,0.0,0.0,48.96,16.14,18.86,11,0,0.0,0.05,3,0.0,0.0,0.4896,0.15,7.905,0.3,waspada
0.0,0.0,0.0,68.35,7.32,34.44,10,0,14.556,0.0957,0,0.0,0.0,0.6835,0.15,5.005,0.25,siaga
51.8,85.782,204.838,44.41,26.14,27.7,12,0,10.598,0.2484,0,51.8,28.594,0.4441,0.35,11.61,0.6,awas
0.0,0.0,0.0,33.14,16.28,5.08,7,1,5.411,0.3737,1,0.0,0.0,0.3314,0.75,5.396,0.65,waspada
0.0,0.0,0.0,76.1,28.77,34.59,7,1,0.0,0.05,0,0.0,0.0,0.761,0.35,21.896,0.7,siaga
48.856,78.853,222.537,87.41,37.46,14.27,10,0,10.411,0.3009,3,48.856,26.2842,0.8741,0.15,32.746,0.35,awas
79.437,140.121,314.998,43.24,13.99,10.97,9,1,4.201,0.1704,2,79.437,46.707,0.4324,0.35,6.051,0.25,awas
0.0,0.0,0.0,69.22,34.93,7.67,1,0,7.74,0.1151,3,0.0,0.0,0.6922,0.75,24.175,0.45,waspada
12.15,27.838,70.372,51.76,21.35,16.76,5,0,0.0,0.0858,3,12.15,9.2794,0.5176,0.35,11.049,0.8,siaga
0.92,1.901,7.006,30.88,23.72,8.18,2,0,0.0,0.105,3,0.92,0.6337,0.3088,0.15,7.326,0.15,waspada
0.57,1.109,3.099,53.29,13.0,13.9,3,0,3.737,0.251,1,0.57,0.3698,0.5329,0.35,6.93,0.35,waspada
73.279,160.797,360.424,81.08,8.63,23.0,5,0,3.603,0.2043,2,73.279,53.5989,0.8108,0.05,6.994,0.55,awas
3.861,8.686,21.213,40.28,21.42,29.96,11,0,16.575,0.05,3,3.861,2.8954,0.4028,1.0,8.627,0.25,aman
0.0,0.0,0.0,82.42,3.15,27.02,11,0,11.898,0.2213,3,0.0,0.0,0.8242,0.15,2.599,0.75,siaga
79.848,146.137,506.948,88.89,18.78,22.74,10,0,0.0,0.0705,3,79.848,48.7124,0.8889,0.35,16.691,0.25,awas
8.463,17.976,41.646,32.1,21.88,14.57,3,0,0.0,0.1895,3,8.463,5.9919,0.321,0.55,7.024,0.6,waspada
5.048,8.564,31.001,32.55,19.5,18.68,7,1,5.798,0.05,3,5.048,2.8547,0.3255,0.05,6.346,0.8,siaga
0.0,0.0,0.0,84.16,29.56,10.25,5,0,0.0,0.0968,3,0.0,0.0,0.8416,0.15,24.875,0.4,siaga
24.834,49.086,166.835,82.92,7.17,23.15,10,0,9.277,0.2152,3,24.834,16.362,0.8292,0.35,5.943,0.65,siaga
62.216,129.756,322.942,47.36,36.65,17.24,1,0,0.0,0.2416,1,62.216,43.252,0.4736,0.05,17.357,0.8,awas
112.348,166.198,313.769,87.69,35.87,15.06,5,0,6.143,0.05,3,112.348,55.3994,0.8769,0.55,31.458,0.15,awas
0.0,0.0,0.0,36.2,26.58,26.38,9,1,13.672,0.05,3,0.0,0.0,0.362,0.15,9.625,0.4,waspada
18.974,32.889,87.433,38.06,37.21,13.84,11,0,18.375,0.1505,0,18.974,10.963,0.3806,0.35,14.161,0.25,siaga
0.0,0.0,0.0,82.18,25.23,2.63,9,1,5.675,0.188,2,0.0,0.0,0.8218,0.15,20.738,0.15,siaga
4.11,10.748,21.821,46.77,4.97,31.61,3,0,10.127,0.5663,3,4.11,3.5827,0.4677,0.15,2.323,0.75,siaga
0.0,0.0,0.0,64.19,9.06,1.7,12,0,16.615,0.1325,2,0.0,0.0,0.6419,0.15,5.815,0.85,siaga
0.0,0.0,0.0,96.75,3.53,22.32,12,0,1.229,0.3417,2,0.0,0.0,0.9675,0.75,3.412,0.4,waspada
11.68,18.405,57.1,48.39,37.61,23.97,4,0,6.367,0.3692,2,11.68,6.1348,0.4839,0.15,18.198,0.85,siaga
18.655,44.799,93.149,35.93,2.27,34.92,10,0,3.24,0.2311,2,18.655,14.9328,0.3593,0.05,0.817,0.45,siaga
101.778,152.305,376.905,81.92,34.74,12.47,1,0,2.158,0.3485,2,101.778,50.7683,0.8192,0.35,28.457,0.75,awas
0.0,0.0,0.0,68.38,20.07,18.95,11,0,7.557,0.1639,3,0.0,0.0,0.6838,0.35,13.722,0.55,siaga
15.069,31.664,119.278,37.39,29.66,19.61,5,0,29.553,0.2719,3,15.069,10.5548,0.3739,0.55,11.089,0.9,siaga
0.0,0.0,0.0,78.15,37.15,10.1,9,1,8.044,0.05,3,0.0,0.0,0.7815,0.05,29.035,0.6,siaga
0.0,0.0,0.0,80.83,24.83,28.47,5,0,1.963,0.2379,3,0.0,0.0,0.8083,0.35,20.067,0.9,siaga
16.573,25.126,75.47,49.62,6.0,26.6,12,0,13.806,0.05,2,16.573,8.3752,0.4962,0.05,2.976,0.6,siaga
7.167,15.184,57.455,55.31,17.47,32.01,8,1,3.074,0.269,1,7.167,5.0613,0.5531,0.15,9.661,0.6,siaga
21.375,41.506,86.661,36.95,37.9,21.4,4,0,16.674,0.1675,3,21.375,13.8353,0.3695,0.35,14.006,0.6,siaga
69.048,153.826,531.275,92.7,31.54,10.79,2,0,13.073,0.05,3,69.048,51.2755,0.927,0.15,29.239,0.55,awas
1.51,2.719,6.911,62.31,28.54,15.94,2,0,4.349,0.05,3,1.51,0.9062,0.6231,0.15,17.787,0.15,siaga
37.983,78.733,207.08,67.74,5.12,9.21,4,0,9.682,0.2399,3,37.983,26.2444,0.6774,0.15,3.467,0.35,awas
0.0,0.0,0.0,74.99,5.76,3.6,2,0,1.299,0.0589,0,0.0,0.0,0.7499,0.15,4.321,0.15,siaga
2.774,4.655,18.84,53.74,31.77,22.09,9,1,2.586,0.2943,2,2.774,1.5516,0.5374,0.35,17.075,0.55,waspada
0.0,0.0,0.0,82.51,33.63,11.12,6,1,13.739,0.1133,2,0.0,0.0,0.8251,0.55,27.745,0.75,siaga
22.86,54.382,158.667,91.93,32.31,6.69,4,0,9.716,0.05,1,22.86,18.1275,0.9193,0.75,29.703,0.5,siaga
7.74,22.126,96.841,68.81,5.86,33.03,7,1,22.265,0.1672,2,7.74,7.3752,0.6881,0.55,4.031,0.7,siaga
18.786,36.439,136.907,56.73,34.68,11.75,7,1,7.648,0.3696,2,18.786,12.1463,0.5673,0.05,19.675,0.9,siaga
18.837,31.929,123.586,96.63,10.71,3.97,3,0,5.026,0.117,1,18.837,10.6429,0.9663,0.35,10.35,0.45,siaga
0.0,0.0,0.0,62.23,36.64,22.83,11,0,10.02,0.3457,2,0.0,0.0,0.6223,0.35,22.799,0.8,waspada
1.529,2.859,5.927,35.2,17.82,19.69,1,0,19.51,0.0779,3,1.529,0.9529,0.352,0.55,6.272,0.4,waspada
34.051,60.272,195.799,52.09,13.53,11.64,1,0,12.557,0.3773,3,34.051,20.0906,0.5209,0.35,7.046,0.8,siaga
9.373,18.81,38.923,50.58,19.24,15.53,8,1,0.0,0.0742,1,9.373,6.2701,0.5058,0.15,9.733,0.1,siaga
0.0,0.0,0.0,52.99,20.59,12.6,5,0,11.702,0.104,3,0.0,0.0,0.5299,0.35,10.909,0.2,waspada
0.0,0.0,0.0,68.15,3.1,29.16,8,1,2.079,0.7847,2,0.0,0.0,0.6815,0.05,2.116,0.4,siaga
0.0,0.0,0.0,46.82,19.01,32.58,8,1,19.483,0.1286,1,0.0,0.0,0.4682,0.55,8.9,0.85,waspada
6.841,13.103,50.195,51.65,33.59,27.14,11,0,17.258,0.05,3,6.841,4.3678,0.5165,0.75,17.348,0.7,waspada
0.0,0.0,0.0,42.18,15.84,21.28,11,0,5.74,0.681,3,0.0,0.0,0.4218,0.55,6.683,0.5,waspada
7.133,14.542,69.857,48.71,30.67,25.9,4,0,15.976,0.3296,2,7.133,4.8474,0.4871,0.55,14.939,0.2,waspada
20.572,40.184,101.191,41.73,17.74,33.55,1,0,12.658,0.1074,3,20.572,13.3946,0.4173,0.35,7.404,0.35,siaga
0.0,0.0,0.0,61.34,6.52,0.65,1,0,15.323,0.3169,2,0.0,0.0,0.6134,0.55,4.001,0.9,waspada
4.599,13.364,28.126,83.39,12.67,17.71,3,0,19.41,0.05,3,4.599,4.4548,0.8339,0.55,10.566,0.35,siaga
20.525,38.187,126.577,93.97,35.56,17.94,9,1,7.632,0.05,1,20.525,12.7289,0.9397,0.05,33.418,0.7,awas
0.0,0.0,0.0,76.09,24.47,18.03,5,0,5.271,0.3856,2,0.0,0.0,0.7609,0.15,18.616,0.6,siaga
52.099,87.466,274.502,90.49,14.43,15.86,2,0,16.53,0.2325,1,52.099,29.1554,0.9049,0.15,13.055,0.6,awas
12.006,23.143,76.647,73.09,8.59,3.96,11,0,0.0,0.1702,2,12.006,7.7142,0.7309,0.35,6.278,0.45,siaga
23.746,57.91,196.905,44.73,23.52,14.81,6,1,5.804,0.05,1,23.746,19.3035,0.4473,0.15,10.519,0.2,siaga
0.0,0.0,0.0,33.58,9.0,29.52,12,0,14.123,0.05,3,0.0,0.0,0.3358,0.55,3.024,0.25,waspada
7.467,18.705,75.713,51.95,22.09,20.7,3,0,4.014,0.4724,2,7.467,6.2349,0.5195,0.35,11.474,0.35,waspada
6.426,11.805,51.647,38.87,15.41,8.08,2,0,9.426,0.0732,3,6.426,3.935,0.3887,0.55,5.988,0.1,waspada
16.541,38.647,88.818,55.23,16.69,34.22,6,1,0.0,0.2319,3,16.541,12.8824,0.5523,0.15,9.217,0.5,siaga
0.0,0.0,0.0,55.58,24.87,26.49,11,0,0.0,0.3639,3,0.0,0.0,0.5558,0.15,13.822,0.8,siaga
0.0,0.0,0.0,50.39,18.29,30.36,2,0,5.783,0.05,3,0.0,0.0,0.5039,0.75,9.215,0.55,waspada
0.0,0.0,0.0,57.56,34.91,8.41,9,1,9.161,0.1898,2,0.0,0.0,0.5756,0.05,20.095,0.25,siaga
14.221,22.723,59.533,79.22,22.65,13.41,7,1,4.878,0.2115,3,14.221,7.5743,0.7922,0.55,17.941,0.45,siaga
0.0,0.0,0.0,96.89,8.68,10.92,2,0,28.891,0.5958,2,0.0,0.0,0.9689,0.55,8.406,0.45,siaga
7.554,20.524,63.724,95.87,19.03,30.51,9,1,4.094,0.3244,1,7.554,6.8414,0.9587,0.35,18.243,0.55,siaga
49.597,83.826,193.188,73.65,13.5,21.99,12,0,6.44,0.2852,3,49.597,27.9421,0.7365,0.15,9.945,0.25,awas
21.981,40.889,120.852,81.51,15.26,10.55,5,0,16.032,0.05,1,21.981,13.6296,0.8151,0.05,12.442,0.25,awas
0.0,0.0,0.0,41.13,2.88,18.95,6,1,13.302,0.4843,3,0.0,0.0,0.4113,0.35,1.185,0.8,waspada
0.0,0.0,0.0,96.47,26.5,17.25,8,1,10.569,0.2121,3,0.0,0.0,0.9647,0.35,25.56,0.85,siaga
23.965,48.541,169.198,94.59,20.04,31.01,12,0,14.099,0.212,2,23.965,16.1804,0.9459,0.15,18.961,0.15,awas
21.234,41.822,132.146,73.27,33.55,15.91,10,0,7.819,0.1568,2,21.234,13.9406,0.7327,0.35,24.583,0.55,siaga
0.0,0.0,0.0,92.11,16.47,16.47,12,0,14.199,0.0638,2,0.0,0.0,0.9211,0.05,15.174,0.65,siaga
0.0,0.0,0.0,69.32,19.29,22.36,4,0,2.188,0.7738,3,0.0,0.0,0.6932,0.15,13.374,0.2,siaga
7.277,11.499,29.799,53.05,37.76,0.95,11,0,0.86,0.1956,3,7.277,3.8329,0.5305,0.35,20.03,0.3,waspada
7.335,13.63,28.378,62.34,26.57,30.18,12,0,13.556,0.05,3,7.335,4.5433,0.6234,0.55,16.564,0.75,waspada
126.131,237.613,536.943,64.19,20.97,6.33,10,0,16.326,0.3737,3,126.131,79.2045,0.6419,0.35,13.459,0.25,awas
6.376,16.81,79.413,67.51,15.22,17.59,3,0,6.327,0.2956,1,6.376,5.6032,0.6751,0.05,10.277,0.25,siaga
0.0,0.0,0.0,76.76,28.59,9.69,1,0,3.148,0.4292,2,0.0,0.0,0.7676,0.55,21.941,0.75,siaga
6.575,15.424,50.86,97.37,32.66,25.93,10,0,0.0,0.05,2,6.575,5.1412,0.9737,0.05,31.8,0.55,awas
0.0,0.0,0.0,81.97,31.27,17.19,8,1,4.929,0.1559,3,0.0,0.0,0.8197,0.35,25.629,0.6,siaga
21.42,32.967,83.955,79.87,18.14,25.53,12,0,5.973,0.1373,2,21.42,10.9889,0.7987,0.55,14.489,0.5,siaga
0.0,0.0,0.0,57.12,14.35,26.06,4,0,10.046,0.0903,2,0.0,0.0,0.5712,0.15,8.195,0.3,siaga
0.0,0.0,0.0,49.89,20.06,13.32,11,0,2.296,0.05,2,0.0,0.0,0.4989,0.15,10.005,0.1,siaga
4.225,11.297,51.748,60.33,36.13,5.96,8,1,15.834,0.05,2,4.225,3.7658,0.6033,0.35,21.796,0.1,waspada
0.0,0.0,0.0,36.01,10.37,34.22,9,1,15.69,0.149,2,0.0,0.0,0.3601,0.35,3.735,0.7,waspada
21.413,51.787,155.22,59.62,31.2,25.79,5,0,0.0,0.2832,0,21.413,17.2624,0.5962,0.35,18.6,0.35,siaga
0.0,0.0,0.0,90.62,6.77,18.2,2,0,4.161,0.2611,2,0.0,0.0,0.9062,0.15,6.14,0.15,siaga
7.971,12.085,24.997,83.35,38.0,22.43,5,0,3.753,0.05,3,7.971,4.0283,0.8335,0.15,31.67,0.65,siaga
0.0,0.0,0.0,41.63,29.96,5.56,3,0,0.0,0.0522,3,0.0,0.0,0.4163,0.35,12.473,0.15,waspada
0.0,0.0,0.0,89.84,37.57,28.72,5,0,8.126,0.4254,3,0.0,0.0,0.8984,0.15,33.749,0.3,siaga
0.0,0.0,0.0,90.39,10.16,33.54,3,0,0.0,0.2288,1,0.0,0.0,0.9039,0.05,9.182,0.3,siaga
19.992,33.063,116.064,37.66,30.09,15.24,9,1,1.879,0.05,3,19.992,11.0209,0.3766,0.35,11.332,0.5,siaga
147.276,277.38,530.786,66.08,31.86,30.82,3,0,8.917,0.054,3,147.276,92.4599,0.6608,0.05,21.053,0.55,awas
4.484,12.733,50.626,37.58,29.76,11.8,1,0,9.939,0.2497,3,4.484,4.2442,0.3758,0.35,11.182,0.6,waspada
0.0,0.0,0.0,49.24,35.95,26.64,11,0,0.0,0.1887,3,0.0,0.0,0.4924,0.55,17.701,0.55,waspada
20.196,49.329,109.252,47.09,14.06,22.11,9,1,11.575,0.2629,3,20.196,16.4431,0.4709,0.35,6.619,0.3,siaga
4.497,13.326,56.49,76.36,14.77,34.95,10,0,2.735,0.452,1,4.497,4.4419,0.7636,0.55,11.277,0.7,siaga
24.492,37.609,108.136,30.14,31.32,31.08,3,0,14.81,0.2421,2,24.492,12.5363,0.3014,0.15,9.439,0.65,siaga
20.048,44.351,148.583,77.64,17.08,9.68,4,0,0.0,0.259,3,20.048,14.7837,0.7764,0.05,13.258,0.5,awas
0.0,0.0,0.0,74.87,21.63,6.71,1,0,26.877,0.2881,3,0.0,0.0,0.7487,0.15,16.19,0.35,siaga
0.0,0.0,0.0,37.18,16.98,28.4,8,1,15.375,0.2113,2,0.0,0.0,0.3718,0.15,6.315,0.35,waspada
4.916,9.333,43.872,41.69,24.08,23.81,11,0,5.288,0.05,3,4.916,3.1109,0.4169,0.05,10.04,0.45,siaga
0.0,0.0,0.0,43.06,20.63,9.48,3,0,11.205,0.2207,2,0.0,0.0,0.4306,0.35,8.881,0.6,waspada
5.114,13.783,50.316,59.69,3.19,3.14,9,1,7.665,0.3011,3,5.114,4.5943,0.5969,0.35,1.906,0.4,siaga
0.0,0.0,0.0,91.62,37.91,11.21,2,0,4.931,0.05,2,0.0,0.0,0.9162,0.75,34.732,0.6,waspada
0.0,0.0,0.0,79.37,25.52,19.57,5,0,12.484,0.2309,3,0.0,0.0,0.7937,0.35,20.256,0.35,siaga
0.0,0.0,0.0,46.02,19.47,23.07,3,0,8.688,0.2759,3,0.0,0.0,0.4602,0.75,8.961,0.2,waspada
0.0,0.0,0.0,72.89,26.11,23.44,2,0,14.857,0.2065,2,0.0,0.0,0.7289,0.05,19.031,0.65,siaga
22.125,42.504,118.744,48.19,16.14,14.76,5,0,0.484,0.275,3,22.125,14.1679,0.4819,0.05,7.779,0.65,siaga
0.0,0.0,0.0,93.28,13.83,2.61,1,0,17.963,0.1355,3,0.0,0.0,0.9328,0.35,12.898,0.25,siaga
5.764,13.828,46.28,68.07,24.49,17.82,11,0,13.085,0.05,3,5.764,4.6094,0.6807,0.05,16.67,0.15,siaga
0.0,0.0,0.0,81.51,29.01,11.54,7,1,2.948,0.3655,3,0.0,0.0,0.8151,0.15,23.645,0.45,siaga
5.845,11.89,26.3,55.55,33.31,27.93,3,0,0.0,0.2453,2,5.845,3.9635,0.5555,0.15,18.504,0.25,siaga
0.893,1.573,3.413,86.82,29.36,14.44,1,0,1.909,0.2981,3,0.893,0.5244,0.8682,0.15,25.491,0.6,siaga
49.363,81.689,187.895,90.01,37.22,7.79,7,1,3.574,0.05,3,49.363,27.2296,0.9001,0.15,33.499,0.25,awas
0.0,0.0,0.0,69.59,6.15,20.52,11,0,0.0,0.466,3,0.0,0.0,0.6959,0.35,4.277,0.35,siaga
4.79,12.404,30.573,76.87,5.05,19.58,2,0,0.0,0.4232,3,4.79,4.1347,0.7687,0.15,3.879,0.8,siaga
39.811,91.085,187.934,50.07,23.67,16.65,5,0,0.0,0.2733,2,39.811,30.3616,0.5007,0.15,11.854,0.25,awas
5.424,11.347,36.225,53.67,24.23,12.73,10,0,2.088,0.1324,3,5.424,3.7822,0.5367,0.05,13.005,0.75,siaga
18.897,37.449,121.222,45.91,26.1,23.71,12,0,7.028,0.0514,2,18.897,12.4828,0.4591,0.15,11.981,0.7,siaga
3.324,7.133,28.368,82.83,4.56,30.38,3,0,6.094,0.1301,3,3.324,2.3777,0.8283,0.05,3.773,0.8,siaga
0.0,0.0,0.0,65.92,35.06,12.67,2,0,0.0,0.2875,3,0.0,0.0,0.6592,0.15,23.111,0.15,siaga
0.0,0.0,0.0,70.5,28.4,4.06,9,1,0.056,0.3414,2,0.0,0.0,0.705,0.35,20.023,0.25,siaga
70.566,168.733,569.458,58.14,26.0,32.7,11,0,15.732,0.05,3,70.566,56.2442,0.5814,0.15,15.113,0.15,awas
0.0,0.0,0.0,97.7,20.46,15.83,6,1,16.095,0.1227,3,0.0,0.0,0.977,0.15,19.992,0.9,siaga
24.747,44.954,142.532,56.92,26.77,14.88,6,1,0.0,0.05,3,24.747,14.9845,0.5692,0.35,15.237,0.2,siaga
20.8,39.124,151.257,84.24,3.19,23.62,1,0,1.926,0.3399,3,20.8,13.0415,0.8424,0.55,2.688,0.45,siaga
23.503,40.02,157.549,97.24,14.03,25.06,2,0,15.945,0.0816,2,23.503,13.3398,0.9724,0.35,13.639,0.5,siaga
27.292,41.391,119.563,51.05,4.25,22.66,5,0,29.167,0.3713,3,27.292,13.7971,0.5105,0.35,2.17,0.4,siaga
0.0,0.0,0.0,69.24,24.23,32.65,11,0,0.0,0.0545,2,0.0,0.0,0.6924,0.35,16.778,0.9,siaga
0.0,0.0,0.0,39.45,23.05,29.71,6,1,7.575,0.3534,2,0.0,0.0,0.3945,0.55,9.096,0.75,waspada
13.322,29.604,101.5,85.99,11.13,23.73,4,0,6.192,0.055,3,13.322,9.868,0.8599,0.15,9.575,0.6,siaga
17.544,37.92,149.719,87.1,11.19,5.45,11,0,7.934,0.05,3,17.544,12.64,0.871,0.55,9.746,0.9,siaga
0.0,0.0,0.0,59.45,30.06,32.95,1,0,4.222,0.1067,3,0.0,0.0,0.5945,0.15,17.869,0.75,siaga
65.277,109.258,355.953,51.0,19.53,16.74,10,0,16.02,0.6276,3,65.277,36.4195,0.51,0.35,9.96,0.35,awas
4.147,10.781,24.016,54.87,5.47,30.34,4,0,10.101,0.1203,1,4.147,3.5935,0.5487,0.15,3.0,0.3,siaga
5.803,16.557,40.792,57.52,28.6,0.24,3,0,11.661,0.224,3,5.803,5.5189,0.5752,0.75,16.454,0.75,waspada
0.0,0.0,0.0,77.84,27.84,6.7,3,0,16.122,0.0869,2,0.0,0.0,0.7784,0.35,21.669,0.65,siaga
30.467,50.495,132.117,51.72,29.86,10.81,8,1,0.0,0.3591,3,30.467,16.8317,0.5172,0.55,15.447,0.8,siaga
21.038,43.66,88.603,51.85,33.28,24.8,9,1,0.343,0.2465,3,21.038,14.5532,0.5185,0.35,17.251,0.2,siaga
0.0,0.0,0.0,41.81,9.78,8.56,3,0,0.0,0.05,2,0.0,0.0,0.4181,0.75,4.09,0.8,waspada
1.799,4.001,10.326,67.22,3.06,10.64,6,1,19.235,0.2267,3,1.799,1.3337,0.6722,0.15,2.058,0.35,siaga
96.879,173.771,335.782,85.34,21.4,18.73,9,1,0.0,0.4578,3,96.879,57.9236,0.8534,0.75,18.264,0.5,awas
0.0,0.0,0.0,72.18,9.82,14.09,7,1,16.37,0.05,2,0.0,0.0,0.7218,0.35,7.086,0.15,siaga
0.0,0.0,0.0,80.06,9.02,7.87,6,1,10.433,0.3988,3,0.0,0.0,0.8006,0.55,7.22,0.1,waspada
0.0,0.0,0.0,46.32,9.09,18.46,6,1,1.751,0.1016,2,0.0,0.0,0.4632,0.15,4.212,0.7,siaga
1.076,2.356,10.067,68.53,17.91,20.47,4,0,0.0,0.3408,3,1.076,0.7853,0.6853,0.35,12.272,0.7,siaga
0.0,0.0,0.0,30.39,21.24,7.24,8,1,2.316,0.05,3,0.0,0.0,0.3039,0.75,6.455,0.1,waspada
0.0,0.0,0.0,90.6,19.83,24.06,3,0,5.465,0.0737,3,0.0,0.0,0.906,0.05,17.961,0.15,siaga
3.665,8.695,31.322,72.13,7.64,22.53,7,1,0.0,0.501,3,3.665,2.8985,0.7213,0.05,5.509,0.25,siaga
7.262,21.61,95.922,78.46,4.09,25.59,7,1,0.0,0.1579,3,7.262,7.2034,0.7846,0.15,3.209,0.2,siaga
6.499,17.252,45.043,62.12,7.48,25.75,2,0,1.444,0.05,3,6.499,5.7508,0.6212,0.15,4.648,0.7,siaga
7.789,17.771,37.734,87.6,22.9,30.5,6,1,19.394,0.05,3,7.789,5.9237,0.876,0.05,20.06,0.85,awas
19.292,46.208,169.524,78.68,33.73,8.09,8,1,3.754,0.05,1,19.292,15.4026,0.7868,0.35,26.541,0.75,siaga
0.0,0.0,0.0,33.05,12.98,34.79,10,0,13.355,0.05,3,0.0,0.0,0.3305,0.55,4.288,0.85,waspada
0.0,0.0,0.0,77.0,4.42,24.87,6,1,1.315,0.4159,3,0.0,0.0,0.77,0.05,3.4,0.5,siaga
73.413,144.657,372.846,93.98,10.03,13.38,4,0,0.0,0.3648,3,73.413,48.2192,0.9398,0.05,9.427,0.15,awas
0.0,0.0,0.0,58.87,12.68,4.29,10,0,0.694,0.05,3,0.0,0.0,0.5887,0.35,7.465,0.3,waspada
0.0,0.0,0.0,79.1,16.21,7.65,11,0,0.0,0.1138,3,0.0,0.0,0.791,0.35,12.822,0.5,siaga
0.0,0.0,0.0,90.88,5.33,17.2,12,0,25.906,0.4025,3,0.0,0.0,0.9088,0.55,4.844,0.2,siaga
18.805,38.118,122.785,89.24,30.42,13.72,3,0,12.901,0.2051,3,18.805,12.7059,0.8924,0.35,27.151,0.5,awas
0.0,0.0,0.0,61.78,4.45,23.02,1,0,6.952,0.05,3,0.0,0.0,0.6178,0.15,2.75,0.3,siaga
62.737,95.555,210.384,37.58,17.94,12.16,2,0,24.922,0.151,3,62.737,31.8516,0.3758,0.15,6.741,0.65,awas
0.0,0.0,0.0,46.28,31.09,14.15,12,0,8.931,0.5515,3,0.0,0.0,0.4628,0.55,14.39,0.55,waspada
7.405,19.067,82.615,61.01,3.82,28.01,6,1,24.667,0.1505,3,7.405,6.3556,0.6101,0.35,2.333,0.45,siaga
7.481,20.527,72.653,39.16,18.36,13.92,8,1,5.357,0.1214,3,7.481,6.8423,0.3916,0.05,7.191,0.9,siaga
0.6,1.535,3.452,31.57,33.04,33.52,7,1,7.799,0.0571,3,0.6,0.5115,0.3157,0.15,10.431,0.65,waspada
0.921,2.76,9.226,48.1,31.6,21.64,1,0,13.628,0.2901,3,0.921,0.92,0.481,0.35,15.201,0.45,waspada
0.0,0.0,0.0,51.3,27.0,14.14,7,1,0.0,0.05,0,0.0,0.0,0.513,0.35,13.853,0.3,waspada
0.598,1.202,3.284,57.67,22.19,22.13,8,1,4.204,0.4611,2,0.598,0.4006,0.5767,0.35,12.796,0.4,waspada
24.874,52.691,157.096,49.12,15.97,21.29,10,0,8.593,0.4171,3,24.874,17.5636,0.4912,0.15,7.842,0.9,siaga
0.0,0.0,0.0,79.81,9.81,22.76,7,1,0.0,0.1678,2,0.0,0.0,0.7981,0.35,7.827,0.75,siaga
3.096,7.978,16.536,43.63,36.37,25.34,5,0,0.774,0.24,3,3.096,2.6595,0.4363,0.05,15.869,0.65,siaga
0.0,0.0,0.0,40.7,6.78,28.92,3,0,7.677,0.05,0,0.0,0.0,0.407,0.35,2.761,0.75,waspada
10.81,24.847,78.871,51.07,27.3,6.8,7,1,0.598,0.3061,3,10.81,8.2823,0.5107,0.35,13.939,0.55,siaga
7.824,17.425,76.668,43.95,35.91,3.95,4,0,0.0,0.608,3,7.824,5.8085,0.4395,0.05,15.781,0.2,siaga
61.302,126.17,381.444,67.9,36.44,11.8,7,1,0.227,0.05,3,61.302,42.0567,0.679,0.15,24.746,0.7,awas
0.0,0.0,0.0,97.69,13.43,12.5,10,0,3.74,0.3522,2,0.0,0.0,0.9769,0.15,13.116,0.25,siaga
0.0,0.0,0.0,63.28,32.92,24.81,5,0,4.82,0.0609,3,0.0,0.0,0.6328,0.55,20.833,0.4,waspada
0.0,0.0,0.0,86.83,6.59,15.95,1,0,0.597,0.1173,3,0.0,0.0,0.8683,0.55,5.718,0.6,siaga
7.365,13.023,41.249,40.4,34.39,34.86,4,0,11.44,0.05,3,7.365,4.3411,0.404,0.35,13.894,0.25,waspada
2.229,6.043,29.811,65.37,13.55,25.03,5,0,16.572,0.5086,2,2.229,2.0142,0.6537,0.15,8.856,0.2,siaga
18.508,28.294,63.389,32.04,28.63,21.16,12,0,19.247,0.3798,2,18.508,9.4315,0.3204,0.15,9.175,0.6,siaga
0.0,0.0,0.0,88.42,32.28,12.67,1,0,0.0,0.05,3,0.0,0.0,0.8842,0.15,28.538,0.8,siaga
22.309,41.397,108.433,63.78,17.01,3.45,9,1,10.177,0.4154,3,22.309,13.7991,0.6378,0.05,10.846,0.7,awas
0.0,0.0,0.0,78.27,7.02,7.11,2,0,13.341,0.05,2,0.0,0.0,0.7827,0.35,5.494,0.35,siaga
0.0,0.0,0.0,79.19,31.18,20.56,11,0,0.0,0.438,1,0.0,0.0,0.7919,0.35,24.69,0.65,siaga
34.078,58.992,192.922,53.49,7.48,30.04,3,0,12.698,0.05,3,34.078,19.664,0.5349,1.0,4.002,0.4,waspada
7.97,17.697,43.424,42.16,20.7,14.08,9,1,0.0,0.3685,3,7.97,5.8991,0.4216,0.35,8.727,0.9,siaga
4.116,9.577,35.534,47.11,27.07,21.92,8,1,0.0,0.2114,2,4.116,3.1922,0.4711,0.55,12.756,0.15,waspada
0.0,0.0,0.0,61.82,21.5,10.58,4,0,13.611,0.3758,3,0.0,0.0,0.6182,0.15,13.293,0.5,siaga
0.0,0.0,0.0,96.31,32.89,33.28,12,0,6.379,0.192,3,0.0,0.0,0.9631,0.15,31.673,0.2,siaga
0.0,0.0,0.0,78.58,34.08,15.42,8,1,1.543,0.3431,2,0.0,0.0,0.7858,0.05,26.776,0.75,siaga
59.664,133.435,450.425,98.0,21.55,13.52,10,0,15.722,0.05,1,59.664,44.4783,0.98,0.15,21.117,0.85,awas
0.0,0.0,0.0,66.49,19.99,14.4,9,1,4.4,0.05,3,0.0,0.0,0.6649,0.75,13.291,0.45,waspada
46.272,71.543,207.571,56.08,12.1,30.81,3,0,7.453,0.05,3,46.272,23.8476,0.5608,0.15,6.786,0.35,awas
0.0,0.0,0.0,53.23,17.16,32.3,11,0,20.169,0.471,3,0.0,0.0,0.5323,0.35,9.137,0.55,waspada
0.0,0.0,0.0,56.94,7.91,15.68,1,0,4.397,0.05,3,0.0,0.0,0.5694,0.15,4.502,0.4,siaga
4.861,13.582,42.368,40.78,23.77,24.95,3,0,12.934,0.2134,3,4.861,4.5275,0.4078,0.15,9.691,0.5,siaga
6.229,17.264,37.541,87.35,20.75,25.21,6,1,9.581,0.0784,3,6.229,5.7548,0.8735,0.35,18.128,0.85,siaga
0.0,0.0,0.0,35.72,19.94,4.44,11,0,9.009,0.3365,2,0.0,0.0,0.3572,0.15,7.122,0.2,siaga
0.0,0.0,0.0,50.54,29.18,5.83,3,0,3.159,0.1508,2,0.0,0.0,0.5054,0.55,14.747,0.2,waspada
4.706,8.854,28.429,91.28,3.24,24.39,3,0,18.878,0.3883,3,4.706,2.9512,0.9128,0.55,2.955,0.85,siaga
0.0,0.0,0.0,37.23,9.29,8.34,2,0,14.26,0.6126,2,0.0,0.0,0.3723,0.15,3.46,0.7,waspada
0.0,0.0,0.0,53.43,6.84,6.51,3,0,0.0,0.0546,1,0.0,0.0,0.5343,0.75,3.657,0.5,waspada
0.0,0.0,0.0,64.59,26.92,32.44,8,1,14.037,0.2509,3,0.0,0.0,0.6459,0.15,17.39,0.35,siaga
6.295,9.779,46.924,85.64,27.17,25.69,8,1,3.131,0.1299,3,6.295,3.2598,0.8564,0.05,23.269,0.35,siaga
0.0,0.0,0.0,89.58,26.2,23.86,4,0,5.968,0.0905,2,0.0,0.0,0.8958,0.35,23.465,0.65,siaga
71.984,149.933,313.412,77.47,24.28,12.23,2,0,4.581,0.1401,3,71.984,49.9775,0.7747,0.35,18.808,0.25,awas
0.0,0.0,0.0,72.69,9.6,17.01,2,0,4.996,0.0556,3,0.0,0.0,0.7269,0.85,6.981,0.5,waspada
0.0,0.0,0.0,40.64,6.17,19.84,12,0,27.499,0.0845,1,0.0,0.0,0.4064,0.15,2.508,0.35,waspada
0.0,0.0,0.0,74.18,11.24,31.45,6,1,13.645,0.1406,2,0.0,0.0,0.7418,0.15,8.335,0.2,siaga
5.649,9.802,33.025,37.82,27.2,7.67,9,1,1.353,0.228,0,5.649,3.2674,0.3782,0.75,10.29,0.15,waspada
123.186,193.928,318.484,73.01,33.25,34.36,4,0,3.609,0.3184,3,123.186,64.6426,0.7301,0.05,24.275,0.5,awas
7.516,17.044,47.922,73.03,9.54,28.07,12,0,4.841,0.1402,1,7.516,5.6814,0.7303,0.15,6.965,0.1,siaga
2.982,8.132,38.915,55.28,17.18,15.68,5,0,0.0,0.2126,2,2.982,2.7108,0.5528,0.15,9.496,0.65,siaga
1.926,4.02,8.389,52.52,17.92,19.62,1,0,5.418,0.3113,2,1.926,1.34,0.5252,0.55,9.409,0.1,waspada
0.0,0.0,0.0,85.45,25.72,17.5,3,0,7.927,0.4858,1,0.0,0.0,0.8545,0.15,21.976,0.75,siaga
13.678,32.742,119.801,68.57,27.54,5.08,4,0,15.211,0.2663,2,13.678,10.914,0.6857,0.35,18.887,0.65,siaga
16.88,34.732,86.751,32.28,25.73,1.96,4,0,7.595,0.1739,2,16.88,11.5773,0.3228,0.55,8.304,0.25,waspada
0.0,0.0,0.0,44.03,32.87,32.72,5,0,0.0,0.05,3,0.0,0.0,0.4403,0.75,14.471,0.7,waspada
0.0,0.0,0.0,61.05,6.25,14.62,7,1,0.0,0.1259,3,0.0,0.0,0.6105,0.05,3.818,0.9,siaga
0.0,0.0,0.0,76.75,2.72,23.13,1,0,7.435,0.571,3,0.0,0.0,0.7675,0.35,2.088,0.6,siaga
21.503,49.475,160.03,65.64,10.52,7.19,5,0,10.648,0.2566,2,21.503,16.4918,0.6564,0.05,6.908,0.9,awas
0.0,0.0,0.0,64.52,36.57,17.47,12,0,10.947,0.1923,1,0.0,0.0,0.6452,0.35,23.597,0.5,waspada
0.0,0.0,0.0,84.32,37.06,10.15,12,0,4.071,0.1121,3,0.0,0.0,0.8432,0.05,31.253,0.2,siaga
0.0,0.0,0.0,81.62,15.61,20.65,5,0,0.0,0.2551,3,0.0,0.0,0.8162,0.05,12.739,0.65,siaga
101.69,189.78,443.763,48.76,16.93,18.79,3,0,7.533,0.05,2,101.69,63.2601,0.4876,0.15,8.254,0.4,awas
0.0,0.0,0.0,48.14,6.3,21.05,2,0,17.383,0.05,2,0.0,0.0,0.4814,0.35,3.031,0.45,waspada
143.866,266.181,445.534,42.49,31.33,7.7,4,0,11.5,0.7887,2,143.866,88.727,0.4249,0.85,13.314,0.7,siaga
0.0,0.0,0.0,66.98,3.84,2.48,9,1,36.91,2.6657,2,0.0,0.0,0.6698,0.75,2.57,0.65,waspada
24.326,60.733,180.78,61.39,26.54,23.89,9,1,45.135,1.1317,3,24.326,20.2444,0.6139,0.55,16.292,0.1,siaga
0.0,0.0,0.0,74.18,20.92,34.01,9,1,0.0,1.7332,2,0.0,0.0,0.7418,0.55,15.523,0.3,waspada
1.025,2.074,4.406,93.37,22.65,15.6,2,0,26.083,1.9898,2,1.025,0.6915,0.9337,0.15,21.149,0.15,siaga
23.767,37.536,115.939,78.57,13.87,9.24,10,0,57.705,1.4655,2,23.767,12.5121,0.7857,1.0,10.896,0.65,waspada
142.89,281.708,566.862,72.51,29.69,8.77,1,0,9.171,0.05,3,142.89,93.9026,0.7251,0.55,21.53,0.3,awas
5.59,14.705,49.31,77.83,15.84,0.33,7,1,29.096,0.6292,3,5.59,4.9017,0.7783,0.35,12.328,0.2,siaga
6.144,10.526,32.126,61.68,15.46,15.27,5,0,0.0,2.9628,1,6.144,3.5085,0.6168,0.55,9.536,0.45,waspada
5.787,16.335,61.502,39.71,9.56,30.94,5,0,25.036,4.311,3,5.787,5.4448,0.3971,0.55,3.795,0.4,waspada
0.0,0.0,0.0,75.72,13.99,8.66,6,1,8.314,2.0852,2,0.0,0.0,0.7572,0.35,10.592,0.25,siaga
1.848,5.272,17.144,37.06,23.15,16.21,4,0,0.0,2.8412,2,1.848,1.7575,0.3706,0.35,8.579,0.25,waspada
0.0,0.0,0.0,62.1,25.76,23.68,12,0,55.105,0.05,2,0.0,0.0,0.621,0.75,15.999,0.7,waspada
1.293,3.025,11.163,82.82,37.31,24.64,11,0,14.479,0.9854,1,1.293,1.0085,0.8282,0.35,30.898,0.45,siaga
1.71,4.139,19.523,41.64,10.36,19.29,11,0,0.0,1.6088,2,1.71,1.3795,0.4164,0.55,4.314,0.15,waspada
0.0,0.0,0.0,67.15,5.77,34.56,12,0,43.169,0.05,2,0.0,0.0,0.6715,0.35,3.877,0.2,waspada
0.0,0.0,0.0,80.81,8.0,0.73,11,0,11.366,4.0905,2,0.0,0.0,0.8081,0.15,6.465,0.65,siaga
0.0,0.0,0.0,47.76,6.69,28.74,3,0,0.0,0.3207,1,0.0,0.0,0.4776,0.75,3.194,0.75,waspada
14.796,23.472,60.029,53.47,14.16,14.27,8,1,0.0,2.6113,1,14.796,7.824,0.5347,1.0,7.57,0.7,waspada
0.0,0.0,0.0,83.98,5.9,25.3,12,0,0.0,1.2673,2,0.0,0.0,0.8398,0.55,4.957,0.1,waspada
3.129,5.011,21.966,74.9,28.87,28.69,4,0,36.117,0.5604,1,3.129,1.6705,0.749,0.55,21.623,0.75,waspada
9.084,18.708,46.427,81.49,6.94,25.54,8,1,5.456,0.2406,3,9.084,6.2359,0.8149,0.85,5.653,0.9,siaga
136.365,268.206,453.121,61.02,20.75,22.39,7,1,0.0,0.05,2,136.365,89.402,0.6102,0.75,12.664,0.65,siaga
0.0,0.0,0.0,67.26,5.13,10.13,10,0,6.872,1.5921,2,0.0,0.0,0.6726,0.75,3.451,0.85,waspada
0.0,0.0,0.0,97.61,8.56,12.56,6,1,22.447,2.5491,3,0.0,0.0,0.9761,0.15,8.352,0.85,siaga
92.078,120.716,271.977,67.91,31.98,23.34,9,1,38.46,0.4628,2,92.078,40.2387,0.6791,0.55,21.713,0.9,awas
1.191,2.546,8.452,63.12,32.14,23.34,11,0,26.367,1.7538,3,1.191,0.8486,0.6312,0.55,20.287,0.65,waspada
4.742,11.31,38.933,90.39,15.74,12.54,1,0,17.12,0.698,3,4.742,3.7699,0.9039,0.35,14.227,0.55,siaga
6.982,16.017,62.635,79.78,19.11,8.39,9,1,14.022,0.6218,1,6.982,5.3391,0.7978,0.55,15.245,0.65,siaga
17.934,29.368,74.084,57.73,19.11,0.91,5,0,65.594,0.7177,2,17.934,9.7893,0.5773,0.55,11.031,0.25,waspada
72.509,122.085,254.689,55.27,24.07,10.74,1,0,17.71,0.7989,2,72.509,40.6951,0.5527,0.15,13.305,0.5,awas
38.892,83.03,191.217,42.83,21.35,15.09,1,0,26.848,0.2267,1,38.892,27.6767,0.4283,0.55,9.146,0.45,siaga
11.177,25.709,101.028,38.77,10.69,1.7,12,0,17.128,2.7024,3,11.177,8.5698,0.3877,0.15,4.143,0.4,siaga
0.0,0.0,0.0,76.35,34.01,5.39,3,0,12.202,0.787,2,0.0,0.0,0.7635,0.55,25.967,0.55,waspada
0.0,0.0,0.0,80.58,34.2,20.18,10,0,15.077,1.2689,2,0.0,0.0,0.8058,0.15,27.555,0.45,siaga
16.962,40.859,160.816,57.86,6.47,16.34,5,0,0.0,0.05,2,16.962,13.6198,0.5786,0.75,3.744,0.9,siaga
0.0,0.0,0.0,75.82,9.74,2.79,1,0,0.0,0.1007,3,0.0,0.0,0.7582,0.55,7.385,0.75,waspada
9.757,15.873,38.019,76.03,36.89,13.16,2,0,34.434,2.0144,2,9.757,5.2912,0.7603,0.75,28.049,0.6,waspada
0.0,0.0,0.0,44.23,16.88,22.05,10,0,13.39,1.4487,1,0.0,0.0,0.4423,0.35,7.465,0.45,waspada
0.0,0.0,0.0,77.67,25.06,14.47,3,0,54.413,1.3628,3,0.0,0.0,0.7767,0.55,19.464,0.3,waspada
0.0,0.0,0.0,81.76,13.71,19.85,1,0,50.556,2.6814,1,0.0,0.0,0.8176,0.55,11.212,0.6,waspada
0.731,1.199,3.191,88.02,20.01,4.25,6,1,34.884,2.4038,3,0.731,0.3996,0.8802,0.75,17.615,0.35,waspada
6.569,16.27,73.339,79.44,14.16,13.27,3,0,16.258,1.6447,2,6.569,5.4233,0.7944,0.15,11.249,0.7,siaga
0.0,0.0,0.0,45.61,32.39,3.66,9,1,0.0,2.4929,2,0.0,0.0,0.4561,0.35,14.772,0.65,waspada
3.582,5.41,23.133,61.18,21.4,9.47,11,0,25.398,0.7571,2,3.582,1.8034,0.6118,0.15,13.092,0.8,siaga
0.0,0.0,0.0,64.21,4.13,13.14,3,0,53.547,1.7864,2,0.0,0.0,0.6421,0.55,2.651,0.4,waspada
104.887,143.98,234.479,51.25,20.63,15.83,3,0,34.169,2.2558,3,104.887,47.9933,0.5125,0.55,10.576,0.85,siaga
0.0,0.0,0.0,42.24,11.0,4.71,4,0,17.232,0.8801,0,0.0,0.0,0.4224,0.35,4.645,0.1,waspada
145.951,283.372,597.57,59.9,37.29,13.11,10,0,7.743,0.5766,1,145.951,94.4572,0.599,0.35,22.336,0.35,awas
0.0,0.0,0.0,37.65,4.02,30.87,11,0,8.441,0.3321,1,0.0,0.0,0.3765,0.05,1.513,0.7,siaga
48.053,117.619,386.892,45.93,3.54,7.44,7,1,65.067,1.4457,3,48.053,39.2062,0.4593,0.05,1.628,0.2,awas
4.795,9.041,32.39,57.76,12.85,12.49,5,0,24.631,0.7848,0,4.795,3.0137,0.5776,0.15,7.421,0.7,siaga
0.0,0.0,0.0,33.24,5.17,29.17,5,0,11.275,1.0415,2,0.0,0.0,0.3324,0.05,1.718,0.5,waspada
13.433,31.415,80.428,73.79,32.17,12.77,6,1,43.248,1.2728,2,13.433,10.4716,0.7379,0.35,23.738,0.7,siaga
15.95,31.365,62.881,32.83,21.44,7.17,8,1,33.498,3.0094,2,15.95,10.4552,0.3283,0.55,7.037,0.5,waspada
12.146,18.604,39.988,84.27,26.43,7.72,6,1,11.935,1.0942,2,12.146,6.2015,0.8427,0.55,22.269,0.45,siaga
0.0,0.0,0.0,85.95,14.37,19.38,1,0,25.171,1.1855,0,0.0,0.0,0.8595,0.75,12.349,0.9,waspada
5.429,15.58,56.469,33.76,4.66,31.08,6,1,0.0,2.0013,2,5.429,5.1932,0.3376,0.35,1.574,0.4,waspada
0.0,0.0,0.0,56.7,4.0,20.81,1,0,7.509,0.5697,3,0.0,0.0,0.567,0.55,2.267,0.9,waspada
0.0,0.0,0.0,45.36,17.91,4.8,6,1,20.213,2.2886,3,0.0,0.0,0.4536,0.35,8.125,0.3,waspada
37.911,81.94,273.25,85.06,26.21,24.52,6,1,0.0,1.1558,2,37.911,27.3135,0.8506,0.75,22.292,0.4,siaga
0.0,0.0,0.0,52.19,2.86,8.17,11,0,23.461,1.744,1,0.0,0.0,0.5219,0.35,1.49,0.75,waspada
2.739,5.974,23.599,31.55,5.85,28.94,9,1,19.688,0.6653,2,2.739,1.9913,0.3155,0.55,1.847,0.1,waspada
73.58,183.161,530.113,39.48,14.31,31.21,10,0,0.0,0.05,3,73.58,61.0535,0.3948,0.35,5.648,0.65,awas
0.0,0.0,0.0,74.62,15.97,32.03,7,1,10.132,0.05,3,0.0,0.0,0.7462,0.15,11.914,0.25,siaga
0.0,0.0,0.0,90.53,17.61,12.66,2,0,39.346,2.2539,3,0.0,0.0,0.9053,0.35,15.946,0.65,siaga
0.0,0.0,0.0,89.42,17.93,6.26,8,1,70.063,1.0787,3,0.0,0.0,0.8942,0.55,16.031,0.85,siaga
19.178,33.228,85.594,59.03,36.44,24.89,4,0,5.427,1.6193,2,19.178,11.0759,0.5903,0.55,21.509,0.8,siaga
0.0,0.0,0.0,39.2,3.51,30.92,2,0,28.59,0.05,2,0.0,0.0,0.392,0.15,1.377,0.25,waspada
23.062,35.97,131.942,49.78,36.55,32.59,10,0,40.506,0.8917,2,23.062,11.9901,0.4978,0.75,18.196,0.6,waspada
0.0,0.0,0.0,31.59,19.72,31.14,8,1,26.039,1.1577,1,0.0,0.0,0.3159,0.35,6.231,0.85,waspada
10.733,16.792,46.694,41.78,7.27,5.38,12,0,48.046,0.8246,2,10.733,5.5975,0.4178,0.05,3.036,0.35,siaga
0.0,0.0,0.0,78.73,34.55,4.23,7,1,31.192,0.05,1,0.0,0.0,0.7873,0.35,27.2,0.65,siaga
0.0,0.0,0.0,90.48,33.68,22.87,1,0,69.753,2.3779,2,0.0,0.0,0.9048,0.15,30.475,0.45,siaga
0.0,0.0,0.0,90.45,19.94,30.6,5,0,24.082,1.0441,1,0.0,0.0,0.9045,0.55,18.033,0.25,siaga
0.0,0.0,0.0,90.41,14.53,11.4,4,0,23.169,0.2861,3,0.0,0.0,0.9041,0.35,13.14,0.3,siaga
7.626,19.761,45.92,32.46,16.82,12.83,8,1,1.943,0.4834,2,7.626,6.587,0.3246,0.35,5.458,0.55,waspada
16.7,26.338,61.517,59.14,35.25,29.17,11,0,23.716,1.649,0,16.7,8.7792,0.5914,0.15,20.85,0.15,siaga
6.553,14.846,31.395,48.93,34.45,6.9,2,0,25.127,0.5489,0,6.553,4.9488,0.4893,0.55,16.857,0.75,waspada
0.0,0.0,0.0,49.29,2.22,21.68,6,1,8.015,1.7518,2,0.0,0.0,0.4929,0.75,1.096,0.8,waspada
7.964,19.561,57.203,69.84,16.66,27.74,6,1,5.005,0.05,3,7.964,6.5204,0.6984,0.15,11.639,0.65,siaga
0.0,0.0,0.0,79.07,5.45,10.91,8,1,25.546,1.8389,2,0.0,0.0,0.7907,0.35,4.31,0.5,siaga
17.491,42.98,115.024,97.83,5.5,0.16,11,0,39.994,1.8067,1,17.491,14.3267,0.9783,0.15,5.383,0.2,awas
0.0,0.0,0.0,38.01,3.72,6.34,9,1,0.0,0.2487,2,0.0,0.0,0.3801,0.35,1.415,0.6,waspada
13.957,31.768,66.735,85.22,5.0,4.57,1,0,24.105,2.3087,0,13.957,10.5892,0.8522,0.15,4.26,0.75,siaga
22.964,49.331,144.165,33.22,35.6,2.8,10,0,0.769,3.4615,3,22.964,16.4438,0.3322,0.75,11.823,0.9,waspada
0.0,0.0,0.0,34.39,35.58,31.8,11,0,0.0,3.7788,3,0.0,0.0,0.3439,0.15,12.236,0.15,waspada
5.871,15.71,62.855,53.67,14.94,23.61,2,0,42.695,2.2884,2,5.871,5.2366,0.5367,0.55,8.02,0.25,waspada
8.425,12.823,41.115,49.56,28.27,31.67,1,0,0.0,1.0869,0,8.425,4.2742,0.4956,0.05,14.008,0.35,siaga
0.0,0.0,0.0,84.75,7.67,1.0,6,1,15.418,0.4923,2,0.0,0.0,0.8475,1.0,6.502,0.35,waspada
110.389,206.228,483.074,44.49,36.21,8.5,11,0,37.21,0.1506,3,110.389,68.7427,0.4449,0.75,16.112,0.9,siaga
0.0,0.0,0.0,84.78,21.76,3.64,9,1,6.53,2.3485,2,0.0,0.0,0.8478,0.55,18.445,0.75,waspada
0.0,0.0,0.0,77.84,26.15,16.85,4,0,63.691,0.8977,2,0.0,0.0,0.7784,0.55,20.353,0.5,waspada
5.973,16.927,67.62,46.47,11.15,31.44,11,0,0.0,3.008,1,5.973,5.6422,0.4647,0.35,5.183,0.25,waspada
3.923,9.138,36.068,65.5,5.41,3.1,8,1,17.083,0.05,3,3.923,3.0462,0.655,0.85,3.542,0.4,waspada
0.0,0.0,0.0,92.73,23.3,25.12,5,0,24.38,3.2393,2,0.0,0.0,0.9273,0.15,21.609,0.4,siaga
7.147,19.46,94.418,97.42,22.95,33.92,3,0,19.476,0.05,1,7.147,6.4865,0.9742,0.55,22.362,0.8,siaga
16.821,32.834,107.716,97.58,35.61,29.83,8,1,13.755,0.0955,1,16.821,10.9446,0.9758,0.85,34.745,0.45,siaga
11.096,21.017,62.743,86.95,30.37,8.87,8,1,30.325,0.7182,1,11.096,7.0058,0.8695,0.35,26.405,0.75,siaga
42.359,84.932,296.695,41.76,11.64,17.46,12,0,14.838,1.503,3,42.359,28.3106,0.4176,0.15,4.863,0.15,siaga
0.0,0.0,0.0,41.06,24.21,5.76,4,0,19.101,0.05,2,0.0,0.0,0.4106,0.75,9.943,0.8,waspada
0.0,0.0,0.0,30.56,25.14,15.69,9,1,2.457,1.4901,3,0.0,0.0,0.3056,0.05,7.682,0.25,waspada
0.0,0.0,0.0,39.41,30.08,19.27,12,0,26.759,2.4531,1,0.0,0.0,0.3941,0.15,11.856,0.7,waspada
2.891,4.537,11.709,86.36,6.47,16.21,3,0,23.775,1.6798,1,2.891,1.5123,0.8636,0.05,5.586,0.3,siaga
0.0,0.0,0.0,61.7,27.88,32.1,11,0,43.758,2.9834,3,0.0,0.0,0.617,0.15,17.202,0.8,siaga
0.0,0.0,0.0,39.37,9.58,12.47,9,1,45.859,1.7338,3,0.0,0.0,0.3937,0.05,3.772,0.65,siaga
3.339,5.852,20.191,58.52,24.96,10.69,3,0,29.567,1.0496,2,3.339,1.9505,0.5852,0.55,14.606,0.35,waspada
23.007,41.88,129.57,94.29,6.8,18.8,1,0,48.229,0.6193,3,23.007,13.9601,0.9429,0.55,6.413,0.35,siaga
37.924,83.926,175.766,61.51,5.0,6.27,11,0,0.0,1.8435,2,37.924,27.9752,0.6151,0.35,3.076,0.15,awas
1.322,3.001,13.668,76.05,37.72,22.31,10,0,5.907,0.5771,1,1.322,1.0003,0.7605,0.15,28.684,0.1,siaga
0.0,0.0,0.0,61.65,14.15,33.36,11,0,19.785,0.2034,3,0.0,0.0,0.6165,0.55,8.724,0.45,waspada
4.102,7.174,24.111,88.94,36.77,20.81,7,1,43.794,1.038,0,4.102,2.3914,0.8894,0.05,32.703,0.15,siaga
72.662,135.567,373.047,71.84,9.2,33.1,7,1,0.0,0.086,2,72.662,45.189,0.7184,1.0,6.613,0.2,siaga
24.162,40.184,135.132,50.38,33.42,21.77,9,1,0.0,1.3744,3,24.162,13.3946,0.5038,0.55,16.836,0.65,siaga
0.0,0.0,0.0,30.04,12.12,26.85,9,1,13.522,0.8121,2,0.0,0.0,0.3004,0.55,3.64,0.45,waspada
0.0,0.0,0.0,42.49,7.26,29.65,8,1,45.928,2.1894,2,0.0,0.0,0.4249,0.15,3.083,0.1,waspada
12.153,22.843,75.879,36.76,30.28,16.12,1,0,20.449,0.5937,3,12.153,7.6144,0.3676,0.55,11.13,0.5,waspada
0.0,0.0,0.0,51.49,11.23,16.72,5,0,38.54,0.8221,2,0.0,0.0,0.5149,0.55,5.783,0.45,waspada
96.126,186.766,405.589,64.61,29.38,30.33,2,0,18.992,0.0672,2,96.126,62.2554,0.6461,0.35,18.979,0.45,awas
23.114,51.207,171.518,47.32,4.66,25.38,7,1,4.015,0.05,3,23.114,17.069,0.4732,1.0,2.204,0.1,waspada
17.284,29.131,72.735,65.89,21.32,22.7,10,0,11.546,0.6721,3,17.284,9.7104,0.6589,0.35,14.051,0.75,siaga
0.0,0.0,0.0,83.07,21.52,0.4,11,0,0.0,0.0618,1,0.0,0.0,0.8307,0.75,17.877,0.45,waspada
3.131,7.364,29.587,46.68,20.58,29.35,10,0,21.232,0.6951,2,3.131,2.4546,0.4668,0.75,9.609,0.55,waspada
3.546,5.997,19.319,83.87,36.79,17.95,8,1,5.651,2.9006,2,3.546,1.9991,0.8387,0.15,30.851,0.25,siaga
5.428,10.696,42.263,65.87,16.35,4.18,6,1,14.549,0.7943,2,5.428,3.5653,0.6587,0.85,10.77,0.25,waspada
5.088,12.416,59.861,57.02,7.29,15.89,12,0,0.0,1.5376,0,5.088,4.1387,0.5702,0.75,4.159,0.9,waspada
13.333,27.873,70.043,34.56,36.33,20.21,12,0,8.006,0.1023,1,13.333,9.2911,0.3456,0.15,12.553,0.45,siaga
0.0,0.0,0.0,72.92,5.11,25.18,8,1,56.212,2.8903,0,0.0,0.0,0.7292,0.75,3.724,0.65,waspada
12.584,24.361,49.612,46.82,24.36,16.83,4,0,47.158,1.5693,3,12.584,8.1205,0.4682,0.75,11.407,0.7,waspada
0.0,0.0,0.0,79.94,29.94,8.32,10,0,3.644,0.3604,0,0.0,0.0,0.7994,0.35,23.932,0.6,siaga
3.738,6.852,24.414,60.1,27.52,14.14,12,0,34.592,2.3436,3,3.738,2.2839,0.601,0.55,16.538,0.1,waspada
125.197,164.506,383.19,73.43,29.47,10.04,3,0,32.389,1.4759,1,125.197,54.8354,0.7343,0.55,21.642,0.25,awas
0.0,0.0,0.0,84.5,31.42,22.05,6,1,20.004,0.05,3,0.0,0.0,0.845,0.75,26.552,0.1,waspada
0.0,0.0,0.0,52.6,10.25,29.42,12,0,35.612,2.6864,3,0.0,0.0,0.526,0.85,5.389,0.75,waspada
14.643,26.634,54.559,92.77,32.41,14.0,8,1,26.367,0.05,1,14.643,8.8782,0.9277,0.75,30.064,0.85,siaga
13.416,20.363,69.627,88.44,31.49,16.23,3,0,28.983,1.0228,1,13.416,6.7876,0.8844,0.15,27.852,0.25,siaga
16.602,28.832,110.259,96.96,33.54,22.21,1,0,2.659,0.7371,3,16.602,9.6108,0.9696,0.55,32.518,0.85,siaga
0.0,0.0,0.0,44.98,2.19,5.46,8,1,12.599,0.5327,2,0.0,0.0,0.4498,0.85,0.984,0.55,waspada
0.0,0.0,0.0,77.32,36.75,26.07,9,1,0.0,2.864,3,0.0,0.0,0.7732,0.15,28.414,0.75,siaga
0.624,1.79,4.867,40.59,28.39,11.33,8,1,32.85,0.9432,3,0.624,0.5967,0.4059,0.35,11.523,0.35,waspada
0.0,0.0,0.0,56.41,28.46,20.11,2,0,10.896,1.8737,2,0.0,0.0,0.5641,0.75,16.054,0.1,waspada
17.334,40.475,127.718,68.84,31.09,1.51,12,0,29.238,1.7161,3,17.334,13.4916,0.6884,0.55,21.399,0.75,siaga
0.0,0.0,0.0,90.48,23.24,8.73,7,1,9.008,2.3263,0,0.0,0.0,0.9048,0.35,21.024,0.9,siaga
0.978,1.506,6.675,30.64,2.38,34.62,10,0,15.064,2.4709,3,0.978,0.502,0.3064,0.35,0.728,0.7,waspada
0.0,0.0,0.0,42.98,11.22,10.88,11,0,16.405,2.5578,3,0.0,0.0,0.4298,1.0,4.822,0.65,aman
9.534,15.238,38.085,68.93,20.7,6.52,5,0,29.973,3.5919,3,9.534,5.0792,0.6893,0.75,14.27,0.75,waspada
0.0,0.0,0.0,73.62,25.61,4.27,2,0,12.513,1.0834,2,0.0,0.0,0.7362,0.55,18.856,0.65,waspada
5.005,14.812,36.417,94.21,15.69,25.77,6,1,38.525,1.0869,2,5.005,4.9372,0.9421,0.05,14.784,0.55,siaga
20.726,40.848,150.726,76.57,8.09,12.62,6,1,4.774,0.2058,0,20.726,13.6159,0.7657,0.75,6.197,0.4,siaga
0.0,0.0,0.0,74.45,20.49,7.45,7,1,53.366,0.05,1,0.0,0.0,0.7445,0.85,15.256,0.4,waspada
0.0,0.0,0.0,78.27,27.99,17.26,11,0,8.324,1.2936,2,0.0,0.0,0.7827,0.15,21.907,0.8,siaga
0.0,0.0,0.0,35.08,24.61,8.29,9,1,17.148,3.2359,2,0.0,0.0,0.3508,0.35,8.634,0.4,waspada
12.423,30.251,99.444,73.11,31.94,26.91,7,1,19.414,0.05,1,12.423,10.0837,0.7311,0.15,23.354,0.1,siaga
10.57,19.591,39.223,30.11,26.79,11.64,4,0,31.199,0.8101,3,10.57,6.5304,0.3011,0.35,8.066,0.4,waspada
0.0,0.0,0.0,75.43,33.31,5.91,2,0,24.565,0.05,2,0.0,0.0,0.7543,0.15,25.13,0.2,siaga
5.658,9.551,32.274,36.15,24.68,18.78,3,0,28.156,0.2812,2,5.658,3.1837,0.3615,0.85,8.919,0.45,waspada
73.254,132.42,301.073,78.75,24.31,22.97,9,1,11.717,0.5177,2,73.254,44.14,0.7875,0.75,19.147,0.65,siaga
0.0,0.0,0.0,63.78,23.25,0.09,2,0,0.0,0.078,2,0.0,0.0,0.6378,0.05,14.83,0.55,siaga
0.0,0.0,0.0,93.39,31.9,6.92,12,0,29.984,2.1796,2,0.0,0.0,0.9339,0.15,29.795,0.4,siaga
3.65,8.075,32.572,66.18,28.93,12.58,4,0,0.0,1.9201,2,3.65,2.6917,0.6618,0.55,19.15,0.9,waspada
2.011,3.663,7.702,71.11,29.48,18.64,11,0,34.324,0.2807,2,2.011,1.221,0.7111,0.15,20.961,0.85,siaga
0.0,0.0,0.0,30.7,35.09,16.3,5,0,18.274,1.502,2,0.0,0.0,0.307,0.15,10.774,0.35,waspada
0.0,0.0,0.0,76.78,34.44,11.77,3,0,21.741,1.6019,3,0.0,0.0,0.7678,0.35,26.445,0.1,waspada
0.0,0.0,0.0,70.3,16.51,33.75,4,0,38.374,0.0607,1,0.0,0.0,0.703,0.75,11.609,0.2,waspada
0.0,0.0,0.0,90.52,6.25,29.35,9,1,13.687,2.5868,3,0.0,0.0,0.9052,0.05,5.656,0.7,siaga
0.0,0.0,0.0,95.79,19.19,5.37,10,0,37.976,0.8894,2,0.0,0.0,0.9579,0.75,18.379,0.5,waspada
19.109,38.156,77.739,72.08,13.49,19.08,7,1,31.253,0.05,3,19.109,12.7186,0.7208,0.35,9.721,0.45,siaga
3.505,7.643,36.173,72.26,28.24,15.06,8,1,40.52,0.2405,3,3.505,2.5475,0.7226,0.05,20.404,0.2,siaga
0.0,0.0,0.0,68.13,37.56,11.64,12,0,37.512,1.4126,2,0.0,0.0,0.6813,0.75,25.586,0.35,waspada
49.119,80.446,241.192,55.86,20.06,18.9,6,1,17.156,1.668,2,49.119,26.8154,0.5586,0.75,11.207,0.35,siaga
0.0,0.0,0.0,62.56,18.72,33.96,10,0,10.295,0.05,0,0.0,0.0,0.6256,0.55,11.714,0.5,waspada
2.251,5.135,18.929,87.85,6.1,10.43,8,1,59.174,1.7398,3,2.251,1.7116,0.8785,0.35,5.359,0.3,siaga
0.0,0.0,0.0,31.81,3.79,6.6,11,0,18.405,0.7877,3,0.0,0.0,0.3181,0.55,1.205,0.75,waspada
2.399,6.501,16.664,95.46,17.78,6.98,9,1,30.317,1.3997,1,2.399,2.167,0.9546,0.55,16.976,0.15,siaga
0.0,0.0,0.0,84.06,34.94,4.72,1,0,0.0,0.6333,2,0.0,0.0,0.8406,0.55,29.373,0.25,waspada
6.972,11.098,24.737,94.41,13.48,25.65,2,0,20.516,1.0363,0,6.972,3.6995,0.9441,0.15,12.726,0.9,siaga
16.059,39.782,147.68,35.81,13.42,13.89,10,0,17.7,0.2987,2,16.059,13.2606,0.3581,0.55,4.805,0.25,waspada
24.711,46.919,125.813,85.29,9.05,12.99,5,0,12.539,0.7623,2,24.711,15.6397,0.8529,0.35,7.721,0.75,awas
12.727,19.267,54.908,31.6,11.91,7.55,7,1,0.0,1.7334,2,12.727,6.4222,0.316,0.55,3.763,0.8,waspada
0.0,0.0,0.0,76.98,25.04,3.45,11,0,19.592,0.7932,2,0.0,0.0,0.7698,0.35,19.273,0.2,siaga
67.652,163.975,564.359,44.98,33.34,30.13,1,0,27.104,0.2101,3,67.652,54.6583,0.4498,0.15,14.996,0.2,awas
0.0,0.0,0.0,94.08,6.58,7.95,8,1,23.316,3.2269,1,0.0,0.0,0.9408,0.75,6.195,0.9,waspada
0.0,0.0,0.0,78.55,16.57,24.79,10,0,3.434,0.6705,2,0.0,0.0,0.7855,0.55,13.016,0.65,waspada
0.0,0.0,0.0,45.56,4.04,26.45,4,0,40.881,2.4642,1,0.0,0.0,0.4556,0.35,1.842,0.25,waspada
0.0,0.0,0.0,40.88,29.48,2.5,11,0,17.638,0.05,1,0.0,0.0,0.4088,0.55,12.054,0.55,waspada
0.0,0.0,0.0,61.97,24.56,8.37,8,1,15.695,1.8348,2,0.0,0.0,0.6197,0.35,15.221,0.8,waspada
94.116,182.213,340.787,81.22,6.35,31.9,6,1,24.738,0.05,2,94.116,60.7376,0.8122,0.55,5.158,0.75,awas
22.053,33.952,95.746,39.15,18.58,8.37,11,0,1.527,0.05,2,22.053,11.3172,0.3915,0.75,7.273,0.8,waspada
0.0,0.0,0.0,93.71,8.71,19.13,2,0,0.0,1.5273,3,0.0,0.0,0.9371,0.75,8.165,0.45,waspada
2.706,5.319,16.649,48.06,11.44,9.5,9,1,0.933,1.8203,0,2.706,1.7731,0.4806,0.35,5.496,0.8,waspada
0.0,0.0,0.0,63.05,37.67,16.11,11,0,37.005,1.2184,2,0.0,0.0,0.6305,0.35,23.751,0.15,waspada
0.0,0.0,0.0,53.77,11.08,2.38,9,1,11.763,0.05,2,0.0,0.0,0.5377,0.75,5.956,0.5,waspada
20.287,34.993,105.215,70.99,33.83,23.03,11,0,8.102,0.6248,2,20.287,11.6645,0.7099,0.55,24.015,0.7,siaga
0.0,0.0,0.0,88.98,28.06,29.87,7,1,8.305,1.5111,2,0.0,0.0,0.8898,0.75,24.971,0.25,waspada
125.442,196.819,451.273,36.26,11.2,17.69,1,0,6.919,0.05,2,125.442,65.6062,0.3626,0.15,4.059,0.5,awas
48.264,113.312,331.522,58.22,18.65,19.55,10,0,31.145,1.2271,2,48.264,37.7706,0.5822,0.35,10.857,0.35,awas
0.0,0.0,0.0,66.51,24.59,17.33,9,1,47.253,1.995,1,0.0,0.0,0.6651,0.75,16.351,0.85,waspada
16.906,29.871,73.531,53.23,6.46,11.47,10,0,37.747,0.8932,1,16.906,9.9571,0.5323,0.15,3.442,0.65,siaga
0.0,0.0,0.0,65.93,8.36,13.15,12,0,9.655,1.0851,1,0.0,0.0,0.6593,0.35,5.512,0.75,siaga
7.467,12.195,52.842,63.74,2.96,5.35,8,1,13.238,0.5815,2,7.467,4.0649,0.6374,0.75,1.884,0.1,waspada
23.617,45.583,115.203,31.73,12.37,15.47,9,1,12.906,2.2759,2,23.617,15.1945,0.3173,0.55,3.925,0.8,siaga
54.98,88.944,261.318,63.51,10.07,12.2,1,0,32.729,3.5161,2,54.98,29.6481,0.6351,0.75,6.397,0.35,siaga
0.0,0.0,0.0,57.38,17.61,15.77,5,0,33.395,1.6287,3,0.0,0.0,0.5738,0.55,10.104,0.9,waspada
6.412,12.817,47.641,92.12,2.1,33.61,10,0,56.893,1.7744,0,6.412,4.2724,0.9212,0.05,1.933,0.55,siaga
2.316,6.707,25.853,60.29,6.76,1.36,11,0,37.87,0.4688,2,2.316,2.2356,0.6029,0.15,4.074,0.1,siaga
0.0,0.0,0.0,45.15,34.0,26.6,7,1,49.688,2.1809,0,0.0,0.0,0.4515,0.75,15.35,0.5,waspada
3.07,5.751,13.463,48.74,4.18,32.31,6,1,26.863,0.4192,2,3.07,1.917,0.4874,0.35,2.039,0.45,waspada
136.57,201.95,407.903,48.58,7.43,6.69,2,0,9.438,0.05,2,136.57,67.3167,0.4858,0.15,3.611,0.45,awas
0.0,0.0,0.0,79.44,16.52,32.23,12,0,14.209,3.2973,2,0.0,0.0,0.7944,0.75,13.126,0.85,waspada
13.875,21.758,58.045,80.09,27.18,3.83,1,0,47.901,1.9892,2,13.875,7.2527,0.8009,0.85,21.771,0.8,waspada
0.0,0.0,0.0,63.3,16.04,15.93,5,0,26.18,2.9746,1,0.0,0.0,0.633,0.55,10.154,0.35,waspada
10.226,17.128,46.819,42.26,14.42,3.22,2,0,20.422,0.05,2,10.226,5.7092,0.4226,0.35,6.093,0.15,waspada
0.0,0.0,0.0,61.69,19.84,0.71,6,1,30.758,2.8569,2,0.0,0.0,0.6169,0.75,12.242,0.6,waspada
0.0,0.0,0.0,32.22,10.14,22.75,10,0,37.44,2.9489,3,0.0,0.0,0.3222,0.75,3.268,0.1,aman
1.83,4.958,19.893,81.08,4.81,10.07,11,0,8.213,0.05,1,1.83,1.6526,0.8108,0.75,3.899,0.65,waspada
59.468,146.738,383.85,43.18,35.37,30.02,5,0,0.0,2.8792,2,59.468,48.9127,0.4318,0.15,15.273,0.85,awas
9.895,19.578,58.197,88.2,22.86,27.97,12,0,21.572,1.1194,2,9.895,6.5261,0.882,0.15,20.162,0.85,siaga
69.967,157.561,393.016,72.55,22.18,16.66,10,0,10.857,0.05,2,69.967,52.5203,0.7255,0.55,16.091,0.9,awas
8.191,19.941,59.179,81.1,5.38,12.14,9,1,33.73,0.05,3,8.191,6.6469,0.811,0.35,4.363,0.85,siaga
8.591,19.378,49.206,88.68,4.95,34.42,7,1,34.824,2.1986,3,8.591,6.4593,0.8868,0.35,4.39,0.3,siaga
0.0,0.0,0.0,54.06,28.18,30.79,8,1,40.018,0.05,1,0.0,0.0,0.5406,0.35,15.236,0.8,waspada
12.52,21.706,57.296,63.4,3.28,14.95,9,1,14.251,1.7199,2,12.52,7.2352,0.634,0.55,2.08,0.55,waspada
16.891,31.543,75.774,77.68,15.57,22.97,7,1,8.241,2.1213,2,16.891,10.5143,0.7768,0.55,12.093,0.25,siaga
21.184,39.797,104.056,31.97,34.98,30.75,7,1,0.0,0.05,1,21.184,13.2658,0.3197,0.35,11.185,0.7,siaga
68.515,139.456,279.369,58.95,12.36,26.16,11,0,16.226,0.7688,1,68.515,46.4855,0.5895,0.75,7.288,0.2,siaga
13.694,25.976,102.017,33.55,28.14,34.82,5,0,19.28,0.78,2,13.694,8.6585,0.3355,0.55,9.441,0.7,waspada
6.059,12.469,40.999,85.67,11.89,19.51,9,1,23.754,0.05,3,6.059,4.1562,0.8567,0.35,10.182,0.2,siaga
0.0,0.0,0.0,38.13,21.22,20.58,4,0,21.113,2.7733,2,0.0,0.0,0.3813,0.55,8.093,0.65,waspada
22.943,54.389,133.303,65.79,34.58,27.32,4,0,7.365,2.8125,0,22.943,18.1296,0.6579,0.35,22.753,0.6,siaga
19.794,33.802,72.342,73.37,8.06,21.89,2,0,42.925,0.7743,2,19.794,11.2674,0.7337,0.35,5.913,0.25,siaga
0.0,0.0,0.0,64.29,12.39,7.54,7,1,44.468,1.0837,3,0.0,0.0,0.6429,0.15,7.967,0.7,siaga
6.106,12.689,33.486,65.2,4.98,21.78,9,1,15.777,2.2894,2,6.106,4.2298,0.652,0.85,3.248,0.3,waspada
7.202,16.828,69.521,83.19,23.33,29.86,6,1,0.0,0.9224,2,7.202,5.6093,0.8319,0.75,19.409,0.7,siaga
0.609,1.058,3.303,34.77,16.41,6.37,12,0,6.425,1.195,2,0.609,0.3527,0.3477,0.55,5.706,0.85,waspada
0.0,0.0,0.0,97.82,11.0,31.09,8,1,28.886,2.246,3,0.0,0.0,0.9782,0.35,10.763,0.6,siaga
0.0,0.0,0.0,41.04,27.67,1.27,12,0,11.851,2.5775,3,0.0,0.0,0.4104,0.15,11.356,0.9,waspada
7.014,18.273,38.448,40.34,35.31,0.75,10,0,2.651,0.05,3,7.014,6.091,0.4034,1.0,14.243,0.75,waspada
11.755,25.995,53.342,45.16,34.45,29.42,3,0,0.0,0.8695,3,11.755,8.665,0.4516,0.55,15.561,0.15,waspada
0.0,0.0,0.0,75.29,37.34,2.44,6,1,11.171,0.9128,2,0.0,0.0,0.7529,0.75,28.111,0.9,waspada
0.0,0.0,0.0,66.32,28.52,26.93,5,0,36.009,1.4879,3,0.0,0.0,0.6632,0.35,18.913,0.5,waspada
20.57,34.56,127.635,75.91,27.36,26.62,7,1,27.146,0.5639,2,20.57,11.52,0.7591,0.55,20.767,0.1,siaga
0.0,0.0,0.0,59.03,37.43,27.44,3,0,27.753,0.05,1,0.0,0.0,0.5903,0.75,22.094,0.75,waspada
0.0,0.0,0.0,57.8,34.74,18.4,8,1,25.469,0.2632,1,0.0,0.0,0.578,0.15,20.082,0.1,siaga
93.221,154.252,249.253,63.84,24.16,8.37,4,0,51.101,0.05,3,93.221,51.4173,0.6384,1.0,15.425,0.15,siaga
0.0,0.0,0.0,44.41,35.86,20.11,1,0,27.536,2.2231,2,0.0,0.0,0.4441,0.55,15.924,0.4,waspada
0.0,0.0,0.0,59.31,6.18,14.99,10,0,30.387,0.05,2,0.0,0.0,0.5931,0.55,3.668,0.55,waspada
3.442,10.273,21.944,60.29,17.75,6.71,5,0,21.902,1.462,2,3.442,3.4244,0.6029,0.85,10.699,0.65,waspada
0.0,0.0,0.0,30.54,24.17,9.13,7,1,0.0,0.889,1,0.0,0.0,0.3054,0.15,7.381,0.75,waspada
65.059,142.474,296.509,77.54,22.01,27.37,2,0,19.43,2.5922,2,65.059,47.4913,0.7754,0.05,17.068,0.55,awas
3.829,8.123,29.336,52.38,36.82,27.46,6,1,55.216,0.368,2,3.829,2.7075,0.5238,0.55,19.288,0.1,waspada
0.0,0.0,0.0,39.82,5.79,3.63,1,0,49.194,0.762,3,0.0,0.0,0.3982,0.55,2.305,0.9,waspada
49.423,116.475,320.98,77.23,11.43,31.48,11,0,28.204,0.05,2,49.423,38.825,0.7723,0.35,8.828,0.85,awas
7.514,16.897,57.239,90.01,32.57,30.56,2,0,19.815,1.7001,1,7.514,5.6322,0.9001,1.0,29.318,0.5,waspada
119.1,177.195,379.682,53.88,4.76,7.54,3,0,21.079,2.2154,2,119.1,59.0649,0.5388,0.05,2.565,0.75,awas
0.0,0.0,0.0,72.25,11.45,24.8,10,0,64.109,1.1087,1,0.0,0.0,0.7225,0.35,8.275,0.4,siaga
0.0,0.0,0.0,56.81,29.08,33.09,6,1,0.0,2.5117,2,0.0,0.0,0.5681,0.55,16.521,0.4,waspada
8.185,18.532,63.671,70.55,23.44,27.56,5,0,0.0,1.7361,2,8.185,6.1773,0.7055,0.55,16.541,0.8,siaga
46.016,87.208,264.147,92.4,27.58,17.17,4,0,13.12,0.9834,3,46.016,29.0695,0.924,0.75,25.481,0.25,awas
60.454,132.595,291.592,47.03,10.09,11.94,2,0,21.693,0.05,1,60.454,44.1982,0.4703,0.75,4.748,0.2,siaga
0.0,0.0,0.0,43.97,20.08,28.87,7,1,22.912,1.2822,3,0.0,0.0,0.4397,0.55,8.829,0.65,waspada
65.736,131.133,343.595,89.37,11.27,25.24,12,0,18.764,1.0286,3,65.736,43.711,0.8937,0.55,10.075,0.6,awas
0.0,0.0,0.0,75.24,26.09,19.68,8,1,29.281,0.6655,1,0.0,0.0,0.7524,0.85,19.631,0.9,waspada
0.0,0.0,0.0,85.35,5.02,20.91,11,0,34.399,0.8674,2,0.0,0.0,0.8535,0.35,4.286,0.3,siaga
0.0,0.0,0.0,32.19,7.37,25.33,3,0,0.0,1.172,2,0.0,0.0,0.3219,0.75,2.372,0.35,waspada
2.137,3.935,18.092,55.4,8.53,19.91,6,1,0.0,0.05,1,2.137,1.3116,0.554,0.75,4.724,0.55,waspada
20.808,46.633,133.248,75.54,9.51,7.77,11,0,24.54,0.6686,3,20.808,15.5442,0.7554,0.75,7.183,0.2,siaga
0.0,0.0,0.0,40.08,25.49,25.37,3,0,0.891,0.9818,2,0.0,0.0,0.4008,0.35,10.216,0.15,waspada
0.0,0.0,0.0,37.16,19.47,27.92,2,0,9.375,0.5081,1,0.0,0.0,0.3716,0.15,7.233,0.75,waspada
0.0,0.0,0.0,58.31,37.75,22.03,1,0,29.369,2.2014,1,0.0,0.0,0.5831,0.55,22.011,0.1,waspada
12.861,26.613,104.676,60.92,35.63,30.4,3,0,38.84,1.3059,2,12.861,8.8709,0.6092,0.35,21.705,0.4,siaga
0.0,0.0,0.0,66.56,34.99,33.19,9,1,9.613,3.1009,2,0.0,0.0,0.6656,0.55,23.287,0.1,waspada
7.9,20.309,95.919,73.49,26.64,22.02,6,1,6.828,1.8232,2,7.9,6.7696,0.7349,0.75,19.575,0.25,waspada
14.695,36.001,127.189,44.47,22.31,20.36,2,0,56.926,2.4369,2,14.695,12.0003,0.4447,0.55,9.922,0.2,waspada
61.657,137.358,334.421,51.44,7.85,25.82,1,0,29.453,0.4361,0,61.657,45.7862,0.5144,0.15,4.038,0.45,awas
24.427,44.701,137.545,93.95,26.46,23.53,5,0,7.119,1.951,3,24.427,14.9004,0.9395,0.55,24.861,0.65,siaga
0.0,0.0,0.0,64.79,32.12,20.53,7,1,34.746,1.6365,1,0.0,0.0,0.6479,0.35,20.809,0.6,waspada
0.0,0.0,0.0,68.51,11.55,10.19,4,0,17.419,0.5397,3,0.0,0.0,0.6851,0.55,7.916,0.85,waspada
17.475,32.69,113.672,91.25,15.22,17.91,8,1,9.215,3.1912,2,17.475,10.8966,0.9125,0.35,13.889,0.9,siaga
0.0,0.0,0.0,47.77,4.45,32.35,9,1,52.46,3.0652,1,0.0,0.0,0.4777,0.55,2.127,0.4,waspada
0.0,0.0,0.0,43.44,4.16,8.18,12,0,61.001,0.0731,2,0.0,0.0,0.4344,0.35,1.809,0.45,waspada
0.0,0.0,0.0,88.49,20.47,24.9,11,0,28.586,1.942,1,0.0,0.0,0.8849,0.15,18.112,0.85,siaga
0.0,0.0,0.0,96.43,25.89,2.36,5,0,0.0,3.0383,3,0.0,0.0,0.9643,0.35,24.963,0.25,siaga
0.0,0.0,0.0,88.79,4.14,24.82,7,1,8.45,0.5668,1,0.0,0.0,0.8879,0.35,3.672,0.75,siaga
0.0,0.0,0.0,42.59,13.21,34.49,7,1,35.216,1.1964,2,0.0,0.0,0.4259,0.75,5.627,0.2,waspada
9.193,22.647,58.872,88.34,8.6,20.24,11,0,28.883,3.6003,1,9.193,7.5491,0.8834,0.75,7.598,0.1,waspada
5.965,12.105,38.897,63.26,9.27,14.77,1,0,17.271,1.6687,2,5.965,4.0351,0.6326,0.35,5.864,0.55,siaga
0.0,0.0,0.0,34.07,3.52,9.96,9,1,0.0,1.9221,2,0.0,0.0,0.3407,0.75,1.199,0.65,waspada
3.062,7.333,19.487,34.63,28.3,2.92,11,0,39.688,0.05,2,3.062,2.4443,0.3463,0.85,9.802,0.2,aman
6.62,16.782,71.551,66.72,2.83,8.64,11,0,18.442,1.2174,1,6.62,5.5941,0.6672,0.35,1.887,0.8,siaga
0.0,0.0,0.0,86.69,3.04,0.46,1,0,34.967,0.05,0,0.0,0.0,0.8669,0.15,2.632,0.7,siaga
64.602,118.245,269.452,90.38,12.46,26.9,5,0,18.508,0.7821,2,64.602,39.4149,0.9038,0.75,11.262,0.55,awas
0.0,0.0,0.0,96.55,18.64,7.55,4,0,39.766,1.4639,0,0.0,0.0,0.9655,0.35,17.997,0.55,siaga
1.719,5.029,17.698,49.3,27.94,32.48,9,1,0.0,1.8586,3,1.719,1.6762,0.493,0.15,13.773,0.8,siaga
0.0,0.0,0.0,32.78,12.53,13.56,7,1,45.348,0.7221,1,0.0,0.0,0.3278,0.75,4.108,0.3,waspada
0.0,0.0,0.0,44.86,31.6,5.54,6,1,43.791,0.1808,1,0.0,0.0,0.4486,0.55,14.177,0.55,waspada
2.454,6.55,13.172,48.71,36.85,18.53,6,1,44.218,0.6673,3,2.454,2.1833,0.4871,0.85,17.948,0.45,waspada
127.757,173.383,432.997,57.99,24.42,15.21,1,0,0.887,2.0625,0,127.757,57.7945,0.5799,0.35,14.162,0.65,awas
0.0,0.0,0.0,59.68,24.53,32.06,9,1,33.585,2.2051,3,0.0,0.0,0.5968,0.55,14.641,0.9,waspada
0.0,0.0,0.0,90.19,26.56,24.15,6,1,21.656,0.05,3,0.0,0.0,0.9019,0.55,23.957,0.7,siaga
0.0,0.0,0.0,59.39,19.21,1.93,5,0,20.027,0.4514,2,0.0,0.0,0.5939,0.35,11.409,0.25,waspada
15.783,33.521,124.544,87.14,30.38,29.38,9,1,18.385,2.4342,3,15.783,11.1736,0.8714,0.75,26.473,0.6,siaga
23.437,35.419,82.729,45.49,15.57,12.63,8,1,1.571,0.4594,2,23.437,11.8064,0.4549,0.75,7.081,0.85,siaga
7.94,14.533,61.501,94.33,2.75,28.06,6,1,1.084,1.3191,3,7.94,4.8443,0.9433,0.75,2.592,0.85,siaga
0.0,0.0,0.0,57.34,32.9,19.12,3,0,6.979,2.1739,1,0.0,0.0,0.5734,0.75,18.863,0.6,waspada
55.297,116.985,325.75,71.06,36.19,22.52,1,0,9.308,1.655,2,55.297,38.9948,0.7106,0.85,25.718,0.75,siaga
0.0,0.0,0.0,73.49,5.14,24.5,10,0,30.542,1.2631,2,0.0,0.0,0.7349,0.75,3.779,0.45,waspada
0.0,0.0,0.0,71.96,10.02,24.85,2,0,13.83,1.3181,3,0.0,0.0,0.7196,0.15,7.21,0.45,siaga
0.0,0.0,0.0,55.33,20.22,13.94,2,0,38.334,2.1822,3,0.0,0.0,0.5533,0.15,11.187,0.5,siaga
0.0,0.0,0.0,46.58,14.32,0.39,7,1,20.822,0.1592,2,0.0,0.0,0.4658,0.35,6.668,0.45,waspada
132.965,184.475,371.467,73.98,23.62,7.67,9,1,40.386,0.3129,3,132.965,61.4915,0.7398,0.35,17.475,0.3,awas
6.349,14.501,43.202,32.03,10.2,14.57,5,0,37.289,1.2538,2,6.349,4.8337,0.3203,0.55,3.267,0.65,waspada
0.0,0.0,0.0,48.22,35.47,12.17,1,0,8.737,2.4556,2,0.0,0.0,0.4822,0.75,17.103,0.1,waspada
1.856,5.451,16.207,61.05,36.76,29.21,4,0,35.393,2.6335,3,1.856,1.817,0.6105,0.55,22.442,0.2,waspada
3.966,9.28,38.008,60.12,7.06,1.1,12,0,20.823,0.364,2,3.966,3.0935,0.6012,0.75,4.248,0.45,waspada
4.064,10.006,48.659,61.25,6.9,16.09,1,0,0.0,0.05,2,4.064,3.3353,0.6125,0.35,4.229,0.8,siaga
7.928,20.264,65.201,59.0,9.69,10.24,1,0,0.509,1.5371,1,7.928,6.7547,0.59,0.05,5.719,0.6,siaga
0.0,0.0,0.0,83.59,28.39,24.05,2,0,27.702,0.7701,2,0.0,0.0,0.8359,0.35,23.727,0.45,siaga
13.28,22.785,51.316,80.9,29.71,18.29,3,0,67.907,0.8689,3,13.28,7.595,0.809,0.55,24.035,0.2,siaga
76.93,137.827,386.568,44.39,20.99,19.47,9,1,31.521,1.0885,3,76.93,45.9423,0.4439,0.75,9.317,0.25,siaga
17.478,33.214,79.468,77.2,37.72,4.71,3,0,37.24,0.05,2,17.478,11.0712,0.772,0.35,29.125,0.75,siaga
68.825,134.275,280.697,83.81,37.8,27.96,12,0,14.095,2.0809,1,68.825,44.7582,0.8381,0.55,31.682,0.6,awas
0.0,0.0,0.0,47.6,14.66,21.36,7,1,2.948,1.2677,2,0.0,0.0,0.476,0.85,6.977,0.6,waspada
1.027,1.655,4.287,95.62,32.66,28.97,10,0,57.132,0.5629,3,1.027,0.5517,0.9562,0.75,31.229,0.1,waspada
3.653,8.679,21.186,48.35,3.69,7.88,1,0,9.885,1.8405,2,3.653,2.8928,0.4835,0.05,1.785,0.2,siaga
24.723,40.163,119.696,70.92,9.52,15.3,8,1,0.0,2.3669,0,24.723,13.3878,0.7092,0.35,6.749,0.1,siaga
0.0,0.0,0.0,92.45,7.29,27.7,11,0,0.0,0.6645,3,0.0,0.0,0.9245,0.55,6.738,0.4,siaga
0.0,0.0,0.0,50.35,36.26,15.17,10,0,17.575,0.9758,1,0.0,0.0,0.5035,0.15,18.256,0.15,waspada
0.0,0.0,0.0,82.91,27.34,20.31,7,1,19.961,0.05,1,0.0,0.0,0.8291,0.75,22.67,0.25,waspada
7.674,21.046,89.751,45.74,11.98,31.22,2,0,20.24,1.3249,1,7.674,7.0152,0.4574,0.15,5.479,0.55,siaga
1.662,3.254,7.391,62.83,25.11,18.02,12,0,35.59,1.845,3,1.662,1.0848,0.6283,0.15,15.775,0.2,siaga
0.0,0.0,0.0,60.06,17.22,18.13,9,1,10.441,0.939,2,0.0,0.0,0.6006,0.55,10.341,0.7,waspada
1.317,3.356,12.873,80.19,33.48,20.16,7,1,20.039,1.2932,3,1.317,1.1187,0.8019,0.75,26.849,0.15,waspada
5.755,12.055,43.831,63.85,24.53,12.2,7,1,0.929,0.7856,1,5.755,4.0185,0.6385,0.55,15.663,0.45,waspada
0.0,0.0,0.0,43.33,3.04,33.75,12,0,0.0,1.5855,1,0.0,0.0,0.4333,0.35,1.319,0.6,waspada
75.467,174.101,380.079,44.76,26.01,9.15,7,1,28.58,0.3758,2,75.467,58.0336,0.4476,0.15,11.641,0.45,awas
0.0,0.0,0.0,90.85,28.71,6.63,6,1,26.124,3.4666,3,0.0,0.0,0.9085,0.55,26.08,0.4,waspada
0.0,0.0,0.0,86.31,36.72,19.02,6,1,3.081,0.7666,1,0.0,0.0,0.8631,0.75,31.691,0.4,waspada
91.228,110.934,251.058,83.0,32.0,13.09,3,0,1.956,0.6845,2,91.228,36.9779,0.83,0.35,26.557,0.2,awas
24.083,38.11,78.9,65.32,3.83,21.19,6,1,2.021,0.663,1,24.083,12.7034,0.6532,0.75,2.505,0.15,siaga
8.74,18.505,45.997,30.6,10.99,26.36,12,0,30.367,1.611,0,8.74,6.1682,0.306,0.35,3.363,0.2,waspada
19.317,32.68,83.422,64.71,33.9,27.99,7,1,0.0,2.6814,1,19.317,10.8933,0.6471,0.35,21.936,0.5,siaga
6.095,17.078,76.66,77.67,36.68,18.04,11,0,17.956,2.0,2,6.095,5.6926,0.7767,0.35,28.49,0.8,siaga
29.322,45.482,123.785,79.64,9.24,6.01,1,0,28.11,1.8448,2,29.322,15.1607,0.7964,0.55,7.36,0.6,siaga
0.0,0.0,0.0,31.66,7.34,0.95,7,1,59.037,1.7495,2,0.0,0.0,0.3166,0.75,2.324,0.7,waspada
5.48,10.176,24.24,38.56,33.35,18.92,9,1,0.0,0.05,3,5.48,3.3921,0.3856,0.35,12.858,0.9,siaga
0.0,0.0,0.0,94.75,8.59,1.02,2,0,32.672,0.268,1,0.0,0.0,0.9475,0.35,8.138,0.45,siaga
6.622,10.083,35.611,85.43,30.13,21.81,6,1,53.48,1.7675,2,6.622,3.3609,0.8543,0.35,25.738,0.5,siaga
0.0,0.0,0.0,56.58,32.39,29.3,7,1,0.0,1.2543,2,0.0,0.0,0.5658,0.75,18.328,0.7,waspada
17.419,42.424,115.369,56.28,9.06,34.5,6,1,0.0,0.3771,3,17.419,14.1414,0.5628,0.75,5.097,0.65,siaga
0.0,0.0,0.0,51.66,14.8,8.52,4,0,0.0,1.3384,3,0.0,0.0,0.5166,1.0,7.645,0.1,aman
98.812,153.459,338.993,61.38,14.76,3.54,4,0,25.248,0.8806,1,98.812,51.153,0.6138,0.75,9.058,0.45,siaga
0.0,0.0,0.0,67.13,34.02,25.11,5,0,37.678,1.2151,2,0.0,0.0,0.6713,0.15,22.841,0.8,siaga
3.572,7.611,36.93,95.33,9.94,28.3,5,0,31.703,2.3061,2,3.572,2.5371,0.9533,0.05,9.474,0.7,siaga
0.0,0.0,0.0,97.02,30.08,31.76,4,0,21.68,2.1913,2,0.0,0.0,0.9702,0.55,29.182,0.1,waspada
0.911,2.196,7.268,50.73,8.43,33.85,2,0,20.65,0.05,0,0.911,0.7319,0.5073,0.75,4.279,0.85,waspada
0.0,0.0,0.0,81.12,34.51,5.28,9,1,17.334,1.7521,2,0.0,0.0,0.8112,0.85,27.996,0.6,waspada
6.179,14.242,48.805,78.26,17.3,0.53,1,0,22.212,1.3639,0,6.179,4.7474,0.7826,0.55,13.54,0.5,siaga
1.064,1.748,6.284,84.45,16.96,19.07,5,0,18.251,1.293,3,1.064,0.5826,0.8445,0.15,14.321,0.5,siaga
0.0,0.0,0.0,52.46,11.16,4.15,11,0,3.406,0.05,3,0.0,0.0,0.5246,0.35,5.856,0.35,waspada
0.0,0.0,0.0,95.92,28.73,7.02,9,1,19.69,0.6025,1,0.0,0.0,0.9592,0.55,27.56,0.6,siaga
21.489,52.377,196.121,37.79,29.64,28.84,8,1,34.157,1.5984,1,21.489,17.4589,0.3779,0.55,11.202,0.85,siaga
0.0,0.0,0.0,84.13,10.92,34.63,3,0,0.0,0.146,2,0.0,0.0,0.8413,0.35,9.189,0.45,siaga
14.566,22.296,51.934,87.28,36.2,30.32,7,1,24.169,0.8444,2,14.566,7.432,0.8728,0.05,31.6,0.9,awas
7.198,18.527,75.082,45.24,13.37,3.33,2,0,0.0,2.4802,1,7.198,6.1756,0.4524,0.35,6.047,0.65,waspada
7.403,16.983,43.489,40.8,31.97,34.34,8,1,13.304,0.7649,1,7.403,5.6609,0.408,0.35,13.045,0.4,waspada
0.0,0.0,0.0,71.97,15.12,7.03,3,0,3.035,1.0778,3,0.0,0.0,0.7197,0.55,10.885,0.45,waspada
0.0,0.0,0.0,75.24,7.62,13.57,8,1,51.434,1.7597,0,0.0,0.0,0.7524,0.35,5.731,0.1,waspada
7.637,20.211,50.221,73.16,7.38,25.43,1,0,46.378,1.3673,3,7.637,6.7369,0.7316,0.75,5.401,0.1,waspada
138.721,205.966,419.077,74.43,20.85,26.71,5,0,47.899,0.0557,0,138.721,68.6552,0.7443,1.0,15.518,0.2,siaga
50.366,91.253,265.3,35.08,37.88,11.74,6,1,27.893,0.9021,1,50.366,30.4176,0.3508,0.35,13.289,0.5,siaga
0.0,0.0,0.0,79.74,14.05,20.96,5,0,36.279,1.2883,2,0.0,0.0,0.7974,0.75,11.203,0.45,waspada
18.018,31.838,105.702,85.14,24.16,31.1,11,0,12.318,1.7952,2,18.018,10.6126,0.8514,0.75,20.57,0.6,siaga
0.0,0.0,0.0,90.04,2.55,26.58,11,0,20.545,0.05,2,0.0,0.0,0.9004,0.75,2.296,0.15,waspada
3.125,4.849,21.695,63.73,25.4,13.65,5,0,25.09,3.0497,2,3.125,1.6164,0.6373,0.55,16.189,0.85,waspada
15.822,24.091,63.37,92.57,18.12,28.24,12,0,2.089,2.4712,2,15.822,8.0304,0.9257,0.75,16.771,0.85,siaga
0.0,0.0,0.0,37.91,20.07,3.94,4,0,0.057,0.05,2,0.0,0.0,0.3791,0.75,7.608,0.2,waspada
0.61,1.68,4.121,87.49,6.96,25.99,8,1,12.682,1.7176,3,0.61,0.5601,0.8749,0.75,6.087,0.15,waspada
5.688,13.271,54.828,55.78,12.76,17.55,10,0,21.568,1.1431,3,5.688,4.4237,0.5578,0.35,7.115,0.85,siaga
7.261,20.457,71.78,61.12,9.0,24.91,9,1,24.134,0.6269,1,7.261,6.8189,0.6112,0.75,5.5,0.85,waspada
0.0,0.0,0.0,45.85,15.36,8.29,4,0,38.549,0.05,3,0.0,0.0,0.4585,0.55,7.042,0.3,waspada
71.211,112.672,377.949,82.94,24.46,12.46,6,1,60.591,1.1317,2,71.211,37.5573,0.8294,0.85,20.285,0.5,siaga
16.023,30.725,76.399,86.91,32.38,14.52,7,1,0.359,1.136,2,16.023,10.2418,0.8691,0.55,28.141,0.9,siaga
0.0,0.0,0.0,55.86,16.13,2.66,3,0,61.684,1.811,3,0.0,0.0,0.5586,0.15,9.009,0.6,siaga
6.34,16.892,59.932,77.07,6.73,16.88,5,0,21.183,1.9581,2,6.34,5.6307,0.7707,0.75,5.185,0.7,waspada
6.486,18.251,42.81,77.62,22.04,12.46,11,0,9.339,1.1235,0,6.486,6.0836,0.7762,0.35,17.108,0.3,siaga
15.43,28.482,93.222,77.45,21.31,17.82,10,0,58.956,1.4196,3,15.43,9.4939,0.7745,1.0,16.503,0.65,waspada
0.0,0.0,0.0,59.33,11.09,7.61,9,1,27.78,0.8011,3,0.0,0.0,0.5933,0.75,6.577,0.15,waspada
2.498,6.524,26.112,49.19,23.27,18.68,3,0,39.506,2.3512,0,2.498,2.1745,0.4919,0.75,11.444,0.15,waspada
0.0,0.0,0.0,60.08,25.95,32.64,6,1,27.899,0.4215,2,0.0,0.0,0.6008,0.05,15.591,0.35,siaga
0.0,0.0,0.0,40.58,18.91,30.47,9,1,0.0,3.7106,3,0.0,0.0,0.4058,0.35,7.674,0.65,waspada
22.799,34.7,132.699,50.18,5.87,31.37,8,1,19.007,0.0801,2,22.799,11.5667,0.5018,0.35,2.944,0.15,siaga
19.964,39.654,157.484,31.92,19.41,14.57,10,0,37.617,0.9865,1,19.964,13.2181,0.3192,0.35,6.196,0.55,siaga
3.574,8.169,19.775,60.12,33.67,11.15,10,0,30.182,1.3149,3,3.574,2.7231,0.6012,0.35,20.24,0.3,waspada
0.0,0.0,0.0,88.43,4.89,19.19,12,0,0.0,0.7189,3,0.0,0.0,0.8843,0.85,4.322,0.55,waspada
2.219,5.366,15.152,58.62,24.1,2.12,9,1,3.424,2.2193,1,2.219,1.7888,0.5862,0.75,14.129,0.35,waspada
19.558,40.354,150.661,88.72,23.38,6.34,10,0,43.274,0.1952,3,19.558,13.4512,0.8872,0.05,20.743,0.1,awas
12.961,31.281,109.289,45.97,20.48,24.49,3,0,40.371,0.7084,3,12.961,10.4269,0.4597,0.75,9.413,0.2,waspada
10.249,25.207,88.07,46.06,34.09,14.79,11,0,11.929,3.2623,2,10.249,8.4023,0.4606,0.35,15.699,0.65,siaga
0.0,0.0,0.0,38.26,28.57,22.6,10,0,26.138,0.9322,2,0.0,0.0,0.3826,0.35,10.931,0.65,waspada
1.66,4.494,20.392,35.44,7.84,14.66,11,0,46.36,0.7099,1,1.66,1.498,0.3544,0.55,2.778,0.35,waspada
0.0,0.0,0.0,30.01,3.96,4.67,10,0,14.059,1.0247,1,0.0,0.0,0.3001,0.55,1.188,0.6,waspada
0.0,0.0,0.0,86.22,22.75,16.92,12,0,23.057,1.6749,0,0.0,0.0,0.8622,0.55,19.615,0.45,waspada
0.0,0.0,0.0,36.49,2.66,34.72,6,1,21.426,0.05,2,0.0,0.0,0.3649,0.55,0.971,0.9,waspada
47.774,85.687,223.001,43.93,6.85,18.49,11,0,12.396,1.7345,3,47.774,28.5623,0.4393,0.85,3.009,0.4,siaga
6.858,13.981,62.324,33.51,21.87,13.8,8,1,9.025,0.8746,3,6.858,4.6603,0.3351,0.55,7.327,0.85,waspada
37.488,69.254,179.526,35.63,31.63,21.23,10,0,33.893,2.4826,0,37.488,23.0848,0.3563,0.55,11.272,0.8,siaga
1.844,4.251,12.316,83.52,2.62,12.43,10,0,8.325,0.4728,3,1.844,1.417,0.8352,0.75,2.184,0.6,waspada
0.0,0.0,0.0,39.03,36.02,29.19,1,0,50.043,1.1278,2,0.0,0.0,0.3903,0.55,14.057,0.85,waspada
7.893,23.325,98.83,31.49,7.79,5.44,9,1,0.0,0.3262,3,7.893,7.775,0.3149,0.75,2.452,0.2,waspada
9.89,24.477,95.479,58.02,31.96,9.33,2,0,0.0,1.5421,1,9.89,8.1589,0.5802,0.35,18.547,0.8,siaga
9.108,15.644,57.114,54.06,12.46,23.63,1,0,11.371,0.6219,2,9.108,5.2145,0.5406,0.15,6.737,0.55,siaga
19.004,36.852,85.151,30.41,21.16,33.39,4,0,28.51,1.762,3,19.004,12.284,0.3041,1.0,6.436,0.1,waspada
3.936,11.808,35.497,41.0,20.07,8.97,4,0,0.0,1.5211,1,3.936,3.9359,0.41,0.35,8.23,0.8,waspada
4.413,9.249,34.72,42.78,25.89,14.18,11,0,23.691,0.3757,3,4.413,3.083,0.4278,0.75,11.076,0.35,waspada
11.696,25.757,55.585,49.87,6.73,14.22,3,0,20.192,2.0937,2,11.696,8.5856,0.4987,0.55,3.356,0.75,siaga
0.0,0.0,0.0,58.28,16.83,10.78,7,1,46.672,0.7834,1,0.0,0.0,0.5828,0.75,9.81,0.1,waspada
0.0,0.0,0.0,45.62,2.26,31.07,10,0,17.002,0.5992,2,0.0,0.0,0.4562,0.15,1.029,0.65,siaga
0.0,0.0,0.0,40.02,8.04,21.8,2,0,36.264,0.6627,0,0.0,0.0,0.4002,0.75,3.216,0.5,waspada
122.424,198.791,474.846,43.43,8.74,2.54,7,1,4.351,2.9018,1,122.424,66.2636,0.4343,0.75,3.794,0.65,siaga
0.0,0.0,0.0,40.83,5.95,13.03,10,0,24.485,2.1315,2,0.0,0.0,0.4083,0.55,2.429,0.7,waspada
5.232,14.163,66.187,77.64,19.3,8.18,5,0,49.366,1.589,2,5.232,4.721,0.7764,0.35,14.984,0.9,siaga
0.0,0.0,0.0,82.66,32.96,2.01,12,0,20.291,1.4809,3,0.0,0.0,0.8266,0.55,27.247,0.6,waspada
16.923,30.247,85.447,95.87,23.43,10.39,1,0,60.318,1.3756,1,16.923,10.0824,0.9587,0.35,22.464,0.3,siaga
0.0,0.0,0.0,56.64,21.82,2.66,12,0,15.745,1.7604,2,0.0,0.0,0.5664,0.75,12.362,0.65,waspada
1.174,2.201,9.825,33.43,9.78,4.63,10,0,33.112,2.178,2,1.174,0.7337,0.3343,0.15,3.27,0.2,waspada
16.845,25.586,68.48,61.94,27.41,31.73,7,1,0.0,1.2854,1,16.845,8.5285,0.6194,1.0,16.978,0.15,waspada
3.863,7.547,30.709,43.4,23.9,18.65,10,0,20.116,0.05,2,3.863,2.5157,0.434,0.75,10.372,0.6,waspada
0.0,0.0,0.0,80.88,7.86,34.94,12,0,13.335,0.05,2,0.0,0.0,0.8088,0.75,6.357,0.5,waspada
10.761,26.675,99.453,86.21,31.54,11.45,5,0,59.107,0.05,3,10.761,8.8916,0.8621,0.05,27.192,0.1,siaga
136.557,255.446,513.328,37.66,15.73,8.8,6,1,17.291,2.1025,0,136.557,85.1488,0.3766,0.55,5.923,0.7,siaga
27.204,41.952,128.412,58.51,34.89,34.19,12,0,19.338,0.9416,3,27.204,13.984,0.5851,0.75,20.415,0.7,siaga
5.256,15.426,76.547,85.39,9.88,2.56,1,0,0.0,2.5737,2,5.256,5.1418,0.8539,0.55,8.436,0.25,siaga
7.496,15.643,33.543,52.03,3.34,13.56,1,0,25.921,0.7722,1,7.496,5.2144,0.5203,0.55,1.736,0.85,waspada
0.0,0.0,0.0,67.75,19.76,5.32,9,1,0.0,1.5178,2,0.0,0.0,0.6775,0.55,13.385,0.3,waspada
41.533,85.217,223.293,95.44,13.37,22.24,7,1,21.423,0.6703,1,41.533,28.4057,0.9544,0.35,12.759,0.6,awas
0.0,0.0,0.0,36.94,2.65,22.36,2,0,32.116,2.568,3,0.0,0.0,0.3694,0.15,0.98,0.65,waspada
2.829,8.205,29.791,66.44,35.04,9.96,11,0,20.888,1.659,3,2.829,2.7349,0.6644,0.85,23.282,0.1,waspada
11.031,25.279,81.668,95.04,14.29,11.69,5,0,43.565,1.9361,2,11.031,8.4265,0.9504,0.15,13.579,0.65,siaga
7.343,16.974,83.049,94.77,22.95,4.26,4,0,39.752,0.3949,3,7.343,5.6582,0.9477,0.55,21.748,0.1,siaga
0.0,0.0,0.0,60.97,6.33,26.97,8,1,7.126,0.8531,1,0.0,0.0,0.6097,0.55,3.857,0.7,waspada
0.0,0.0,0.0,92.94,2.93,30.9,6,1,25.702,1.6917,2,0.0,0.0,0.9294,1.0,2.719,0.3,waspada
3.814,9.29,22.803,85.03,32.67,14.31,7,1,19.91,0.6253,3,3.814,3.0966,0.8503,0.55,27.781,0.7,siaga
0.0,0.0,0.0,50.54,37.37,33.18,5,0,20.557,1.4659,2,0.0,0.0,0.5054,0.35,18.89,0.75,waspada
0.0,0.0,0.0,48.12,5.06,23.74,3,0,11.814,3.0642,1,0.0,0.0,0.4812,0.35,2.437,0.55,waspada
0.0,0.0,0.0,79.55,19.47,27.0,3,0,21.967,2.3101,2,0.0,0.0,0.7955,0.55,15.489,0.25,waspada
5.505,12.961,48.468,48.02,13.6,15.65,2,0,3.637,0.05,3,5.505,4.3202,0.4802,0.35,6.529,0.4,waspada
73.323,117.711,330.806,49.06,13.38,20.72,2,0,25.038,2.753,1,73.323,39.2371,0.4906,0.35,6.564,0.4,awas
0.0,0.0,0.0,94.6,3.19,8.2,12,0,30.894,3.0985,2,0.0,0.0,0.946,0.55,3.022,0.55,siaga
9.722,23.005,69.038,75.19,36.19,21.05,3,0,29.684,1.427,2,9.722,7.6684,0.7519,0.55,27.211,0.75,siaga
10.901,16.589,39.691,64.6,27.53,29.38,1,0,40.238,0.4654,3,10.901,5.5296,0.646,0.35,17.786,0.75,siaga
0.0,0.0,0.0,35.48,36.93,14.75,7,1,0.0,2.1949,3,0.0,0.0,0.3548,0.35,13.104,0.65,waspada
16.257,25.075,84.982,90.99,9.21,18.28,5,0,50.94,1.1509,2,16.257,8.3584,0.9099,0.75,8.38,0.15,siaga
54.313,97.045,310.328,61.98,25.89,26.86,3,0,18.53,0.7296,3,54.313,32.3484,0.6198,0.15,16.045,0.55,awas
6.087,10.574,26.558,75.47,14.48,32.98,9,1,17.97,1.8766,2,6.087,3.5248,0.7547,1.0,10.924,0.25,waspada
48.898,77.459,252.571,55.76,3.75,22.15,2,0,10.527,0.232,3,48.898,25.8197,0.5576,0.35,2.092,0.75,awas
9.469,18.381,68.036,57.13,12.21,18.95,3,0,10.008,1.9055,0,9.469,6.127,0.5713,0.55,6.974,0.55,waspada
0.0,0.0,0.0,33.71,3.3,14.96,12,0,17.548,0.6829,3,0.0,0.0,0.3371,0.55,1.114,0.25,waspada
1.591,4.043,16.464,44.51,24.44,0.51,4,0,25.969,2.0458,2,1.591,1.3478,0.4451,0.15,10.881,0.2,waspada
18.084,42.7,89.548,92.78,19.83,9.41,1,0,0.0,1.1172,0,18.084,14.2334,0.9278,0.15,18.4,0.65,awas
0.0,0.0,0.0,84.4,28.17,16.44,9,1,3.079,1.0062,3,0.0,0.0,0.844,0.35,23.775,0.7,siaga
110.32,209.384,453.181,72.34,10.9,25.74,10,0,11.755,1.8487,2,110.32,69.7946,0.7234,0.75,7.883,0.45,siaga
6.932,20.119,94.214,54.61,32.07,6.41,2,0,22.552,1.7275,1,6.932,6.7063,0.5461,0.55,17.515,0.7,waspada
0.0,0.0,0.0,46.79,21.96,29.76,2,0,34.614,1.0954,2,0.0,0.0,0.4679,0.15,10.273,0.55,siaga
21.234,40.242,80.866,71.93,11.88,12.01,5,0,28.372,1.5351,3,21.234,13.414,0.7193,0.55,8.544,0.25,siaga
1.342,3.561,16.782,68.17,14.3,29.83,12,0,12.294,0.05,2,1.342,1.1871,0.6817,0.35,9.748,0.85,siaga
6.538,17.639,43.806,86.26,6.64,12.58,11,0,20.865,1.2657,2,6.538,5.8798,0.8626,0.75,5.728,0.5,waspada
0.0,0.0,0.0,82.51,22.64,8.74,12,0,0.0,2.7864,2,0.0,0.0,0.8251,0.05,18.682,0.3,siaga
0.504,1.024,4.282,51.2,30.3,15.04,1,0,14.841,2.7382,1,0.504,0.3413,0.512,0.55,15.514,0.25,waspada
51.87,89.574,246.781,96.5,23.54,1.21,9,1,8.282,3.268,1,51.87,29.8581,0.965,0.75,22.719,0.75,awas
80.84,159.892,349.53,52.56,5.2,24.76,1,0,4.366,2.6307,1,80.84,53.2972,0.5256,0.55,2.732,0.65,siaga
5.671,14.31,56.549,66.07,34.15,20.08,11,0,13.553,0.2237,3,5.671,4.7699,0.6607,0.55,22.563,0.25,waspada
0.0,0.0,0.0,32.83,18.45,5.63,1,0,0.76,2.109,1,0.0,0.0,0.3283,0.75,6.058,0.3,aman
0.0,0.0,0.0,52.85,21.72,23.0,8,1,45.651,1.4988,0,0.0,0.0,0.5285,0.55,11.477,0.3,waspada
0.0,0.0,0.0,54.07,6.19,11.49,9,1,55.917,0.7603,1,0.0,0.0,0.5407,0.75,3.344,0.5,waspada
14.205,23.416,71.929,42.97,4.7,25.78,8,1,0.0,2.7347,0,14.205,7.8052,0.4297,0.05,2.021,0.5,siaga
4.788,10.753,36.834,70.55,6.33,18.28,1,0,39.998,2.7276,3,4.788,3.5845,0.7055,0.55,4.469,0.5,waspada
5.798,8.976,43.0,81.32,13.47,32.39,1,0,40.807,1.2737,3,5.798,2.9921,0.8132,1.0,10.953,0.85,waspada
0.0,0.0,0.0,75.41,3.04,25.84,2,0,2.294,1.389,0,0.0,0.0,0.7541,0.55,2.291,0.2,waspada
21.413,43.48,92.273,77.55,17.08,17.56,11,0,42.874,1.0323,2,21.413,14.4932,0.7755,0.35,13.246,0.75,siaga
15.762,34.687,72.633,56.1,21.33,5.22,6,1,61.053,2.7872,2,15.762,11.5623,0.561,0.75,11.963,0.55,waspada
5.439,16.123,65.896,58.76,13.74,25.81,12,0,4.119,2.8741,2,5.439,5.3744,0.5876,0.55,8.071,0.7,waspada
0.0,0.0,0.0,37.87,29.94,25.92,11,0,36.855,0.05,0,0.0,0.0,0.3787,0.55,11.338,0.9,waspada
0.0,0.0,0.0,65.36,28.06,29.84,5,0,3.62,0.1227,0,0.0,0.0,0.6536,0.75,18.342,0.85,waspada
18.781,42.671,151.628,91.45,27.06,28.31,1,0,44.337,1.0421,2,18.781,14.2235,0.9145,0.55,24.752,0.45,siaga
4.785,9.699,36.967,45.75,30.72,7.84,4,0,48.303,0.5036,3,4.785,3.2331,0.4575,0.35,14.055,0.15,waspada
0.0,0.0,0.0,68.74,6.67,28.01,11,0,31.833,1.3432,3,0.0,0.0,0.6874,0.15,4.583,0.45,siaga
0.7,1.366,3.458,37.79,17.07,15.28,4,0,2.778,0.8177,0,0.7,0.4553,0.3779,0.55,6.451,0.85,waspada
0.0,0.0,0.0,72.18,25.91,3.28,11,0,21.268,1.1689,2,0.0,0.0,0.7218,0.55,18.7,0.9,waspada
118.924,162.581,292.519,33.56,15.86,12.78,1,0,36.13,2.5584,2,118.924,54.1936,0.3356,0.55,5.322,0.6,siaga
0.0,0.0,0.0,31.47,9.21,21.53,9,1,16.016,0.9022,2,0.0,0.0,0.3147,0.55,2.898,0.2,waspada
1.241,3.55,8.631,58.18,30.91,18.14,1,0,7.332,1.5181,1,1.241,1.1835,0.5818,0.15,17.983,0.3,siaga
2.946,7.296,34.48,86.34,24.5,18.49,8,1,0.0,0.5969,0,2.946,2.4322,0.8634,0.55,21.155,0.45,siaga
0.0,0.0,0.0,39.37,32.05,6.09,2,0,0.397,1.9901,1,0.0,0.0,0.3937,0.55,12.618,0.8,waspada
0.965,1.809,8.648,76.35,26.77,15.52,9,1,21.989,0.8965,2,0.965,0.603,0.7635,0.75,20.442,0.25,waspada
0.0,0.0,0.0,87.09,19.62,0.14,2,0,6.744,0.05,1,0.0,0.0,0.8709,0.15,17.084,0.45,siaga
0.0,0.0,0.0,44.44,10.26,0.4,11,0,20.698,1.9016,1,0.0,0.0,0.4444,0.35,4.559,0.3,waspada
0.0,0.0,0.0,79.93,16.15,19.26,9,1,0.0,2.1199,2,0.0,0.0,0.7993,0.75,12.906,0.25,waspada
1.124,2.08,5.341,77.76,22.1,3.87,7,1,19.304,2.2691,2,1.124,0.6934,0.7776,0.55,17.188,0.15,waspada
0.0,0.0,0.0,79.03,6.81,11.48,11,0,61.75,0.2716,2,0.0,0.0,0.7903,0.35,5.38,0.35,waspada
14.592,28.99,115.749,57.38,23.05,14.03,8,1,31.673,0.6497,3,14.592,9.6632,0.5738,0.15,13.225,0.5,siaga
16.174,32.451,79.513,30.28,30.32,2.47,6,1,34.925,0.7356,0,16.174,10.8171,0.3028,0.35,9.182,0.7,siaga
0.0,0.0,0.0,72.6,20.77,15.39,11,0,30.39,1.3618,1,0.0,0.0,0.726,0.05,15.079,0.55,siaga
0.0,0.0,0.0,95.4,9.81,7.18,11,0,13.129,0.3958,3,0.0,0.0,0.954,0.55,9.362,0.55,siaga
3.578,7.443,22.219,56.2,7.6,13.52,10,0,38.331,0.8667,3,3.578,2.4809,0.562,0.55,4.271,0.15,waspada
109.389,177.886,319.984,92.62,10.56,7.6,11,0,28.897,0.05,2,109.389,59.2954,0.9262,0.75,9.785,0.5,awas
2.136,4.475,18.759,73.75,18.95,26.88,9,1,30.266,0.481,0,2.136,1.4915,0.7375,0.55,13.976,0.9,siaga
0.0,0.0,0.0,84.21,31.21,3.41,6,1,17.869,0.959,2,0.0,0.0,0.8421,0.35,26.285,0.65,siaga
0.0,0.0,0.0,34.77,11.37,17.86,2,0,0.0,1.9508,2,0.0,0.0,0.3477,0.75,3.953,0.2,waspada
5.573,9.235,44.396,40.85,30.66,24.44,8,1,46.525,2.7246,3,5.573,3.0783,0.4085,0.05,12.522,0.75,siaga
7.321,14.381,34.299,66.59,25.35,14.36,5,0,25.18,0.4281,3,7.321,4.7937,0.6659,0.55,16.88,0.35,waspada
0.694,2.018,5.055,53.63,33.05,0.48,8,1,47.814,1.5065,3,0.694,0.6727,0.5363,0.55,17.722,0.9,waspada
9.697,16.825,63.565,56.15,36.98,26.0,12,0,5.138,0.5902,0,9.697,5.6084,0.5615,0.75,20.767,0.7,waspada
0.0,0.0,0.0,97.33,3.68,3.96,3,0,24.984,0.05,2,0.0,0.0,0.9733,0.75,3.586,0.8,siaga
21.474,51.949,203.974,85.72,33.11,7.63,7,1,8.353,1.4716,2,21.474,17.3163,0.8572,0.35,28.379,0.3,siaga
0.0,0.0,0.0,38.79,21.96,8.81,2,0,2.695,1.7754,3,0.0,0.0,0.3879,0.15,8.516,0.1,waspada
15.644,30.689,120.606,52.62,5.48,24.4,10,0,0.0,1.7692,2,15.644,10.2297,0.5262,0.35,2.884,0.2,siaga
7.461,20.248,48.389,86.27,11.08,22.0,11,0,22.667,0.2775,3,7.461,6.7494,0.8627,0.75,9.561,0.9,siaga
0.0,0.0,0.0,65.28,17.72,20.94,12,0,27.741,0.7611,1,0.0,0.0,0.6528,0.75,11.571,0.45,waspada
0.0,0.0,0.0,90.94,21.34,1.72,3,0,37.856,2.1732,3,0.0,0.0,0.9094,0.75,19.41,0.35,waspada
0.0,0.0,0.0,95.53,32.04,25.63,7,1,14.506,1.8948,0,0.0,0.0,0.9553,0.15,30.607,0.8,siaga
6.914,12.743,35.062,77.66,30.63,26.72,12,0,49.472,1.9155,1,6.914,4.2476,0.7766,0.75,23.787,0.85,waspada
1.006,2.236,9.954,60.3,10.3,22.76,3,0,32.017,2.8654,2,1.006,0.7454,0.603,0.35,6.213,0.75,waspada
67.928,137.292,291.612,76.0,28.62,10.95,3,0,22.954,0.9981,2,67.928,45.764,0.76,0.35,21.755,0.75,awas
14.383,29.91,76.379,72.28,28.7,23.35,2,0,0.0,1.3455,2,14.383,9.9699,0.7228,0.15,20.743,0.25,siaga
5.385,15.711,74.798,37.1,15.85,5.4,2,0,16.932,1.0722,1,5.385,5.237,0.371,0.75,5.879,0.9,waspada
0.0,0.0,0.0,67.29,20.16,0.19,12,0,7.908,1.1353,1,0.0,0.0,0.6729,0.15,13.566,0.65,siaga
7.993,15.302,33.879,59.37,10.49,21.94,11,0,25.516,0.1097,3,7.993,5.1007,0.5937,0.15,6.225,0.25,siaga
1.305,2.004,4.317,40.12,26.81,30.29,6,1,18.183,1.4733,2,1.305,0.668,0.4012,0.75,10.757,0.85,waspada
0.0,0.0,0.0,59.05,20.2,16.56,11,0,27.029,2.128,1,0.0,0.0,0.5905,0.55,11.93,0.15,waspada
8.383,14.948,58.159,95.64,7.07,23.31,5,0,0.0,1.4313,1,8.383,4.9825,0.9564,0.15,6.763,0.8,siaga
0.0,0.0,0.0,57.71,33.21,20.55,12,0,37.106,1.2469,2,0.0,0.0,0.5771,0.15,19.163,0.1,waspada
7.55,14.482,44.185,33.2,23.89,0.52,12,0,16.554,2.9778,0,7.55,4.8275,0.332,0.35,7.93,0.9,waspada
0.822,2.342,4.757,70.91,24.12,0.54,12,0,9.627,0.8016,3,0.822,0.7805,0.7091,0.35,17.102,0.1,siaga
0.0,0.0,0.0,53.8,34.24,9.08,10,0,93.583,2.3669,0,0.0,0.0,0.538,0.55,18.422,0.6,waspada
2.627,7.554,21.491,51.34,14.35,9.94,8,1,31.076,1.0542,2,2.627,2.518,0.5134,0.55,7.366,0.7,waspada
5.762,11.09,37.759,64.72,6.59,31.83,5,0,4.173,1.3003,3,5.762,3.6968,0.6472,0.75,4.267,0.5,waspada
0.0,0.0,0.0,37.15,7.71,4.82,12,0,18.054,0.05,1,0.0,0.0,0.3715,0.75,2.864,0.15,waspada
85.997,133.376,239.512,42.02,28.85,10.68,7,1,11.226,1.772,1,85.997,44.4585,0.4202,0.35,12.122,0.65,awas
0.0,0.0,0.0,87.67,18.71,24.99,5,0,11.665,1.6295,2,0.0,0.0,0.8767,0.55,16.404,0.15,waspada
133.295,212.101,496.997,43.01,30.85,0.87,4,0,36.971,0.05,2,133.295,70.7003,0.4301,0.15,13.271,0.15,awas
0.0,0.0,0.0,49.82,34.13,32.81,5,0,48.599,1.4441,3,0.0,0.0,0.4982,0.55,17.003,0.85,waspada
4.172,11.745,37.671,71.79,5.38,14.13,11,0,0.0,1.0851,1,4.172,3.9149,0.7179,0.55,3.862,0.7,siaga
0.0,0.0,0.0,58.46,30.2,22.07,6,1,21.7,2.963,1,0.0,0.0,0.5846,0.35,17.655,0.55,waspada
32.446,64.838,154.367,32.21,18.85,15.5,2,0,7.167,1.4378,0,32.446,21.6127,0.3221,0.35,6.07,0.65,siaga
22.681,34.729,137.597,69.75,17.92,25.89,1,0,12.868,0.05,3,22.681,11.5764,0.6975,0.75,12.501,0.4,siaga
24.087,47.402,170.485,69.37,14.77,30.79,1,0,27.446,0.05,3,24.087,15.8008,0.6937,0.55,10.245,0.9,siaga
0.0,0.0,0.0,76.15,8.55,11.39,2,0,14.027,1.6098,3,0.0,0.0,0.7615,0.35,6.514,0.9,siaga
7.084,15.881,62.204,64.3,8.63,15.23,3,0,26.485,1.5956,1,7.084,5.2935,0.643,1.0,5.551,0.3,waspada
3.95,10.547,31.536,86.28,22.13,18.71,7,1,17.855,1.6027,2,3.95,3.5158,0.8628,0.55,19.093,0.9,siaga
6.161,15.342,31.955,44.79,13.44,1.9,4,0,62.12,1.0111,2,6.161,5.114,0.4479,0.15,6.017,0.6,siaga
0.0,0.0,0.0,65.07,27.21,20.69,10,0,37.595,1.4026,2,0.0,0.0,0.6507,0.05,17.706,0.25,siaga
22.937,43.628,149.518,77.82,2.31,32.69,5,0,24.179,0.05,2,22.937,14.5427,0.7782,0.35,1.794,0.45,siaga
4.736,12.264,29.967,79.48,36.01,9.08,9,1,8.114,1.0081,2,4.736,4.088,0.7948,0.55,28.625,0.8,siaga
0.739,1.129,4.423,83.22,35.55,18.13,10,0,0.461,1.4105,3,0.739,0.3763,0.8322,0.15,29.583,0.2,siaga
18.788,39.615,96.763,65.35,3.1,2.99,9,1,3.865,1.6029,1,18.788,13.2051,0.6535,0.55,2.026,0.75,siaga
55.505,117.791,286.436,38.6,9.78,4.14,3,0,7.329,1.9862,0,55.505,39.2637,0.386,0.75,3.773,0.85,siaga
2.103,4.96,11.398,82.0,28.88,30.74,5,0,43.26,2.4874,3,2.103,1.6534,0.82,0.35,23.68,0.45,siaga
0.0,0.0,0.0,62.16,9.41,1.33,1,0,43.117,1.2111,3,0.0,0.0,0.6216,0.05,5.851,0.9,siaga
62.321,126.128,326.495,56.84,31.88,7.06,10,0,28.747,2.5007,2,62.321,42.0427,0.5684,1.0,18.12,0.15,siaga
21.928,34.959,132.563,68.7,29.13,6.45,9,1,0.0,1.5705,2,21.928,11.6531,0.687,0.35,20.016,0.85,siaga
3.415,7.233,24.296,79.29,3.32,19.83,4,0,29.056,0.1054,3,3.415,2.4109,0.7929,0.55,2.635,0.3,waspada
0.0,0.0,0.0,59.19,30.78,5.36,7,1,0.0,1.1553,0,0.0,0.0,0.5919,0.35,18.221,0.45,waspada
0.0,0.0,0.0,69.61,16.09,2.41,2,0,45.804,0.2575,1,0.0,0.0,0.6961,0.55,11.202,0.9,waspada
0.0,0.0,0.0,56.5,29.92,16.4,11,0,23.713,0.3417,3,0.0,0.0,0.565,0.75,16.901,0.55,waspada
1.674,3.976,16.588,60.32,12.04,19.17,12,0,33.143,0.7715,2,1.674,1.3254,0.6032,0.35,7.264,0.2,waspada
0.0,0.0,0.0,87.08,24.51,15.61,8,1,47.149,2.7522,1,0.0,0.0,0.8708,0.75,21.339,0.65,waspada
0.0,0.0,0.0,95.64,14.15,29.97,5,0,0.0,2.9123,1,0.0,0.0,0.9564,0.75,13.534,0.5,waspada
4.603,12.177,41.686,92.44,36.82,16.9,3,0,31.855,0.5244,2,4.603,4.0588,0.9244,0.75,34.04,0.4,waspada
1.478,3.128,15.596,90.46,10.71,25.05,12,0,39.918,2.8028,2,1.478,1.0426,0.9046,0.15,9.69,0.85,siaga
0.0,0.0,0.0,61.15,32.86,9.61,8,1,37.078,0.5596,2,0.0,0.0,0.6115,0.55,20.091,0.5,waspada
0.0,0.0,0.0,35.13,36.17,24.88,11,0,15.499,0.3237,3,0.0,0.0,0.3513,0.55,12.706,0.45,waspada
63.126,117.153,326.509,83.12,22.71,27.04,8,1,15.352,0.05,3,63.126,39.0512,0.8312,0.35,18.88,0.2,awas
6.171,17.635,47.241,37.55,5.44,28.15,3,0,0.0,2.0163,2,6.171,5.8784,0.3755,0.05,2.044,0.1,siaga
44.133,98.885,335.606,37.05,37.58,16.96,8,1,10.591,1.3274,2,44.133,32.9616,0.3705,0.55,13.923,0.4,siaga
1.455,3.707,10.947,81.28,16.58,10.44,2,0,37.124,1.751,0,1.455,1.2357,0.8128,0.55,13.477,0.75,siaga
122.37,183.688,407.457,64.0,12.74,28.88,6,1,0.0,1.3767,3,122.37,61.2292,0.64,0.35,8.153,0.1,awas
0.0,0.0,0.0,73.05,13.3,11.47,10,0,54.0,2.4747,1,0.0,0.0,0.7305,0.55,9.716,0.15,waspada
0.906,2.085,8.825,54.98,24.13,26.13,2,0,0.515,0.8184,3,0.906,0.695,0.5498,0.15,13.264,0.4,siaga
6.45,15.762,58.754,48.31,6.55,21.91,11,0,27.883,0.3343,0,6.45,5.2541,0.4831,0.55,3.165,0.6,waspada
0.0,0.0,0.0,83.54,4.73,3.54,1,0,46.502,0.05,1,0.0,0.0,0.8354,0.05,3.948,0.8,siaga
0.0,0.0,0.0,40.79,6.2,28.1,6,1,27.057,0.05,1,0.0,0.0,0.4079,0.35,2.53,0.4,waspada
0.0,0.0,0.0,88.24,6.48,26.02,8,1,0.0,2.5776,2,0.0,0.0,0.8824,0.55,5.721,0.6,waspada
0.0,0.0,0.0,44.67,26.71,24.3,1,0,26.033,0.647,2,0.0,0.0,0.4467,0.35,11.932,0.2,waspada
0.0,0.0,0.0,74.22,3.26,33.93,6,1,44.112,1.8671,2,0.0,0.0,0.7422,0.35,2.418,0.7,waspada
0.0,0.0,0.0,30.19,24.89,4.42,10,0,0.0,0.1344,3,0.0,0.0,0.3019,0.55,7.513,0.5,waspada
0.0,0.0,0.0,35.89,28.85,3.2,2,0,33.888,0.6918,3,0.0,0.0,0.3589,0.55,10.353,0.35,waspada
2.579,5.073,18.035,50.45,13.52,22.4,2,0,56.608,1.9019,3,2.579,1.6909,0.5045,0.35,6.823,0.7,siaga
0.0,0.0,0.0,88.53,28.34,26.9,6,1,20.238,2.549,3,0.0,0.0,0.8853,0.35,25.089,0.65,siaga
0.0,0.0,0.0,65.61,25.98,2.09,9,1,12.847,0.6565,3,0.0,0.0,0.6561,0.75,17.044,0.65,waspada
0.0,0.0,0.0,97.65,24.35,10.1,8,1,26.178,2.4573,0,0.0,0.0,0.9765,1.0,23.784,0.75,waspada
0.0,0.0,0.0,48.04,36.22,0.75,5,0,28.257,2.809,2,0.0,0.0,0.4804,0.55,17.4,0.3,waspada
2.952,4.904,23.519,50.58,16.71,5.4,12,0,31.843,2.0124,2,2.952,1.6347,0.5058,0.35,8.451,0.5,waspada
0.0,0.0,0.0,70.35,4.72,21.1,3,0,0.0,1.8934,2,0.0,0.0,0.7035,0.35,3.323,0.65,siaga
5.205,9.348,19.561,84.6,26.37,2.84,6,1,29.685,1.5267,3,5.205,3.116,0.846,0.75,22.304,0.7,waspada
0.0,0.0,0.0,52.22,12.34,20.12,1,0,6.182,1.6106,2,0.0,0.0,0.5222,0.55,6.442,0.7,waspada
6.439,18.457,58.796,42.88,36.01,10.76,2,0,19.156,0.05,2,6.439,6.1523,0.4288,0.85,15.439,0.75,waspada
0.761,1.951,4.58,71.05,29.44,7.51,11,0,29.456,2.2831,1,0.761,0.6503,0.7105,0.15,20.92,0.6,siaga
3.87,11.514,31.543,64.81,14.03,6.8,3,0,0.0,0.4984,2,3.87,3.8379,0.6481,0.55,9.091,0.1,waspada
1.82,5.118,11.376,47.29,23.14,6.69,5,0,2.167,1.0978,2,1.82,1.706,0.4729,0.75,10.944,0.9,waspada
22.611,43.227,143.602,79.58,5.85,5.9,3,0,13.93,2.209,3,22.611,14.4089,0.7958,0.75,4.655,0.25,siaga
0.0,0.0,0.0,94.79,20.21,15.86,4,0,19.48,1.1391,1,0.0,0.0,0.9479,0.55,19.161,0.6,siaga
0.0,0.0,0.0,69.35,15.88,19.93,6,1,13.973,0.05,1,0.0,0.0,0.6935,0.55,11.015,0.85,waspada
7.748,16.349,38.395,67.25,26.26,1.37,6,1,0.0,1.3475,3,7.748,5.4496,0.6725,0.75,17.662,0.7,waspada
0.0,0.0,0.0,60.92,15.48,11.03,12,0,9.374,2.0754,3,0.0,0.0,0.6092,0.05,9.433,0.9,siaga
0.0,0.0,0.0,89.21,13.79,13.95,12,0,12.472,0.9921,3,0.0,0.0,0.8921,0.35,12.299,0.6,siaga
7.09,17.993,36.77,78.99,4.67,32.51,12,0,0.0,1.3533,3,7.09,5.9976,0.7899,0.55,3.689,0.4,siaga
0.0,0.0,0.0,93.94,37.52,23.97,4,0,17.785,1.2003,2,0.0,0.0,0.9394,0.85,35.243,0.9,waspada
0.0,0.0,0.0,92.49,5.28,9.91,6,1,13.49,2.2463,3,0.0,0.0,0.9249,0.55,4.883,0.15,waspada
0.0,0.0,0.0,78.55,36.9,30.9,1,0,41.48,0.05,2,0.0,0.0,0.7855,0.35,28.988,0.55,siaga
14.5,34.943,90.306,76.12,15.65,25.58,11,0,1.333,1.1913,0,14.5,11.6475,0.7612,0.75,11.914,0.15,siaga
0.0,0.0,0.0,38.43,6.92,24.05,8,1,38.398,2.954,2,0.0,0.0,0.3843,0.35,2.66,0.55,waspada
0.0,0.0,0.0,60.84,4.11,12.58,8,1,0.0,2.0132,2,0.0,0.0,0.6084,0.55,2.498,0.9,waspada
0.0,0.0,0.0,76.3,14.98,22.24,12,0,7.054,1.442,1,0.0,0.0,0.763,0.05,11.427,0.2,siaga
0.0,0.0,0.0,92.39,21.27,4.05,3,0,0.0,1.1534,2,0.0,0.0,0.9239,0.35,19.65,0.15,siaga
0.0,0.0,0.0,85.22,9.05,12.95,12,0,20.104,0.8988,2,0.0,0.0,0.8522,0.35,7.716,0.75,siaga
2.003,3.125,15.395,93.81,4.3,29.34,1,0,16.724,0.95,2,2.003,1.0417,0.9381,0.35,4.038,0.55,siaga
20.023,49.168,147.742,76.22,13.94,3.38,10,0,53.795,1.9557,2,20.023,16.3893,0.7622,0.75,10.628,0.7,siaga
5.149,11.746,45.128,74.25,23.6,27.12,5,0,33.443,1.4102,0,5.149,3.9154,0.7425,0.15,17.523,0.35,siaga
40.219,97.285,331.077,92.34,32.24,9.35,5,0,12.188,0.9014,2,40.219,32.4285,0.9234,0.75,29.768,0.35,awas
22.236,53.364,200.12,44.5,9.8,21.77,2,0,36.926,0.7798,2,22.236,17.788,0.445,0.15,4.361,0.15,siaga
7.3,16.17,66.28,36.98,10.14,33.8,2,0,8.274,0.8637,3,7.3,5.3899,0.3698,0.85,3.75,0.25,waspada
0.0,0.0,0.0,50.34,31.79,15.81,10,0,9.892,0.7542,3,0.0,0.0,0.5034,0.05,16.006,0.75,siaga
0.0,0.0,0.0,43.03,20.48,25.23,10,0,18.772,1.454,2,0.0,0.0,0.4303,0.35,8.815,0.25,waspada
23.128,40.144,143.9,73.48,9.75,12.83,9,1,17.903,2.2408,1,23.128,13.3812,0.7348,0.85,7.163,0.2,waspada
1.244,3.348,15.27,39.25,34.05,24.99,10,0,17.662,2.6196,2,1.244,1.1159,0.3925,0.05,13.363,0.55,siaga
0.0,0.0,0.0,57.26,8.62,3.15,9,1,0.366,0.05,3,0.0,0.0,0.5726,0.15,4.935,0.2,siaga
22.397,34.37,97.058,59.13,19.86,32.94,6,1,0.0,1.6584,1,22.397,11.4568,0.5913,0.35,11.741,0.55,siaga
20.423,34.433,111.662,66.67,20.24,31.15,11,0,29.042,1.0846,1,20.423,11.4778,0.6667,0.75,13.492,0.25,siaga
0.0,0.0,0.0,36.76,20.01,31.45,6,1,0.08,1.6392,0,0.0,0.0,0.3676,0.55,7.356,0.65,waspada
1.765,4.451,9.753,46.6,7.94,21.13,3,0,27.29,0.2675,2,1.765,1.4837,0.466,0.75,3.701,0.7,waspada
17.258,35.641,136.236,35.18,36.23,16.06,6,1,9.84,3.0731,1,17.258,11.8804,0.3518,0.55,12.746,0.7,waspada
0.0,0.0,0.0,54.12,2.74,30.24,2,0,20.473,0.4386,0,0.0,0.0,0.5412,0.35,1.485,0.2,waspada
0.0,0.0,0.0,46.21,13.2,1.5,9,1,26.085,3.2523,0,0.0,0.0,0.4621,0.15,6.1,0.8,siaga
14.186,22.639,76.899,79.39,30.14,1.24,4,0,31.091,0.6846,2,14.186,7.5464,0.7939,0.35,23.93,0.1,siaga
0.0,0.0,0.0,71.37,20.15,22.86,7,1,36.755,1.9785,3,0.0,0.0,0.7137,0.35,14.38,0.75,siaga
22.823,54.975,132.168,86.76,15.24,32.07,8,1,12.502,0.197,3,22.823,18.3251,0.8676,0.35,13.221,0.1,siaga
0.0,0.0,0.0,39.73,11.87,14.17,2,0,10.896,0.3209,3,0.0,0.0,0.3973,0.55,4.718,0.15,waspada
53.167,94.502,306.357,74.91,6.38,31.1,12,0,6.441,2.9102,2,53.167,31.5007,0.7491,0.75,4.782,0.3,siaga
5.4,12.08,33.605,60.84,35.93,6.81,9,1,16.447,1.4948,2,5.4,4.0267,0.6084,0.15,21.861,0.2,siaga
0.0,0.0,0.0,64.03,9.14,32.52,10,0,17.303,1.1036,2,0.0,0.0,0.6403,0.75,5.855,0.6,waspada
0.0,0.0,0.0,86.33,8.77,18.16,1,0,4.241,1.3931,2,0.0,0.0,0.8633,0.55,7.572,0.55,siaga
0.0,0.0,0.0,87.41,20.96,21.03,7,1,11.935,0.447,3,0.0,0.0,0.8741,0.35,18.324,0.55,siaga
23.467,43.954,155.187,54.5,34.65,26.47,5,0,5.19,2.0884,3,23.467,14.6514,0.545,0.55,18.886,0.6,siaga
0.0,0.0,0.0,35.94,9.79,29.63,11,0,7.009,1.3323,2,0.0,0.0,0.3594,0.55,3.517,0.85,waspada
5.38,8.451,39.702,60.72,32.38,5.59,11,0,0.0,1.8034,2,5.38,2.8168,0.6072,0.35,19.661,0.6,siaga
0.0,0.0,0.0,97.45,20.05,15.39,5,0,40.054,1.3596,2,0.0,0.0,0.9745,0.75,19.537,0.2,waspada
17.496,29.66,79.229,60.5,2.32,32.89,6,1,11.315,0.5245,1,17.496,9.8865,0.605,0.35,1.405,0.8,siaga
3.559,9.921,25.658,90.93,10.25,25.73,5,0,17.502,1.7207,3,3.559,3.3069,0.9093,0.75,9.319,0.55,siaga
3.702,10.085,48.307,72.29,7.16,24.54,9,1,0.0,0.05,1,3.702,3.3617,0.7229,0.75,5.178,0.5,waspada
0.0,0.0,0.0,41.64,14.53,27.24,3,0,13.4,0.05,2,0.0,0.0,0.4164,0.75,6.048,0.5,waspada
0.0,0.0,0.0,32.56,14.59,23.88,1,0,19.038,0.5522,2,0.0,0.0,0.3256,0.15,4.751,0.4,waspada
0.0,0.0,0.0,75.78,28.27,22.33,10,0,16.795,0.0683,2,0.0,0.0,0.7578,0.75,21.426,0.85,waspada
2.602,6.589,31.866,52.44,2.15,7.58,2,0,19.685,1.2173,2,2.602,2.1964,0.5244,0.05,1.125,0.5,siaga
0.0,0.0,0.0,34.8,26.73,8.24,3,0,7.814,0.05,3,0.0,0.0,0.348,0.15,9.302,0.45,waspada
12.718,20.027,59.627,91.3,33.25,30.05,5,0,26.602,0.4004,2,12.718,6.6756,0.913,0.55,30.359,0.65,siaga
0.0,0.0,0.0,69.61,33.06,32.21,5,0,6.612,0.1292,3,0.0,0.0,0.6961,0.35,23.011,0.6,siaga
1.609,2.621,12.791,46.82,19.66,3.82,4,0,32.884,2.697,1,1.609,0.8736,0.4682,0.85,9.206,0.15,aman
0.0,0.0,0.0,90.71,31.75,18.17,5,0,28.203,0.328,2,0.0,0.0,0.9071,0.75,28.8,0.5,waspada
3.654,7.257,28.052,33.9,20.68,19.96,5,0,16.614,2.3624,2,3.654,2.4191,0.339,0.55,7.012,0.65,waspada
0.0,0.0,0.0,49.12,14.3,13.36,5,0,0.0,3.2547,2,0.0,0.0,0.4912,0.55,7.023,0.35,waspada
34.312,80.054,276.18,78.5,16.92,10.65,7,1,36.926,1.3908,1,34.312,26.6848,0.785,0.15,13.28,0.65,awas
0.0,0.0,0.0,70.58,18.21,21.56,5,0,19.572,1.9638,2,0.0,0.0,0.7058,0.55,12.855,0.65,waspada
0.819,2.443,7.282,46.83,20.65,20.42,12,0,44.404,2.549,2,0.819,0.8142,0.4683,0.05,9.668,0.9,siaga
6.789,12.176,44.023,78.57,33.48,4.87,9,1,23.815,1.1164,3,6.789,4.0586,0.7857,0.75,26.309,0.85,siaga
7.961,16.816,47.47,58.23,14.01,0.48,3,0,23.011,0.2526,1,7.961,5.6054,0.5823,0.55,8.159,0.55,waspada
0.0,0.0,0.0,67.21,15.89,8.87,5,0,15.949,0.05,3,0.0,0.0,0.6721,0.35,10.677,0.2,waspada
19.273,29.123,80.979,79.42,21.27,21.41,11,0,24.39,0.82,3,19.273,9.7078,0.7942,0.75,16.893,0.25,siaga
15.677,26.235,84.753,31.72,15.59,24.3,11,0,0.0,1.9595,3,15.677,8.7449,0.3172,0.55,4.945,0.7,waspada
17.0,38.436,95.29,36.96,32.46,17.03,3,0,10.65,1.9702,2,17.0,12.8121,0.3696,0.55,11.997,0.75,siaga
1.447,2.399,11.421,67.67,32.3,6.44,2,0,6.291,1.3537,2,1.447,0.7998,0.6767,0.75,21.856,0.65,waspada
0.0,0.0,0.0,43.42,36.63,30.72,9,1,0.0,1.2733,3,0.0,0.0,0.4342,0.15,15.908,0.9,siaga
8.652,15.251,46.695,81.37,32.43,1.83,2,0,24.715,0.5807,3,8.652,5.0836,0.8137,0.15,26.392,0.2,siaga
0.0,0.0,0.0,87.18,18.88,21.6,11,0,7.041,1.6598,2,0.0,0.0,0.8718,0.35,16.459,0.7,siaga
86.204,145.247,254.691,60.72,34.71,26.79,12,0,32.383,2.6216,1,86.204,48.4158,0.6072,0.75,21.077,0.65,siaga
6.009,10.127,38.749,93.12,4.43,7.61,10,0,0.0,2.1774,1,6.009,3.3757,0.9312,0.55,4.124,0.2,siaga
0.0,0.0,0.0,57.29,35.81,9.88,3,0,13.703,1.4835,2,0.0,0.0,0.5729,0.55,20.515,0.15,waspada
0.0,0.0,0.0,55.38,22.19,5.67,11,0,16.19,0.05,3,0.0,0.0,0.5538,0.15,12.292,0.2,siaga
34.239,81.642,261.797,61.01,33.21,20.37,2,0,0.0,0.7297,2,34.239,27.214,0.6101,0.35,20.264,0.85,awas
0.0,0.0,0.0,97.14,13.02,15.47,2,0,23.936,1.224,0,0.0,0.0,0.9714,0.35,12.644,0.65,siaga
138.079,226.883,554.551,54.83,29.83,11.16,2,0,25.195,1.447,1,138.079,75.6278,0.5483,0.55,16.356,0.6,siaga
0.0,0.0,0.0,40.34,7.0,25.59,10,0,0.0,2.1466,2,0.0,0.0,0.4034,0.55,2.822,0.9,waspada
109.944,151.502,377.555,33.39,27.69,11.05,7,1,19.277,1.4258,2,109.944,50.5005,0.3339,0.35,9.246,0.5,siaga
0.0,0.0,0.0,74.36,29.27,3.16,8,1,0.0,2.6591,3,0.0,0.0,0.7436,0.75,21.764,0.25,waspada
13.972,27.863,64.997,40.03,27.15,26.89,11,0,12.629,1.1816,3,13.972,9.2876,0.4003,0.15,10.869,0.65,siaga
0.0,0.0,0.0,30.23,22.97,23.64,4,0,40.041,1.6033,3,0.0,0.0,0.3023,0.75,6.942,0.3,aman
2.405,6.177,24.377,89.79,7.35,8.14,4,0,40.416,0.6949,0,2.405,2.0591,0.8979,0.15,6.599,0.65,siaga
5.687,8.755,28.636,78.14,30.0,16.52,11,0,36.997,0.0978,0,5.687,2.9182,0.7814,0.15,23.444,0.35,siaga
19.339,48.017,151.245,88.0,31.8,13.79,12,0,0.0,0.0597,3,19.339,16.0057,0.88,0.05,27.983,0.85,awas
0.0,0.0,0.0,70.94,35.89,30.45,8,1,44.772,0.0855,2,0.0,0.0,0.7094,0.35,25.463,0.9,siaga
0.0,0.0,0.0,97.77,18.63,4.95,6,1,20.031,1.0136,3,0.0,0.0,0.9777,0.35,18.213,0.35,siaga
0.0,0.0,0.0,53.44,4.02,4.75,2,0,0.0,1.7031,0,0.0,0.0,0.5344,0.55,2.147,0.3,waspada
0.0,0.0,0.0,49.57,25.02,32.38,12,0,15.341,1.1751,3,0.0,0.0,0.4957,0.75,12.401,0.85,waspada
0.0,0.0,0.0,43.4,36.42,31.94,12,0,17.621,2.5949,3,0.0,0.0,0.434,0.35,15.807,0.9,waspada
5.054,15.121,31.264,59.87,6.49,31.75,10,0,16.854,1.2835,2,5.054,5.0402,0.5987,0.75,3.886,0.9,waspada
1.491,3.919,12.765,80.19,25.91,14.07,4,0,20.003,0.05,1,1.491,1.3063,0.8019,0.35,20.777,0.75,siaga
0.0,0.0,0.0,64.44,24.9,28.15,6,1,23.908,0.2057,2,0.0,0.0,0.6444,0.55,16.045,0.1,waspada
0.0,0.0,0.0,64.51,10.27,21.48,1,0,41.27,0.05,1,0.0,0.0,0.6451,0.55,6.625,0.9,waspada
0.0,0.0,0.0,79.41,3.19,2.57,11,0,33.693,0.9453,1,0.0,0.0,0.7941,0.15,2.533,0.4,siaga
7.747,17.242,46.791,45.99,37.35,22.98,11,0,12.753,1.867,2,7.747,5.7474,0.4599,0.85,17.179,0.9,waspada
1.27,2.73,9.129,65.6,19.22,17.21,11,0,17.038,2.5279,0,1.27,0.9101,0.656,0.15,12.608,0.6,siaga
5.674,13.028,49.884,66.4,12.48,10.4,6,1,7.712,2.0007,2,5.674,4.3428,0.664,0.15,8.284,0.35,siaga
0.0,0.0,0.0,51.07,27.34,33.84,7,1,8.816,2.2409,2,0.0,0.0,0.5107,0.15,13.966,0.85,siaga
0.0,0.0,0.0,41.23,25.45,26.42,3,0,0.0,2.0049,2,0.0,0.0,0.4123,0.35,10.493,0.55,waspada
6.296,15.174,49.1,49.97,16.44,21.86,7,1,6.974,2.1061,3,6.296,5.0581,0.4997,0.05,8.214,0.85,siaga
0.0,0.0,0.0,40.05,25.38,29.96,2,0,16.637,1.5864,2,0.0,0.0,0.4005,0.75,10.163,0.65,waspada
14.214,32.55,69.182,61.14,18.05,23.3,7,1,30.904,2.541,0,14.214,10.8502,0.6114,0.55,11.038,0.7,siaga
0.0,0.0,0.0,56.19,11.85,16.0,4,0,20.257,0.1661,0,0.0,0.0,0.5619,0.75,6.657,0.75,waspada
10.244,25.187,68.268,62.38,22.24,29.7,3,0,51.826,0.4115,2,10.244,8.3957,0.6238,0.35,13.872,0.35,siaga
148.118,235.723,479.301,41.16,5.77,10.16,9,1,32.001,0.0513,2,148.118,78.5744,0.4116,0.85,2.375,0.9,siaga
1.705,5.025,18.21,95.73,29.47,34.58,4,0,11.067,0.05,3,1.705,1.6749,0.9573,0.35,28.21,0.7,siaga
0.0,0.0,0.0,96.74,22.83,5.24,12,0,33.884,0.059,3,0.0,0.0,0.9674,0.15,22.085,0.4,siaga
15.405,23.782,60.229,52.9,29.47,26.83,7,1,13.827,1.6123,3,15.405,7.9274,0.529,0.15,15.588,0.1,siaga
15.312,27.903,56.665,54.16,29.74,15.62,4,0,42.041,0.7723,2,15.312,9.301,0.5416,0.55,16.106,0.9,siaga
6.148,11.748,54.58,80.3,17.02,19.19,5,0,13.425,2.5803,2,6.148,3.9159,0.803,0.75,13.668,0.25,waspada
0.0,0.0,0.0,75.2,33.53,23.29,5,0,26.729,2.5944,1,0.0,0.0,0.752,0.35,25.219,0.15,waspada
45.909,93.081,249.567,94.9,12.71,16.97,2,0,46.182,1.2984,2,45.909,31.027,0.949,0.15,12.065,0.15,awas
0.0,0.0,0.0,38.93,27.48,14.45,12,0,9.348,2.8869,2,0.0,0.0,0.3893,0.55,10.696,0.2,waspada
7.629,14.6,34.602,71.56,32.52,19.79,4,0,31.006,1.9798,0,7.629,4.8668,0.7156,0.75,23.269,0.25,waspada
2.54,6.941,18.529,88.63,26.68,3.55,3,0,32.89,0.4148,3,2.54,2.3135,0.8863,0.15,23.648,0.25,siaga
3.589,6.611,16.507,30.66,26.98,26.02,12,0,34.777,2.1629,1,3.589,2.2035,0.3066,0.15,8.274,0.15,waspada
0.0,0.0,0.0,65.3,23.4,5.43,8,1,17.038,0.409,2,0.0,0.0,0.653,0.55,15.282,0.35,waspada
0.0,0.0,0.0,64.94,25.84,21.34,3,0,28.067,0.7051,2,0.0,0.0,0.6494,0.75,16.778,0.3,waspada
144.9,255.089,496.797,35.09,5.97,3.54,10,0,41.266,2.1711,2,144.9,85.0296,0.3509,0.55,2.096,0.65,siaga
3.141,7.789,34.951,83.44,32.4,29.31,4,0,5.492,0.5901,1,3.141,2.5963,0.8344,0.15,27.04,0.4,siaga
6.617,11.18,40.055,32.8,34.77,20.67,12,0,30.95,2.1417,2,6.617,3.7265,0.328,0.75,11.407,0.8,waspada
73.418,154.669,383.493,49.55,7.01,9.76,11,0,14.834,2.7493,2,73.418,51.5563,0.4955,0.55,3.472,0.7,siaga
0.0,0.0,0.0,39.87,25.07,34.64,11,0,32.48,0.7249,1,0.0,0.0,0.3987,0.75,9.995,0.35,waspada
0.0,0.0,0.0,86.92,8.51,1.4,3,0,7.229,1.5809,2,0.0,0.0,0.8692,0.35,7.399,0.45,siaga
5.553,14.762,44.376,95.75,3.03,7.54,5,0,2.439,1.7315,2,5.553,4.9208,0.9575,1.0,2.898,0.25,waspada
0.0,0.0,0.0,65.68,6.05,19.44,10,0,9.198,0.8757,3,0.0,0.0,0.6568,0.85,3.972,0.75,waspada
0.0,0.0,0.0,47.51,5.26,22.48,11,0,16.305,0.5558,0,0.0,0.0,0.4751,0.35,2.5,0.55,waspada
0.0,0.0,0.0,96.31,2.22,1.92,1,0,13.849,1.1489,1,0.0,0.0,0.9631,0.55,2.136,0.9,siaga
0.0,0.0,0.0,37.68,29.78,13.68,9,1,57.677,0.8494,1,0.0,0.0,0.3768,0.35,11.22,0.1,waspada
0.0,0.0,0.0,40.63,26.96,31.11,12,0,10.909,1.2965,2,0.0,0.0,0.4063,0.15,10.957,0.45,waspada
0.0,0.0,0.0,78.16,24.26,18.19,1,0,2.711,1.5734,1,0.0,0.0,0.7816,0.55,18.958,0.35,waspada
54.499,107.681,246.92,87.88,3.47,15.8,10,0,13.169,0.448,2,54.499,35.8936,0.8788,0.35,3.049,0.15,awas
0.0,0.0,0.0,94.49,32.76,12.66,11,0,12.127,1.4608,3,0.0,0.0,0.9449,0.55,30.953,0.55,siaga
1.073,1.626,5.511,67.49,12.5,18.08,3,0,0.0,2.7575,2,1.073,0.542,0.6749,0.75,8.434,0.85,waspada
0.0,0.0,0.0,80.41,4.95,4.82,8,1,24.107,1.9746,2,0.0,0.0,0.8041,0.55,3.981,0.65,waspada
0.0,0.0,0.0,62.56,27.05,20.61,2,0,5.58,2.2954,3,0.0,0.0,0.6256,0.55,16.925,0.7,waspada
0.0,0.0,0.0,31.2,9.71,7.19,6,1,38.485,1.3301,3,0.0,0.0,0.312,0.35,3.03,0.25,waspada
61.728,142.383,367.84,91.36,14.23,29.85,10,0,28.428,2.1845,0,61.728,47.4608,0.9136,0.55,13.001,0.3,awas
31.24,48.798,106.503,61.37,9.1,29.61,1,0,35.926,0.05,2,31.24,16.266,0.6137,0.55,5.587,0.55,siaga
33.004,80.484,187.545,78.12,13.94,20.89,4,0,29.756,2.1899,2,33.004,26.8279,0.7812,0.75,10.887,0.3,siaga
24.601,37.355,148.517,80.66,30.11,29.02,7,1,14.505,1.6865,1,24.601,12.4518,0.8066,0.75,24.285,0.25,siaga
0.0,0.0,0.0,89.17,29.7,5.17,6,1,37.409,0.5035,0,0.0,0.0,0.8917,0.75,26.485,0.75,waspada
0.0,0.0,0.0,30.24,4.23,18.43,3,0,5.034,1.4304,2,0.0,0.0,0.3024,0.35,1.279,0.7,waspada
140.174,201.185,415.319,84.54,20.61,30.03,12,0,20.952,0.5325,1,140.174,67.0616,0.8454,1.0,17.421,0.6,siaga
7.858,22.587,59.394,53.03,23.18,8.71,9,1,18.642,1.4828,2,7.858,7.5289,0.5303,0.35,12.291,0.85,siaga
0.0,0.0,0.0,56.51,24.71,25.33,8,1,31.887,1.7191,2,0.0,0.0,0.5651,0.05,13.964,0.2,siaga
4.78,10.273,46.53,36.85,7.75,7.5,1,0,42.291,0.4944,3,4.78,3.4245,0.3685,0.55,2.857,0.1,waspada
27.211,51.243,114.379,80.39,12.73,15.13,4,0,48.663,2.1075,3,27.211,17.081,0.8039,0.75,10.236,0.15,siaga
19.911,48.037,107.346,71.31,31.59,9.83,10,0,0.0,2.1074,2,19.911,16.0123,0.7131,0.85,22.526,0.6,siaga
7.639,11.849,24.512,33.4,25.1,3.38,3,0,25.101,2.1693,3,7.639,3.9495,0.334,0.75,8.382,0.25,waspada
7.608,17.063,79.113,62.64,37.9,32.87,5,0,20.193,1.6643,2,7.608,5.6875,0.6264,0.35,23.739,0.15,siaga
20.362,31.461,83.864,60.89,34.62,5.3,3,0,17.238,2.342,2,20.362,10.4871,0.6089,0.55,21.077,0.65,siaga
0.0,0.0,0.0,83.75,34.26,31.26,3,0,6.457,0.05,1,0.0,0.0,0.8375,0.35,28.689,0.85,siaga
2.794,7.101,30.03,49.36,13.61,8.64,6,1,0.0,1.5285,1,2.794,2.3671,0.4936,0.55,6.716,0.1,waspada
23.286,39.689,119.14,34.82,30.14,33.67,10,0,10.29,0.6507,1,23.286,13.2297,0.3482,0.55,10.498,0.75,siaga
61.93,112.746,264.871,47.79,23.63,32.73,7,1,46.362,2.7052,1,61.93,37.5821,0.4779,0.15,11.292,0.75,awas
0.0,0.0,0.0,67.21,26.04,31.2,5,0,36.082,1.3584,2,0.0,0.0,0.6721,0.55,17.501,0.15,waspada
0.0,0.0,0.0,79.39,10.7,33.41,7,1,29.14,1.3529,3,0.0,0.0,0.7939,0.15,8.492,0.9,siaga
0.895,1.364,3.796,59.65,25.84,8.16,3,0,17.467,1.851,2,0.895,0.4547,0.5965,0.75,15.413,0.1,waspada
39.791,64.85,172.419,74.66,8.54,8.18,10,0,1.071,1.7213,1,39.791,21.6168,0.7466,0.35,6.374,0.25,awas
0.75,2.029,5.412,48.62,32.9,5.9,4,0,42.776,0.4297,3,0.75,0.6764,0.4862,0.75,15.995,0.85,waspada
6.837,12.229,58.459,62.49,36.89,33.24,7,1,11.797,0.05,3,6.837,4.0765,0.6249,0.75,23.05,0.65,waspada
7.102,10.759,44.69,80.94,31.55,20.71,8,1,4.718,2.046,3,7.102,3.5863,0.8094,0.55,25.539,0.35,waspada
0.0,0.0,0.0,72.4,29.5,19.42,8,1,8.205,0.05,2,0.0,0.0,0.724,0.75,21.355,0.85,waspada
0.0,0.0,0.0,91.99,23.29,30.59,7,1,29.643,0.9793,2,0.0,0.0,0.9199,0.35,21.423,0.35,siaga
0.0,0.0,0.0,47.52,18.83,33.0,8,1,0.0,2.4866,1,0.0,0.0,0.4752,0.75,8.951,0.55,waspada
149.433,229.174,427.88,57.77,22.2,20.93,1,0,4.436,2.3382,1,149.433,76.3914,0.5777,0.55,12.826,0.9,awas
16.197,29.081,92.846,67.63,33.09,24.85,5,0,8.57,1.4359,2,16.197,9.6936,0.6763,0.75,22.379,0.35,waspada
0.0,0.0,0.0,79.36,30.25,25.5,3,0,47.395,2.5068,2,0.0,0.0,0.7936,0.35,24.004,0.65,siaga
0.0,0.0,0.0,52.22,36.57,11.98,11,0,0.0,1.1754,2,0.0,0.0,0.5222,0.75,19.097,0.5,waspada
5.435,13.327,41.058,60.84,34.16,1.93,5,0,29.006,1.3418,3,5.435,4.4422,0.6084,0.55,20.784,0.7,waspada
0.0,0.0,0.0,31.84,5.52,26.64,10,0,34.972,0.05,1,0.0,0.0,0.3184,0.35,1.756,0.55,waspada
19.236,47.74,163.446,81.98,31.74,5.85,3,0,37.509,2.3442,1,19.236,15.9134,0.8198,0.35,26.017,0.8,siaga
0.0,0.0,0.0,95.51,12.33,10.87,10,0,0.0,1.382,3,0.0,0.0,0.9551,0.55,11.776,0.35,waspada
1.589,2.656,8.423,38.77,10.41,15.49,3,0,12.008,1.544,2,1.589,0.8853,0.3877,0.15,4.035,0.5,siaga
133.739,196.202,461.134,63.2,29.82,20.14,8,1,0.0,0.9129,1,133.739,65.4006,0.632,1.0,18.849,0.1,siaga
0.0,0.0,0.0,34.41,17.19,24.69,3,0,16.376,2.0543,2,0.0,0.0,0.3441,0.15,5.915,0.85,waspada
0.0,0.0,0.0,50.14,3.98,8.37,6,1,17.387,1.9897,0,0.0,0.0,0.5014,0.55,1.995,0.15,waspada
0.0,0.0,0.0,51.41,28.17,2.88,6,1,0.0,1.5328,2,0.0,0.0,0.5141,0.35,14.482,0.35,waspada
0.0,0.0,0.0,72.81,22.72,18.65,11,0,59.501,0.6881,3,0.0,0.0,0.7281,0.15,16.545,0.35,siaga
0.0,0.0,0.0,48.28,31.22,21.33,4,0,0.0,1.0462,1,0.0,0.0,0.4828,0.75,15.075,0.2,waspada
80.921,149.228,327.052,86.94,18.7,7.38,3,0,0.0,2.437,2,80.921,49.7427,0.8694,0.55,16.258,0.7,awas
0.0,0.0,0.0,83.2,5.92,10.79,10,0,14.101,1.8123,0,0.0,0.0,0.832,0.55,4.928,0.8,waspada
0.0,0.0,0.0,93.0,28.31,12.88,7,1,5.593,0.3778,1,0.0,0.0,0.93,1.0,26.331,0.6,waspada
14.823,27.366,66.078,88.99,19.31,30.21,10,0,42.719,1.0458,2,14.823,9.122,0.8899,0.75,17.187,0.5,siaga
0.0,0.0,0.0,44.34,25.47,3.27,3,0,0.0,3.0011,2,0.0,0.0,0.4434,0.55,11.295,0.9,waspada
0.0,0.0,0.0,41.05,33.48,7.58,10,0,23.818,0.5524,2,0.0,0.0,0.4105,0.35,13.745,0.25,waspada
0.0,0.0,0.0,76.83,28.07,1.39,10,0,12.05,0.9552,2,0.0,0.0,0.7683,0.05,21.57,0.75,siaga
1.592,3.441,16.149,93.56,35.46,1.99,4,0,16.068,0.05,2,1.592,1.1469,0.9356,0.35,33.174,0.5,siaga
0.0,0.0,0.0,42.23,17.57,0.7,4,0,0.832,2.7195,3,0.0,0.0,0.4223,0.55,7.421,0.6,waspada
0.0,0.0,0.0,37.64,3.13,7.91,4,0,13.012,2.314,3,0.0,0.0,0.3764,0.75,1.179,0.8,waspada
0.0,0.0,0.0,83.53,35.52,21.25,5,0,20.534,0.779,3,0.0,0.0,0.8353,0.35,29.67,0.15,siaga
42.878,81.438,269.27,81.31,37.25,23.87,2,0,17.007,1.7683,3,42.878,27.1461,0.8131,0.05,30.292,0.75,awas
6.885,15.554,54.844,88.55,5.09,16.86,9,1,0.0,0.4685,3,6.885,5.1847,0.8855,0.75,4.503,0.35,siaga
0.514,1.258,3.796,36.71,17.57,26.31,5,0,32.662,0.05,3,0.514,0.4194,0.3671,1.0,6.451,0.8,aman
6.474,12.204,50.728,31.02,23.74,20.71,9,1,28.75,1.2119,0,6.474,4.0679,0.3102,0.55,7.364,0.65,waspada
0.0,0.0,0.0,69.31,24.21,18.4,11,0,3.883,1.6474,0,0.0,0.0,0.6931,0.75,16.778,0.15,waspada
0.0,0.0,0.0,88.73,12.84,28.94,9,1,53.373,1.2063,2,0.0,0.0,0.8873,0.85,11.397,0.25,waspada
0.0,0.0,0.0,86.59,11.93,33.86,5,0,46.789,0.05,0,0.0,0.0,0.8659,0.35,10.33,0.65,siaga
0.0,0.0,0.0,67.5,3.8,5.84,1,0,13.69,1.0295,3,0.0,0.0,0.675,0.15,2.567,0.35,siaga
9.766,22.533,70.728,51.28,19.66,21.36,10,0,0.0,1.6309,3,9.766,7.5109,0.5128,0.85,10.084,0.1,waspada
19.89,45.09,112.11,97.7,32.12,26.47,7,1,21.164,0.05,2,19.89,15.03,0.977,0.55,31.378,0.4,siaga
2.424,6.748,19.158,86.47,31.8,27.77,11,0,9.46,0.1393,2,2.424,2.2493,0.8647,0.05,27.498,0.9,siaga
0.0,0.0,0.0,37.77,2.56,32.39,11,0,66.896,1.4146,2,0.0,0.0,0.3777,0.35,0.967,0.2,waspada
94.584,136.622,227.872,78.3,15.28,9.68,12,0,24.588,2.9437,0,94.584,45.5406,0.783,0.35,11.961,0.5,awas
6.774,10.547,34.708,71.49,25.16,27.01,1,0,42.869,0.05,1,6.774,3.5156,0.7149,0.15,17.985,0.55,siaga
29.616,62.702,163.709,77.54,13.15,24.94,12,0,27.039,1.6921,2,29.616,20.9008,0.7754,0.15,10.198,0.65,awas
7.959,16.73,40.361,70.45,13.82,21.83,2,0,36.134,0.5929,0,7.959,5.5767,0.7045,0.35,9.733,0.25,siaga
2.26,5.314,12.473,84.14,33.04,24.99,6,1,21.186,1.3151,2,2.26,1.7713,0.8414,0.55,27.802,0.45,waspada
0.0,0.0,0.0,65.75,10.07,27.19,11,0,0.0,1.3844,0,0.0,0.0,0.6575,0.85,6.624,0.45,waspada
6.552,15.246,51.07,66.34,34.09,29.51,4,0,36.426,3.9024,0,6.552,5.082,0.6634,0.75,22.618,0.85,waspada
0.0,0.0,0.0,76.33,8.55,28.81,12,0,16.192,1.896,2,0.0,0.0,0.7633,0.85,6.524,0.45,waspada
2.997,8.972,23.934,95.13,5.5,24.49,4,0,21.948,1.6555,2,2.997,2.9906,0.9513,0.35,5.23,0.3,siaga
0.0,0.0,0.0,40.15,25.4,22.91,7,1,38.71,0.5387,1,0.0,0.0,0.4015,0.55,10.196,0.35,waspada
0.0,0.0,0.0,66.82,4.88,24.51,5,0,46.447,0.05,3,0.0,0.0,0.6682,0.75,3.263,0.15,waspada
0.0,0.0,0.0,45.44,30.74,11.13,6,1,32.525,1.2581,1,0.0,0.0,0.4544,0.15,13.971,0.65,waspada
26.462,65.209,146.632,54.56,29.81,27.88,1,0,33.998,2.1742,3,26.462,21.7363,0.5456,0.35,16.264,0.9,siaga
135.865,269.558,432.28,51.64,13.72,6.0,4,0,19.593,2.4923,1,135.865,89.8528,0.5164,0.75,7.086,0.5,siaga
0.0,0.0,0.0,55.03,19.63,17.66,11,0,16.804,0.05,2,0.0,0.0,0.5503,0.75,10.803,0.3,waspada
45.508,107.625,290.728,84.82,35.29,19.14,3,0,36.497,1.8257,0,45.508,35.8748,0.8482,0.55,29.933,0.65,siaga
0.0,0.0,0.0,56.4,10.03,17.73,4,0,26.888,0.05,1,0.0,0.0,0.564,0.75,5.655,0.85,waspada
118.411,175.647,327.502,38.07,9.06,12.96,5,0,19.547,1.3067,0,118.411,58.5491,0.3807,0.05,3.448,0.8,awas
22.298,53.887,148.532,80.46,22.93,17.41,2,0,17.446,1.7144,3,22.298,17.9624,0.8046,0.75,18.451,0.35,siaga
57.431,124.199,355.273,97.33,17.59,5.99,12,0,27.998,1.4348,2,57.431,41.3995,0.9733,0.35,17.123,0.65,awas
0.0,0.0,0.0,84.91,20.85,32.14,7,1,4.205,1.5861,3,0.0,0.0,0.8491,0.75,17.702,0.9,waspada
72.333,153.589,512.464,78.72,2.11,5.65,7,1,25.662,1.4398,1,72.333,51.1964,0.7872,0.75,1.658,0.8,siaga
22.932,34.775,77.334,64.0,19.02,8.01,9,1,17.111,1.2106,2,22.932,11.5918,0.64,0.15,12.17,0.8,siaga
24.524,56.706,159.449,69.3,6.96,13.22,2,0,32.159,0.05,2,24.524,18.9021,0.693,0.55,4.825,0.75,siaga
13.964,30.294,71.106,57.95,8.14,23.69,8,1,12.901,0.2371,2,13.964,10.0981,0.5795,0.15,4.717,0.85,siaga
21.308,42.5,110.663,67.41,7.53,9.51,9,1,39.643,0.9644,2,21.308,14.1666,0.6741,0.15,5.077,0.15,siaga
3.468,6.404,31.922,80.07,35.99,2.52,5,0,44.016,1.2849,3,3.468,2.1346,0.8007,0.55,28.813,0.15,waspada
72.9,117.512,335.396,57.8,14.13,19.25,8,1,12.658,1.8591,1,72.9,39.1706,0.578,0.55,8.166,0.2,siaga
47.922,108.012,353.044,32.79,7.89,31.49,11,0,0.0,0.9876,2,47.922,36.0039,0.3279,0.55,2.587,0.55,siaga
1.541,4.004,16.263,35.17,19.52,32.16,12,0,15.993,2.2294,2,1.541,1.3348,0.3517,0.15,6.866,0.2,waspada
0.559,1.524,6.911,64.52,14.67,10.51,2,0,14.358,0.05,2,0.559,0.5081,0.6452,0.55,9.466,0.35,waspada
2.503,6.114,18.963,86.51,32.37,8.09,9,1,30.729,1.0621,2,2.503,2.038,0.8651,0.55,28.0,0.15,waspada
0.0,0.0,0.0,51.71,20.9,7.11,7,1,3.032,0.7647,3,0.0,0.0,0.5171,0.35,10.807,0.25,waspada
0.0,0.0,0.0,44.61,28.44,27.3,3,0,3.104,0.05,3,0.0,0.0,0.4461,0.35,12.687,0.3,waspada
13.094,20.648,42.444,40.37,32.15,0.55,5,0,31.428,1.1187,1,13.094,6.8828,0.4037,0.75,12.981,0.4,waspada
0.0,0.0,0.0,73.59,34.62,29.54,10,0,16.225,0.05,2,0.0,0.0,0.7359,0.55,25.477,0.5,waspada
0.0,0.0,0.0,31.88,31.64,21.08,4,0,50.491,2.0381,1,0.0,0.0,0.3188,0.75,10.088,0.45,aman
4.678,10.329,38.096,93.66,24.79,21.62,5,0,20.514,0.9511,2,4.678,3.4429,0.9366,0.75,23.219,0.1,waspada
7.989,13.237,47.234,83.04,30.66,8.82,8,1,64.437,1.7945,2,7.989,4.4124,0.8304,0.75,25.46,0.85,waspada
0.0,0.0,0.0,47.7,5.75,29.73,1,0,30.368,0.8955,3,0.0,0.0,0.477,0.75,2.742,0.45,waspada
0.0,0.0,0.0,54.86,24.82,12.37,2,0,38.355,2.1572,2,0.0,0.0,0.5486,0.55,13.614,0.55,waspada
6.433,14.63,67.889,60.38,8.6,19.65,9,1,64.497,1.08,3,6.433,4.8767,0.6038,1.0,5.192,0.9,waspada
0.0,0.0,0.0,30.34,29.64,27.2,4,0,46.181,2.3594,0,0.0,0.0,0.3034,0.35,8.992,0.6,waspada
8.855,21.854,70.206,67.43,21.16,11.16,11,0,13.684,0.9381,2,8.855,7.2846,0.6743,0.55,14.271,0.75,siaga
4.188,7.063,23.366,86.23,2.57,18.82,3,0,29.062,2.4742,1,4.188,2.3543,0.8623,0.75,2.218,0.25,waspada
22.109,46.61,94.677,34.73,4.94,5.16,7,1,17.679,0.7295,1,22.109,15.5367,0.3473,0.35,1.716,0.2,siaga
18.388,45.78,150.428,47.99,23.16,24.03,1,0,26.713,1.5817,2,18.388,15.2602,0.4799,0.85,11.116,0.25,waspada
3.018,6.827,29.641,55.48,22.75,34.58,5,0,16.676,0.5993,2,3.018,2.2756,0.5548,0.55,12.623,0.6,waspada
0.0,0.0,0.0,31.84,26.16,33.28,11,0,18.953,1.2236,3,0.0,0.0,0.3184,0.15,8.33,0.9,waspada
0.0,0.0,0.0,88.36,25.14,29.83,1,0,18.918,0.05,3,0.0,0.0,0.8836,0.35,22.215,0.4,siaga
0.0,0.0,0.0,83.82,30.34,17.19,4,0,62.62,1.2048,2,0.0,0.0,0.8382,0.55,25.426,0.6,siaga
3.454,9.51,29.938,53.31,6.22,5.94,5,0,25.298,2.192,3,3.454,3.1699,0.5331,0.55,3.314,0.55,waspada
0.0,0.0,0.0,47.19,32.89,16.48,8,1,0.0,1.2411,3,0.0,0.0,0.4719,0.35,15.523,0.6,waspada
0.0,0.0,0.0,83.06,33.96,24.16,5,0,38.956,1.9197,3,0.0,0.0,0.8306,0.55,28.202,0.75,waspada
0.0,0.0,0.0,34.07,22.46,14.7,8,1,57.65,2.0349,2,0.0,0.0,0.3407,0.85,7.652,0.45,aman
114.539,170.123,387.406,54.23,30.69,2.79,11,0,11.536,0.2111,0,114.539,56.7077,0.5423,0.15,16.642,0.4,awas
3.738,8.061,39.705,70.39,21.88,3.49,1,0,32.212,0.05,2,3.738,2.6869,0.7039,0.75,15.403,0.5,waspada
3.319,5.079,18.036,44.9,2.84,11.92,12,0,22.521,0.8148,1,3.319,1.6931,0.449,0.75,1.275,0.15,waspada
3.93,8.807,27.227,80.88,33.22,21.97,1,0,23.943,1.6081,2,3.93,2.9357,0.8088,0.75,26.864,0.8,waspada
0.0,0.0,0.0,86.93,29.05,3.62,12,0,43.483,1.8355,1,0.0,0.0,0.8693,0.05,25.257,0.35,siaga
1.182,2.484,9.057,85.59,8.15,28.83,8,1,12.684,4.072,0,1.182,0.8281,0.8559,0.15,6.977,0.1,siaga
13.32,21.329,85.313,38.99,31.99,26.58,2,0,9.371,0.2115,1,13.32,7.1097,0.3899,0.05,12.472,0.55,siaga
5.704,16.66,59.343,31.14,7.49,31.64,9,1,19.632,1.3343,1,5.704,5.5532,0.3114,0.55,2.331,0.55,waspada
1.302,3.686,13.829,45.07,6.0,0.86,5,0,11.981,2.4361,0,1.302,1.2286,0.4507,0.55,2.706,0.4,waspada
4.743,13.968,48.928,79.63,30.05,13.21,10,0,12.133,0.8176,3,4.743,4.6561,0.7963,0.15,23.928,0.85,siaga
0.0,0.0,0.0,95.9,12.12,27.29,12,0,0.0,1.8546,2,0.0,0.0,0.959,0.35,11.622,0.7,siaga
0.0,0.0,0.0,41.8,24.67,12.32,4,0,15.73,2.0321,1,0.0,0.0,0.418,0.35,10.313,0.4,waspada
5.914,17.457,35.089,32.99,30.46,2.97,11,0,0.0,0.3622,3,5.914,5.8192,0.3299,0.35,10.049,0.75,waspada
0.0,0.0,0.0,83.55,18.56,33.21,11,0,41.732,1.1009,2,0.0,0.0,0.8355,0.55,15.505,0.9,siaga
0.0,0.0,0.0,79.46,10.81,8.15,8,1,30.175,0.6369,0,0.0,0.0,0.7946,0.55,8.59,0.2,waspada
0.0,0.0,0.0,71.52,30.86,27.48,6,1,9.392,2.7335,0,0.0,0.0,0.7152,0.55,22.074,0.6,waspada
1.992,4.525,11.199,82.97,19.73,3.41,8,1,26.423,1.8356,1,1.992,1.5083,0.8297,1.0,16.372,0.35,waspada
22.761,51.407,109.331,66.91,3.47,6.45,6,1,36.692,0.5328,0,22.761,17.1356,0.6691,0.75,2.325,0.25,siaga
33.565,76.818,174.154,57.6,31.76,8.24,4,0,5.87,0.6296,3,33.565,25.6058,0.576,0.85,18.293,0.2,siaga
0.0,0.0,0.0,41.82,27.18,19.12,11,0,27.173,0.8653,3,0.0,0.0,0.4182,0.75,11.368,0.85,waspada
24.133,54.978,145.461,39.92,26.26,34.93,7,1,0.0,1.5973,3,24.133,18.3259,0.3992,0.15,10.483,0.9,siaga
0.0,0.0,0.0,46.76,24.52,25.67,9,1,23.208,1.7832,2,0.0,0.0,0.4676,0.55,11.469,0.15,waspada
0.0,0.0,0.0,61.74,12.83,29.04,1,0,2.684,1.663,2,0.0,0.0,0.6174,0.75,7.923,0.8,waspada
0.0,0.0,0.0,92.15,29.47,31.77,9,1,31.678,0.8591,2,0.0,0.0,0.9215,0.55,27.161,0.3,waspada
0.0,0.0,0.0,60.19,37.57,4.68,12,0,0.0,2.189,3,0.0,0.0,0.6019,0.55,22.618,0.25,waspada
0.0,0.0,0.0,81.08,22.11,11.61,10,0,22.843,0.5943,1,0.0,0.0,0.8108,1.0,17.928,0.55,waspada
2.304,6.376,12.95,90.98,3.71,4.31,10,0,34.756,1.1055,0,2.304,2.1254,0.9098,0.55,3.379,0.65,siaga
0.0,0.0,0.0,86.65,4.18,31.67,4,0,25.475,2.1134,3,0.0,0.0,0.8665,0.35,3.619,0.6,siaga
2.094,3.839,9.858,82.71,36.81,9.38,6,1,26.105,1.6544,3,2.094,1.2796,0.8271,0.85,30.449,0.75,waspada
0.0,0.0,0.0,33.2,37.93,19.24,3,0,40.277,1.4999,3,0.0,0.0,0.332,0.55,12.591,0.4,waspada
9.929,18.487,51.832,94.79,28.68,7.83,10,0,14.995,1.898,2,9.929,6.1624,0.9479,0.15,27.189,0.65,awas
37.926,64.874,196.284,73.16,22.13,31.62,2,0,4.722,0.8302,2,37.926,21.6247,0.7316,0.35,16.189,0.35,siaga
0.0,0.0,0.0,59.26,36.9,29.84,4,0,49.947,0.05,0,0.0,0.0,0.5926,0.15,21.865,0.7,siaga
14.433,27.288,54.821,73.03,14.38,9.55,12,0,3.248,0.05,3,14.433,9.0961,0.7303,0.75,10.503,0.25,waspada
0.0,0.0,0.0,60.72,25.82,31.83,5,0,19.779,0.5256,3,0.0,0.0,0.6072,0.05,15.68,0.3,siaga
24.184,45.957,161.49,35.62,13.01,33.38,8,1,51.222,3.4571,3,24.184,15.3189,0.3562,0.75,4.636,0.75,waspada
9.929,23.77,65.833,74.01,30.74,6.72,9,1,56.582,1.6751,0,9.929,7.9234,0.7401,0.75,22.751,0.9,waspada
0.0,0.0,0.0,35.11,21.74,32.33,2,0,13.121,2.3199,2,0.0,0.0,0.3511,0.55,7.632,0.6,waspada
31.491,47.665,162.243,30.9,17.81,8.66,11,0,41.47,1.4089,0,31.491,15.8884,0.309,0.35,5.504,0.15,siaga
0.0,0.0,0.0,91.52,8.22,26.88,4,0,0.0,1.1346,2,0.0,0.0,0.9152,0.15,7.521,0.15,siaga
2.619,5.673,23.376,53.78,16.68,24.34,9,1,5.281,1.9336,1,2.619,1.891,0.5378,0.55,8.974,0.65,waspada
0.0,0.0,0.0,68.85,24.08,4.77,10,0,9.096,1.0283,1,0.0,0.0,0.6885,0.15,16.579,0.5,siaga
0.0,0.0,0.0,75.69,33.05,28.71,7,1,47.379,0.4469,1,0.0,0.0,0.7569,0.15,25.019,0.75,siaga
0.0,0.0,0.0,97.0,5.89,19.45,3,0,0.0,0.4649,0,0.0,0.0,0.97,0.35,5.717,0.4,siaga
0.0,0.0,0.0,66.51,6.0,7.65,8,1,7.423,0.5377,1,0.0,0.0,0.6651,0.55,3.992,0.85,waspada
19.59,29.984,67.042,64.09,19.45,17.25,12,0,36.977,1.7046,1,19.59,9.9948,0.6409,0.55,12.466,0.3,siaga
24.249,51.866,140.202,53.3,26.97,21.81,5,0,21.65,0.05,2,24.249,17.2886,0.533,0.35,14.373,0.35,siaga
83.593,134.787,328.317,39.04,18.02,19.65,9,1,5.764,0.7388,2,83.593,44.9289,0.3904,0.75,7.033,0.35,siaga
65.464,132.149,287.946,82.24,23.45,22.2,6,1,0.522,0.1811,2,65.464,44.0496,0.8224,0.55,19.289,0.55,awas
0.0,0.0,0.0,45.43,30.34,20.77,2,0,0.0,0.4599,1,0.0,0.0,0.4543,0.35,13.783,0.75,waspada
7.099,13.006,60.22,35.66,18.52,14.44,1,0,9.834,1.6896,0,7.099,4.3355,0.3566,0.85,6.606,0.45,waspada
0.0,0.0,0.0,51.95,36.03,6.85,12,0,19.873,0.05,2,0.0,0.0,0.5195,0.85,18.717,0.15,waspada
1.168,2.952,8.65,60.18,24.03,2.29,5,0,8.206,1.9798,2,1.168,0.984,0.6018,0.15,14.462,0.85,siaga
0.56,0.854,1.881,80.7,17.91,25.27,4,0,0.587,2.2567,3,0.56,0.2847,0.807,0.35,14.452,0.4,siaga
1.195,1.924,6.195,45.08,5.34,28.66,10,0,26.261,0.5104,2,1.195,0.6414,0.4508,0.75,2.409,0.15,waspada
0.0,0.0,0.0,38.05,5.06,5.79,3,0,0.0,0.05,3,0.0,0.0,0.3805,0.15,1.927,0.4,waspada
44.177,78.16,202.138,75.04,22.69,3.08,9,1,16.599,0.4179,3,44.177,26.0533,0.7504,0.55,17.023,0.5,awas
0.0,0.0,0.0,91.56,30.82,5.25,7,1,0.0,1.5376,3,0.0,0.0,0.9156,0.05,28.217,0.55,siaga
0.0,0.0,0.0,76.29,15.39,29.82,8,1,51.558,0.914,2,0.0,0.0,0.7629,0.15,11.743,0.75,siaga
0.0,0.0,0.0,89.01,10.87,22.47,3,0,39.143,1.8116,1,0.0,0.0,0.8901,0.15,9.674,0.7,siaga
0.0,0.0,0.0,90.77,29.08,24.84,1,0,45.859,1.9285,2,0.0,0.0,0.9077,0.85,26.393,0.5,waspada
0.0,0.0,0.0,54.26,37.31,11.22,10,0,0.0,1.9317,3,0.0,0.0,0.5426,0.55,20.242,0.8,waspada
5.13,12.75,49.747,41.0,36.0,18.46,5,0,40.75,1.2451,2,5.13,4.2501,0.41,0.35,14.76,0.9,siaga
0.0,0.0,0.0,74.24,16.49,0.26,9,1,2.517,2.6194,2,0.0,0.0,0.7424,0.55,12.241,0.3,waspada
2.558,6.881,30.145,71.08,6.13,24.92,10,0,9.767,1.6186,2,2.558,2.2937,0.7108,0.55,4.36,0.65,waspada
9.5,17.459,41.539,86.41,18.49,33.35,6,1,25.751,1.6318,2,9.5,5.8196,0.8641,0.55,15.979,0.2,siaga
0.0,0.0,0.0,42.1,15.21,12.98,8,1,28.018,3.906,2,0.0,0.0,0.421,0.75,6.404,0.45,waspada
7.026,17.986,42.098,97.23,32.34,29.75,6,1,9.448,1.7439,3,7.026,5.9954,0.9723,0.75,31.448,0.35,siaga
0.0,0.0,0.0,60.34,27.25,12.2,4,0,30.869,0.4571,2,0.0,0.0,0.6034,0.35,16.443,0.4,waspada
0.0,0.0,0.0,66.07,2.42,16.89,4,0,28.335,1.105,1,0.0,0.0,0.6607,0.75,1.597,0.7,waspada
132.369,225.195,527.751,39.44,18.94,16.1,8,1,18.464,0.05,3,132.369,75.065,0.3944,0.55,7.469,0.2,siaga
0.0,0.0,0.0,95.57,22.25,23.2,12,0,23.887,3.7555,1,0.0,0.0,0.9557,0.35,21.266,0.2,siaga
0.0,0.0,0.0,65.85,16.88,22.28,8,1,9.027,0.746,3,0.0,0.0,0.6585,0.55,11.112,0.2,waspada
0.757,1.875,6.566,84.13,3.46,24.52,7,1,0.0,0.7315,2,0.757,0.6251,0.8413,0.55,2.908,0.45,siaga
24.857,61.09,152.376,67.05,10.88,24.73,7,1,0.0,0.05,3,24.857,20.3632,0.6705,0.85,7.295,0.15,siaga
5.124,8.542,39.478,49.31,3.41,2.57,6,1,18.606,0.05,1,5.124,2.8472,0.4931,0.75,1.679,0.8,waspada
0.0,0.0,0.0,47.18,14.29,15.86,9,1,24.32,1.2097,2,0.0,0.0,0.4718,0.55,6.742,0.45,waspada
23.789,41.924,84.412,64.04,37.41,7.45,6,1,30.445,1.4466,3,23.789,13.9748,0.6404,0.35,23.96,0.15,siaga
0.0,0.0,0.0,41.62,33.55,17.55,10,0,0.0,0.92,2,0.0,0.0,0.4162,0.75,13.962,0.85,waspada
14.683,36.469,86.358,65.96,3.84,32.16,2,0,39.936,1.812,2,14.683,12.1562,0.6596,0.55,2.532,0.2,siaga
0.0,0.0,0.0,40.66,28.93,4.27,11,0,0.0,1.6426,3,0.0,0.0,0.4066,0.55,11.762,0.15,waspada
1.701,4.514,15.698,32.26,17.8,30.56,1,0,7.347,0.05,1,1.701,1.5045,0.3226,0.55,5.743,0.3,waspada
0.0,0.0,0.0,60.25,9.81,18.66,8,1,18.877,0.8258,3,0.0,0.0,0.6025,0.75,5.909,0.6,waspada
49.895,106.576,268.461,31.3,35.42,30.8,11,0,56.085,1.0263,2,49.895,35.5253,0.313,0.35,11.085,0.15,siaga
8.527,19.731,72.107,35.02,10.24,33.8,1,0,17.226,1.5975,2,8.527,6.577,0.3502,0.35,3.585,0.25,waspada
5.065,8.235,27.701,69.49,11.89,19.49,11,0,19.3,2.4672,1,5.065,2.7449,0.6949,0.15,8.262,0.6,siaga
18.673,37.868,122.847,48.37,20.2,0.02,2,0,20.248,1.1078,2,18.673,12.6226,0.4837,0.55,9.772,0.4,siaga
4.706,10.611,36.142,46.98,34.48,32.0,10,0,49.032,0.05,3,4.706,3.5369,0.4698,0.35,16.199,0.7,siaga
1.939,3.331,8.668,44.42,37.22,34.46,1,0,8.079,0.05,1,1.939,1.1102,0.4442,0.75,16.535,0.25,waspada
0.0,0.0,0.0,97.82,25.74,15.52,7,1,31.649,2.3723,2,0.0,0.0,0.9782,0.55,25.183,0.15,waspada
0.0,0.0,0.0,72.08,14.67,28.9,7,1,0.0,1.6813,3,0.0,0.0,0.7208,0.55,10.571,0.65,waspada
5.755,11.939,46.124,31.72,11.13,0.22,1,0,15.772,3.0939,2,5.755,3.9797,0.3172,0.35,3.531,0.4,waspada
47.665,76.641,232.333,95.98,20.65,14.19,10,0,37.104,0.05,3,47.665,25.547,0.9598,0.75,19.82,0.75,awas
4.89,13.254,38.438,75.22,28.45,23.25,7,1,10.958,0.4358,3,4.89,4.4181,0.7522,0.55,21.399,0.65,siaga
0.0,0.0,0.0,81.28,21.71,11.7,11,0,9.741,0.8413,2,0.0,0.0,0.8128,0.05,17.648,0.2,siaga
0.0,0.0,0.0,89.57,2.62,2.47,4,0,31.842,1.2629,3,0.0,0.0,0.8957,0.15,2.347,0.9,siaga
0.639,1.347,3.611,41.4,24.96,15.4,9,1,8.396,1.3815,3,0.639,0.4489,0.414,0.15,10.333,0.8,waspada
11.966,19.54,56.023,42.9,25.79,22.14,10,0,0.0,0.1462,1,11.966,6.5134,0.429,0.35,11.064,0.8,siaga
0.0,0.0,0.0,32.69,37.35,27.52,7,1,27.556,2.3867,2,0.0,0.0,0.3269,0.55,12.212,0.2,waspada
1.527,4.493,22.302,54.54,6.74,29.47,9,1,0.0,0.05,2,1.527,1.4977,0.5454,0.35,3.675,0.25,waspada
104.471,125.753,308.562,91.03,12.97,13.45,4,0,13.687,0.2617,2,104.471,41.9175,0.9103,0.05,11.803,0.55,awas
24.939,46.463,185.386,33.08,36.8,12.88,10,0,31.634,0.2975,3,24.939,15.4877,0.3308,0.75,12.171,0.45,waspada
4.747,9.452,23.445,67.89,12.38,29.23,9,1,38.301,1.1336,2,4.747,3.1508,0.6789,0.35,8.407,0.45,siaga
7.55,19.596,95.855,37.63,31.08,34.76,4,0,24.45,1.3118,3,7.55,6.5319,0.3763,0.75,11.698,0.1,waspada
136.376,205.841,335.04,88.74,29.34,8.64,10,0,13.611,0.0563,2,136.376,68.6136,0.8874,0.55,26.039,0.5,awas
7.349,14.917,50.987,89.95,18.31,8.43,9,1,0.0,3.0697,1,7.349,4.9722,0.8995,0.55,16.471,0.85,siaga
6.339,18.703,51.538,83.91,23.08,12.1,12,0,40.849,1.2824,3,6.339,6.2345,0.8391,0.35,19.367,0.55,siaga
3.485,9.191,25.826,52.15,37.44,27.37,12,0,0.0,0.05,0,3.485,3.0637,0.5215,0.55,19.524,0.55,waspada
7.628,15.172,54.834,49.38,26.6,30.29,6,1,0.0,0.9966,2,7.628,5.0574,0.4938,0.05,13.134,0.7,siaga
7.599,20.103,93.675,62.81,26.18,26.84,9,1,15.759,2.3334,3,7.599,6.701,0.6281,0.75,16.442,0.1,waspada
11.392,21.544,60.085,64.56,16.28,26.17,11,0,7.223,0.2532,1,11.392,7.1812,0.6456,0.55,10.509,0.5,siaga
0.0,0.0,0.0,35.64,37.81,13.89,12,0,0.0,3.3637,3,0.0,0.0,0.3564,0.05,13.476,0.1,waspada
97.317,146.79,333.236,56.84,32.0,14.72,2,0,36.393,1.5038,2,97.317,48.9301,0.5684,0.55,18.192,0.5,siaga
77.105,120.184,353.505,97.82,11.91,0.35,11,0,34.202,0.2682,1,77.105,40.0614,0.9782,0.75,11.648,0.85,awas
1.673,4.63,14.673,65.71,14.4,11.88,7,1,27.268,1.243,1,1.673,1.5435,0.6571,0.15,9.461,0.65,siaga
0.0,0.0,0.0,59.8,8.79,31.6,11,0,14.074,0.4773,3,0.0,0.0,0.598,0.85,5.259,0.15,waspada
38.228,75.694,152.201,38.36,37.69,23.67,11,0,0.0,0.05,2,38.228,25.2312,0.3836,0.15,14.459,0.1,siaga
0.0,0.0,0.0,43.75,4.45,31.55,8,1,19.856,0.4,2,0.0,0.0,0.4375,0.85,1.948,0.9,waspada
90.264,124.679,266.709,70.24,27.24,32.48,5,0,0.0,2.7945,3,90.264,41.5597,0.7024,0.75,19.137,0.65,siaga
0.0,0.0,0.0,97.39,5.44,5.25,4,0,23.843,0.05,3,0.0,0.0,0.9739,0.15,5.302,0.55,siaga
7.792,16.208,41.089,85.61,11.49,22.64,10,0,0.0,1.0128,2,7.792,5.4026,0.8561,1.0,9.835,0.4,waspada
0.0,0.0,0.0,68.54,19.22,2.95,6,1,18.116,0.8559,2,0.0,0.0,0.6854,0.15,13.172,0.8,siaga
0.0,0.0,0.0,82.88,35.75,20.86,4,0,38.597,2.5574,2,0.0,0.0,0.8288,0.55,29.627,0.25,waspada
141.834,251.337,555.238,91.04,23.23,0.5,2,0,31.748,0.8127,2,141.834,83.7791,0.9104,0.15,21.148,0.6,awas
14.719,29.848,103.006,41.36,29.57,8.47,7,1,8.433,2.0078,2,14.719,9.9492,0.4136,0.15,12.229,0.8,siaga
6.79,19.825,94.611,86.77,36.54,23.47,5,0,46.088,0.05,2,6.79,6.6085,0.8677,0.75,31.702,0.15,waspada
0.0,0.0,0.0,56.55,29.34,6.99,3,0,5.5,1.6178,3,0.0,0.0,0.5655,0.35,16.593,0.55,waspada
0.0,0.0,0.0,46.82,6.7,28.15,1,0,18.736,0.05,3,0.0,0.0,0.4682,0.05,3.138,0.4,siaga
21.651,53.647,148.182,72.72,18.18,34.13,4,0,11.261,1.4287,3,21.651,17.8822,0.7272,0.35,13.22,0.65,siaga
0.0,0.0,0.0,64.98,15.22,8.58,7,1,0.0,0.05,2,0.0,0.0,0.6498,0.35,9.888,0.25,waspada
0.0,0.0,0.0,58.58,18.18,31.27,12,0,34.298,0.05,2,0.0,0.0,0.5858,0.15,10.649,0.4,siaga
38.702,65.854,150.498,69.04,21.98,22.23,5,0,25.638,1.2399,3,38.702,21.9513,0.6904,0.35,15.175,0.55,awas
0.0,0.0,0.0,95.23,33.66,27.98,2,0,22.783,0.2359,2,0.0,0.0,0.9523,0.05,32.059,0.75,siaga
1.872,3.619,13.18,51.84,25.58,20.27,12,0,30.964,0.05,1,1.872,1.2064,0.5184,1.0,13.263,0.6,waspada
50.331,79.511,195.058,54.05,21.8,6.61,2,0,21.006,0.05,2,50.331,26.5038,0.5405,0.55,11.78,0.85,awas
1.101,2.182,6.661,74.42,17.75,30.87,2,0,12.188,2.914,2,1.101,0.7273,0.7442,0.35,13.21,0.25,siaga
0.0,0.0,0.0,37.28,19.41,29.32,2,0,8.181,0.6541,2,0.0,0.0,0.3728,0.55,7.236,0.4,waspada
0.0,0.0,0.0,63.38,18.3,20.86,10,0,44.897,0.5635,2,0.0,0.0,0.6338,0.55,11.597,0.4,waspada
0.0,0.0,0.0,56.72,29.79,16.35,6,1,22.279,0.8471,2,0.0,0.0,0.5672,0.35,16.9,0.45,waspada
1.427,2.486,8.79,73.43,10.78,1.91,3,0,13.471,0.3248,2,1.427,0.8286,0.7343,0.15,7.919,0.2,siaga
0.0,0.0,0.0,37.54,26.92,12.5,12,0,35.441,1.4597,1,0.0,0.0,0.3754,0.75,10.105,0.8,waspada
16.93,26.202,62.515,47.57,19.88,29.08,9,1,26.736,1.0949,3,16.93,8.7339,0.4757,0.15,9.458,0.9,siaga
13.273,32.229,71.947,73.51,28.93,15.52,8,1,30.641,1.0469,3,13.273,10.7429,0.7351,0.35,21.265,0.8,siaga
6.886,11.745,33.418,62.41,14.68,29.67,10,0,20.11,0.6011,2,6.886,3.9148,0.6241,0.85,9.165,0.6,waspada
6.912,13.743,55.514,67.42,15.57,0.66,3,0,21.542,0.4787,3,6.912,4.5811,0.6742,0.55,10.499,0.3,waspada
0.0,0.0,0.0,34.15,8.7,25.01,5,0,19.656,1.8358,2,0.0,0.0,0.3415,0.35,2.973,0.3,waspada
5.089,11.887,42.801,93.41,28.33,33.98,7,1,0.0,1.1523,2,5.089,3.9624,0.9341,0.85,26.465,0.4,waspada
6.522,11.876,50.758,62.75,16.5,12.53,1,0,26.836,1.7729,1,6.522,3.9588,0.6275,0.55,10.354,0.55,waspada
0.0,0.0,0.0,90.63,6.9,5.25,1,0,10.857,1.8182,2,0.0,0.0,0.9063,0.55,6.253,0.4,siaga
0.0,0.0,0.0,38.4,11.48,15.93,1,0,9.275,1.0439,2,0.0,0.0,0.384,0.35,4.408,0.45,waspada
0.0,0.0,0.0,78.03,13.41,14.91,10,0,0.0,1.6801,0,0.0,0.0,0.7803,0.55,10.463,0.9,waspada
12.606,25.761,54.326,97.86,16.44,7.57,9,1,9.038,3.1657,1,12.606,8.587,0.9786,0.05,16.09,0.45,siaga
22.97,43.221,148.908,83.09,20.91,16.56,12,0,60.326,2.2377,2,22.97,14.407,0.8309,0.85,17.371,0.8,siaga
0.0,0.0,0.0,32.25,25.99,6.04,10,0,21.244,1.8882,3,0.0,0.0,0.3225,0.55,8.381,0.65,waspada
0.0,0.0,0.0,87.27,26.52,30.43,4,0,31.955,0.05,0,0.0,0.0,0.8727,0.85,23.148,0.6,waspada
12.121,28.472,66.569,83.46,13.1,27.34,10,0,23.77,0.2324,3,12.121,9.4905,0.8346,0.55,10.931,0.8,siaga
0.0,0.0,0.0,97.58,34.74,23.52,2,0,15.218,1.1918,3,0.0,0.0,0.9758,0.15,33.898,0.7,siaga
0.0,0.0,0.0,70.42,28.14,24.47,2,0,29.039,1.1642,0,0.0,0.0,0.7042,0.55,19.815,0.25,waspada
0.0,0.0,0.0,60.59,34.61,3.57,5,0,27.806,3.104,1,0.0,0.0,0.6059,0.35,20.971,0.1,waspada
0.0,0.0,0.0,83.42,5.46,3.91,11,0,0.0,1.4519,3,0.0,0.0,0.8342,0.85,4.555,0.7,waspada
9.423,15.412,51.711,35.03,25.1,22.35,11,0,18.842,2.5797,3,9.423,5.1375,0.3503,0.35,8.791,0.55,waspada
0.0,0.0,0.0,53.72,9.16,22.02,9,1,52.513,0.05,1,0.0,0.0,0.5372,0.55,4.923,0.2,waspada
2.201,3.565,13.649,48.67,31.66,2.48,1,0,31.04,1.5228,3,2.201,1.1883,0.4867,0.35,15.407,0.15,waspada
1.842,5.487,14.389,72.26,3.13,9.23,7,1,22.549,0.2295,3,1.842,1.8291,0.7226,0.55,2.262,0.8,siaga
22.211,35.581,135.958,70.08,4.67,21.07,2,0,19.184,1.6145,2,22.211,11.8604,0.7008,0.75,3.27,0.45,siaga
0.0,0.0,0.0,70.29,2.48,20.18,5,0,19.083,1.4913,3,0.0,0.0,0.7029,0.35,1.741,0.1,waspada
0.0,0.0,0.0,58.18,27.29,6.4,1,0,10.966,1.7722,2,0.0,0.0,0.5818,0.35,15.876,0.4,waspada
0.0,0.0,0.0,30.83,27.68,16.69,12,0,31.506,1.0222,2,0.0,0.0,0.3083,0.55,8.533,0.15,waspada
23.011,41.974,125.469,45.62,16.27,6.41,8,1,0.0,1.8232,2,23.011,13.9912,0.4562,0.15,7.424,0.6,siaga
7.88,22.365,82.43,35.52,13.18,13.1,9,1,51.287,2.4817,1,7.88,7.4551,0.3552,0.55,4.682,0.15,waspada
0.0,0.0,0.0,71.38,37.48,33.07,6,1,27.933,1.89,1,0.0,0.0,0.7138,0.55,26.755,0.75,waspada
0.0,0.0,0.0,91.61,2.02,5.79,11,0,0.0,0.05,2,0.0,0.0,0.9161,0.85,1.855,0.8,waspada
20.767,37.079,113.743,66.68,3.64,4.53,4,0,21.947,1.3126,2,20.767,12.3597,0.6668,0.75,2.427,0.1,waspada
4.174,6.428,14.066,93.99,5.38,14.05,6,1,37.054,1.9463,3,4.174,2.1428,0.9399,0.75,5.061,0.2,waspada
3.699,9.452,41.04,52.76,22.47,31.37,5,0,9.348,1.4406,1,3.699,3.1506,0.5276,0.55,11.854,0.15,waspada
6.294,15.918,43.627,30.3,12.36,22.49,8,1,3.275,2.1355,2,6.294,5.3061,0.303,0.35,3.744,0.1,waspada
12.583,20.685,42.536,46.14,9.36,27.63,3,0,68.563,0.2489,2,12.583,6.895,0.4614,0.35,4.321,0.4,waspada
7.411,15.23,61.98,59.63,31.78,24.77,5,0,26.136,0.2962,3,7.411,5.0768,0.5963,0.15,18.952,0.85,siaga
4.658,8.993,40.095,75.01,30.6,16.81,11,0,0.0,0.5849,2,4.658,2.9978,0.7501,0.75,22.953,0.3,waspada
20.607,40.538,133.006,40.69,24.84,25.14,6,1,21.644,1.8016,0,20.607,13.5127,0.4069,0.35,10.106,0.1,siaga
0.0,0.0,0.0,73.5,28.96,12.36,4,0,46.839,0.9592,2,0.0,0.0,0.735,0.15,21.288,0.1,siaga
76.224,147.885,514.472,73.01,10.31,33.28,2,0,14.864,1.3474,3,76.224,49.2952,0.7301,0.05,7.53,0.3,awas
1.845,3.806,16.755,49.58,14.38,26.5,10,0,37.331,0.6431,3,1.845,1.2688,0.4958,0.35,7.13,0.35,waspada
130.825,159.339,321.675,94.32,23.39,0.54,7,1,19.35,0.05,3,130.825,53.1129,0.9432,0.75,22.063,0.2,awas
2.478,7.402,32.962,88.27,15.28,30.32,10,0,55.897,1.8149,3,2.478,2.4673,0.8827,0.55,13.484,0.5,waspada
0.0,0.0,0.0,46.57,16.77,17.51,9,1,17.714,0.3465,1,0.0,0.0,0.4657,0.55,7.809,0.9,waspada
4.586,8.742,33.846,97.27,17.33,32.39,6,1,0.0,0.6473,2,4.586,2.914,0.9727,0.05,16.858,0.85,awas
3.284,6.162,18.201,37.05,27.8,24.72,11,0,0.0,1.6832,1,3.284,2.0539,0.3705,0.15,10.301,0.3,waspada
0.0,0.0,0.0,34.66,28.6,24.07,12,0,31.894,1.1002,0,0.0,0.0,0.3466,0.55,9.915,0.7,waspada
12.869,20.233,75.595,57.63,33.67,24.44,5,0,29.765,1.0981,3,12.869,6.7443,0.5763,0.35,19.402,0.35,siaga
0.0,0.0,0.0,46.67,36.66,21.29,6,1,4.834,0.3474,2,0.0,0.0,0.4667,0.55,17.107,0.9,waspada
2.776,6.4,28.861,86.58,15.06,1.23,12,0,11.2,0.7897,2,2.776,2.1332,0.8658,0.75,13.038,0.3,waspada
18.143,36.021,89.13,35.69,35.73,24.07,8,1,0.0,2.3587,2,18.143,12.0069,0.3569,0.85,12.75,0.8,waspada
4.086,8.365,30.501,80.41,9.56,22.0,8,1,13.145,1.0096,2,4.086,2.7882,0.8041,0.55,7.687,0.85,siaga
6.81,15.949,73.062,38.27,10.39,29.06,5,0,0.0,0.5682,1,6.81,5.3165,0.3827,0.35,3.976,0.7,siaga
4.595,13.217,46.957,53.61,6.06,2.11,3,0,17.651,0.5803,3,4.595,4.4058,0.5361,0.35,3.248,0.35,siaga
62.56,110.586,306.54,50.57,25.42,19.21,2,0,27.678,2.158,2,62.56,36.8619,0.5057,0.55,12.852,0.45,siaga
0.0,0.0,0.0,32.3,11.94,10.89,2,0,43.531,1.8633,2,0.0,0.0,0.323,0.15,3.857,0.45,waspada
48.585,94.906,316.025,77.2,30.29,2.15,9,1,23.486,1.328,2,48.585,31.6355,0.772,0.35,23.383,0.85,awas
19.164,41.998,88.014,90.34,33.99,7.43,12,0,30.893,2.2233,2,19.164,13.9993,0.9034,0.55,30.711,0.1,siaga
1.348,2.933,8.466,66.0,17.17,28.42,3,0,43.431,1.6149,2,1.348,0.9777,0.66,0.35,11.332,0.8,siaga
0.0,0.0,0.0,70.64,3.92,17.61,7,1,1.415,1.5794,1,0.0,0.0,0.7064,0.35,2.768,0.75,siaga
3.055,4.97,21.77,96.43,29.3,9.19,7,1,25.023,0.7051,1,3.055,1.6566,0.9643,0.15,28.255,0.65,siaga
0.0,0.0,0.0,80.07,4.01,6.31,11,0,0.0,1.7741,2,0.0,0.0,0.8007,0.35,3.207,0.4,siaga
10.008,16.869,47.294,86.18,29.42,31.59,12,0,1.478,1.6114,3,10.008,5.6229,0.8618,0.55,25.354,0.4,siaga
0.0,0.0,0.0,60.3,4.58,31.54,11,0,15.762,1.0721,3,0.0,0.0,0.603,0.55,2.763,0.25,waspada
1.406,3.731,11.437,65.95,24.95,19.86,7,1,26.986,2.4492,2,1.406,1.2436,0.6595,0.15,16.457,0.3,siaga
1.973,5.82,19.342,69.29,37.04,12.53,6,1,18.15,2.9762,3,1.973,1.9402,0.6929,0.05,25.664,0.25,siaga
75.113,181.839,472.783,66.53,3.21,17.13,11,0,22.76,0.05,0,75.113,60.6131,0.6653,1.0,2.137,0.1,siaga
91.617,141.601,248.676,43.26,15.78,2.94,1,0,5.171,0.05,1,91.617,47.2003,0.4326,0.15,6.827,0.85,awas
0.0,0.0,0.0,91.56,16.49,28.72,2,0,15.049,1.9027,2,0.0,0.0,0.9156,0.55,15.098,0.6,siaga
3.214,5.842,28.834,95.85,15.82,19.34,1,0,0.0,1.8467,3,3.214,1.9475,0.9585,0.05,15.161,0.1,siaga
57.99,93.586,228.672,94.39,12.51,12.86,11,0,10.997,0.05,2,57.99,31.1954,0.9439,0.75,11.804,0.65,awas
0.0,0.0,0.0,62.58,26.55,12.26,8,1,10.595,3.4546,1,0.0,0.0,0.6258,0.15,16.615,0.5,siaga
0.0,0.0,0.0,75.58,26.68,28.36,5,0,52.877,3.2304,2,0.0,0.0,0.7558,0.55,20.167,0.5,waspada
21.263,40.651,132.709,34.09,29.32,30.46,12,0,45.106,2.0469,1,21.263,13.5504,0.3409,0.55,9.997,0.6,siaga
21.641,39.838,127.74,33.86,14.22,29.14,11,0,22.999,0.8445,1,21.641,13.2793,0.3386,0.75,4.813,0.15,waspada
18.442,36.928,109.977,95.25,33.24,4.17,2,0,19.148,1.1016,2,18.442,12.3094,0.9525,0.35,31.657,0.8,siaga
13.899,30.704,77.823,74.23,28.74,7.85,4,0,5.864,1.3988,0,13.899,10.2345,0.7423,0.55,21.33,0.7,siaga
0.0,0.0,0.0,88.77,10.19,0.3,9,1,8.675,1.6848,2,0.0,0.0,0.8877,0.55,9.041,0.6,waspada
0.0,0.0,0.0,72.15,12.38,20.78,1,0,31.206,2.086,2,0.0,0.0,0.7215,0.75,8.935,0.7,waspada
4.773,11.33,47.034,32.56,35.09,12.21,2,0,21.564,0.3683,2,4.773,3.7766,0.3256,0.55,11.425,0.85,waspada
5.836,15.407,47.24,60.94,13.23,10.85,12,0,28.587,1.4108,0,5.836,5.1356,0.6094,0.85,8.063,0.35,waspada
0.969,2.823,11.154,36.93,2.14,27.54,11,0,33.237,1.2761,2,0.969,0.941,0.3693,0.35,0.79,0.75,waspada
0.0,0.0,0.0,78.42,19.11,16.56,6,1,25.395,0.05,2,0.0,0.0,0.7842,0.55,14.985,0.3,waspada
1.875,4.491,11.019,74.54,8.2,3.83,6,1,23.76,0.05,3,1.875,1.4971,0.7454,0.35,6.109,0.9,siaga
0.0,0.0,0.0,70.6,21.78,7.71,10,0,38.696,1.7156,1,0.0,0.0,0.706,0.55,15.378,0.4,waspada
23.223,45.222,179.655,83.78,16.33,14.66,10,0,47.154,2.0149,1,23.223,15.074,0.8378,0.75,13.678,0.8,siaga
0.0,0.0,0.0,49.7,26.78,28.72,9,1,21.078,2.1722,3,0.0,0.0,0.497,0.15,13.307,0.55,waspada
0.0,0.0,0.0,33.61,32.15,15.05,10,0,36.208,0.9851,3,0.0,0.0,0.3361,0.75,10.804,0.75,waspada
0.0,0.0,0.0,55.18,23.97,30.79,1,0,37.925,0.3055,2,0.0,0.0,0.5518,1.0,13.226,0.65,waspada
0.0,0.0,0.0,83.59,21.97,4.26,10,0,32.542,1.977,3,0.0,0.0,0.8359,0.75,18.362,0.6,waspada
0.0,0.0,0.0,84.93,3.19,32.72,1,0,17.959,1.1608,0,0.0,0.0,0.8493,0.75,2.712,0.2,waspada
1.434,2.327,9.673,56.2,13.11,0.11,1,0,24.609,0.682,2,1.434,0.7756,0.562,0.75,7.369,0.9,waspada
8.822,15.486,41.695,32.64,10.15,23.52,2,0,38.054,1.2423,1,8.822,5.162,0.3264,0.55,3.314,0.7,waspada
4.593,10.97,26.453,36.92,13.01,4.57,11,0,26.247,1.5861,2,4.593,3.6568,0.3692,0.55,4.804,0.15,waspada
2.883,7.267,14.59,38.98,23.52,32.77,3,0,6.969,0.05,2,2.883,2.4224,0.3898,0.15,9.168,0.35,waspada
5.591,15.148,54.204,34.05,32.83,29.57,6,1,0.0,0.3116,0,5.591,5.0494,0.3405,0.05,11.178,0.5,siaga
1.235,2.742,8.375,83.09,20.5,30.87,11,0,26.532,1.1982,0,1.235,0.9141,0.8309,0.05,17.037,0.7,siaga
0.0,0.0,0.0,76.26,23.05,20.91,4,0,26.165,2.2127,3,0.0,0.0,0.7626,0.35,17.577,0.1,waspada
0.0,0.0,0.0,96.13,3.51,33.51,4,0,13.355,1.3598,2,0.0,0.0,0.9613,0.05,3.372,0.65,siaga
0.0,0.0,0.0,77.0,2.75,28.59,10,0,8.826,1.374,3,0.0,0.0,0.77,0.75,2.121,0.3,waspada
74.103,138.352,344.069,31.14,34.05,17.91,9,1,47.428,0.05,2,74.103,46.1172,0.3114,0.15,10.601,0.7,awas
47.114,84.164,274.2,95.04,28.44,18.93,3,0,12.856,0.8661,1,47.114,28.0547,0.9504,0.55,27.026,0.6,awas
9.868,23.227,53.367,55.25,10.85,9.93,6,1,23.92,0.9446,1,9.868,7.7423,0.5525,0.15,5.996,0.7,siaga
2.902,8.104,18.557,93.88,21.25,0.09,4,0,19.505,0.05,2,2.902,2.7014,0.9388,0.55,19.945,0.6,siaga
18.214,41.791,98.467,91.59,35.13,26.73,5,0,25.244,0.7582,0,18.214,13.9305,0.9159,0.15,32.175,0.35,awas
0.0,0.0,0.0,54.8,17.28,25.92,5,0,7.981,0.8313,2,0.0,0.0,0.548,0.35,9.47,0.55,waspada
0.0,0.0,0.0,36.91,17.99,1.74,11,0,9.309,0.05,2,0.0,0.0,0.3691,0.55,6.639,0.7,waspada
0.0,0.0,0.0,83.36,33.0,34.06,10,0,44.17,2.5492,1,0.0,0.0,0.8336,0.15,27.51,0.7,siaga
2.791,8.206,32.035,91.99,11.53,5.84,12,0,0.0,1.6784,2,2.791,2.7353,0.9199,0.55,10.606,0.1,siaga
0.965,2.076,7.227,76.78,12.02,27.93,3,0,29.7,0.5878,2,0.965,0.6919,0.7678,1.0,9.231,0.35,waspada
16.933,41.537,113.475,86.3,34.46,27.53,3,0,14.049,0.05,2,16.933,13.8457,0.863,0.35,29.738,0.1,siaga
21.811,34.824,130.321,91.57,15.97,17.61,8,1,0.021,0.05,2,21.811,11.6081,0.9157,0.15,14.623,0.3,awas
0.0,0.0,0.0,70.34,14.19,24.36,8,1,5.124,1.1093,3,0.0,0.0,0.7034,0.15,9.981,0.9,siaga
0.0,0.0,0.0,83.83,36.09,12.41,6,1,43.581,0.8674,2,0.0,0.0,0.8383,0.15,30.254,0.25,siaga
11.588,22.932,63.072,81.48,20.63,2.69,4,0,52.799,1.2807,3,11.588,7.644,0.8148,0.15,16.813,0.1,siaga
2.517,5.911,24.653,45.8,10.08,1.64,11,0,11.447,2.73,1,2.517,1.9704,0.458,0.85,4.618,0.5,waspada
23.898,41.743,137.076,35.28,36.33,11.66,9,1,7.371,0.957,3,23.898,13.9145,0.3528,0.75,12.817,0.75,waspada
0.88,2.148,7.742,75.51,20.6,5.33,7,1,27.816,1.4668,2,0.88,0.716,0.7551,0.15,15.554,0.4,siaga
114.245,148.79,236.329,36.85,4.81,28.66,5,0,45.101,0.4228,3,114.245,49.5967,0.3685,0.55,1.772,0.7,siaga
8.375,13.056,39.744,33.4,26.26,23.86,8,1,18.917,2.3095,3,8.375,4.3519,0.334,0.55,8.771,0.55,waspada
1.001,1.862,5.662,96.13,3.57,28.76,11,0,0.0,2.3041,3,1.001,0.6208,0.9613,0.35,3.428,0.55,siaga
2.172,5.803,17.117,46.27,2.67,28.0,11,0,19.258,2.3167,2,2.172,1.9344,0.4627,0.15,1.233,0.4,siaga
19.782,35.074,89.299,61.85,13.25,17.54,9,1,28.337,0.2367,0,19.782,11.6913,0.6185,0.35,8.197,0.9,siaga
41.959,90.725,223.437,68.81,32.61,24.93,4,0,17.254,1.096,3,41.959,30.2416,0.6881,0.15,22.442,0.6,awas
0.0,0.0,0.0,49.49,29.01,11.46,5,0,11.603,1.1959,1,0.0,0.0,0.4949,0.55,14.357,0.9,waspada
14.893,23.258,91.979,85.04,4.62,1.86,7,1,12.63,1.612,2,14.893,7.7527,0.8504,0.05,3.928,0.4,siaga
0.0,0.0,0.0,48.06,19.64,19.49,1,0,39.915,2.4354,2,0.0,0.0,0.4806,0.35,9.436,0.3,waspada
0.0,0.0,0.0,71.21,14.55,12.83,6,1,31.131,3.1656,2,0.0,0.0,0.7121,0.75,10.362,0.35,waspada
21.802,40.427,114.953,53.33,2.65,12.12,7,1,26.485,0.626,3,21.802,13.4757,0.5333,0.15,1.412,0.45,siaga
0.0,0.0,0.0,69.64,31.68,3.02,11,0,24.241,2.0676,3,0.0,0.0,0.6964,0.75,22.065,0.85,waspada
112.371,186.956,351.851,69.29,35.19,13.56,6,1,38.135,0.9689,3,112.371,62.3186,0.6929,0.55,24.382,0.2,siaga
62.852,101.454,310.952,30.6,31.74,18.12,7,1,26.773,1.2469,1,62.852,33.818,0.306,0.15,9.711,0.25,siaga
7.949,21.608,104.543,49.84,28.71,20.54,8,1,40.818,0.05,1,7.949,7.2028,0.4984,0.85,14.31,0.7,waspada
93.55,123.739,190.994,65.65,11.7,9.91,4,0,24.758,2.4152,3,93.55,41.2462,0.6565,0.35,7.68,0.15,awas
5.011,8.067,37.127,42.99,7.07,15.34,5,0,0.0,0.4025,1,5.011,2.6889,0.4299,0.15,3.039,0.9,siaga
0.817,1.638,8.127,96.15,8.6,16.87,5,0,17.716,0.8138,2,0.817,0.546,0.9615,0.05,8.266,0.9,siaga
0.0,0.0,0.0,80.94,30.56,24.79,1,0,0.0,0.3753,2,0.0,0.0,0.8094,0.55,24.733,0.75,siaga
5.131,13.163,45.435,75.66,26.82,33.05,11,0,39.825,3.0842,2,5.131,4.3876,0.7566,0.85,20.291,0.3,waspada
0.0,0.0,0.0,32.91,24.81,15.71,5,0,20.427,0.05,1,0.0,0.0,0.3291,0.15,8.165,0.6,waspada
0.0,0.0,0.0,75.01,29.48,13.7,10,0,27.333,1.3713,3,0.0,0.0,0.7501,0.35,22.112,0.8,siaga
0.0,0.0,0.0,60.52,31.95,9.1,5,0,11.01,0.2839,3,0.0,0.0,0.6052,0.35,19.335,0.15,waspada
1.019,2.784,5.94,39.52,24.23,10.37,5,0,54.961,1.9966,3,1.019,0.9279,0.3952,0.35,9.578,0.65,waspada
0.0,0.0,0.0,36.69,11.04,32.39,6,1,0.0,2.0157,1,0.0,0.0,0.3669,0.15,4.051,0.5,waspada
0.0,0.0,0.0,53.96,34.34,10.03,10,0,28.108,1.1334,2,0.0,0.0,0.5396,0.75,18.527,0.85,waspada
4.895,7.374,28.195,37.81,36.92,14.47,1,0,52.271,0.5932,2,4.895,2.4579,0.3781,0.55,13.96,0.15,waspada
60.983,144.955,410.956,79.3,18.38,5.5,9,1,10.751,1.5888,0,60.983,48.3182,0.793,0.15,14.575,0.55,awas
4.482,11.683,31.876,45.99,18.42,20.93,9,1,27.233,1.2953,2,4.482,3.8943,0.4599,0.15,8.474,0.5,siaga
21.247,46.274,118.694,66.25,11.92,14.03,2,0,11.838,1.8417,2,21.247,15.4248,0.6625,0.15,7.895,0.2,siaga
0.0,0.0,0.0,58.19,28.55,27.9,12,0,36.7,0.05,1,0.0,0.0,0.5819,0.15,16.616,0.45,siaga
0.0,0.0,0.0,59.48,5.68,3.7,4,0,5.986,0.05,0,0.0,0.0,0.5948,0.35,3.376,0.5,waspada
72.385,118.115,241.304,70.49,25.09,5.99,12,0,2.228,2.3077,2,72.385,39.3717,0.7049,0.55,17.689,0.2,awas
22.752,51.444,154.709,69.29,11.93,32.81,6,1,8.339,0.5917,2,22.752,17.1481,0.6929,0.15,8.266,0.85,awas
0.0,0.0,0.0,88.23,12.28,14.25,3,0,4.359,1.4277,3,0.0,0.0,0.8823,0.35,10.839,0.35,siaga
21.642,32.961,99.125,96.34,11.98,26.72,12,0,16.956,1.0267,2,21.642,10.9869,0.9634,0.35,11.545,0.55,siaga
83.8,107.501,258.549,61.28,24.46,29.0,12,0,36.132,0.7658,0,83.8,35.8337,0.6128,0.15,14.985,0.3,awas
35.114,59.831,204.828,93.16,23.67,16.83,9,1,0.0,0.1169,2,35.114,19.9436,0.9316,0.75,22.053,0.35,siaga
120.804,177.581,319.421,51.88,7.29,11.1,11,0,4.28,1.4256,3,120.804,59.1937,0.5188,0.35,3.779,0.75,awas
7.082,17.025,68.197,79.24,26.74,6.31,1,0,43.275,1.5329,2,7.082,5.6751,0.7924,0.55,21.186,0.55,siaga
32.257,63.797,147.597,30.56,27.74,33.4,9,1,34.209,0.7765,2,32.257,21.2657,0.3056,0.75,8.476,0.5,waspada
27.152,52.712,170.647,45.6,10.66,15.44,11,0,30.841,0.1631,2,27.152,17.5706,0.456,0.35,4.861,0.45,siaga
0.0,0.0,0.0,54.81,3.49,25.5,10,0,56.666,1.9316,0,0.0,0.0,0.5481,0.55,1.912,0.2,waspada
67.518,139.633,316.045,54.11,21.55,17.24,9,1,19.864,1.0333,3,67.518,46.5442,0.5411,0.85,11.657,0.5,siaga
50.059,85.182,184.514,70.72,28.6,11.18,12,0,0.0,0.3249,2,50.059,28.394,0.7072,0.05,20.226,0.9,awas
2.251,4.497,21.632,41.68,32.42,4.26,11,0,56.295,1.3422,2,2.251,1.4991,0.4168,0.55,13.512,0.3,waspada
32.516,65.246,211.57,85.21,29.49,18.88,4,0,14.384,1.9668,2,32.516,21.7487,0.8521,0.55,25.124,0.5,siaga
0.0,0.0,0.0,87.21,14.83,1.77,1,0,7.954,2.6575,2,0.0,0.0,0.8721,0.75,12.937,0.2,waspada
0.0,0.0,0.0,37.92,28.7,18.62,12,0,22.231,0.9065,0,0.0,0.0,0.3792,0.35,10.88,0.6,waspada
0.0,0.0,0.0,39.62,24.8,26.49,10,0,22.033,0.5245,2,0.0,0.0,0.3962,1.0,9.826,0.4,aman
16.722,38.833,102.492,92.55,36.73,13.39,7,1,42.862,1.1089,3,16.722,12.9443,0.9255,0.55,33.993,0.1,siaga
12.915,26.03,99.054,40.59,15.62,1.58,7,1,0.0,1.898,2,12.915,8.6767,0.4059,0.75,6.341,0.8,waspada
0.0,0.0,0.0,35.42,29.45,20.98,3,0,11.171,0.0801,3,0.0,0.0,0.3542,0.75,10.432,0.85,waspada
32.092,59.975,136.295,74.23,36.65,2.86,8,1,18.899,0.3075,3,32.092,19.9917,0.7423,0.75,27.207,0.8,siaga
44.189,82.959,196.081,67.8,20.96,5.66,10,0,22.789,1.3233,2,44.189,27.653,0.678,0.55,14.212,0.85,awas
1.348,2.773,13.004,53.77,13.08,27.53,8,1,15.588,0.4313,2,1.348,0.9245,0.5377,0.75,7.036,0.1,waspada
2.353,6.469,28.518,86.0,6.5,1.33,1,0,21.995,2.2082,0,2.353,2.1563,0.86,0.75,5.591,0.45,waspada
0.0,0.0,0.0,80.04,14.13,32.85,8,1,19.1,0.9503,3,0.0,0.0,0.8004,0.35,11.31,0.9,siaga
0.0,0.0,0.0,69.87,12.56,5.44,8,1,22.055,0.05,2,0.0,0.0,0.6987,0.05,8.78,0.6,siaga
0.0,0.0,0.0,66.62,35.22,22.01,3,0,9.304,0.9639,2,0.0,0.0,0.6662,0.15,23.461,0.1,siaga
0.0,0.0,0.0,75.57,35.03,6.4,10,0,47.99,1.8816,2,0.0,0.0,0.7557,0.75,26.474,0.25,waspada
0.0,0.0,0.0,93.69,24.19,29.93,3,0,30.293,1.787,3,0.0,0.0,0.9369,0.55,22.669,0.9,siaga
0.0,0.0,0.0,75.64,8.65,26.53,1,0,19.888,1.454,0,0.0,0.0,0.7564,0.05,6.54,0.7,siaga
1.721,3.995,10.257,59.31,22.26,0.86,11,0,22.295,1.8249,3,1.721,1.3315,0.5931,0.85,13.203,0.7,waspada
23.256,44.488,175.048,81.04,20.96,15.56,12,0,31.41,3.1749,2,23.256,14.8294,0.8104,0.55,16.982,0.65,siaga
0.0,0.0,0.0,85.49,33.95,22.9,2,0,0.0,1.0405,1,0.0,0.0,0.8549,0.35,29.022,0.1,siaga
0.0,0.0,0.0,51.0,32.58,8.34,5,0,0.0,0.05,2,0.0,0.0,0.51,0.55,16.616,0.2,waspada
0.0,0.0,0.0,85.09,15.06,31.76,1,0,0.0,0.4553,2,0.0,0.0,0.8509,0.75,12.813,0.15,waspada
0.0,0.0,0.0,75.84,5.9,25.21,2,0,23.735,0.0559,2,0.0,0.0,0.7584,0.75,4.478,0.35,waspada
0.0,0.0,0.0,39.12,10.5,27.84,12,0,15.663,1.5095,0,0.0,0.0,0.3912,0.75,4.106,0.75,waspada
0.0,0.0,0.0,83.89,7.34,0.67,6,1,0.0,0.883,0,0.0,0.0,0.8389,0.35,6.16,0.55,siaga
0.0,0.0,0.0,63.02,32.37,2.79,6,1,11.155,1.7706,1,0.0,0.0,0.6302,0.85,20.401,0.1,waspada
18.491,40.291,109.761,83.4,9.36,13.81,10,0,14.756,0.4482,2,18.491,13.4304,0.834,0.15,7.804,0.75,awas
0.0,0.0,0.0,41.46,3.85,16.65,6,1,27.403,2.7279,2,0.0,0.0,0.4146,0.85,1.594,0.8,waspada
0.0,0.0,0.0,43.04,17.95,0.74,10,0,21.256,0.05,2,0.0,0.0,0.4304,0.55,7.725,0.85,waspada
0.0,0.0,0.0,94.28,14.18,12.34,8,1,170.081,4.6947,2,0.0,0.0,0.9428,0.55,13.365,0.25,waspada
0.0,0.0,0.0,81.56,34.0,13.97,3,0,157.589,1.0667,1,0.0,0.0,0.8156,0.35,27.733,0.7,siaga
0.0,0.0,0.0,81.4,27.62,14.33,5,0,128.958,0.05,3,0.0,0.0,0.814,0.55,22.483,0.1,waspada
4.434,8.197,27.194,68.31,3.38,31.34,7,1,109.596,2.1546,0,4.434,2.7322,0.6831,0.75,2.31,0.15,waspada
0.0,0.0,0.0,95.14,36.22,34.85,9,1,205.952,1.9367,1,0.0,0.0,0.9514,0.75,34.459,0.75,waspada
2.99,7.013,27.679,35.9,2.45,7.3,5,0,77.564,1.6427,2,2.99,2.3376,0.359,0.85,0.879,0.15,aman
26.283,53.919,145.139,82.34,21.52,6.04,11,0,158.666,2.6549,3,26.283,17.9731,0.8234,0.15,17.718,0.5,siaga
0.0,0.0,0.0,79.84,5.52,18.05,12,0,243.591,1.247,1,0.0,0.0,0.7984,0.55,4.41,0.5,waspada
0.0,0.0,0.0,77.75,12.23,4.1,8,1,64.756,2.1051,3,0.0,0.0,0.7775,0.75,9.511,0.55,waspada
1.284,2.726,11.746,45.0,3.36,2.07,3,0,29.275,0.6748,0,1.284,0.9087,0.45,1.0,1.511,0.5,waspada
0.0,0.0,0.0,93.96,23.56,7.3,11,0,126.425,1.4096,1,0.0,0.0,0.9396,0.55,22.136,0.6,waspada
0.0,0.0,0.0,80.59,33.1,32.12,12,0,17.252,1.9308,3,0.0,0.0,0.8059,0.75,26.677,0.25,waspada
9.65,20.861,58.378,35.49,8.37,9.54,12,0,74.491,3.1887,2,9.65,6.9537,0.3549,0.35,2.971,0.15,waspada
49.311,104.997,358.101,93.35,21.56,21.13,3,0,21.378,1.921,1,49.311,34.9989,0.9335,0.55,20.128,0.7,awas
3.78,9.002,44.631,51.29,30.88,21.74,11,0,206.199,3.3143,1,3.78,3.0006,0.5129,0.55,15.841,0.35,waspada
0.0,0.0,0.0,89.68,26.33,25.47,11,0,140.538,1.891,1,0.0,0.0,0.8968,0.55,23.614,0.7,waspada
0.0,0.0,0.0,60.86,9.35,34.55,1,0,111.417,1.6691,0,0.0,0.0,0.6086,0.55,5.688,0.8,waspada
0.0,0.0,0.0,72.59,16.41,2.18,6,1,82.56,0.6292,0,0.0,0.0,0.7259,0.85,11.91,0.25,waspada
41.953,74.096,187.488,69.46,6.86,31.62,4,0,0.0,1.4138,2,41.953,24.6987,0.6946,0.55,4.764,0.3,siaga
0.0,0.0,0.0,45.51,18.97,13.84,11,0,197.971,1.075,1,0.0,0.0,0.4551,1.0,8.635,0.7,aman
2.8,5.106,23.414,33.56,29.79,23.36,6,1,151.707,0.05,2,2.8,1.7021,0.3356,0.75,10.0,0.35,waspada
0.0,0.0,0.0,89.37,35.37,4.42,6,1,172.441,0.9153,2,0.0,0.0,0.8937,0.55,31.607,0.7,waspada
7.954,15.786,61.001,37.45,6.51,32.58,9,1,120.497,2.8133,3,7.954,5.262,0.3745,0.55,2.436,0.7,waspada
3.83,8.465,41.536,83.09,27.23,28.98,6,1,182.18,2.6851,3,3.83,2.8216,0.8309,0.75,22.625,0.45,waspada
1.134,2.043,8.532,51.28,3.89,27.45,9,1,102.581,2.9875,0,1.134,0.6811,0.5128,0.75,1.996,0.55,waspada
11.051,21.258,55.468,63.69,26.13,23.03,8,1,114.133,0.2896,2,11.051,7.0862,0.6369,0.75,16.641,0.8,waspada
6.701,17.561,61.546,96.48,13.6,13.25,9,1,135.523,3.4801,1,6.701,5.8536,0.9648,0.55,13.118,0.8,siaga
0.0,0.0,0.0,33.66,27.1,25.69,2,0,109.659,1.293,2,0.0,0.0,0.3366,0.55,9.124,0.65,waspada
6.603,12.701,40.409,38.27,37.96,13.45,6,1,129.417,3.5861,2,6.603,4.2337,0.3827,0.75,14.528,0.85,waspada
7.402,21.633,63.977,62.76,6.39,0.62,7,1,141.498,4.3598,0,7.402,7.2111,0.6276,0.75,4.011,0.25,waspada
23.386,44.283,167.294,87.9,17.12,17.2,5,0,155.63,3.8219,2,23.386,14.7609,0.879,0.55,15.052,0.7,siaga
7.157,11.134,26.682,80.33,29.65,34.06,12,0,97.878,3.3843,1,7.157,3.7113,0.8033,0.55,23.82,0.5,waspada
59.222,112.302,374.159,36.65,22.98,31.47,1,0,74.914,1.0603,1,59.222,37.4338,0.3665,1.0,8.42,0.2,waspada
0.0,0.0,0.0,72.6,31.46,8.82,5,0,162.441,0.7418,1,0.0,0.0,0.726,0.55,22.839,0.65,waspada
16.356,24.951,92.908,68.1,19.26,0.9,2,0,75.956,0.4814,2,16.356,8.3171,0.681,0.75,13.117,0.7,siaga
0.0,0.0,0.0,73.73,30.48,27.84,11,0,160.754,1.7068,1,0.0,0.0,0.7373,0.55,22.473,0.1,waspada
1.458,3.711,9.403,34.85,11.84,23.55,2,0,195.072,2.2076,1,1.458,1.2369,0.3485,0.75,4.125,0.35,waspada
68.258,144.024,440.285,50.88,17.37,16.61,1,0,143.079,2.1559,2,68.258,48.0079,0.5088,0.55,8.84,0.25,siaga
7.466,19.404,43.459,54.76,21.37,1.94,1,0,33.611,4.288,2,7.466,6.4681,0.5476,0.55,11.7,0.8,waspada
136.321,188.969,316.683,43.24,6.81,30.43,5,0,76.501,0.05,0,136.321,62.9898,0.4324,1.0,2.943,0.35,siaga
2.181,4.592,17.858,33.46,30.33,12.74,12,0,76.367,1.2874,2,2.181,1.5307,0.3346,0.75,10.149,0.8,waspada
0.0,0.0,0.0,64.51,10.94,32.63,12,0,15.944,1.7476,3,0.0,0.0,0.6451,0.75,7.057,0.3,waspada
0.0,0.0,0.0,78.34,8.36,21.37,8,1,120.616,1.8462,2,0.0,0.0,0.7834,0.75,6.548,0.65,waspada
0.0,0.0,0.0,92.86,19.06,32.8,2,0,177.625,0.359,2,0.0,0.0,0.9286,0.05,17.696,0.1,siaga
117.949,207.313,347.237,58.85,8.33,13.82,6,1,263.51,0.05,1,117.949,69.1044,0.5885,0.75,4.904,0.7,siaga
11.042,18.131,40.05,60.63,13.41,10.05,4,0,18.02,0.9384,2,11.042,6.0436,0.6063,0.75,8.132,0.25,waspada
62.094,123.857,348.733,63.86,22.99,3.65,1,0,140.324,1.5888,2,62.094,41.2858,0.6386,1.0,14.682,0.15,siaga
0.0,0.0,0.0,87.11,25.95,21.58,3,0,246.195,0.966,0,0.0,0.0,0.8711,0.75,22.603,0.4,waspada
13.06,27.203,98.119,33.44,6.57,19.84,9,1,68.361,2.7076,1,13.06,9.0677,0.3344,0.75,2.198,0.35,waspada
0.0,0.0,0.0,45.5,21.75,15.16,10,0,158.004,0.9405,2,0.0,0.0,0.455,0.55,9.896,0.85,waspada
116.082,219.219,490.421,81.93,28.22,34.08,7,1,142.772,2.8081,2,116.082,73.073,0.8193,0.75,23.124,0.65,siaga
0.0,0.0,0.0,33.75,6.02,28.12,5,0,136.351,3.6085,2,0.0,0.0,0.3375,0.75,2.033,0.25,aman
14.008,23.914,80.037,35.22,12.81,29.89,6,1,78.639,0.05,2,14.008,7.9715,0.3522,0.35,4.511,0.35,waspada
0.0,0.0,0.0,30.8,3.63,4.42,8,1,238.474,3.1123,2,0.0,0.0,0.308,0.75,1.119,0.55,aman
16.741,26.7,75.495,46.7,21.59,25.65,11,0,77.285,0.6093,2,16.741,8.8999,0.467,0.55,10.084,0.2,waspada
0.0,0.0,0.0,53.88,6.88,25.33,5,0,82.038,0.8015,1,0.0,0.0,0.5388,0.75,3.706,0.7,waspada
0.0,0.0,0.0,32.16,21.6,11.88,5,0,7.943,1.5463,1,0.0,0.0,0.3216,0.55,6.946,0.3,waspada
0.0,0.0,0.0,48.84,7.93,31.99,4,0,135.106,3.4072,2,0.0,0.0,0.4884,0.75,3.875,0.65,waspada
21.261,41.695,165.039,65.47,34.78,2.41,1,0,133.021,2.811,1,21.261,13.8983,0.6547,0.75,22.768,0.55,waspada
0.0,0.0,0.0,58.75,6.8,32.13,2,0,152.253,0.05,1,0.0,0.0,0.5875,0.75,3.992,0.85,waspada
1.969,3.684,10.893,33.66,5.63,18.27,3,0,42.551,1.699,1,1.969,1.2281,0.3366,0.15,1.893,0.35,waspada
0.0,0.0,0.0,70.11,2.96,25.26,4,0,148.108,1.6904,1,0.0,0.0,0.7011,0.55,2.078,0.65,waspada
3.21,7.705,35.772,95.59,27.43,6.31,3,0,125.964,4.8312,1,3.21,2.5684,0.9559,0.55,26.219,0.85,siaga
8.334,16.817,54.166,34.13,27.63,8.59,11,0,94.085,1.8039,1,8.334,5.6058,0.3413,0.55,9.429,0.8,waspada
0.0,0.0,0.0,74.16,19.47,11.98,2,0,77.35,0.05,2,0.0,0.0,0.7416,0.55,14.442,0.15,waspada
0.0,0.0,0.0,40.36,17.52,8.14,2,0,100.506,0.05,1,0.0,0.0,0.4036,0.75,7.072,0.85,waspada
35.712,79.667,164.556,41.38,5.06,17.59,4,0,142.846,3.8998,1,35.712,26.5556,0.4138,1.0,2.096,0.7,siaga
0.0,0.0,0.0,80.41,23.29,5.75,10,0,136.038,0.05,2,0.0,0.0,0.8041,0.85,18.731,0.7,waspada
0.0,0.0,0.0,89.95,12.78,25.63,8,1,0.0,2.1669,1,0.0,0.0,0.8995,0.55,11.498,0.35,waspada
63.96,153.508,481.225,66.2,3.51,17.37,3,0,29.733,2.2476,3,63.96,51.1694,0.662,0.55,2.326,0.35,siaga
0.0,0.0,0.0,68.05,34.95,15.31,3,0,148.638,3.2942,1,0.0,0.0,0.6805,0.55,23.78,0.85,waspada
105.718,207.896,507.572,69.56,35.89,14.2,4,0,192.681,2.3884,0,105.718,69.2987,0.6956,0.75,24.965,0.55,siaga
0.0,0.0,0.0,39.28,11.19,29.77,3,0,136.159,1.0823,1,0.0,0.0,0.3928,0.75,4.397,0.1,aman
2.335,4.337,20.835,84.64,26.81,13.48,8,1,0.0,2.3599,2,2.335,1.4457,0.8464,0.55,22.69,0.55,siaga
0.0,0.0,0.0,74.05,27.71,4.23,12,0,214.712,2.7733,2,0.0,0.0,0.7405,0.35,20.518,0.75,waspada
23.067,46.635,154.658,66.05,13.17,28.31,5,0,92.433,1.3667,3,23.067,15.5451,0.6605,0.75,8.701,0.45,siaga
0.0,0.0,0.0,80.22,19.71,6.61,2,0,78.86,0.5579,1,0.0,0.0,0.8022,0.85,15.809,0.45,waspada
5.531,8.723,21.96,82.0,2.1,14.84,7,1,175.371,2.8826,0,5.531,2.9075,0.82,0.55,1.72,0.7,waspada
2.836,4.601,11.576,93.2,23.42,16.0,11,0,76.975,2.8843,1,2.836,1.5336,0.932,0.75,21.825,0.1,waspada
0.0,0.0,0.0,85.97,34.17,10.63,4,0,41.173,0.9852,0,0.0,0.0,0.8597,0.55,29.373,0.6,siaga
6.44,10.786,53.839,36.19,15.49,26.19,4,0,172.008,1.0107,0,6.44,3.5952,0.3619,0.55,5.606,0.6,waspada
120.328,162.41,298.876,42.73,8.79,33.36,7,1,61.153,2.894,0,120.328,54.1365,0.4273,0.55,3.758,0.4,siaga
0.0,0.0,0.0,58.18,9.09,18.78,12,0,51.513,2.5121,1,0.0,0.0,0.5818,0.55,5.29,0.75,waspada
11.478,23.543,89.521,75.61,4.98,22.87,9,1,156.09,2.4177,2,11.478,7.8478,0.7561,0.75,3.769,0.35,waspada
0.0,0.0,0.0,67.99,7.37,0.49,5,0,180.47,1.6643,0,0.0,0.0,0.6799,0.05,5.013,0.15,siaga
6.727,17.247,73.824,95.52,36.36,8.41,5,0,208.533,5.1958,1,6.727,5.749,0.9552,0.35,34.732,0.85,siaga
0.0,0.0,0.0,76.95,21.88,32.5,5,0,98.858,3.5895,2,0.0,0.0,0.7695,0.35,16.835,0.15,waspada
30.459,60.605,192.941,42.31,5.11,9.32,7,1,102.263,1.3391,0,30.459,20.2015,0.4231,0.75,2.162,0.2,siaga
0.0,0.0,0.0,52.98,12.68,6.14,10,0,164.948,1.6525,0,0.0,0.0,0.5298,0.75,6.715,0.4,waspada
3.596,7.333,17.938,67.14,26.09,5.13,7,1,74.661,0.9583,1,3.596,2.4442,0.6714,0.85,17.516,0.75,waspada
14.732,22.603,80.899,34.56,28.65,10.39,4,0,126.154,0.3863,0,14.732,7.5344,0.3456,0.55,9.901,0.75,waspada
5.446,12.863,30.67,51.4,24.78,6.83,9,1,119.031,3.6318,1,5.446,4.2875,0.514,0.55,12.739,0.3,waspada
0.0,0.0,0.0,95.76,14.93,19.86,5,0,0.0,1.9283,1,0.0,0.0,0.9576,0.55,14.298,0.3,siaga
1.545,4.514,18.582,41.0,22.08,15.47,2,0,116.258,2.9169,2,1.545,1.5046,0.41,0.75,9.051,0.85,waspada
0.0,0.0,0.0,65.25,11.77,4.75,1,0,131.418,3.9878,1,0.0,0.0,0.6525,0.15,7.679,0.8,siaga
0.0,0.0,0.0,94.77,4.2,5.64,3,0,111.72,1.7068,1,0.0,0.0,0.9477,0.85,3.977,0.35,waspada
6.564,10.954,44.938,69.76,23.32,33.91,9,1,110.983,1.6309,3,6.564,3.6513,0.6976,0.35,16.268,0.1,waspada
2.043,3.717,14.686,36.52,37.37,23.63,9,1,132.611,1.9004,2,2.043,1.2391,0.3652,0.55,13.646,0.25,waspada
0.0,0.0,0.0,71.98,23.44,28.43,3,0,171.202,3.5167,2,0.0,0.0,0.7198,0.75,16.868,0.45,waspada
10.664,16.374,39.532,69.25,28.02,14.49,4,0,89.767,0.9108,1,10.664,5.458,0.6925,0.35,19.401,0.65,siaga
0.0,0.0,0.0,56.34,10.83,9.16,7,1,89.696,1.2566,1,0.0,0.0,0.5634,0.75,6.104,0.3,waspada
9.636,19.893,53.829,94.07,23.97,18.35,12,0,161.769,3.8636,1,9.636,6.6311,0.9407,0.75,22.551,0.85,siaga
0.0,0.0,0.0,41.54,3.07,23.81,9,1,117.959,2.6618,0,0.0,0.0,0.4154,0.55,1.277,0.1,waspada
13.737,23.257,66.598,80.81,22.01,32.77,11,0,128.954,0.5907,1,13.737,7.7525,0.8081,0.05,17.787,0.45,siaga
97.769,135.742,288.751,72.87,6.43,19.93,11,0,106.917,0.8785,1,97.769,45.2474,0.7287,0.85,4.682,0.25,siaga
0.0,0.0,0.0,46.05,13.72,21.17,9,1,181.811,3.3997,1,0.0,0.0,0.4605,1.0,6.317,0.85,aman
17.092,42.646,143.625,32.14,37.89,5.64,6,1,0.0,4.3173,2,17.092,14.2153,0.3214,0.75,12.179,0.75,waspada
0.0,0.0,0.0,53.83,9.56,10.02,1,0,57.796,1.8143,3,0.0,0.0,0.5383,0.75,5.144,0.1,waspada
0.0,0.0,0.0,30.16,27.86,34.77,10,0,102.953,1.0894,1,0.0,0.0,0.3016,0.85,8.403,0.25,aman
19.582,37.34,148.877,52.78,13.77,11.4,6,1,87.485,0.5908,2,19.582,12.4466,0.5278,0.55,7.27,0.5,siaga
6.98,17.491,39.696,97.14,14.29,12.02,1,0,93.75,3.8243,2,6.98,5.8304,0.9714,1.0,13.884,0.5,waspada
107.21,132.943,268.609,62.17,7.03,12.75,5,0,125.025,1.6684,2,107.21,44.3142,0.6217,0.75,4.372,0.25,siaga
8.856,15.697,40.386,68.63,33.47,13.27,7,1,0.0,2.7908,1,8.856,5.2324,0.6863,0.55,22.969,0.4,waspada
41.423,84.857,269.438,38.82,12.64,29.15,12,0,108.438,3.3519,1,41.423,28.2858,0.3882,0.85,4.906,0.15,siaga
0.0,0.0,0.0,92.66,13.56,18.04,2,0,1.178,1.809,0,0.0,0.0,0.9266,1.0,12.566,0.5,waspada
0.0,0.0,0.0,84.85,16.1,20.94,9,1,138.141,0.05,1,0.0,0.0,0.8485,0.75,13.661,0.75,waspada
0.0,0.0,0.0,54.16,34.92,21.7,9,1,123.833,1.2487,2,0.0,0.0,0.5416,0.15,18.914,0.6,waspada
3.394,6.213,29.617,79.81,19.34,21.18,2,0,25.697,4.3095,2,3.394,2.0709,0.7981,0.35,15.439,0.35,waspada
0.0,0.0,0.0,35.53,7.36,10.29,2,0,288.042,1.3842,0,0.0,0.0,0.3553,0.75,2.615,0.25,aman
143.533,223.75,524.572,48.01,8.82,11.5,11,0,218.875,2.1454,2,143.533,74.5833,0.4801,0.75,4.233,0.65,siaga
2.873,4.929,17.259,68.0,17.43,5.64,8,1,169.055,1.1764,2,2.873,1.6431,0.68,0.75,11.853,0.4,waspada
0.0,0.0,0.0,67.86,12.04,29.19,2,0,98.799,0.2541,1,0.0,0.0,0.6786,0.75,8.173,0.7,waspada
0.0,0.0,0.0,57.61,7.79,9.12,7,1,70.441,2.232,1,0.0,0.0,0.5761,0.15,4.489,0.5,waspada
0.652,0.982,3.163,78.45,11.37,13.37,2,0,196.451,4.407,3,0.652,0.3273,0.7845,0.75,8.92,0.5,waspada
2.649,6.991,19.12,37.07,19.42,33.04,4,0,173.383,0.9041,3,2.649,2.3302,0.3707,0.75,7.199,0.3,waspada
142.083,201.495,326.321,84.42,10.57,17.22,7,1,109.003,0.2781,2,142.083,67.165,0.8442,0.75,8.92,0.15,siaga
15.957,31.425,124.238,40.57,12.59,6.43,7,1,210.184,2.1004,1,15.957,10.4749,0.4057,0.75,5.108,0.3,waspada
0.0,0.0,0.0,93.87,7.23,19.54,3,0,86.766,2.3616,1,0.0,0.0,0.9387,0.55,6.79,0.25,waspada
0.0,0.0,0.0,64.69,19.05,18.53,8,1,87.309,0.3715,1,0.0,0.0,0.6469,0.55,12.326,0.1,waspada
3.814,5.73,27.668,31.48,23.88,19.93,4,0,102.271,0.1548,2,3.814,1.91,0.3148,0.75,7.517,0.6,waspada
0.0,0.0,0.0,60.95,21.77,0.89,7,1,226.918,2.2121,2,0.0,0.0,0.6095,0.55,13.27,0.1,waspada
17.608,42.139,131.985,48.95,36.58,15.88,9,1,54.825,1.7758,2,17.608,14.0462,0.4895,0.75,17.908,0.7,siaga
4.16,8.614,31.071,49.78,22.91,5.04,2,0,110.909,0.2073,1,4.16,2.8713,0.4978,1.0,11.402,0.55,waspada
27.12,54.166,124.114,37.82,7.39,22.36,5,0,185.444,4.8949,2,27.12,18.0552,0.3782,0.35,2.796,0.65,siaga
0.0,0.0,0.0,77.44,34.35,33.75,8,1,223.237,3.1133,2,0.0,0.0,0.7744,0.75,26.597,0.9,waspada
0.0,0.0,0.0,80.7,26.88,14.85,6,1,147.57,0.05,0,0.0,0.0,0.807,0.55,21.695,0.3,waspada
0.0,0.0,0.0,89.69,2.36,26.88,1,0,188.928,2.7344,1,0.0,0.0,0.8969,0.35,2.121,0.4,waspada
1.654,4.49,11.803,58.36,23.09,8.68,9,1,29.078,0.05,1,1.654,1.4966,0.5836,0.35,13.474,0.5,waspada
0.0,0.0,0.0,89.89,23.14,12.03,7,1,105.88,2.6343,1,0.0,0.0,0.8989,0.75,20.803,0.4,waspada
0.0,0.0,0.0,31.37,18.11,0.95,12,0,87.968,3.1621,1,0.0,0.0,0.3137,0.35,5.682,0.1,waspada
7.892,21.777,63.385,68.86,36.07,2.45,4,0,170.355,1.8221,1,7.892,7.259,0.6886,0.15,24.842,0.45,siaga
0.0,0.0,0.0,66.76,30.2,5.88,8,1,108.264,0.05,1,0.0,0.0,0.6676,0.35,20.164,0.15,waspada
2.782,6.227,12.807,87.93,27.8,30.6,11,0,76.363,0.05,0,2.782,2.0758,0.8793,0.75,24.446,0.25,waspada
54.077,104.958,229.273,93.75,13.7,2.41,1,0,66.34,2.128,1,54.077,34.9859,0.9375,0.75,12.843,0.55,awas
0.0,0.0,0.0,78.61,11.6,21.21,1,0,92.683,0.1266,1,0.0,0.0,0.7861,0.75,9.119,0.4,waspada
0.0,0.0,0.0,79.06,28.68,6.13,1,0,106.424,2.9942,1,0.0,0.0,0.7906,0.55,22.671,0.9,siaga
13.891,28.2,88.97,35.46,9.16,6.13,9,1,147.811,2.2709,0,13.891,9.3999,0.3546,0.75,3.248,0.15,waspada
16.195,36.838,144.392,85.23,31.63,0.08,9,1,236.466,2.1534,1,16.195,12.2792,0.8523,0.35,26.959,0.2,siaga
4.843,8.136,17.236,36.86,33.97,17.29,5,0,80.096,0.9263,3,4.843,2.7121,0.3686,0.75,12.519,0.9,waspada
78.784,140.473,309.917,43.16,34.45,33.16,3,0,51.602,2.9375,2,78.784,46.8245,0.4316,0.55,14.87,0.3,siaga
6.493,18.307,78.014,71.5,14.06,2.5,4,0,89.061,1.7774,2,6.493,6.1022,0.715,0.55,10.056,0.15,waspada
0.0,0.0,0.0,31.88,5.03,17.58,9,1,188.618,0.05,2,0.0,0.0,0.3188,0.85,1.603,0.3,aman
0.0,0.0,0.0,43.74,37.48,2.97,6,1,133.601,2.6054,2,0.0,0.0,0.4374,0.55,16.396,0.65,waspada
10.862,24.143,59.761,48.64,10.6,23.94,11,0,188.123,0.5834,2,10.862,8.0475,0.4864,0.55,5.156,0.75,waspada
0.0,0.0,0.0,44.31,16.61,29.51,9,1,191.253,2.4364,2,0.0,0.0,0.4431,0.75,7.361,0.25,aman
2.111,3.656,13.755,47.75,23.28,22.37,1,0,150.447,0.05,2,2.111,1.2186,0.4775,0.55,11.115,0.35,waspada
12.839,28.295,106.102,63.41,17.75,9.26,9,1,111.444,3.7915,3,12.839,9.4315,0.6341,0.55,11.254,0.45,waspada
0.0,0.0,0.0,69.58,14.36,19.3,1,0,105.577,1.6574,2,0.0,0.0,0.6958,0.75,9.991,0.2,waspada
5.047,14.561,63.835,42.43,8.25,21.37,7,1,106.562,0.9971,3,5.047,4.8536,0.4243,0.85,3.501,0.8,waspada
14.726,22.101,66.296,83.68,18.69,16.85,12,0,105.602,5.417,2,14.726,7.3669,0.8368,0.75,15.643,0.5,waspada
0.0,0.0,0.0,88.37,16.76,34.94,5,0,175.226,1.5047,3,0.0,0.0,0.8837,0.35,14.811,0.55,siaga
2.625,5.206,15.94,32.24,8.16,20.85,9,1,195.376,0.05,2,2.625,1.7352,0.3224,0.85,2.631,0.8,waspada
54.199,130.719,411.749,90.83,19.54,23.19,2,0,168.758,2.227,2,54.199,43.5729,0.9083,0.55,17.746,0.45,siaga
0.0,0.0,0.0,41.96,23.09,14.74,11,0,222.75,2.9753,2,0.0,0.0,0.4196,0.75,9.688,0.45,aman
0.0,0.0,0.0,93.32,15.84,24.22,3,0,185.321,2.4424,2,0.0,0.0,0.9332,0.05,14.782,0.3,siaga
0.0,0.0,0.0,46.96,2.19,12.07,8,1,103.763,2.3586,2,0.0,0.0,0.4696,0.55,1.031,0.8,waspada
0.0,0.0,0.0,92.27,20.41,2.33,3,0,87.415,2.4934,2,0.0,0.0,0.9227,0.55,18.829,0.8,siaga
76.641,144.288,312.773,49.47,32.66,21.92,8,1,181.853,2.8438,1,76.641,48.0961,0.4947,0.55,16.155,0.6,siaga
0.0,0.0,0.0,46.33,12.89,27.99,8,1,158.209,0.7296,0,0.0,0.0,0.4633,0.75,5.974,0.55,waspada
79.624,122.69,275.834,69.92,17.61,17.78,2,0,107.564,3.2014,3,79.624,40.8966,0.6992,0.85,12.312,0.7,siaga
3.443,8.087,18.12,68.39,7.54,0.8,12,0,163.928,1.4995,1,3.443,2.6956,0.6839,0.75,5.156,0.3,waspada
0.0,0.0,0.0,36.71,17.71,29.4,4,0,183.219,4.6916,2,0.0,0.0,0.3671,0.85,6.501,0.9,aman
94.383,166.471,292.979,36.33,18.02,13.71,2,0,106.875,1.5751,2,94.383,55.4903,0.3633,1.0,6.544,0.2,siaga
0.0,0.0,0.0,34.78,6.43,33.98,8,1,21.118,0.5695,1,0.0,0.0,0.3478,0.15,2.235,0.9,waspada
0.533,1.245,3.843,36.58,22.94,30.81,5,0,35.15,2.998,1,0.533,0.4151,0.3658,0.55,8.39,0.45,waspada
4.643,13.148,52.387,78.44,29.76,12.59,4,0,105.056,2.6909,2,4.643,4.3826,0.7844,0.75,23.347,0.65,waspada
6.921,11.269,52.949,40.91,19.25,21.35,5,0,51.204,2.5814,1,6.921,3.7563,0.4091,0.55,7.873,0.7,waspada
14.09,22.177,59.855,65.4,2.89,18.64,6,1,173.569,4.1739,1,14.09,7.3924,0.654,0.35,1.891,0.1,waspada
0.0,0.0,0.0,59.65,13.29,34.8,12,0,177.581,4.0677,1,0.0,0.0,0.5965,0.55,7.929,0.7,waspada
14.356,25.213,62.979,39.83,17.04,8.61,11,0,61.58,1.612,2,14.356,8.4043,0.3983,0.75,6.789,0.3,waspada
6.905,18.65,46.175,82.95,9.5,32.08,6,1,120.937,1.4413,0,6.905,6.2167,0.8295,0.75,7.878,0.1,waspada
9.76,20.586,57.795,76.44,30.07,32.69,2,0,118.171,0.05,2,9.76,6.8619,0.7644,0.55,22.986,0.35,siaga
3.726,10.002,22.875,76.56,15.07,22.2,2,0,114.83,2.5488,2,3.726,3.334,0.7656,1.0,11.541,0.25,waspada
35.47,70.314,154.574,92.75,19.58,2.12,3,0,89.858,2.2967,1,35.47,23.438,0.9275,0.55,18.157,0.7,awas
22.407,39.986,93.479,76.38,26.18,33.03,12,0,194.628,3.6061,3,22.407,13.3288,0.7638,0.55,19.999,0.2,siaga
110.075,213.111,393.171,49.08,14.77,7.48,12,0,119.173,2.5004,3,110.075,71.0371,0.4908,0.55,7.249,0.25,siaga
6.635,16.63,82.676,33.47,7.51,0.21,11,0,132.112,0.05,1,6.635,5.5435,0.3347,0.75,2.514,0.1,waspada
0.0,0.0,0.0,94.83,16.8,6.55,6,1,124.849,0.05,3,0.0,0.0,0.9483,1.0,15.933,0.7,waspada
0.0,0.0,0.0,39.64,17.14,26.99,5,0,120.029,0.8844,1,0.0,0.0,0.3964,0.55,6.794,0.65,waspada
5.189,10.587,29.526,90.75,35.61,25.45,3,0,73.855,2.6383,2,5.189,3.529,0.9075,0.75,32.311,0.7,siaga
0.0,0.0,0.0,77.89,17.32,0.96,5,0,193.276,3.726,3,0.0,0.0,0.7789,0.75,13.489,0.45,waspada
0.0,0.0,0.0,43.49,28.61,16.55,7,1,177.247,0.1683,2,0.0,0.0,0.4349,0.35,12.444,0.6,waspada
19.913,49.735,108.261,46.25,10.71,13.16,7,1,241.746,4.288,1,19.913,16.5784,0.4625,0.75,4.951,0.3,waspada
0.0,0.0,0.0,50.9,18.9,15.71,7,1,68.005,2.1369,1,0.0,0.0,0.509,0.35,9.622,0.3,waspada
0.0,0.0,0.0,38.93,10.02,3.37,6,1,63.219,0.059,0,0.0,0.0,0.3893,0.75,3.899,0.55,waspada
4.19,8.118,18.117,77.11,37.23,20.24,5,0,138.269,2.5102,1,4.19,2.7059,0.7711,0.55,28.706,0.55,waspada
6.347,16.915,64.725,92.46,17.2,33.9,9,1,142.511,0.05,1,6.347,5.6383,0.9246,0.35,15.9,0.1,siaga
53.229,131.468,436.072,48.17,16.35,2.73,5,0,125.178,0.05,0,53.229,43.8226,0.4817,0.85,7.874,0.55,siaga
15.729,38.517,122.476,45.23,37.45,32.37,11,0,123.094,2.0959,3,15.729,12.839,0.4523,0.55,16.937,0.7,waspada
8.445,13.677,28.218,67.89,3.98,21.0,5,0,156.864,0.05,2,8.445,4.5591,0.6789,0.75,2.703,0.6,waspada
0.0,0.0,0.0,79.94,19.29,9.28,9,1,104.464,5.6737,0,0.0,0.0,0.7994,0.85,15.421,0.1,waspada
11.094,26.467,73.789,41.55,22.42,28.45,6,1,108.616,1.4498,2,11.094,8.8224,0.4155,0.55,9.316,0.25,waspada
3.845,6.233,13.878,85.01,35.76,5.9,12,0,106.897,3.2107,1,3.845,2.0776,0.8501,0.75,30.4,0.5,waspada
0.0,0.0,0.0,83.18,11.55,6.12,10,0,207.194,1.6838,1,0.0,0.0,0.8318,0.55,9.604,0.1,waspada
20.396,34.693,78.264,60.88,26.53,32.07,12,0,47.848,3.7653,2,20.396,11.5642,0.6088,0.75,16.151,0.4,waspada
4.237,7.082,26.988,46.11,14.61,3.69,5,0,72.365,3.9455,2,4.237,2.3608,0.4611,0.35,6.735,0.25,waspada
24.43,39.845,102.756,57.85,17.89,0.83,7,1,34.2,2.1613,1,24.43,13.2817,0.5785,0.55,10.351,0.85,siaga
77.763,173.65,481.604,85.21,26.47,3.34,3,0,70.234,0.8807,2,77.763,57.8835,0.8521,0.35,22.554,0.3,awas
4.961,10.959,44.74,90.21,28.82,12.99,5,0,136.589,1.0348,1,4.961,3.6528,0.9021,0.85,26.003,0.6,waspada
0.0,0.0,0.0,73.06,22.83,15.03,8,1,6.906,0.05,2,0.0,0.0,0.7306,0.15,16.682,0.4,siaga
0.0,0.0,0.0,75.4,23.85,27.65,11,0,140.498,0.05,2,0.0,0.0,0.754,0.55,17.982,0.85,waspada
42.243,101.137,335.926,43.78,13.64,33.56,11,0,63.493,4.6271,2,42.243,33.7122,0.4378,0.55,5.972,0.7,siaga
31.114,48.918,160.872,35.08,33.14,17.46,12,0,148.79,1.048,2,31.114,16.3061,0.3508,0.55,11.625,0.3,waspada
3.728,7.127,35.352,84.74,34.67,14.13,2,0,141.594,3.1857,2,3.728,2.3756,0.8474,0.75,29.382,0.7,waspada
0.0,0.0,0.0,85.22,24.6,28.08,6,1,112.487,1.6367,1,0.0,0.0,0.8522,0.75,20.966,0.85,waspada
0.0,0.0,0.0,36.89,28.61,4.49,4,0,232.143,0.05,3,0.0,0.0,0.3689,0.55,10.555,0.4,waspada
0.0,0.0,0.0,54.8,11.81,17.81,7,1,128.618,1.4828,2,0.0,0.0,0.548,0.85,6.47,0.3,waspada
96.029,169.795,306.499,94.68,9.0,5.38,10,0,109.002,0.7062,2,96.029,56.5985,0.9468,0.75,8.52,0.4,siaga
11.921,27.322,68.306,36.52,24.7,23.67,6,1,142.344,2.5111,1,11.921,9.1074,0.3652,0.55,9.018,0.65,waspada
0.0,0.0,0.0,96.06,20.71,28.92,7,1,89.652,0.9989,1,0.0,0.0,0.9606,0.75,19.895,0.65,waspada
13.277,22.066,53.833,34.02,4.43,24.02,8,1,206.487,3.0279,1,13.277,7.3553,0.3402,0.55,1.506,0.9,waspada
23.082,42.629,158.89,41.16,35.27,32.12,10,0,123.337,1.5133,2,23.082,14.2095,0.4116,0.75,14.516,0.45,waspada
5.262,8.695,37.313,63.88,17.1,24.99,3,0,182.589,0.05,1,5.262,2.8983,0.6388,0.75,10.925,0.7,waspada
0.0,0.0,0.0,34.51,4.85,28.79,11,0,130.145,0.493,2,0.0,0.0,0.3451,0.85,1.674,0.65,aman
14.348,31.526,96.589,57.9,18.53,28.96,5,0,55.244,1.307,2,14.348,10.5088,0.579,0.55,10.73,0.85,siaga
1.537,3.649,9.934,96.63,21.14,1.52,3,0,162.134,0.7713,1,1.537,1.2162,0.9663,0.55,20.429,0.65,siaga
6.026,12.828,29.556,90.12,9.26,10.65,4,0,11.642,0.05,0,6.026,4.2759,0.9012,0.55,8.344,0.85,siaga
22.929,38.617,99.002,90.02,2.22,29.08,8,1,103.05,2.241,2,22.929,12.8722,0.9002,0.55,2.001,0.75,siaga
2.196,4.628,14.565,47.77,19.66,5.64,5,0,107.797,0.05,0,2.196,1.5428,0.4777,0.55,9.392,0.9,waspada
6.196,17.852,82.66,30.3,29.43,33.48,6,1,87.684,0.9318,2,6.196,5.9505,0.303,0.75,8.917,0.5,waspada
1.617,3.933,9.556,71.34,19.18,9.47,5,0,167.259,2.5535,1,1.617,1.311,0.7134,0.55,13.683,0.35,waspada
0.0,0.0,0.0,38.17,32.47,23.68,8,1,191.783,1.4305,2,0.0,0.0,0.3817,0.75,12.396,0.45,waspada
10.038,22.136,60.484,73.77,6.57,24.96,7,1,119.983,2.2061,1,10.038,7.3787,0.7377,0.75,4.845,0.7,waspada
0.0,0.0,0.0,48.16,16.66,1.71,2,0,96.107,0.3752,1,0.0,0.0,0.4816,0.55,8.022,0.2,waspada
0.0,0.0,0.0,85.45,23.26,27.62,2,0,144.179,1.1833,1,0.0,0.0,0.8545,0.75,19.871,0.4,waspada
1.917,5.35,13.463,97.26,7.25,20.96,12,0,132.195,3.2929,1,1.917,1.7833,0.9726,0.85,7.047,0.6,waspada
0.0,0.0,0.0,63.44,28.04,22.98,8,1,138.292,1.7637,2,0.0,0.0,0.6344,0.75,17.791,0.15,waspada
1.314,2.768,13.516,87.98,15.22,29.78,1,0,45.479,4.3925,2,1.314,0.9226,0.8798,0.55,13.389,0.9,siaga
7.983,16.132,73.415,89.17,12.82,23.79,1,0,95.647,1.0222,2,7.983,5.3775,0.8917,0.85,11.434,0.4,waspada
3.451,5.746,22.177,82.07,36.38,25.78,2,0,150.312,3.9671,2,3.451,1.9154,0.8207,0.55,29.854,0.45,waspada
0.0,0.0,0.0,34.08,17.72,10.07,5,0,44.914,1.1655,2,0.0,0.0,0.3408,0.55,6.038,0.6,waspada
18.693,33.419,73.762,31.52,29.03,22.78,2,0,149.061,1.7151,3,18.693,11.1397,0.3152,0.85,9.152,0.4,waspada
0.0,0.0,0.0,95.1,5.65,33.43,9,1,203.097,4.4657,1,0.0,0.0,0.951,0.75,5.375,0.4,waspada
7.423,12.205,53.862,47.75,8.63,14.39,6,1,146.691,0.8437,1,7.423,4.0684,0.4775,0.55,4.122,0.4,waspada
1.071,1.758,7.305,53.57,7.99,18.5,10,0,50.402,1.7319,1,1.071,0.586,0.5357,0.75,4.277,0.8,waspada
85.689,158.259,278.262,71.37,30.69,12.99,9,1,104.956,2.3599,2,85.689,52.753,0.7137,0.15,21.908,0.7,awas
1.451,4.119,17.329,65.26,16.15,9.98,6,1,230.569,3.2466,3,1.451,1.373,0.6526,0.55,10.54,0.3,waspada
0.0,0.0,0.0,87.72,11.94,30.63,8,1,80.545,2.1532,3,0.0,0.0,0.8772,0.75,10.473,0.85,waspada
0.0,0.0,0.0,80.5,21.23,24.93,6,1,152.611,2.6209,0,0.0,0.0,0.805,0.55,17.093,0.85,waspada
21.567,38.171,140.093,58.59,6.05,32.26,2,0,138.476,0.05,0,21.567,12.7238,0.5859,0.55,3.547,0.55,siaga
0.0,0.0,0.0,45.81,2.64,21.5,12,0,198.301,2.5032,2,0.0,0.0,0.4581,0.35,1.207,0.7,waspada
24.991,51.022,171.492,97.39,16.28,2.28,7,1,84.303,2.7025,2,24.991,17.0073,0.9739,0.75,15.856,0.8,siaga
3.897,9.339,20.599,79.2,19.8,15.07,1,0,19.175,0.4424,2,3.897,3.113,0.792,0.35,15.682,0.5,siaga
0.0,0.0,0.0,57.51,22.3,27.34,8,1,107.428,1.0623,1,0.0,0.0,0.5751,0.75,12.824,0.55,waspada
123.316,185.454,291.592,38.48,19.8,25.53,1,0,177.025,4.8974,2,123.316,61.8179,0.3848,0.55,7.622,0.7,siaga
0.0,0.0,0.0,72.75,2.02,7.67,5,0,133.033,1.9198,1,0.0,0.0,0.7275,0.15,1.468,0.6,siaga
0.0,0.0,0.0,34.87,14.74,23.41,9,1,84.254,0.05,3,0.0,0.0,0.3487,0.55,5.14,0.55,waspada
9.985,23.823,59.662,46.47,10.21,14.57,9,1,86.891,2.8926,2,9.985,7.9409,0.4647,0.75,4.746,0.45,waspada
20.982,39.037,154.136,41.55,12.93,13.52,6,1,137.821,1.4405,1,20.982,13.0123,0.4155,0.85,5.373,0.8,waspada
0.0,0.0,0.0,41.69,17.73,31.2,12,0,207.817,4.1603,2,0.0,0.0,0.4169,0.85,7.392,0.15,aman
0.0,0.0,0.0,65.73,24.2,11.38,3,0,93.694,3.1127,1,0.0,0.0,0.6573,0.35,15.909,0.55,waspada
66.962,122.05,376.526,84.74,26.99,20.06,11,0,130.222,3.5415,1,66.962,40.6832,0.8474,0.55,22.877,0.45,awas
8.659,21.249,65.844,63.1,14.96,11.58,12,0,120.918,3.8606,1,8.659,7.0829,0.631,0.35,9.438,0.9,siaga
0.0,0.0,0.0,50.68,20.57,6.79,7,1,151.13,0.9251,2,0.0,0.0,0.5068,0.55,10.423,0.8,waspada
7.956,14.964,57.706,90.26,8.84,10.67,5,0,139.94,2.5924,0,7.956,4.9879,0.9026,0.75,7.976,0.15,waspada
22.813,38.386,151.717,32.66,16.93,29.8,4,0,113.616,3.092,2,22.813,12.7953,0.3266,0.75,5.529,0.7,waspada
4.689,12.007,51.126,30.53,23.07,0.34,8,1,42.076,2.997,2,4.689,4.0022,0.3053,0.75,7.042,0.8,waspada
0.0,0.0,0.0,38.7,34.22,24.69,6,1,88.17,0.3573,1,0.0,0.0,0.387,0.55,13.242,0.1,waspada
0.0,0.0,0.0,57.0,15.99,0.59,5,0,149.979,0.05,1,0.0,0.0,0.57,0.75,9.116,0.3,waspada
0.0,0.0,0.0,72.17,14.0,21.84,1,0,30.242,2.9666,1,0.0,0.0,0.7217,0.55,10.102,0.65,waspada
0.0,0.0,0.0,89.74,28.83,31.99,1,0,168.904,0.9592,2,0.0,0.0,0.8974,0.55,25.871,0.75,waspada
4.41,8.076,30.358,74.81,8.1,20.32,4,0,97.889,3.974,1,4.41,2.692,0.7481,0.75,6.059,0.8,waspada
0.0,0.0,0.0,74.67,26.87,27.97,7,1,86.415,1.4475,2,0.0,0.0,0.7467,0.55,20.06,0.4,waspada
0.0,0.0,0.0,91.56,19.33,23.6,3,0,170.769,4.3354,1,0.0,0.0,0.9156,0.75,17.699,0.3,waspada
0.0,0.0,0.0,74.79,32.94,18.6,9,1,137.933,2.952,2,0.0,0.0,0.7479,0.55,24.635,0.85,waspada
12.985,28.043,90.148,32.03,27.2,15.39,6,1,19.456,0.05,3,12.985,9.3476,0.3203,0.85,8.714,0.2,waspada
14.141,25.4,54.975,67.34,25.44,29.18,3,0,0.0,2.5853,0,14.141,8.4668,0.6734,0.75,17.135,0.45,waspada
16.832,36.883,80.361,48.38,17.69,27.67,6,1,66.027,3.7409,2,16.832,12.2944,0.4838,0.75,8.56,0.6,waspada
8.975,14.653,53.051,78.7,16.95,2.3,5,0,177.551,1.452,2,8.975,4.8845,0.787,0.75,13.342,0.4,waspada
23.506,54.381,200.611,36.79,29.08,27.12,3,0,61.362,0.9352,2,23.506,18.127,0.3679,0.55,10.696,0.7,siaga
0.0,0.0,0.0,78.96,36.62,9.09,8,1,24.292,2.3435,1,0.0,0.0,0.7896,0.55,28.913,0.25,waspada
0.545,1.367,6.189,54.85,31.06,2.74,4,0,67.764,1.7245,1,0.545,0.4558,0.5485,0.75,17.037,0.85,waspada
0.0,0.0,0.0,52.75,9.41,31.77,3,0,60.953,2.9997,0,0.0,0.0,0.5275,0.75,4.962,0.75,waspada
0.0,0.0,0.0,57.07,2.1,6.27,12,0,143.132,2.0686,2,0.0,0.0,0.5707,0.55,1.197,0.3,waspada
0.0,0.0,0.0,76.13,17.32,0.38,5,0,48.626,3.3099,2,0.0,0.0,0.7613,0.55,13.183,0.15,waspada
0.0,0.0,0.0,52.44,24.34,1.74,9,1,151.295,2.7688,1,0.0,0.0,0.5244,0.75,12.766,0.75,waspada
1.112,2.654,11.373,88.48,14.63,29.32,3,0,106.943,2.929,0,1.112,0.8847,0.8848,0.55,12.941,0.9,siaga
0.0,0.0,0.0,89.3,33.28,23.04,3,0,64.059,0.05,2,0.0,0.0,0.893,0.75,29.719,0.2,waspada
1.437,2.733,13.456,92.3,15.73,18.63,11,0,0.0,2.4391,1,1.437,0.9109,0.923,0.75,14.518,0.65,waspada
0.0,0.0,0.0,57.92,15.93,21.11,1,0,210.839,1.4058,0,0.0,0.0,0.5792,0.55,9.228,0.2,waspada
21.259,45.913,163.684,93.04,4.92,3.35,12,0,162.63,0.05,1,21.259,15.3042,0.9304,0.75,4.581,0.65,siaga
32.927,72.046,187.572,87.4,11.34,31.21,1,0,251.817,1.1034,2,32.927,24.0154,0.874,0.75,9.907,0.5,siaga
0.0,0.0,0.0,53.1,12.46,9.53,6,1,68.544,1.6948,1,0.0,0.0,0.531,0.75,6.617,0.65,waspada
9.369,15.862,41.079,82.98,18.79,33.94,12,0,96.536,0.2302,1,9.369,5.2873,0.8298,0.55,15.592,0.5,siaga
0.0,0.0,0.0,46.17,11.39,20.89,9,1,148.683,1.6758,1,0.0,0.0,0.4617,0.75,5.261,0.55,waspada
15.772,33.394,119.327,80.39,34.44,9.19,3,0,168.535,1.7058,2,15.772,11.1314,0.8039,0.75,27.684,0.3,siaga
0.0,0.0,0.0,87.57,23.5,8.99,12,0,259.337,3.0033,1,0.0,0.0,0.8757,0.75,20.577,0.75,waspada
6.885,20.421,90.213,39.84,36.95,26.19,5,0,191.493,1.6631,0,6.885,6.807,0.3984,0.75,14.724,0.85,waspada
1.272,2.085,10.132,84.97,18.0,14.95,10,0,199.359,2.3614,2,1.272,0.6951,0.8497,0.75,15.295,0.5,waspada
5.361,10.378,25.814,33.45,32.07,22.17,6,1,83.442,0.1993,2,5.361,3.4592,0.3345,0.55,10.728,0.8,waspada
0.0,0.0,0.0,52.73,15.73,8.72,8,1,56.301,1.2733,2,0.0,0.0,0.5273,0.85,8.295,0.6,waspada
0.0,0.0,0.0,53.7,28.89,23.2,3,0,89.17,1.4869,1,0.0,0.0,0.537,0.85,15.515,0.2,waspada
0.0,0.0,0.0,58.24,22.4,32.1,3,0,96.571,5.0216,3,0.0,0.0,0.5824,0.75,13.046,0.5,waspada
7.978,20.535,63.249,95.64,22.54,18.07,11,0,170.251,1.0551,1,7.978,6.845,0.9564,0.85,21.557,0.25,waspada
0.0,0.0,0.0,57.28,33.46,25.5,12,0,130.124,2.4196,1,0.0,0.0,0.5728,0.05,19.165,0.85,siaga
0.0,0.0,0.0,75.88,15.81,31.6,10,0,90.345,3.4238,0,0.0,0.0,0.7588,0.55,11.994,0.7,waspada
15.359,24.506,96.716,41.99,21.51,8.13,10,0,182.383,0.8541,0,15.359,8.1686,0.4199,0.75,9.032,0.6,waspada
16.704,33.54,101.26,50.95,28.93,27.56,11,0,87.841,2.1998,1,16.704,11.1802,0.5095,0.75,14.737,0.1,waspada
12.594,26.016,89.998,71.17,36.0,28.98,10,0,113.519,0.05,2,12.594,8.6719,0.7117,0.55,25.621,0.5,siaga
0.0,0.0,0.0,73.34,29.76,9.36,4,0,136.63,1.9495,1,0.0,0.0,0.7334,0.75,21.826,0.75,waspada
0.0,0.0,0.0,91.48,36.54,25.98,6,1,132.644,2.3246,2,0.0,0.0,0.9148,0.85,33.427,0.85,waspada
0.0,0.0,0.0,96.03,28.49,30.29,12,0,137.088,4.4784,2,0.0,0.0,0.9603,0.85,27.359,0.7,waspada
6.683,12.3,54.115,47.91,24.48,15.47,6,1,16.278,0.05,0,6.683,4.0999,0.4791,0.75,11.731,0.8,waspada
17.212,32.19,124.978,87.37,2.72,5.22,11,0,147.418,2.5733,0,17.212,10.73,0.8737,0.55,2.376,0.9,siaga
3.793,9.745,24.037,65.54,19.56,19.73,2,0,165.944,2.4489,1,3.793,3.2483,0.6554,0.35,12.816,0.15,waspada
0.0,0.0,0.0,77.0,32.59,33.9,4,0,127.865,0.8824,2,0.0,0.0,0.77,0.55,25.093,0.1,waspada
53.936,98.151,317.385,77.79,13.72,11.61,11,0,0.0,0.0644,1,53.936,32.7171,0.7779,0.75,10.677,0.9,awas
70.847,169.032,423.757,97.13,11.16,28.72,8,1,69.343,3.1713,1,70.847,56.3439,0.9713,0.75,10.844,0.8,awas
56.164,87.511,220.53,48.74,20.06,30.63,1,0,91.902,2.9362,3,56.164,29.1704,0.4874,0.35,9.777,0.65,siaga
0.0,0.0,0.0,40.17,31.89,8.31,10,0,113.151,0.45,1,0.0,0.0,0.4017,0.55,12.808,0.35,waspada
0.0,0.0,0.0,36.74,21.64,8.39,8,1,146.421,1.0684,2,0.0,0.0,0.3674,0.75,7.952,0.2,aman
2.733,4.572,17.362,77.55,28.95,23.47,1,0,123.91,2.6894,0,2.733,1.5241,0.7755,0.75,22.453,0.55,waspada
3.508,7.054,29.891,30.41,36.02,5.13,10,0,171.225,1.5909,2,3.508,2.3512,0.3041,0.55,10.953,0.45,waspada
0.0,0.0,0.0,67.44,10.6,31.92,4,0,112.567,0.9466,1,0.0,0.0,0.6744,0.55,7.151,0.15,waspada
52.968,88.465,195.917,53.6,35.68,18.88,5,0,63.985,3.912,2,52.968,29.4883,0.536,0.75,19.124,0.35,siaga
6.883,18.923,75.428,57.32,35.14,7.3,3,0,109.104,1.9946,2,6.883,6.3077,0.5732,0.75,20.144,0.45,waspada
109.489,183.047,427.913,63.52,15.02,30.07,11,0,98.891,3.2736,2,109.489,61.0157,0.6352,0.55,9.537,0.7,siaga
0.561,1.624,4.496,41.34,29.94,2.53,5,0,129.563,3.3253,1,0.561,0.5414,0.4134,0.75,12.38,0.75,waspada
0.0,0.0,0.0,34.33,27.71,15.57,6,1,118.021,0.371,1,0.0,0.0,0.3433,0.15,9.513,0.9,waspada
0.0,0.0,0.0,58.36,17.92,33.74,9,1,82.219,1.5028,1,0.0,0.0,0.5836,0.85,10.459,0.2,waspada
2.438,5.543,18.438,48.68,6.75,8.83,10,0,102.159,3.4498,2,2.438,1.8476,0.4868,0.55,3.288,0.55,waspada
0.0,0.0,0.0,45.38,30.55,19.7,11,0,35.386,2.5062,2,0.0,0.0,0.4538,0.75,13.862,0.6,waspada
1.58,2.703,8.777,68.3,18.94,28.64,6,1,130.933,0.1801,2,1.58,0.9008,0.683,0.55,12.938,0.45,waspada
0.0,0.0,0.0,60.74,27.86,21.11,6,1,140.538,1.7452,3,0.0,0.0,0.6074,0.35,16.922,0.2,waspada
2.37,6.162,17.997,54.55,34.91,8.82,1,0,124.776,3.7189,2,2.37,2.0541,0.5455,0.75,19.045,0.45,waspada
47.728,96.245,280.951,35.55,10.42,26.6,1,0,145.27,0.05,1,47.728,32.0817,0.3555,1.0,3.703,0.9,waspada
0.0,0.0,0.0,89.06,21.73,12.42,4,0,49.196,3.5203,1,0.0,0.0,0.8906,0.85,19.348,0.5,waspada
77.474,134.587,332.982,63.08,37.07,2.53,2,0,192.125,0.05,1,77.474,44.8623,0.6308,0.75,23.382,0.15,siaga
0.0,0.0,0.0,79.6,14.18,29.73,5,0,129.057,3.7423,1,0.0,0.0,0.796,0.55,11.289,0.7,waspada
0.0,0.0,0.0,52.79,13.57,6.26,10,0,140.562,0.7936,2,0.0,0.0,0.5279,0.75,7.164,0.75,waspada
0.0,0.0,0.0,77.72,2.6,19.01,10,0,57.989,0.7133,2,0.0,0.0,0.7772,0.75,2.019,0.5,waspada
13.504,27.408,66.52,45.57,13.06,8.25,5,0,52.496,1.323,2,13.504,9.1361,0.4557,0.75,5.95,0.65,waspada
0.0,0.0,0.0,33.77,9.2,9.44,8,1,163.913,3.7346,1,0.0,0.0,0.3377,0.55,3.108,0.5,waspada
93.266,151.643,340.162,94.68,33.56,23.06,12,0,94.871,2.8924,1,93.266,50.5477,0.9468,0.75,31.774,0.8,awas
2.065,5.761,19.06,37.08,3.46,27.2,3,0,197.967,1.6732,2,2.065,1.9205,0.3708,0.75,1.283,0.35,waspada
0.0,0.0,0.0,94.89,14.38,22.94,2,0,53.881,3.6742,2,0.0,0.0,0.9489,0.35,13.64,0.3,siaga
0.0,0.0,0.0,83.35,35.06,6.47,11,0,107.585,4.1337,1,0.0,0.0,0.8335,0.35,29.221,0.15,waspada
0.0,0.0,0.0,48.18,30.4,1.24,11,0,121.544,1.6172,0,0.0,0.0,0.4818,0.75,14.649,0.25,waspada
0.0,0.0,0.0,31.61,31.71,14.67,5,0,215.674,2.1273,1,0.0,0.0,0.3161,0.55,10.024,0.8,waspada
0.0,0.0,0.0,47.52,5.69,17.69,3,0,0.0,2.4678,2,0.0,0.0,0.4752,0.75,2.702,0.3,waspada
0.0,0.0,0.0,68.61,20.44,5.52,2,0,190.15,3.1113,2,0.0,0.0,0.6861,0.55,14.026,0.85,waspada
15.432,28.076,73.17,33.56,29.78,21.75,4,0,108.344,2.7321,1,15.432,9.3585,0.3356,0.75,9.994,0.5,waspada
0.0,0.0,0.0,50.26,34.81,25.63,12,0,152.934,3.088,2,0.0,0.0,0.5026,0.75,17.495,0.75,waspada
0.0,0.0,0.0,90.36,22.62,15.57,4,0,50.52,0.05,1,0.0,0.0,0.9036,0.55,20.438,0.55,siaga
21.176,49.122,119.74,58.18,17.03,29.62,1,0,139.532,1.3441,0,21.176,16.374,0.5818,0.55,9.906,0.7,siaga
0.0,0.0,0.0,96.44,6.46,33.87,2,0,80.656,2.9296,1,0.0,0.0,0.9644,0.55,6.232,0.2,waspada
0.0,0.0,0.0,30.56,15.51,22.29,11,0,146.732,2.3585,0,0.0,0.0,0.3056,0.75,4.74,0.15,aman
0.598,1.769,7.299,88.73,34.92,32.07,1,0,196.293,0.05,1,0.598,0.5896,0.8873,0.85,30.98,0.1,waspada
0.0,0.0,0.0,90.92,30.68,19.86,12,0,49.788,3.2032,2,0.0,0.0,0.9092,0.55,27.894,0.55,waspada
10.883,22.598,83.532,90.19,28.08,6.9,5,0,141.977,0.8852,2,10.883,7.5327,0.9019,0.75,25.325,0.4,waspada
0.0,0.0,0.0,31.0,29.94,21.9,5,0,165.381,0.05,3,0.0,0.0,0.31,0.75,9.283,0.75,waspada
0.0,0.0,0.0,78.01,19.18,6.43,8,1,154.402,0.1119,1,0.0,0.0,0.7801,0.35,14.964,0.8,siaga
0.0,0.0,0.0,76.31,15.77,28.17,4,0,132.408,2.3642,2,0.0,0.0,0.7631,0.35,12.037,0.3,waspada
5.09,11.467,49.311,87.43,12.22,23.86,1,0,102.411,3.0418,1,5.09,3.8224,0.8743,0.55,10.688,0.55,siaga
0.0,0.0,0.0,57.89,14.03,17.26,6,1,81.988,3.7847,2,0.0,0.0,0.5789,0.55,8.121,0.3,waspada
20.087,45.517,112.104,57.64,28.17,27.97,8,1,41.938,3.9603,2,20.087,15.1724,0.5764,0.55,16.237,0.8,siaga
0.0,0.0,0.0,75.49,29.45,18.82,6,1,82.923,2.7203,2,0.0,0.0,0.7549,1.0,22.234,0.3,waspada
3.43,6.728,17.136,66.25,11.06,33.13,8,1,171.592,1.5422,0,3.43,2.2428,0.6625,0.55,7.328,0.4,waspada
0.0,0.0,0.0,39.17,34.75,5.12,6,1,68.202,0.209,0,0.0,0.0,0.3917,0.75,13.61,0.2,waspada
2.118,4.232,15.496,75.72,3.1,24.39,8,1,173.947,0.23,0,2.118,1.4108,0.7572,0.55,2.345,0.3,waspada
9.213,19.074,41.506,49.19,4.72,26.61,3,0,171.0,1.179,1,9.213,6.3579,0.4919,1.0,2.321,0.4,waspada
19.835,49.007,133.561,68.78,30.24,19.12,5,0,176.645,0.05,1,19.835,16.3357,0.6878,0.55,20.801,0.65,siaga
0.0,0.0,0.0,32.81,14.16,10.49,8,1,61.512,0.05,1,0.0,0.0,0.3281,0.35,4.647,0.25,waspada
6.239,12.494,53.266,59.03,23.55,32.7,2,0,164.073,2.3145,0,6.239,4.1646,0.5903,0.75,13.901,0.4,waspada
78.516,192.063,511.203,45.23,22.63,20.48,12,0,175.359,1.3599,3,78.516,64.0211,0.4523,0.35,10.238,0.65,siaga
0.0,0.0,0.0,58.78,13.05,23.72,6,1,148.885,3.6295,1,0.0,0.0,0.5878,0.75,7.671,0.3,waspada
6.698,15.412,31.64,75.31,29.22,24.72,10,0,103.616,2.0279,1,6.698,5.1373,0.7531,0.75,22.005,0.15,waspada
16.015,27.874,58.212,75.04,4.11,23.85,12,0,147.533,3.2041,3,16.015,9.2915,0.7504,0.75,3.083,0.35,waspada
4.22,7.055,19.687,90.57,3.73,25.98,2,0,174.149,0.05,2,4.22,2.3517,0.9057,0.75,3.38,0.4,waspada
2.717,6.412,30.602,91.35,25.25,31.19,5,0,118.372,4.1129,2,2.717,2.1373,0.9135,0.55,23.066,0.35,waspada
0.0,0.0,0.0,72.02,3.22,13.23,11,0,45.477,0.3894,0,0.0,0.0,0.7202,0.75,2.316,0.35,waspada
3.065,4.822,22.134,40.74,13.98,7.69,2,0,76.222,0.3865,1,3.065,1.6074,0.4074,0.55,5.696,0.3,waspada
0.0,0.0,0.0,67.05,17.26,11.68,12,0,159.245,0.1968,2,0.0,0.0,0.6705,0.75,11.576,0.25,waspada
0.0,0.0,0.0,53.69,26.01,17.87,12,0,47.039,2.3826,2,0.0,0.0,0.5369,0.55,13.966,0.35,waspada
0.0,0.0,0.0,52.27,16.11,7.02,12,0,140.118,0.05,1,0.0,0.0,0.5227,0.75,8.421,0.85,waspada
0.0,0.0,0.0,63.87,11.04,15.02,4,0,45.799,2.9234,1,0.0,0.0,0.6387,0.75,7.054,0.3,waspada
0.0,0.0,0.0,90.24,8.86,19.1,2,0,82.887,1.878,3,0.0,0.0,0.9024,1.0,7.995,0.6,waspada
22.781,42.841,99.453,88.86,31.04,13.42,4,0,93.956,2.9772,2,22.781,14.2802,0.8886,0.75,27.578,0.5,siaga
75.577,134.109,459.31,93.61,32.84,24.03,8,1,171.275,2.5723,2,75.577,44.7028,0.9361,0.35,30.744,0.9,awas
0.0,0.0,0.0,73.96,3.35,17.01,8,1,156.696,1.8849,1,0.0,0.0,0.7396,0.75,2.476,0.25,waspada
0.0,0.0,0.0,49.81,19.7,22.72,3,0,177.287,2.0233,1,0.0,0.0,0.4981,0.85,9.811,0.15,aman
6.296,11.586,46.69,91.95,21.19,18.04,2,0,67.965,1.7674,1,6.296,3.8619,0.9195,0.85,19.481,0.35,waspada
0.0,0.0,0.0,72.27,25.5,17.83,9,1,138.688,1.8884,1,0.0,0.0,0.7227,0.85,18.431,0.7,waspada
6.51,18.19,74.317,63.56,18.42,31.37,10,0,71.518,2.7374,1,6.51,6.0634,0.6356,0.75,11.709,0.6,waspada
59.142,143.674,323.223,36.93,10.97,25.56,5,0,0.0,0.7839,1,59.142,47.8915,0.3693,1.0,4.05,0.2,siaga
0.0,0.0,0.0,82.02,15.97,18.72,1,0,102.079,0.443,2,0.0,0.0,0.8202,0.55,13.102,0.85,siaga
23.625,58.699,197.977,42.8,28.04,6.58,10,0,130.371,1.7981,1,23.625,19.5662,0.428,0.75,12.002,0.5,waspada
64.925,121.216,254.84,30.52,22.48,18.51,3,0,87.767,1.0606,0,64.925,40.4053,0.3052,0.75,6.861,0.5,siaga
0.0,0.0,0.0,35.72,2.2,28.1,3,0,122.863,2.1327,2,0.0,0.0,0.3572,0.35,0.786,0.3,waspada
0.0,0.0,0.0,78.87,5.4,31.63,10,0,129.78,1.6753,2,0.0,0.0,0.7887,0.75,4.257,0.1,waspada
11.578,17.664,44.099,57.92,22.45,25.99,10,0,124.96,1.8751,1,11.578,5.8879,0.5792,0.75,13.002,0.35,waspada
19.271,42.0,100.004,50.27,18.2,10.48,6,1,137.103,0.3975,1,19.271,14.0001,0.5027,0.75,9.15,0.85,siaga
23.805,50.806,152.216,68.46,28.55,33.8,1,0,4.8,3.9724,2,23.805,16.9354,0.6846,0.75,19.542,0.5,siaga
0.0,0.0,0.0,60.69,26.33,33.6,12,0,147.247,1.4994,2,0.0,0.0,0.6069,0.85,15.981,0.65,waspada
0.0,0.0,0.0,52.28,35.52,11.23,1,0,137.81,2.0793,0,0.0,0.0,0.5228,0.55,18.569,0.5,waspada
21.484,38.984,123.304,37.95,22.66,3.08,2,0,204.341,0.05,1,21.484,12.9947,0.3795,0.75,8.601,0.3,waspada
0.0,0.0,0.0,61.88,27.86,26.6,5,0,185.582,1.8346,1,0.0,0.0,0.6188,0.75,17.239,0.3,waspada
142.925,185.789,404.361,71.64,24.9,29.17,11,0,141.925,0.9243,2,142.925,61.9297,0.7164,0.55,17.84,0.4,siaga
6.123,14.849,64.392,55.28,31.49,1.75,4,0,173.478,1.7129,0,6.123,4.9498,0.5528,0.55,17.408,0.3,waspada
128.195,181.093,335.167,60.85,15.13,21.03,3,0,79.834,2.0048,1,128.195,60.3644,0.6085,0.55,9.209,0.8,siaga
0.0,0.0,0.0,69.08,2.62,34.86,3,0,95.325,1.2931,3,0.0,0.0,0.6908,0.75,1.81,0.8,waspada
0.0,0.0,0.0,36.88,7.32,7.99,9,1,94.313,0.05,1,0.0,0.0,0.3688,1.0,2.699,0.3,aman
17.346,40.126,124.369,79.02,20.88,17.71,9,1,155.1,1.5235,1,17.346,13.3754,0.7902,0.75,16.499,0.35,siaga
24.116,47.521,112.901,62.47,14.44,0.72,11,0,186.081,1.8676,2,24.116,15.8404,0.6247,0.85,9.02,0.55,waspada
0.0,0.0,0.0,69.18,37.63,34.14,1,0,78.743,3.3951,1,0.0,0.0,0.6918,0.55,26.034,0.1,waspada
5.037,8.268,27.667,83.29,4.96,28.2,9,1,127.707,1.5618,1,5.037,2.7559,0.8329,0.75,4.128,0.35,waspada
7.749,15.052,47.25,95.21,20.02,24.68,5,0,166.67,0.05,1,7.749,5.0173,0.9521,1.0,19.063,0.55,waspada
13.392,22.72,84.781,48.71,32.82,26.64,7,1,164.012,0.9054,2,13.392,7.5734,0.4871,0.75,15.988,0.55,waspada
0.0,0.0,0.0,48.8,20.08,32.52,10,0,141.365,2.1393,1,0.0,0.0,0.488,0.75,9.8,0.25,waspada
35.531,83.655,216.684,88.91,21.03,8.96,4,0,168.889,2.3024,1,35.531,27.885,0.8891,0.55,18.701,0.15,siaga
4.51,11.793,42.76,81.1,6.93,11.44,10,0,178.384,3.382,1,4.51,3.9311,0.811,0.55,5.621,0.55,waspada
34.776,53.124,136.305,51.93,4.28,17.93,5,0,99.518,2.2503,2,34.776,17.708,0.5193,0.75,2.221,0.5,siaga
9.62,14.923,34.308,56.99,29.95,29.1,7,1,30.909,2.9569,0,9.62,4.9744,0.5699,0.35,17.071,0.8,siaga
78.617,182.82,449.498,36.39,13.81,5.19,6,1,107.31,2.0537,2,78.617,60.9399,0.3639,0.75,5.027,0.8,siaga
17.994,42.803,113.444,57.8,32.81,11.0,12,0,111.994,5.7696,3,17.994,14.2676,0.578,0.55,18.965,0.65,siaga
0.0,0.0,0.0,39.88,21.2,26.38,5,0,70.108,2.5393,1,0.0,0.0,0.3988,0.85,8.455,0.1,aman
0.0,0.0,0.0,75.14,15.68,13.58,7,1,136.957,1.579,1,0.0,0.0,0.7514,0.55,11.783,0.5,waspada
0.0,0.0,0.0,75.54,19.78,3.14,2,0,92.912,0.05,3,0.0,0.0,0.7554,1.0,14.945,0.65,waspada
0.0,0.0,0.0,55.91,7.8,8.14,4,0,64.539,2.1366,1,0.0,0.0,0.5591,1.0,4.36,0.85,waspada
3.358,7.009,14.07,53.45,22.27,29.2,10,0,146.658,0.1852,1,3.358,2.3364,0.5345,0.55,11.902,0.1,waspada
24.539,48.937,115.238,69.85,2.54,13.18,1,0,131.15,0.05,3,24.539,16.3123,0.6985,0.55,1.772,0.5,siaga
0.755,2.027,9.997,42.64,28.7,1.37,3,0,173.615,2.7457,2,0.755,0.6757,0.4264,0.75,12.237,0.85,waspada
14.473,33.133,87.841,45.21,31.62,23.27,2,0,142.524,2.8846,0,14.473,11.0442,0.4521,0.75,14.295,0.5,waspada
4.013,7.665,27.499,37.76,26.52,13.63,4,0,216.376,0.05,0,4.013,2.555,0.3776,0.55,10.014,0.2,waspada
0.0,0.0,0.0,71.89,11.07,12.1,5,0,143.586,2.1456,3,0.0,0.0,0.7189,0.85,7.957,0.9,waspada
4.347,11.134,52.755,83.34,12.73,11.47,12,0,237.3,2.1336,2,4.347,3.7114,0.8334,0.35,10.611,0.2,siaga
0.0,0.0,0.0,82.13,27.18,5.64,10,0,83.761,4.2641,1,0.0,0.0,0.8213,0.55,22.324,0.8,waspada
0.0,0.0,0.0,34.13,30.34,2.91,2,0,0.0,1.7381,0,0.0,0.0,0.3413,0.55,10.356,0.4,waspada
0.0,0.0,0.0,72.71,4.3,34.35,6,1,1.29,2.9832,1,0.0,0.0,0.7271,1.0,3.128,0.8,waspada
0.0,0.0,0.0,75.08,23.02,7.61,5,0,182.898,3.0826,2,0.0,0.0,0.7508,0.35,17.282,0.45,waspada
0.0,0.0,0.0,31.53,23.81,0.12,8,1,43.96,0.9128,2,0.0,0.0,0.3153,0.55,7.509,0.1,waspada
136.178,265.625,590.139,72.23,5.5,19.16,1,0,202.819,0.2767,1,136.178,88.5417,0.7223,0.15,3.97,0.35,awas
3.497,8.862,31.972,56.67,22.35,23.2,2,0,175.001,1.4776,2,3.497,2.9539,0.5667,0.35,12.669,0.7,waspada
0.0,0.0,0.0,38.62,11.24,27.01,1,0,136.506,1.8599,2,0.0,0.0,0.3862,0.35,4.343,0.9,waspada
0.0,0.0,0.0,62.45,29.9,14.69,7,1,113.096,1.9917,2,0.0,0.0,0.6245,0.75,18.673,0.15,waspada
3.639,7.627,16.688,81.41,21.6,10.87,4,0,30.88,1.1571,2,3.639,2.5423,0.8141,0.15,17.584,0.6,siaga
0.0,0.0,0.0,33.89,36.51,26.09,8,1,137.733,2.5198,1,0.0,0.0,0.3389,0.85,12.371,0.5,aman
5.564,9.312,39.818,56.82,4.24,24.66,7,1,54.107,0.2824,2,5.564,3.1041,0.5682,0.75,2.41,0.35,waspada
0.0,0.0,0.0,55.08,32.86,18.01,7,1,99.067,3.2854,0,0.0,0.0,0.5508,0.75,18.099,0.45,waspada
46.94,81.802,227.974,45.28,14.15,14.09,10,0,184.482,2.589,3,46.94,27.2674,0.4528,0.85,6.408,0.1,siaga
0.0,0.0,0.0,44.14,27.86,28.18,8,1,133.888,3.2577,0,0.0,0.0,0.4414,0.75,12.297,0.45,aman
0.0,0.0,0.0,89.76,22.33,22.66,1,0,144.121,1.2828,2,0.0,0.0,0.8976,1.0,20.046,0.75,waspada
4.865,12.73,50.801,37.9,7.94,18.01,9,1,58.772,5.3647,2,4.865,4.2432,0.379,0.55,3.01,0.55,waspada
18.135,29.514,92.315,39.53,35.99,34.11,4,0,53.74,0.8735,2,18.135,9.8381,0.3953,0.75,14.229,0.65,waspada
0.0,0.0,0.0,78.61,21.51,7.25,1,0,147.193,2.3964,1,0.0,0.0,0.7861,0.55,16.909,0.5,waspada
0.0,0.0,0.0,62.1,10.99,13.85,4,0,157.83,1.169,1,0.0,0.0,0.621,0.75,6.824,0.75,waspada
19.056,47.376,146.78,70.27,37.69,9.08,12,0,146.126,2.4805,1,19.056,15.7919,0.7027,0.55,26.488,0.55,siaga
32.772,53.021,142.448,57.17,3.05,4.42,6,1,87.867,0.6815,2,32.772,17.6736,0.5717,0.05,1.742,0.85,awas
0.929,1.468,3.203,61.88,3.23,15.38,1,0,215.993,0.6143,3,0.929,0.4892,0.6188,0.55,1.999,0.65,waspada
0.0,0.0,0.0,56.49,8.81,8.26,1,0,38.826,2.0638,1,0.0,0.0,0.5649,0.35,4.977,0.8,siaga
13.404,24.561,82.319,69.87,37.38,31.61,11,0,141.146,4.9227,3,13.404,8.1869,0.6987,0.75,26.115,0.65,waspada
7.499,13.386,41.17,40.08,2.99,33.88,5,0,112.046,1.4521,0,7.499,4.462,0.4008,0.85,1.197,0.75,waspada
0.0,0.0,0.0,65.58,33.78,5.95,4,0,17.772,0.6028,3,0.0,0.0,0.6558,1.0,22.153,0.35,waspada
16.862,31.136,100.522,74.83,6.25,5.81,5,0,82.791,0.9501,1,16.862,10.3787,0.7483,0.75,4.678,0.85,siaga
0.0,0.0,0.0,43.93,14.83,0.28,9,1,162.21,3.0746,1,0.0,0.0,0.4393,0.85,6.515,0.3,waspada
0.0,0.0,0.0,84.17,22.33,14.76,12,0,67.914,2.2096,1,0.0,0.0,0.8417,0.75,18.798,0.6,waspada
0.0,0.0,0.0,79.5,30.61,28.9,1,0,73.98,0.05,0,0.0,0.0,0.795,0.55,24.33,0.45,waspada
2.535,6.117,27.613,68.22,8.65,12.11,6,1,162.393,2.4058,2,2.535,2.039,0.6822,0.75,5.902,0.15,waspada
0.0,0.0,0.0,67.97,28.89,13.61,4,0,242.576,0.3599,2,0.0,0.0,0.6797,0.75,19.633,0.7,waspada
136.229,229.159,541.807,77.93,9.71,31.2,4,0,86.079,0.05,2,136.229,76.3864,0.7793,0.75,7.567,0.45,siaga
70.427,130.217,403.773,54.92,14.29,20.94,6,1,129.985,2.8028,2,70.427,43.4058,0.5492,0.75,7.85,0.6,siaga
0.0,0.0,0.0,79.05,34.13,16.27,3,0,77.919,2.8226,1,0.0,0.0,0.7905,0.55,26.979,0.6,waspada
19.814,34.529,91.42,74.37,13.14,11.56,5,0,98.976,1.7242,2,19.814,11.5096,0.7437,0.75,9.769,0.7,siaga
7.087,20.313,69.355,59.37,12.42,6.74,4,0,142.837,3.8296,1,7.087,6.7711,0.5937,0.55,7.376,0.6,waspada
2.331,4.921,19.114,75.66,9.39,34.75,3,0,111.017,1.6451,0,2.331,1.6405,0.7566,0.75,7.104,0.9,waspada
13.602,20.51,75.89,90.66,36.73,8.99,5,0,49.5,2.3327,2,13.602,6.8365,0.9066,0.75,33.303,0.45,waspada
24.582,41.596,87.312,69.14,30.39,12.8,12,0,157.977,1.5189,0,24.582,13.8652,0.6914,0.75,21.008,0.55,siaga
1.994,5.655,18.136,84.6,11.55,33.76,12,0,105.048,0.05,2,1.994,1.8851,0.846,0.75,9.774,0.45,waspada
0.0,0.0,0.0,48.46,23.01,19.5,12,0,76.731,0.1925,2,0.0,0.0,0.4846,0.55,11.148,0.5,waspada
72.49,124.093,311.92,53.9,31.72,31.59,3,0,244.615,1.8831,0,72.49,41.3645,0.539,1.0,17.095,0.25,waspada
5.832,15.843,59.438,50.2,15.13,20.51,9,1,180.721,4.5246,1,5.832,5.2811,0.502,0.55,7.593,0.3,waspada
0.0,0.0,0.0,45.22,23.35,20.86,8,1,91.756,1.5735,1,0.0,0.0,0.4522,0.35,10.559,0.2,waspada
0.0,0.0,0.0,77.11,14.68,9.36,2,0,0.997,2.8141,1,0.0,0.0,0.7711,0.85,11.318,0.7,waspada
0.0,0.0,0.0,55.57,28.3,22.79,8,1,268.618,1.561,2,0.0,0.0,0.5557,0.55,15.727,0.25,waspada
128.304,188.996,381.167,64.11,19.54,27.28,7,1,93.704,1.0369,1,128.304,62.9986,0.6411,0.35,12.525,0.55,awas
0.0,0.0,0.0,51.5,18.3,34.71,5,0,105.753,5.0763,3,0.0,0.0,0.515,0.75,9.424,0.45,waspada
0.0,0.0,0.0,38.76,3.3,18.92,8,1,89.449,1.3265,3,0.0,0.0,0.3876,0.55,1.278,0.9,waspada
57.857,140.156,467.489,51.18,9.23,9.83,12,0,112.379,0.4213,2,57.857,46.7185,0.5118,0.55,4.722,0.85,siaga
0.0,0.0,0.0,45.48,29.81,25.88,3,0,176.081,0.4612,1,0.0,0.0,0.4548,0.05,13.556,0.2,waspada
0.0,0.0,0.0,51.35,15.4,10.34,2,0,82.259,1.2672,2,0.0,0.0,0.5135,0.55,7.907,0.6,waspada
0.0,0.0,0.0,43.41,20.78,9.49,3,0,163.862,4.9879,1,0.0,0.0,0.4341,0.55,9.02,0.3,waspada
16.626,35.655,75.321,51.01,6.24,3.67,2,0,193.305,1.2263,0,16.626,11.8849,0.5101,0.55,3.183,0.25,waspada
35.447,61.602,213.967,33.06,17.52,16.12,11,0,109.628,4.4202,1,35.447,20.5342,0.3306,1.0,5.794,0.25,waspada
19.029,35.37,112.616,31.77,14.63,4.76,9,1,158.496,3.0111,1,19.029,11.7901,0.3177,0.35,4.649,0.75,waspada
0.0,0.0,0.0,78.11,10.04,19.66,7,1,131.567,4.5151,2,0.0,0.0,0.7811,1.0,7.842,0.75,waspada
17.828,39.495,129.305,61.2,8.79,10.29,12,0,98.821,0.8221,0,17.828,13.1651,0.612,0.75,5.376,0.65,siaga
113.813,191.28,342.443,71.11,25.14,31.09,6,1,177.858,0.05,2,113.813,63.7602,0.7111,0.55,17.874,0.45,awas
0.0,0.0,0.0,55.62,23.84,17.78,2,0,33.073,2.7564,2,0.0,0.0,0.5562,0.55,13.261,0.7,waspada
19.456,42.226,134.507,52.87,12.55,6.22,1,0,167.106,3.2875,1,19.456,14.0753,0.5287,0.55,6.637,0.2,waspada
0.0,0.0,0.0,32.81,5.02,25.0,3,0,160.425,4.8646,1,0.0,0.0,0.3281,0.75,1.648,0.8,waspada
4.245,8.32,25.341,82.3,13.89,8.68,12,0,126.77,2.971,2,4.245,2.7733,0.823,0.75,11.431,0.7,waspada
0.0,0.0,0.0,74.05,5.24,7.39,12,0,20.882,2.001,0,0.0,0.0,0.7405,0.75,3.877,0.9,waspada
11.175,27.517,109.611,53.41,35.36,30.92,1,0,19.256,1.3536,1,11.175,9.1724,0.5341,0.55,18.885,0.4,siaga
21.907,48.313,152.344,84.5,27.8,33.94,3,0,179.141,3.6105,0,21.907,16.1042,0.845,0.35,23.493,0.8,siaga
1.66,3.721,13.536,97.32,18.64,7.4,6,1,205.836,3.0689,2,1.66,1.2403,0.9732,0.75,18.145,0.5,waspada
18.69,41.636,154.246,77.49,24.37,26.58,2,0,156.942,2.3142,2,18.69,13.8786,0.7749,0.55,18.886,0.55,siaga
0.0,0.0,0.0,83.09,7.39,1.73,4,0,134.302,2.6279,2,0.0,0.0,0.8309,0.55,6.138,0.65,waspada
8.646,15.487,39.746,95.84,22.17,17.24,12,0,104.946,3.6543,0,8.646,5.1623,0.9584,0.75,21.248,0.75,waspada
0.511,1.284,4.584,75.49,35.27,4.33,3,0,109.409,1.9441,2,0.511,0.4279,0.7549,0.75,26.63,0.9,waspada
7.618,18.352,54.361,68.81,18.91,16.32,7,1,55.068,0.9493,0,7.618,6.1172,0.6881,0.35,13.012,0.25,siaga
0.0,0.0,0.0,97.98,18.91,5.88,12,0,225.447,0.4387,2,0.0,0.0,0.9798,1.0,18.524,0.1,waspada
2.487,6.95,25.498,69.43,12.73,29.81,10,0,115.507,2.9931,1,2.487,2.3168,0.6943,0.55,8.836,0.3,waspada
0.0,0.0,0.0,41.09,16.77,1.39,12,0,90.221,5.0569,1,0.0,0.0,0.4109,0.35,6.891,0.1,waspada
40.529,93.875,199.359,32.58,26.65,22.53,3,0,80.166,1.694,1,40.529,31.2915,0.3258,0.35,8.684,0.85,siaga
5.423,15.365,68.229,49.82,31.63,7.82,4,0,114.885,3.3636,1,5.423,5.1217,0.4982,0.55,15.758,0.3,waspada
5.475,16.039,78.071,33.41,19.06,12.46,8,1,109.328,3.7985,1,5.475,5.3462,0.3341,0.75,6.369,0.5,waspada
0.0,0.0,0.0,89.09,18.1,23.19,9,1,85.415,0.05,2,0.0,0.0,0.8909,0.55,16.127,0.8,siaga
0.0,0.0,0.0,57.8,37.14,6.25,12,0,77.912,0.05,2,0.0,0.0,0.578,0.55,21.468,0.85,waspada
0.0,0.0,0.0,79.25,33.53,14.61,8,1,111.836,3.126,2,0.0,0.0,0.7925,0.85,26.57,0.8,waspada
9.5,19.095,61.806,49.39,19.87,15.89,5,0,130.374,2.178,0,9.5,6.3652,0.4939,0.55,9.813,0.1,waspada
0.0,0.0,0.0,71.75,32.22,29.51,11,0,62.384,2.2361,2,0.0,0.0,0.7175,0.35,23.116,0.85,siaga
48.768,103.31,339.673,64.68,28.57,14.11,6,1,84.127,3.4883,1,48.768,34.4367,0.6468,0.55,18.48,0.4,siaga
0.0,0.0,0.0,80.4,4.17,24.84,1,0,134.083,2.5202,1,0.0,0.0,0.804,0.55,3.354,0.7,waspada
18.509,42.037,118.836,40.33,21.51,10.79,11,0,156.164,0.614,1,18.509,14.0122,0.4033,0.55,8.674,0.8,waspada
21.323,47.337,96.556,71.74,19.21,14.6,9,1,133.703,0.05,0,21.323,15.7789,0.7174,0.55,13.78,0.5,siaga
0.0,0.0,0.0,63.82,37.57,4.35,11,0,170.536,2.8161,1,0.0,0.0,0.6382,0.35,23.981,0.5,waspada
24.231,55.983,164.322,95.67,4.28,18.98,3,0,73.663,0.7672,1,24.231,18.661,0.9567,0.55,4.098,0.1,siaga
0.0,0.0,0.0,78.16,14.93,8.74,11,0,128.8,2.4542,0,0.0,0.0,0.7816,0.55,11.668,0.55,waspada
21.855,50.199,167.724,80.21,10.15,13.26,1,0,137.599,1.3158,2,21.855,16.7329,0.8021,0.75,8.144,0.65,siaga
0.0,0.0,0.0,73.8,26.19,20.19,11,0,187.246,3.2743,0,0.0,0.0,0.738,0.15,19.327,0.1,siaga
0.0,0.0,0.0,83.42,32.74,28.46,4,0,181.42,1.1553,2,0.0,0.0,0.8342,0.75,27.312,0.45,waspada
5.381,14.962,40.361,40.51,18.18,14.88,9,1,159.848,0.05,1,5.381,4.9875,0.4051,0.75,7.366,0.35,waspada
0.0,0.0,0.0,92.03,2.07,27.6,11,0,92.182,3.7591,3,0.0,0.0,0.9203,0.75,1.908,0.1,waspada
7.58,21.907,97.574,85.33,9.96,26.01,7,1,105.2,3.4621,1,7.58,7.3024,0.8533,0.55,8.499,0.1,siaga
0.0,0.0,0.0,87.93,9.19,0.46,3,0,109.123,3.6584,2,0.0,0.0,0.8793,0.15,8.082,0.1,siaga
0.0,0.0,0.0,53.12,24.78,30.06,10,0,45.997,0.05,1,0.0,0.0,0.5312,0.35,13.165,0.35,waspada
0.0,0.0,0.0,53.21,4.83,17.51,3,0,126.086,2.7948,3,0.0,0.0,0.5321,0.75,2.57,0.4,waspada
0.0,0.0,0.0,50.89,7.56,5.1,1,0,148.199,2.6848,2,0.0,0.0,0.5089,0.75,3.849,0.6,waspada
1.77,4.746,12.292,60.54,9.15,25.53,9,1,91.182,2.244,2,1.77,1.5821,0.6054,0.35,5.539,0.4,waspada
9.172,16.683,64.25,41.08,17.69,16.54,5,0,0.0,1.0664,3,9.172,5.5612,0.4108,0.15,7.266,0.65,siaga
0.0,0.0,0.0,42.72,11.25,2.19,4,0,165.404,0.05,1,0.0,0.0,0.4272,0.55,4.807,0.9,waspada
0.0,0.0,0.0,95.59,3.15,32.99,4,0,113.816,1.5661,1,0.0,0.0,0.9559,0.55,3.016,0.75,waspada
7.59,14.725,58.138,37.7,21.68,15.65,2,0,62.524,1.5362,3,7.59,4.9083,0.377,0.75,8.173,0.35,waspada
24.419,43.34,140.396,72.02,4.04,11.04,10,0,220.525,1.4462,1,24.419,14.4466,0.7202,0.85,2.907,0.2,waspada
139.788,252.387,613.127,51.82,2.04,23.44,5,0,114.021,0.05,1,139.788,84.1289,0.5182,0.55,1.055,0.45,siaga
16.901,39.359,89.946,32.59,29.69,28.81,7,1,108.916,3.1175,3,16.901,13.1196,0.3259,1.0,9.675,0.4,waspada
9.968,24.736,93.043,83.29,21.81,21.27,9,1,107.576,2.2073,1,9.968,8.2453,0.8329,0.55,18.163,0.2,siaga
17.15,27.671,91.487,95.81,35.59,17.27,5,0,17.579,3.6338,0,17.15,9.2236,0.9581,0.85,34.101,0.15,siaga
9.1,20.336,56.346,76.26,31.89,10.32,6,1,108.781,0.05,1,9.1,6.7786,0.7626,0.55,24.318,0.65,siaga
1.479,4.028,17.846,77.0,11.08,25.74,8,1,132.084,2.374,1,1.479,1.3426,0.77,0.05,8.528,0.15,siaga
0.0,0.0,0.0,37.49,23.75,29.67,2,0,115.276,1.8657,1,0.0,0.0,0.3749,0.55,8.906,0.45,waspada
19.68,34.79,81.614,55.71,23.86,27.94,1,0,191.169,2.5408,2,19.68,11.5967,0.5571,0.75,13.291,0.85,waspada
0.0,0.0,0.0,89.31,20.15,5.98,6,1,149.849,0.8759,1,0.0,0.0,0.8931,0.75,17.998,0.45,waspada
3.702,7.282,21.395,42.93,2.03,3.05,12,0,180.286,0.05,2,3.702,2.4274,0.4293,0.55,0.87,0.5,waspada
0.0,0.0,0.0,84.43,23.87,29.55,9,1,49.812,0.3997,1,0.0,0.0,0.8443,0.75,20.154,0.9,waspada
47.909,96.689,338.062,40.34,35.49,17.13,12,0,123.947,2.379,0,47.909,32.2295,0.4034,0.55,14.316,0.55,siaga
0.0,0.0,0.0,34.27,30.51,28.59,12,0,71.44,1.3405,1,0.0,0.0,0.3427,0.75,10.458,0.5,waspada
0.0,0.0,0.0,53.28,26.35,32.69,12,0,152.788,2.6803,1,0.0,0.0,0.5328,0.75,14.04,0.45,waspada
0.0,0.0,0.0,37.27,10.02,22.77,7,1,50.838,0.6152,0,0.0,0.0,0.3727,0.75,3.734,0.25,waspada
0.0,0.0,0.0,66.94,29.54,10.19,8,1,66.258,1.9045,2,0.0,0.0,0.6694,0.75,19.776,0.2,waspada
6.598,18.898,88.808,73.49,19.08,3.99,5,0,38.553,4.3167,0,6.598,6.2994,0.7349,1.0,14.02,0.1,waspada
5.284,9.039,18.551,33.15,12.29,19.03,1,0,141.302,0.9385,0,5.284,3.0131,0.3315,0.15,4.074,0.2,waspada
6.777,18.954,47.534,55.57,15.02,32.54,10,0,153.474,2.5649,1,6.777,6.3179,0.5557,0.05,8.349,0.45,siaga
5.552,14.934,56.275,74.51,25.84,25.07,11,0,140.61,1.1384,3,5.552,4.9781,0.7451,0.75,19.252,0.8,waspada
0.0,0.0,0.0,84.6,15.25,16.95,1,0,124.089,5.7525,3,0.0,0.0,0.846,1.0,12.898,0.3,waspada
0.0,0.0,0.0,76.43,2.06,0.93,1,0,116.598,1.1564,1,0.0,0.0,0.7643,0.55,1.575,0.65,waspada
0.0,0.0,0.0,32.97,37.31,28.48,2,0,7.786,1.6684,2,0.0,0.0,0.3297,0.75,12.302,0.7,waspada
7.911,16.493,52.059,86.28,21.92,19.19,2,0,126.196,0.05,2,7.911,5.4977,0.8628,1.0,18.912,0.25,waspada
1.331,2.107,6.2,32.86,17.8,14.4,3,0,134.775,2.3555,0,1.331,0.7022,0.3286,0.85,5.848,0.8,aman
0.0,0.0,0.0,65.47,35.54,31.58,11,0,67.173,1.9719,0,0.0,0.0,0.6547,0.75,23.268,0.65,waspada
0.0,0.0,0.0,31.18,6.89,13.23,11,0,101.79,0.7503,2,0.0,0.0,0.3118,0.75,2.148,0.4,waspada
0.0,0.0,0.0,64.62,2.42,11.47,5,0,97.756,2.9795,2,0.0,0.0,0.6462,0.55,1.565,0.5,waspada
23.516,48.314,108.236,36.59,24.6,23.3,12,0,94.714,3.2041,3,23.516,16.1047,0.3659,0.55,9.004,0.3,waspada
12.067,25.008,85.673,74.91,35.98,24.31,6,1,111.002,0.8981,1,12.067,8.3359,0.7491,0.85,26.952,0.25,waspada
0.0,0.0,0.0,93.16,25.92,27.56,8,1,128.452,1.3946,2,0.0,0.0,0.9316,0.75,24.143,0.55,waspada
17.056,41.528,83.782,58.91,22.53,11.13,6,1,11.478,1.9498,2,17.056,13.8427,0.5891,0.75,13.272,0.15,waspada
0.0,0.0,0.0,95.31,6.42,11.42,8,1,167.863,1.8555,3,0.0,0.0,0.9531,0.55,6.116,0.65,waspada
78.107,166.203,473.538,75.13,34.65,12.29,8,1,221.992,1.3854,2,78.107,55.4011,0.7513,0.55,26.028,0.8,siaga
0.0,0.0,0.0,30.57,16.43,9.51,9,1,154.352,5.6316,2,0.0,0.0,0.3057,0.55,5.024,0.45,aman
0.0,0.0,0.0,54.7,30.35,7.61,10,0,194.222,0.05,1,0.0,0.0,0.547,0.75,16.601,0.7,waspada
0.0,0.0,0.0,55.42,11.63,9.93,6,1,134.092,1.0461,3,0.0,0.0,0.5542,0.55,6.442,0.35,waspada
23.966,54.809,174.448,96.19,23.24,12.18,3,0,118.688,3.6187,1,23.966,18.2695,0.9619,0.75,22.35,0.8,siaga
0.0,0.0,0.0,56.72,7.02,34.63,1,0,142.345,3.2995,2,0.0,0.0,0.5672,0.55,3.982,0.9,waspada
19.37,42.311,131.217,32.69,12.31,17.56,7,1,146.545,0.05,0,19.37,14.1036,0.3269,0.85,4.025,0.25,waspada
0.0,0.0,0.0,89.06,2.97,29.33,3,0,144.688,1.2616,2,0.0,0.0,0.8906,0.75,2.648,0.45,waspada
2.794,4.993,12.499,33.09,36.91,11.3,9,1,50.464,0.4192,1,2.794,1.6643,0.3309,0.75,12.215,0.9,waspada
31.906,57.926,142.216,38.96,19.87,6.75,11,0,134.259,0.5887,2,31.906,19.3087,0.3896,0.75,7.742,0.25,waspada
0.0,0.0,0.0,93.98,4.21,21.12,1,0,9.709,0.05,1,0.0,0.0,0.9398,0.75,3.953,0.5,waspada
6.396,11.53,36.793,93.03,6.91,32.2,3,0,34.744,1.482,1,6.396,3.8435,0.9303,0.75,6.432,0.35,waspada
0.0,0.0,0.0,71.0,18.07,32.66,6,1,164.37,1.2938,2,0.0,0.0,0.71,0.55,12.827,0.85,waspada
2.029,3.776,12.421,60.32,34.05,0.18,12,0,106.731,2.431,2,2.029,1.2588,0.6032,0.75,20.54,0.65,waspada
39.457,78.589,268.263,42.1,13.44,9.7,8,1,55.298,2.183,1,39.457,26.1965,0.421,0.55,5.658,0.6,siaga
0.0,0.0,0.0,43.44,32.77,12.4,1,0,19.638,5.0025,1,0.0,0.0,0.4344,0.35,14.234,0.25,waspada
1.274,2.319,9.769,73.4,26.67,23.29,2,0,140.713,2.1798,0,1.274,0.773,0.734,0.75,19.577,0.8,waspada
7.324,19.894,54.548,69.07,34.83,26.64,9,1,117.299,3.6072,1,7.324,6.6314,0.6907,0.75,24.059,0.3,waspada
2.452,7.228,23.182,65.89,31.11,30.48,4,0,85.706,5.2286,1,2.452,2.4093,0.6589,0.55,20.497,0.35,waspada
77.475,185.976,565.936,52.04,30.72,30.22,12,0,122.533,1.1512,2,77.475,61.9921,0.5204,0.55,15.989,0.8,siaga
4.452,10.032,40.809,41.71,14.37,27.96,6,1,115.52,3.0537,2,4.452,3.3438,0.4171,0.75,5.992,0.65,waspada
2.933,6.988,17.46,37.43,4.16,31.72,12,0,121.173,2.1797,2,2.933,2.3294,0.3743,0.85,1.556,0.7,waspada
90.167,132.604,324.315,57.1,15.63,4.23,11,0,72.133,1.4713,1,90.167,44.2014,0.571,0.75,8.924,0.5,siaga
0.0,0.0,0.0,95.79,37.68,21.92,7,1,72.709,0.6225,0,0.0,0.0,0.9579,0.75,36.091,0.6,waspada
0.0,0.0,0.0,74.67,9.8,30.74,11,0,155.203,1.4013,0,0.0,0.0,0.7467,0.15,7.32,0.8,siaga
7.861,20.615,88.193,77.17,33.19,30.51,1,0,145.198,5.0067,3,7.861,6.8717,0.7717,0.35,25.614,0.3,siaga
0.0,0.0,0.0,52.99,22.09,25.89,8,1,94.825,0.05,0,0.0,0.0,0.5299,0.35,11.706,0.35,waspada
65.519,142.39,380.812,58.11,27.26,27.84,8,1,51.352,0.05,1,65.519,47.4633,0.5811,1.0,15.84,0.35,siaga
0.0,0.0,0.0,85.24,18.83,12.85,3,0,90.152,4.3622,0,0.0,0.0,0.8524,0.75,16.047,0.8,waspada
0.0,0.0,0.0,61.71,25.36,34.24,6,1,0.0,2.2099,2,0.0,0.0,0.6171,1.0,15.652,0.75,waspada
5.836,9.033,24.754,67.92,35.02,16.3,6,1,153.726,1.7859,1,5.836,3.0111,0.6792,0.75,23.785,0.55,waspada
5.451,16.331,34.015,59.14,20.93,22.6,3,0,87.946,0.4462,3,5.451,5.4437,0.5914,0.55,12.379,0.7,waspada
0.0,0.0,0.0,45.5,13.61,22.65,7,1,242.124,0.05,2,0.0,0.0,0.455,0.85,6.191,0.35,aman
7.405,19.797,89.154,97.14,14.32,34.85,12,0,43.171,2.1063,0,7.405,6.599,0.9714,0.55,13.911,0.8,siaga
0.0,0.0,0.0,64.12,34.18,15.16,10,0,159.772,4.6385,2,0.0,0.0,0.6412,0.75,21.913,0.85,waspada
22.703,41.84,126.778,53.67,17.88,0.95,8,1,2.219,4.246,2,22.703,13.9468,0.5367,0.55,9.596,0.1,waspada
76.905,160.251,416.559,72.02,2.62,14.59,10,0,149.267,1.8544,1,76.905,53.4171,0.7202,0.55,1.888,0.75,awas
1.317,2.768,13.232,84.08,11.02,26.36,11,0,101.096,0.05,1,1.317,0.9226,0.8408,0.75,9.264,0.6,waspada
134.84,232.447,481.049,45.61,13.62,20.71,5,0,136.188,3.47,2,134.84,77.4822,0.4561,0.55,6.212,0.55,siaga
12.596,28.08,63.113,66.43,10.83,28.16,7,1,118.204,3.7006,2,12.596,9.3601,0.6643,0.75,7.197,0.5,waspada
1.522,3.873,14.081,81.47,26.6,33.93,9,1,212.748,2.7161,3,1.522,1.2909,0.8147,0.85,21.671,0.85,waspada
0.0,0.0,0.0,69.89,17.69,23.92,11,0,60.285,5.2353,1,0.0,0.0,0.6989,0.75,12.367,0.9,waspada
5.304,9.295,34.251,43.92,32.4,1.44,10,0,122.931,0.05,2,5.304,3.0984,0.4392,0.75,14.233,0.25,waspada
11.494,17.578,56.573,41.04,18.79,26.17,7,1,202.244,0.9037,0,11.494,5.8595,0.4104,0.55,7.709,0.55,waspada
20.804,50.777,152.613,34.13,4.06,20.28,7,1,142.799,1.9596,3,20.804,16.9258,0.3413,0.75,1.386,0.1,waspada
0.0,0.0,0.0,87.38,36.53,3.63,1,0,118.556,2.0683,0,0.0,0.0,0.8738,0.55,31.924,0.5,waspada
7.0,20.905,92.766,97.36,22.36,27.0,7,1,58.496,1.348,1,7.0,6.9682,0.9736,0.35,21.767,0.6,siaga
7.258,12.076,58.767,74.72,8.6,13.28,7,1,42.726,5.469,2,7.258,4.0254,0.7472,0.55,6.428,0.2,waspada
42.787,75.8,243.014,70.9,28.46,18.0,7,1,178.097,4.0292,0,42.787,25.2666,0.709,0.55,20.175,0.65,siaga
23.051,38.663,124.142,52.17,12.06,0.59,1,0,67.344,0.05,1,23.051,12.8876,0.5217,0.75,6.294,0.2,waspada
0.0,0.0,0.0,79.25,30.43,29.5,11,0,121.94,2.1587,2,0.0,0.0,0.7925,0.85,24.114,0.8,waspada
0.0,0.0,0.0,38.36,12.87,30.78,9,1,160.131,2.4303,1,0.0,0.0,0.3836,0.85,4.936,0.15,aman
38.171,80.207,163.011,90.48,18.97,26.85,9,1,137.015,1.5626,2,38.171,26.7358,0.9048,0.35,17.163,0.9,awas
0.0,0.0,0.0,48.17,37.51,3.02,5,0,119.272,4.5463,2,0.0,0.0,0.4817,0.75,18.068,0.45,waspada
0.0,0.0,0.0,42.99,8.17,14.26,8,1,111.51,2.9398,2,0.0,0.0,0.4299,0.55,3.512,0.4,waspada
1.577,4.047,15.135,69.46,16.72,15.92,6,1,77.262,2.6789,0,1.577,1.349,0.6946,0.55,11.617,0.45,waspada
22.325,42.782,122.619,70.31,22.93,12.81,8,1,119.807,0.05,1,22.325,14.2608,0.7031,0.85,16.125,0.45,siaga
0.0,0.0,0.0,73.93,27.27,15.0,1,0,72.729,1.824,2,0.0,0.0,0.7393,0.75,20.161,0.2,waspada
107.721,136.773,337.162,97.21,18.46,25.87,1,0,174.117,2.2599,1,107.721,45.5911,0.9721,0.55,17.944,0.1,awas
0.0,0.0,0.0,41.95,27.1,5.76,11,0,97.172,2.4719,2,0.0,0.0,0.4195,1.0,11.369,0.25,aman
49.422,86.832,241.334,43.63,9.56,11.82,9,1,123.742,1.5437,1,49.422,28.9439,0.4363,0.75,4.171,0.85,siaga
24.654,42.287,168.593,42.13,12.46,2.72,8,1,127.604,3.1647,2,24.654,14.0957,0.4213,0.55,5.249,0.55,waspada
9.867,19.329,50.862,44.94,26.33,13.61,7,1,110.663,0.4101,2,9.867,6.443,0.4494,0.55,11.833,0.45,waspada
0.0,0.0,0.0,38.38,3.55,14.83,4,0,226.618,1.0138,2,0.0,0.0,0.3838,0.85,1.364,0.55,aman
19.226,41.782,154.715,39.67,23.68,27.63,1,0,80.418,3.3619,2,19.226,13.9274,0.3967,0.35,9.394,0.15,siaga
0.0,0.0,0.0,34.29,3.65,34.29,4,0,182.003,5.7576,0,0.0,0.0,0.3429,0.55,1.252,0.7,waspada
0.0,0.0,0.0,91.09,26.92,0.01,6,1,106.084,2.7827,0,0.0,0.0,0.9109,0.75,24.517,0.85,waspada
0.0,0.0,0.0,80.67,4.79,26.69,2,0,146.493,1.6891,1,0.0,0.0,0.8067,0.55,3.861,0.25,waspada
0.0,0.0,0.0,66.0,8.64,28.94,11,0,177.734,2.0697,1,0.0,0.0,0.66,1.0,5.7,0.35,aman
0.0,0.0,0.0,78.75,15.25,14.34,6,1,101.982,2.1887,0,0.0,0.0,0.7875,0.75,12.006,0.65,waspada
3.68,8.19,20.907,71.66,16.91,4.93,11,0,227.997,2.7522,2,3.68,2.73,0.7166,0.35,12.115,0.3,waspada
0.0,0.0,0.0,97.41,23.06,30.29,6,1,73.509,1.769,3,0.0,0.0,0.9741,0.85,22.461,0.55,waspada
125.953,197.752,441.335,30.18,28.73,9.19,3,0,272.549,0.05,1,125.953,65.9172,0.3018,0.55,8.671,0.65,siaga
7.475,14.018,36.47,60.9,28.69,11.71,1,0,270.27,3.5901,2,7.475,4.6728,0.609,0.75,17.471,0.85,waspada
18.627,35.354,114.07,49.72,16.89,11.49,8,1,73.538,1.4507,2,18.627,11.7846,0.4972,0.55,8.397,0.25,siaga
4.121,6.759,13.636,63.79,2.99,6.33,1,0,29.102,3.7914,0,4.121,2.253,0.6379,0.85,1.908,0.65,waspada
0.0,0.0,0.0,59.19,16.61,13.35,12,0,107.305,0.05,1,0.0,0.0,0.5919,0.85,9.829,0.15,waspada
0.0,0.0,0.0,63.76,37.93,30.88,5,0,104.44,1.1028,1,0.0,0.0,0.6376,0.75,24.181,0.4,waspada
15.932,32.841,89.387,69.4,19.56,10.16,1,0,46.077,0.9327,2,15.932,10.9468,0.694,0.55,13.573,0.6,siaga
24.296,42.657,163.205,45.67,33.86,2.83,11,0,218.062,1.8293,3,24.296,14.2189,0.4567,0.75,15.464,0.2,waspada
23.632,53.999,210.379,93.97,15.64,7.92,2,0,10.692,2.1799,1,23.632,17.9997,0.9397,0.55,14.693,0.85,awas
3.708,7.487,30.558,84.39,10.83,14.32,9,1,43.577,4.2913,1,3.708,2.4956,0.8439,0.55,9.138,0.45,waspada
6.96,18.015,67.536,73.55,7.64,2.88,12,0,200.953,2.6083,3,6.96,6.0052,0.7355,0.55,5.619,0.3,waspada
0.0,0.0,0.0,61.34,35.7,18.66,2,0,141.905,3.3691,1,0.0,0.0,0.6134,0.75,21.9,0.45,waspada
0.0,0.0,0.0,66.22,18.57,31.25,5,0,158.082,1.85,1,0.0,0.0,0.6622,0.75,12.297,0.3,waspada
0.0,0.0,0.0,36.67,5.96,5.53,2,0,114.693,2.7226,3,0.0,0.0,0.3667,0.85,2.184,0.5,aman
0.0,0.0,0.0,49.48,14.67,32.0,11,0,128.477,2.0773,1,0.0,0.0,0.4948,0.75,7.259,0.8,waspada
0.0,0.0,0.0,53.44,31.12,5.9,7,1,48.85,1.468,1,0.0,0.0,0.5344,0.55,16.628,0.7,waspada
4.887,13.042,49.202,32.22,37.87,23.58,4,0,37.275,1.5662,1,4.887,4.3473,0.3222,0.35,12.204,0.2,waspada
5.112,8.985,31.211,38.77,9.9,9.19,4,0,121.936,1.1552,1,5.112,2.9951,0.3877,0.55,3.838,0.55,waspada
0.0,0.0,0.0,54.2,22.06,20.94,11,0,180.975,0.1493,1,0.0,0.0,0.542,0.75,11.956,0.6,waspada
128.16,183.578,372.606,58.53,33.37,10.77,3,0,219.264,1.5605,2,128.16,61.1925,0.5853,0.55,19.534,0.3,siaga
13.391,32.69,121.676,95.97,12.59,0.44,10,0,53.362,3.0717,2,13.391,10.8966,0.9597,0.55,12.087,0.6,siaga
1.426,2.3,11.132,73.56,27.94,4.51,11,0,122.004,1.3812,1,1.426,0.7667,0.7356,0.75,20.55,0.8,waspada
11.242,20.477,77.907,41.31,7.53,8.14,10,0,122.067,1.0253,1,11.242,6.8255,0.4131,0.75,3.111,0.45,waspada
0.0,0.0,0.0,36.24,7.83,16.84,1,0,137.782,5.3123,1,0.0,0.0,0.3624,0.55,2.836,0.35,waspada
0.0,0.0,0.0,97.6,33.29,4.11,7,1,234.905,0.7534,1,0.0,0.0,0.976,0.75,32.49,0.4,waspada
9.701,15.047,50.506,66.38,14.83,22.24,4,0,48.6,0.7484,3,9.701,5.0158,0.6638,0.35,9.844,0.5,siaga
16.186,38.092,148.202,35.64,16.51,8.64,10,0,91.603,0.7792,1,16.186,12.6972,0.3564,0.85,5.883,0.35,waspada
0.0,0.0,0.0,39.04,26.11,15.09,8,1,104.038,0.05,2,0.0,0.0,0.3904,0.75,10.195,0.4,waspada
6.22,9.771,34.891,74.32,19.09,2.63,12,0,41.599,0.9087,1,6.22,3.2571,0.7432,1.0,14.192,0.8,waspada
0.0,0.0,0.0,62.72,18.92,11.71,7,1,97.203,2.8909,2,0.0,0.0,0.6272,0.55,11.867,0.25,waspada
0.0,0.0,0.0,79.07,29.98,10.61,9,1,87.516,2.4716,1,0.0,0.0,0.7907,0.75,23.703,0.15,waspada
0.0,0.0,0.0,72.18,10.92,34.94,8,1,223.442,4.8388,1,0.0,0.0,0.7218,0.55,7.885,0.45,waspada
7.056,12.985,49.045,58.95,32.88,19.28,3,0,129.808,3.9115,2,7.056,4.3284,0.5895,0.55,19.385,0.7,waspada
0.764,1.914,3.887,63.81,13.03,28.38,6,1,110.295,2.6369,3,0.764,0.6379,0.6381,0.85,8.313,0.4,waspada
20.718,36.955,93.3,67.05,4.0,0.38,7,1,0.0,3.8907,1,20.718,12.3185,0.6705,0.55,2.683,0.15,siaga
0.0,0.0,0.0,50.36,23.3,15.07,10,0,43.685,0.8845,2,0.0,0.0,0.5036,0.75,11.733,0.25,waspada
50.373,92.269,214.469,65.79,26.85,12.33,2,0,57.037,1.4806,2,50.373,30.7565,0.6579,0.75,17.664,0.8,siaga
0.0,0.0,0.0,78.7,6.69,30.77,4,0,112.629,0.05,3,0.0,0.0,0.787,0.75,5.267,0.7,waspada
7.621,20.396,69.609,48.94,5.41,24.26,10,0,151.696,1.2586,2,7.621,6.7985,0.4894,0.55,2.648,0.5,waspada
69.327,156.823,352.719,67.3,31.86,30.12,3,0,94.654,1.873,1,69.327,52.2744,0.673,0.85,21.442,0.9,siaga
62.682,100.022,314.86,79.04,5.84,27.78,9,1,49.017,2.8378,1,62.682,33.3406,0.7904,0.35,4.615,0.1,awas
0.0,0.0,0.0,59.96,10.12,6.95,12,0,58.348,1.8433,1,0.0,0.0,0.5996,0.35,6.066,0.1,waspada
15.054,36.495,76.417,54.07,8.3,2.7,4,0,118.079,1.9847,2,15.054,12.1648,0.5407,0.75,4.486,0.1,waspada
6.278,13.858,56.62,57.94,11.42,31.4,11,0,93.358,4.7168,0,6.278,4.6193,0.5794,1.0,6.618,0.4,waspada
0.855,1.621,4.772,76.83,16.98,21.95,6,1,90.561,0.4104,3,0.855,0.5403,0.7683,0.75,13.044,0.6,waspada
13.035,19.554,64.12,81.88,26.13,7.26,9,1,124.737,1.9654,1,13.035,6.518,0.8188,0.75,21.395,0.5,waspada
19.839,33.856,119.41,52.79,14.83,18.02,10,0,166.038,0.6769,2,19.839,11.2852,0.5279,0.75,7.828,0.75,waspada
0.0,0.0,0.0,66.94,28.09,6.15,1,0,175.421,1.7881,1,0.0,0.0,0.6694,0.55,18.8,0.8,waspada
0.0,0.0,0.0,45.5,31.3,28.98,2,0,208.708,0.05,2,0.0,0.0,0.455,0.85,14.243,0.9,waspada
0.0,0.0,0.0,76.09,15.58,25.57,2,0,161.515,2.3407,1,0.0,0.0,0.7609,0.75,11.852,0.1,waspada
7.508,11.681,53.783,54.22,5.43,32.36,1,0,99.767,1.299,1,7.508,3.8937,0.5422,0.75,2.945,0.15,waspada
0.0,0.0,0.0,49.75,29.18,27.99,9,1,183.19,2.7236,1,0.0,0.0,0.4975,0.75,14.517,0.35,waspada
0.0,0.0,0.0,88.17,32.69,34.78,4,0,155.633,5.8162,0,0.0,0.0,0.8817,0.85,28.822,0.6,waspada
1.979,4.703,10.409,94.32,13.94,3.65,12,0,173.395,0.4736,1,1.979,1.5676,0.9432,0.55,13.148,0.25,waspada
0.0,0.0,0.0,89.52,36.97,34.89,7,1,94.655,2.9568,2,0.0,0.0,0.8952,0.75,33.1,0.9,waspada
0.0,0.0,0.0,65.25,29.8,10.42,6,1,140.475,1.4859,1,0.0,0.0,0.6525,0.15,19.442,0.25,siaga
0.0,0.0,0.0,47.79,7.09,15.11,7,1,144.159,2.4842,1,0.0,0.0,0.4779,0.55,3.387,0.8,waspada
30.383,59.616,188.01,97.61,19.72,30.62,3,0,86.256,1.5253,1,30.383,19.8721,0.9761,0.55,19.246,0.6,siaga
122.167,203.974,379.643,78.47,35.01,16.2,4,0,129.059,3.2638,3,122.167,67.9915,0.7847,0.75,27.47,0.85,siaga
17.118,27.581,59.515,34.31,31.19,25.28,10,0,143.932,3.2884,3,17.118,9.1935,0.3431,0.75,10.701,0.9,waspada
12.97,31.652,117.821,90.06,26.51,28.93,6,1,18.863,0.8306,2,12.97,10.5505,0.9006,0.75,23.876,0.2,siaga
0.0,0.0,0.0,93.58,17.32,17.41,5,0,12.201,0.05,1,0.0,0.0,0.9358,0.75,16.209,0.1,waspada
7.808,14.569,49.55,40.95,21.26,9.73,3,0,145.025,1.9698,2,7.808,4.8562,0.4095,0.75,8.707,0.35,waspada
4.764,10.461,38.04,47.87,32.08,28.33,4,0,42.104,2.3522,2,4.764,3.4871,0.4787,0.35,15.357,0.75,siaga
82.107,112.972,273.983,56.14,31.44,20.31,5,0,249.302,4.0168,1,82.107,37.6574,0.5614,0.75,17.654,0.2,siaga
0.0,0.0,0.0,49.75,32.38,17.33,6,1,119.286,3.5165,1,0.0,0.0,0.4975,0.55,16.112,0.15,waspada
0.0,0.0,0.0,66.24,2.31,34.49,5,0,240.454,3.0276,2,0.0,0.0,0.6624,0.75,1.53,0.6,waspada
16.619,37.198,125.137,30.27,24.51,16.47,9,1,77.999,1.097,1,16.619,12.3992,0.3027,0.15,7.419,0.2,siaga
0.0,0.0,0.0,36.96,17.94,15.2,8,1,168.364,5.1195,1,0.0,0.0,0.3696,0.55,6.63,0.75,waspada
16.561,32.645,100.111,69.6,13.27,31.01,8,1,141.781,4.4329,1,16.561,10.8818,0.696,1.0,9.235,0.75,waspada
4.692,13.333,54.018,34.12,7.99,6.05,5,0,164.463,1.5796,3,4.692,4.4443,0.3412,0.85,2.727,0.6,waspada
0.0,0.0,0.0,60.3,2.23,11.86,10,0,85.695,0.05,2,0.0,0.0,0.603,0.75,1.344,0.5,waspada
52.673,92.85,249.006,81.67,26.97,7.74,11,0,177.881,0.5528,2,52.673,30.9499,0.8167,0.55,22.026,0.7,awas
0.0,0.0,0.0,80.51,8.82,23.62,9,1,164.738,2.5176,1,0.0,0.0,0.8051,0.55,7.105,0.55,waspada
5.53,16.296,40.748,34.66,16.85,20.75,9,1,77.411,3.2866,2,5.53,5.4321,0.3466,0.05,5.839,0.45,waspada
0.0,0.0,0.0,96.14,15.57,16.74,1,0,82.743,0.05,1,0.0,0.0,0.9614,0.55,14.973,0.75,siaga
5.456,9.405,25.859,63.17,25.3,31.24,4,0,154.953,1.9931,2,5.456,3.1349,0.6317,0.55,15.983,0.6,waspada
7.262,17.575,61.035,88.0,5.74,29.12,6,1,71.095,1.3814,1,7.262,5.8584,0.88,0.75,5.048,0.1,waspada
0.0,0.0,0.0,58.45,8.13,16.96,10,0,22.363,0.05,2,0.0,0.0,0.5845,0.85,4.751,0.2,waspada
7.924,16.919,80.222,85.14,31.6,12.42,7,1,33.96,3.675,1,7.924,5.6398,0.8514,1.0,26.905,0.6,waspada
0.0,0.0,0.0,30.33,11.62,4.45,1,0,90.039,0.914,3,0.0,0.0,0.3033,0.75,3.525,0.6,waspada
7.414,12.216,45.383,34.1,22.8,3.87,12,0,170.683,0.05,2,7.414,4.0719,0.341,0.75,7.774,0.55,waspada
48.037,91.756,221.997,88.87,12.08,22.58,3,0,0.0,1.4743,0,48.037,30.5853,0.8887,0.85,10.733,0.3,siaga
0.0,0.0,0.0,74.49,10.54,15.62,1,0,86.131,3.6885,2,0.0,0.0,0.7449,0.55,7.853,0.4,waspada
81.705,133.819,315.027,52.69,6.86,9.84,2,0,212.613,3.5122,1,81.705,44.6064,0.5269,0.55,3.614,0.9,siaga
19.716,48.401,171.639,33.12,18.72,14.31,10,0,81.969,1.9339,1,19.716,16.1337,0.3312,0.75,6.2,0.5,waspada
14.943,32.641,129.482,97.21,11.16,17.32,9,1,76.99,4.3239,1,14.943,10.8805,0.9721,0.75,10.844,0.85,siaga
4.494,8.693,23.617,72.35,25.23,1.53,3,0,64.835,2.7466,3,4.494,2.8977,0.7235,0.55,18.25,0.5,waspada
0.0,0.0,0.0,68.46,37.38,9.41,2,0,157.086,1.7099,2,0.0,0.0,0.6846,0.75,25.594,0.5,waspada
0.0,0.0,0.0,53.42,35.0,5.47,8,1,146.132,2.6749,2,0.0,0.0,0.5342,0.55,18.699,0.7,waspada
11.087,23.833,76.043,82.66,15.86,32.78,9,1,204.163,3.848,0,11.087,7.9443,0.8266,0.85,13.106,0.35,waspada
0.0,0.0,0.0,84.78,2.94,3.76,4,0,97.159,3.5414,2,0.0,0.0,0.8478,0.75,2.49,0.4,waspada
0.0,0.0,0.0,69.64,17.64,30.16,2,0,171.049,2.2627,1,0.0,0.0,0.6964,0.75,12.286,0.4,waspada
0.0,0.0,0.0,95.15,11.8,25.04,5,0,126.727,1.4903,1,0.0,0.0,0.9515,0.35,11.225,0.2,waspada
112.114,178.324,312.628,70.92,37.92,4.92,9,1,105.621,0.364,0,112.114,59.4413,0.7092,0.75,26.89,0.9,siaga
134.366,183.48,411.347,49.27,7.32,32.88,10,0,130.37,4.1264,1,134.366,61.1599,0.4927,0.75,3.605,0.5,siaga
0.0,0.0,0.0,87.7,3.32,31.4,7,1,179.888,3.7617,1,0.0,0.0,0.877,0.75,2.907,0.85,waspada
2.798,4.331,10.781,96.44,7.22,20.83,10,0,85.706,3.8757,3,2.798,1.4436,0.9644,0.75,6.967,0.1,waspada
20.498,36.382,130.573,69.79,32.69,32.2,7,1,39.289,1.2985,3,20.498,12.1274,0.6979,0.55,22.81,0.1,siaga
9.754,17.9,55.943,58.64,8.15,0.74,8,1,163.163,3.1879,3,9.754,5.9665,0.5864,0.15,4.778,0.4,siaga
0.0,0.0,0.0,74.76,6.64,15.97,8,1,136.294,1.1904,1,0.0,0.0,0.7476,0.85,4.962,0.35,waspada
0.0,0.0,0.0,88.05,16.37,14.75,5,0,136.877,0.05,1,0.0,0.0,0.8805,0.75,14.413,0.35,waspada
0.0,0.0,0.0,33.7,35.81,12.35,8,1,38.422,0.5873,0,0.0,0.0,0.337,0.75,12.069,0.1,waspada
6.368,15.181,63.173,67.25,25.02,29.54,10,0,132.146,2.8723,3,6.368,5.0603,0.6725,0.75,16.826,0.9,waspada
0.0,0.0,0.0,76.86,7.63,31.4,12,0,155.27,2.6138,2,0.0,0.0,0.7686,0.55,5.861,0.55,waspada
0.0,0.0,0.0,94.19,37.25,20.87,2,0,69.595,2.3352,1,0.0,0.0,0.9419,0.55,35.085,0.25,waspada
7.364,14.07,50.309,92.04,19.9,4.5,5,0,130.865,0.7368,1,7.364,4.6899,0.9204,0.75,18.311,0.4,waspada
0.0,0.0,0.0,36.93,34.9,2.11,9,1,131.602,2.2507,2,0.0,0.0,0.3693,0.75,12.888,0.5,aman
3.514,6.647,27.857,60.69,32.62,30.62,8,1,129.319,4.541,2,3.514,2.2156,0.6069,0.75,19.797,0.2,waspada
0.0,0.0,0.0,37.75,16.16,18.49,9,1,83.681,2.9105,3,0.0,0.0,0.3775,0.75,6.1,0.45,aman
108.447,180.766,287.137,45.99,7.5,25.79,1,0,70.55,4.7804,3,108.447,60.2554,0.4599,0.15,3.45,0.4,awas
0.0,0.0,0.0,85.77,15.31,22.57,6,1,109.866,1.1791,2,0.0,0.0,0.8577,0.75,13.135,0.9,waspada
11.807,28.448,94.074,53.0,36.67,14.34,4,0,16.588,0.514,0,11.807,9.4826,0.53,0.35,19.437,0.25,siaga
0.0,0.0,0.0,32.32,28.02,32.24,4,0,79.45,2.5879,1,0.0,0.0,0.3232,0.35,9.056,0.15,waspada
0.0,0.0,0.0,65.23,12.47,13.32,9,1,196.233,0.05,2,0.0,0.0,0.6523,0.75,8.135,0.6,waspada
17.208,33.663,76.245,47.94,14.33,4.65,1,0,73.359,5.2729,1,17.208,11.2209,0.4794,0.55,6.869,0.75,waspada
0.0,0.0,0.0,80.22,4.02,7.24,1,0,125.954,2.0657,1,0.0,0.0,0.8022,0.55,3.228,0.1,waspada
99.149,183.411,373.265,43.64,21.95,10.36,6,1,65.519,2.9639,2,99.149,61.137,0.4364,0.75,9.579,0.7,siaga
11.602,27.454,60.541,47.38,33.69,4.75,10,0,180.349,2.8628,1,11.602,9.1512,0.4738,0.75,15.96,0.9,waspada
0.0,0.0,0.0,77.8,15.15,23.91,12,0,44.926,1.9081,2,0.0,0.0,0.778,0.75,11.788,0.9,waspada
64.206,138.252,462.852,94.49,13.17,29.1,1,0,103.954,2.7723,1,64.206,46.084,0.9449,0.75,12.441,0.45,siaga
0.0,0.0,0.0,93.09,9.16,20.93,1,0,162.177,2.5214,2,0.0,0.0,0.9309,0.75,8.53,0.3,waspada
14.49,35.007,126.229,46.14,4.18,5.82,11,0,79.199,0.6426,1,14.49,11.6689,0.4614,0.75,1.929,0.3,waspada
0.0,0.0,0.0,72.62,13.77,23.28,5,0,145.427,1.0881,2,0.0,0.0,0.7262,0.15,9.997,0.6,siaga
4.958,11.651,26.63,63.73,2.91,1.35,3,0,117.278,1.3729,0,4.958,3.8837,0.6373,0.55,1.858,0.75,waspada
66.426,112.162,260.422,36.7,19.85,8.23,3,0,82.464,2.8417,0,66.426,37.3873,0.367,0.55,7.283,0.4,siaga
0.0,0.0,0.0,91.74,25.46,10.29,11,0,113.963,2.5425,1,0.0,0.0,0.9174,0.35,23.355,0.85,siaga
0.0,0.0,0.0,46.22,25.78,0.8,7,1,139.252,2.4805,3,0.0,0.0,0.4622,0.35,11.916,0.2,waspada
0.0,0.0,0.0,93.68,4.87,15.91,4,0,157.247,0.9941,3,0.0,0.0,0.9368,0.75,4.559,0.8,waspada
0.0,0.0,0.0,43.01,34.91,24.23,9,1,151.017,0.05,1,0.0,0.0,0.4301,0.75,15.012,0.15,aman
0.0,0.0,0.0,41.41,12.34,34.36,3,0,63.413,1.3658,1,0.0,0.0,0.4141,0.35,5.111,0.45,waspada
4.011,8.479,38.671,46.77,14.62,12.79,6,1,46.498,0.05,1,4.011,2.8264,0.4677,0.75,6.837,0.3,waspada
0.0,0.0,0.0,90.46,16.86,0.98,3,0,112.491,5.8773,2,0.0,0.0,0.9046,1.0,15.253,0.3,waspada
3.091,4.846,10.635,41.1,23.07,3.73,1,0,187.608,2.5299,0,3.091,1.6152,0.411,0.55,9.483,0.5,waspada
5.611,12.519,50.144,49.39,25.4,7.77,5,0,97.918,4.5471,0,5.611,4.173,0.4939,0.75,12.547,0.25,waspada
73.6,149.092,492.932,91.1,10.15,10.36,4,0,91.58,0.05,2,73.6,49.6973,0.911,0.75,9.246,0.2,siaga
4.899,13.787,38.557,42.34,2.27,15.33,6,1,120.523,2.9236,2,4.899,4.5955,0.4234,0.15,0.959,0.6,siaga
8.412,14.732,43.679,93.52,8.69,21.22,6,1,130.802,2.3829,2,8.412,4.9108,0.9352,0.75,8.128,0.75,waspada
149.084,246.713,565.981,82.45,26.94,10.89,1,0,129.704,0.05,1,149.084,82.2376,0.8245,0.75,22.211,0.4,siaga
66.11,109.874,376.641,66.16,36.96,19.71,12,0,128.582,0.8339,1,66.11,36.6247,0.6616,0.75,24.455,0.9,siaga
1.07,2.536,12.528,32.4,30.31,11.59,11,0,138.152,0.4557,2,1.07,0.8452,0.324,0.85,9.819,0.2,waspada
6.789,19.74,59.235,71.85,5.59,7.93,1,0,19.627,3.7275,2,6.789,6.5799,0.7185,0.35,4.014,0.35,siaga
0.0,0.0,0.0,86.02,23.54,4.05,10,0,122.717,2.7638,0,0.0,0.0,0.8602,0.85,20.254,0.7,waspada
0.0,0.0,0.0,30.19,11.32,33.21,1,0,139.26,4.0826,1,0.0,0.0,0.3019,0.85,3.418,0.85,aman
12.592,28.187,92.473,37.41,4.15,24.84,6,1,81.303,3.8913,2,12.592,9.3956,0.3741,0.75,1.552,0.35,waspada
0.0,0.0,0.0,91.28,25.72,4.7,2,0,188.863,0.3705,1,0.0,0.0,0.9128,0.75,23.481,0.1,waspada
4.368,6.726,25.729,68.7,10.58,12.54,6,1,128.693,5.053,2,4.368,2.2418,0.687,0.55,7.268,0.1,waspada
0.0,0.0,0.0,57.83,16.89,26.37,2,0,70.523,1.2544,2,0.0,0.0,0.5783,0.75,9.769,0.45,waspada
91.686,175.358,428.675,55.94,11.85,12.13,1,0,155.618,2.3142,2,91.686,58.4525,0.5594,1.0,6.627,0.7,siaga
0.0,0.0,0.0,86.66,28.45,12.19,10,0,134.219,0.05,1,0.0,0.0,0.8666,0.75,24.655,0.65,waspada
0.0,0.0,0.0,72.47,25.06,33.98,11,0,171.767,1.3224,1,0.0,0.0,0.7247,0.75,18.158,0.9,waspada
62.698,138.296,450.351,52.78,31.96,23.14,6,1,252.246,1.084,2,62.698,46.0985,0.5278,0.35,16.867,0.75,siaga
23.78,55.207,180.321,87.07,10.45,6.48,5,0,175.795,1.6342,1,23.78,18.4022,0.8707,0.15,9.103,0.6,awas
0.0,0.0,0.0,39.86,16.62,3.59,11,0,74.37,0.4274,2,0.0,0.0,0.3986,0.55,6.625,0.5,waspada
0.0,0.0,0.0,97.48,32.22,20.97,6,1,133.615,2.9894,1,0.0,0.0,0.9748,0.75,31.408,0.75,waspada
1.808,5.072,11.528,60.62,25.76,19.52,10,0,125.917,0.2903,1,1.808,1.6906,0.6062,0.75,15.614,0.9,waspada
15.777,27.701,92.748,38.25,7.43,2.07,4,0,176.371,2.9856,2,15.777,9.2338,0.3825,0.35,2.84,0.35,waspada
4.937,10.654,44.972,72.86,34.71,23.06,11,0,152.465,2.5367,2,4.937,3.5514,0.7286,0.75,25.291,0.4,waspada
0.0,0.0,0.0,36.97,19.71,17.87,1,0,195.795,3.995,1,0.0,0.0,0.3697,0.55,7.287,0.2,aman
0.0,0.0,0.0,73.5,36.76,31.28,8,1,90.986,2.1393,1,0.0,0.0,0.735,0.75,27.017,0.25,waspada
0.0,0.0,0.0,91.63,18.17,20.49,12,0,134.435,2.1479,1,0.0,0.0,0.9163,0.75,16.651,0.9,waspada
128.397,238.817,509.713,95.55,17.98,5.19,7,1,164.455,1.8233,1,128.397,79.6057,0.9555,0.75,17.181,0.45,siaga
6.85,16.491,57.332,93.86,36.63,31.39,1,0,120.884,0.05,2,6.85,5.4969,0.9386,0.35,34.383,0.4,siaga
0.0,0.0,0.0,42.43,24.94,26.29,7,1,193.774,4.138,1,0.0,0.0,0.4243,0.75,10.582,0.4,waspada
0.0,0.0,0.0,81.95,19.73,26.14,10,0,100.355,1.0633,1,0.0,0.0,0.8195,0.75,16.171,0.5,waspada
4.585,11.903,29.216,63.75,15.22,12.45,6,1,138.885,0.5235,2,4.585,3.9678,0.6375,0.75,9.7,0.55,waspada
5.091,12.347,55.462,63.71,25.32,17.36,4,0,216.64,3.081,2,5.091,4.1157,0.6371,0.55,16.129,0.8,waspada
0.0,0.0,0.0,53.76,17.82,24.01,12,0,59.301,1.8944,1,0.0,0.0,0.5376,0.15,9.582,0.9,siaga
2.407,4.922,17.994,85.82,26.6,27.87,8,1,98.415,2.0348,1,2.407,1.6406,0.8582,0.55,22.826,0.7,waspada
0.0,0.0,0.0,81.39,16.21,31.57,9,1,105.038,4.4687,1,0.0,0.0,0.8139,0.55,13.191,0.3,waspada
4.73,13.65,46.0,48.17,16.71,12.61,9,1,101.083,3.3185,2,4.73,4.55,0.4817,0.55,8.048,0.85,waspada
4.996,11.427,52.859,97.99,31.22,1.33,1,0,132.981,3.4033,3,4.996,3.8089,0.9799,0.55,30.591,0.2,waspada
0.0,0.0,0.0,76.46,25.26,7.63,2,0,91.404,4.0427,1,0.0,0.0,0.7646,0.35,19.316,0.8,siaga
0.0,0.0,0.0,43.72,12.81,21.93,4,0,138.484,5.2201,1,0.0,0.0,0.4372,0.75,5.598,0.15,aman
0.0,0.0,0.0,97.12,22.22,12.53,5,0,53.233,2.5472,3,0.0,0.0,0.9712,0.55,21.579,0.65,siaga
3.867,9.488,32.962,79.6,13.55,25.86,5,0,165.958,0.5373,2,3.867,3.1625,0.796,0.75,10.784,0.25,waspada
0.0,0.0,0.0,44.98,21.16,17.41,5,0,154.971,2.5617,1,0.0,0.0,0.4498,0.75,9.519,0.8,waspada
19.947,44.362,101.999,92.94,18.21,27.28,3,0,5.629,0.05,3,19.947,14.7872,0.9294,0.75,16.928,0.35,siaga
0.0,0.0,0.0,65.91,7.69,1.46,10,0,153.222,2.6191,0,0.0,0.0,0.6591,0.55,5.07,0.5,waspada
0.0,0.0,0.0,79.7,12.79,33.3,1,0,76.761,0.4586,2,0.0,0.0,0.797,1.0,10.196,0.5,waspada
14.013,22.897,50.528,91.09,25.09,29.22,11,0,176.707,2.0231,0,14.013,7.6325,0.9109,0.85,22.853,0.5,waspada
6.978,18.314,87.807,49.27,19.24,4.01,7,1,147.003,1.706,2,6.978,6.1048,0.4927,0.75,9.479,0.75,waspada
0.0,0.0,0.0,59.7,20.29,16.3,10,0,91.661,3.8696,3,0.0,0.0,0.597,0.75,12.115,0.85,waspada
2.458,3.921,8.465,34.78,26.16,22.89,5,0,83.729,1.4574,1,2.458,1.307,0.3478,0.75,9.098,0.5,waspada
22.2,44.833,122.43,73.97,15.8,4.71,3,0,203.22,2.4776,0,22.2,14.9442,0.7397,0.55,11.689,0.85,siaga
59.502,128.38,311.365,54.33,10.24,11.98,5,0,69.366,0.05,2,59.502,42.7933,0.5433,0.55,5.563,0.35,siaga
7.444,20.637,43.441,72.28,11.69,30.63,12,0,49.819,0.6713,2,7.444,6.879,0.7228,0.75,8.453,0.3,waspada
5.321,9.169,33.428,44.46,10.03,7.72,5,0,197.674,0.05,3,5.321,3.0564,0.4446,0.55,4.459,0.9,waspada
0.0,0.0,0.0,85.48,12.76,1.77,12,0,94.25,0.8981,0,0.0,0.0,0.8548,0.75,10.91,0.65,waspada
0.0,0.0,0.0,81.25,27.36,2.09,6,1,143.018,1.1904,2,0.0,0.0,0.8125,0.75,22.232,0.4,waspada
0.0,0.0,0.0,31.75,10.37,17.97,10,0,132.623,2.1255,2,0.0,0.0,0.3175,0.55,3.294,0.2,waspada
20.386,37.778,76.778,91.42,26.33,7.73,5,0,64.091,1.7705,0,20.386,12.5927,0.9142,0.75,24.072,0.1,siaga
7.074,14.538,41.113,32.7,11.46,28.61,7,1,74.59,3.7894,2,7.074,4.846,0.327,0.55,3.749,0.45,waspada
4.565,8.125,38.865,36.32,21.74,15.06,7,1,201.371,4.25,0,4.565,2.7083,0.3632,0.85,7.895,0.2,aman
0.0,0.0,0.0,44.0,3.4,0.97,1,0,97.845,0.05,1,0.0,0.0,0.44,0.55,1.494,0.6,waspada
0.0,0.0,0.0,34.04,5.94,11.46,7,1,48.861,3.7744,1,0.0,0.0,0.3404,1.0,2.021,0.35,aman
5.772,11.747,52.789,78.05,25.45,14.28,11,0,152.883,0.05,1,5.772,3.9157,0.7805,1.0,19.865,0.5,waspada
4.357,10.148,38.856,54.12,22.3,14.36,10,0,139.644,0.7215,1,4.357,3.3826,0.5412,0.75,12.071,0.85,waspada
0.0,0.0,0.0,91.06,21.68,31.51,9,1,119.554,3.2277,2,0.0,0.0,0.9106,0.35,19.739,0.65,siaga
19.835,41.42,130.203,50.78,36.66,26.38,8,1,227.472,0.2478,1,19.835,13.8068,0.5078,0.75,18.614,0.1,waspada
0.0,0.0,0.0,74.84,7.71,4.27,11,0,107.324,1.2562,1,0.0,0.0,0.7484,0.55,5.773,0.5,waspada
4.303,9.399,40.608,57.89,32.37,32.76,3,0,149.297,4.2659,1,4.303,3.133,0.5789,0.85,18.74,0.6,waspada
51.053,77.52,239.933,57.77,12.52,14.67,9,1,121.824,1.3625,1,51.053,25.8399,0.5777,0.35,7.235,0.9,awas
4.643,10.686,24.263,91.43,34.18,14.72,3,0,125.795,1.8323,2,4.643,3.5619,0.9143,0.55,31.252,0.25,siaga
6.606,12.994,62.034,30.67,6.13,0.48,9,1,46.52,3.4991,2,6.606,4.3315,0.3067,1.0,1.881,0.8,waspada
108.044,148.804,351.124,77.56,8.78,12.26,6,1,151.385,1.4459,2,108.044,49.6012,0.7756,0.75,6.813,0.75,siaga
129.767,184.67,418.637,69.05,30.21,25.95,6,1,75.159,3.2466,1,129.767,61.5566,0.6905,0.75,20.859,0.7,siaga
6.177,17.684,71.667,53.56,17.97,16.37,9,1,153.915,2.6476,1,6.177,5.8945,0.5356,0.85,9.625,0.8,waspada
0.0,0.0,0.0,30.86,26.44,23.54,11,0,148.059,1.6274,2,0.0,0.0,0.3086,0.55,8.159,0.6,waspada
2.737,6.024,13.573,38.12,10.31,4.73,12,0,96.458,2.3644,1,2.737,2.0081,0.3812,0.55,3.93,0.15,waspada
0.0,0.0,0.0,59.05,35.73,28.65,4,0,224.815,0.828,1,0.0,0.0,0.5905,1.0,21.098,0.25,aman
1.516,2.348,11.277,57.7,32.91,26.51,7,1,180.965,4.6496,2,1.516,0.7827,0.577,0.75,18.987,0.45,waspada
0.0,0.0,0.0,55.66,19.58,23.89,8,1,164.506,1.2126,2,0.0,0.0,0.5566,0.75,10.899,0.8,waspada
0.0,0.0,0.0,36.22,6.62,28.67,7,1,110.146,0.6938,1,0.0,0.0,0.3622,0.75,2.397,0.55,waspada
1.084,3.097,8.018,54.56,11.81,6.41,9,1,106.006,5.0318,2,1.084,1.0322,0.5456,0.55,6.443,0.25,waspada
0.0,0.0,0.0,79.37,28.62,8.56,4,0,66.389,1.3012,1,0.0,0.0,0.7937,0.15,22.719,0.75,siaga
74.692,161.758,556.275,53.38,19.13,22.62,8,1,0.0,5.5592,1,74.692,53.9194,0.5338,1.0,10.211,0.85,siaga
5.696,13.947,36.058,55.37,20.62,9.86,12,0,53.335,0.8195,2,5.696,4.6489,0.5537,0.55,11.416,0.8,waspada
0.0,0.0,0.0,37.64,28.33,15.64,10,0,56.934,1.835,1,0.0,0.0,0.3764,0.35,10.665,0.15,waspada
4.313,9.254,19.969,65.28,2.52,0.64,12,0,90.527,2.5901,3,4.313,3.0847,0.6528,0.35,1.643,0.15,waspada
0.0,0.0,0.0,92.36,9.84,30.51,1,0,166.043,4.0518,1,0.0,0.0,0.9236,0.35,9.091,0.6,siaga
0.0,0.0,0.0,80.88,22.84,30.3,3,0,163.403,2.2581,3,0.0,0.0,0.8088,0.75,18.469,0.65,waspada
6.41,18.194,48.0,58.96,5.88,23.02,9,1,170.783,7.5954,1,6.41,6.0646,0.5896,0.75,3.466,0.4,waspada
8.236,19.946,47.827,95.44,28.93,7.74,10,0,113.062,4.6573,2,8.236,6.6487,0.9544,0.75,27.61,0.7,waspada
15.943,38.895,134.386,90.69,32.44,15.97,7,1,41.301,0.5866,2,15.943,12.9649,0.9069,0.75,29.417,0.7,siaga
0.0,0.0,0.0,79.38,18.28,23.89,3,0,198.839,2.9493,3,0.0,0.0,0.7938,0.75,14.507,0.35,waspada
0.809,1.306,4.498,56.91,15.6,28.22,7,1,31.858,0.7276,2,0.809,0.4354,0.5691,0.35,8.879,0.35,waspada
0.0,0.0,0.0,46.75,7.82,23.2,5,0,159.185,1.9352,2,0.0,0.0,0.4675,0.35,3.658,0.9,waspada
0.0,0.0,0.0,33.47,23.57,9.96,9,1,126.256,1.4692,2,0.0,0.0,0.3347,0.85,7.888,0.15,aman
2.325,4.27,8.983,60.64,18.87,32.1,2,0,139.965,2.1664,2,2.325,1.4234,0.6064,0.75,11.445,0.2,waspada
6.112,17.501,66.205,58.43,7.58,12.49,3,0,135.322,1.414,2,6.112,5.8337,0.5843,0.55,4.429,0.15,waspada
1.898,5.402,11.612,80.93,2.96,5.1,12,0,158.559,2.43,1,1.898,1.8007,0.8093,0.85,2.395,0.8,waspada
0.0,0.0,0.0,75.81,37.82,17.05,7,1,164.256,3.8354,1,0.0,0.0,0.7581,0.75,28.667,0.1,waspada
24.532,47.897,103.848,72.98,29.61,28.41,8,1,169.773,2.8181,1,24.532,15.9657,0.7298,0.85,21.611,0.5,waspada
10.225,20.433,57.455,78.09,25.66,33.97,1,0,107.785,1.7968,1,10.225,6.8109,0.7809,0.55,20.04,0.15,waspada
0.0,0.0,0.0,44.86,29.28,3.45,9,1,91.685,0.3002,2,0.0,0.0,0.4486,0.55,13.136,0.15,waspada
7.651,17.717,53.738,67.9,9.16,34.46,11,0,182.404,0.4241,0,7.651,5.9057,0.679,0.05,6.219,0.15,siaga
69.151,130.222,284.95,55.38,9.19,31.83,12,0,27.778,0.05,1,69.151,43.4073,0.5538,0.75,5.092,0.7,siaga
0.0,0.0,0.0,39.46,33.95,9.23,9,1,177.878,0.05,1,0.0,0.0,0.3946,0.55,13.397,0.15,waspada
6.748,10.619,35.218,62.02,30.53,31.31,2,0,132.997,1.7747,1,6.748,3.5396,0.6202,0.55,18.932,0.5,waspada
10.516,17.349,34.942,50.29,12.55,5.84,10,0,156.761,2.9568,2,10.516,5.7829,0.5029,0.75,6.31,0.4,waspada
12.179,27.468,90.188,41.64,23.94,0.88,1,0,73.368,3.2001,2,12.179,9.1559,0.4164,0.75,9.97,0.2,waspada
0.0,0.0,0.0,66.78,23.58,1.53,4,0,2.041,2.1395,2,0.0,0.0,0.6678,0.55,15.748,0.75,waspada
0.0,0.0,0.0,78.85,25.4,22.04,3,0,112.288,0.05,2,0.0,0.0,0.7885,1.0,20.032,0.2,waspada
3.22,8.552,20.346,55.84,29.81,27.23,3,0,170.126,1.5677,2,3.22,2.8507,0.5584,0.85,16.647,0.25,waspada
20.951,36.835,90.365,92.05,34.4,0.77,11,0,150.264,2.228,1,20.951,12.2782,0.9205,0.75,31.662,0.75,siaga
36.409,65.664,222.543,88.19,23.68,5.13,10,0,175.241,4.0963,0,36.409,21.888,0.8819,0.75,20.881,0.3,siaga
22.843,48.032,104.274,92.62,5.02,31.71,6,1,193.283,4.2159,2,22.843,16.0107,0.9262,0.75,4.646,0.6,siaga
1.448,3.519,10.59,54.77,5.48,23.81,12,0,101.672,1.5646,1,1.448,1.1731,0.5477,1.0,3.002,0.55,waspada
0.0,0.0,0.0,31.44,18.9,0.73,3,0,17.148,1.5039,2,0.0,0.0,0.3144,0.75,5.94,0.1,aman
0.0,0.0,0.0,35.65,14.69,12.4,7,1,144.58,1.5864,1,0.0,0.0,0.3565,0.85,5.238,0.6,aman
0.0,0.0,0.0,57.71,17.43,10.71,8,1,60.983,0.8526,2,0.0,0.0,0.5771,0.55,10.058,0.7,waspada
2.548,7.468,29.368,86.0,26.47,16.58,3,0,102.845,1.9266,3,2.548,2.4893,0.86,1.0,22.766,0.4,waspada
1.881,4.636,21.504,55.26,37.87,23.65,9,1,199.233,2.021,1,1.881,1.5454,0.5526,0.75,20.926,0.15,waspada
0.0,0.0,0.0,32.35,25.44,28.88,2,0,162.469,2.2603,2,0.0,0.0,0.3235,0.75,8.232,0.9,aman
1.557,2.998,10.808,73.06,11.52,34.95,10,0,108.753,0.05,1,1.557,0.9992,0.7306,0.75,8.416,0.25,waspada
11.095,17.352,57.37,58.78,9.86,28.88,9,1,112.49,1.1646,2,11.095,5.7839,0.5878,0.55,5.795,0.6,waspada
0.0,0.0,0.0,86.09,16.36,31.2,1,0,99.976,2.4671,1,0.0,0.0,0.8609,0.75,14.084,0.3,waspada
0.0,0.0,0.0,44.96,30.31,21.26,8,1,19.011,2.5268,0,0.0,0.0,0.4496,0.35,13.629,0.9,waspada
0.0,0.0,0.0,35.16,21.87,3.79,6,1,188.783,1.2011,2,0.0,0.0,0.3516,0.15,7.689,0.55,waspada
22.325,41.599,89.055,53.32,35.37,2.22,6,1,124.425,2.3111,1,22.325,13.8663,0.5332,0.55,18.861,0.8,siaga
27.43,45.286,130.04,32.94,23.08,9.6,5,0,87.963,0.2969,1,27.43,15.0953,0.3294,0.85,7.603,0.8,waspada
4.163,6.947,30.346,77.17,9.98,17.89,8,1,151.957,1.9284,2,4.163,2.3156,0.7717,0.15,7.699,0.35,siaga
3.448,7.6,27.208,72.2,32.36,19.31,10,0,73.204,3.551,2,3.448,2.5332,0.722,0.55,23.363,0.9,waspada
8.815,19.285,70.774,65.71,37.96,7.94,4,0,225.281,1.0653,2,8.815,6.4282,0.6571,0.15,24.942,0.2,siaga
0.0,0.0,0.0,67.3,33.92,16.62,10,0,211.289,2.4883,1,0.0,0.0,0.673,0.55,22.828,0.8,waspada
7.039,18.528,81.373,81.8,17.47,27.44,1,0,105.229,4.1559,1,7.039,6.176,0.818,0.55,14.289,0.3,waspada
5.929,13.882,36.786,40.55,5.94,14.06,10,0,262.075,0.05,0,5.929,4.6273,0.4055,0.75,2.407,0.9,waspada
106.652,148.946,289.456,89.84,25.55,20.37,6,1,140.812,4.3524,1,106.652,49.6487,0.8984,1.0,22.95,0.3,siaga
25.404,43.618,93.258,59.47,11.49,18.03,10,0,51.235,1.3015,2,25.404,14.5394,0.5947,0.75,6.835,0.9,siaga
7.687,12.992,58.725,96.5,19.12,3.33,4,0,125.197,3.0267,1,7.687,4.3306,0.965,0.55,18.447,0.2,siaga
0.0,0.0,0.0,39.49,27.09,7.84,6,1,67.173,0.7996,2,0.0,0.0,0.3949,1.0,10.699,0.45,aman
0.0,0.0,0.0,96.56,29.25,8.69,12,0,91.151,0.7104,3,0.0,0.0,0.9656,0.55,28.241,0.7,siaga
18.87,31.926,90.256,74.31,22.84,5.46,4,0,0.0,3.1589,1,18.87,10.642,0.7431,0.15,16.974,0.35,siaga
7.742,23.223,72.531,63.15,2.42,6.59,4,0,0.0,3.2864,2,7.742,7.7411,0.6315,0.75,1.531,0.7,waspada
22.226,37.971,128.239,47.61,32.75,9.47,3,0,171.251,2.5773,1,22.226,12.6571,0.4761,0.75,15.592,0.55,waspada
0.0,0.0,0.0,95.51,34.82,18.5,1,0,73.093,1.6728,2,0.0,0.0,0.9551,0.85,33.259,0.3,waspada
1.091,2.666,5.485,47.5,27.67,7.56,2,0,92.884,2.6443,2,1.091,0.8886,0.475,0.85,13.144,0.5,waspada
32.347,58.181,145.072,48.52,19.31,3.87,12,0,85.752,2.1339,1,32.347,19.3938,0.4852,0.35,9.368,0.65,siaga
5.091,8.784,33.993,35.51,16.97,28.94,10,0,118.874,0.7322,2,5.091,2.9279,0.3551,0.75,6.027,0.15,waspada
0.0,0.0,0.0,79.79,17.09,12.58,1,0,228.48,4.1512,1,0.0,0.0,0.7979,0.55,13.639,0.9,waspada
19.83,49.373,173.504,80.53,12.89,12.76,11,0,100.517,1.0374,2,19.83,16.4577,0.8053,0.55,10.383,0.65,siaga
0.0,0.0,0.0,49.66,30.53,5.34,6,1,36.536,0.05,1,0.0,0.0,0.4966,0.75,15.163,0.2,waspada
0.0,0.0,0.0,94.5,21.07,13.43,4,0,168.269,4.4189,2,0.0,0.0,0.945,0.75,19.909,0.75,waspada
5.43,14.956,66.914,45.35,21.79,10.84,4,0,208.431,1.5741,2,5.43,4.9854,0.4535,0.75,9.881,0.7,waspada
6.606,10.192,24.269,67.14,27.73,1.25,1,0,106.636,2.4668,0,6.606,3.3973,0.6714,0.75,18.618,0.8,waspada
0.0,0.0,0.0,91.01,4.8,0.65,10,0,157.168,2.4816,2,0.0,0.0,0.9101,0.55,4.372,0.25,waspada
0.0,0.0,0.0,90.82,23.69,2.43,1,0,194.827,2.1683,1,0.0,0.0,0.9082,0.55,21.512,0.65,waspada
21.474,51.556,178.344,81.46,30.4,6.43,6,1,151.421,3.4303,2,21.474,17.1853,0.8146,0.55,24.765,0.1,siaga
0.0,0.0,0.0,33.43,35.53,7.49,8,1,111.048,4.0306,2,0.0,0.0,0.3343,0.35,11.877,0.7,waspada
0.0,0.0,0.0,59.89,3.41,25.21,9,1,24.297,1.1845,1,0.0,0.0,0.5989,0.55,2.043,0.6,waspada
3.002,5.894,12.894,44.01,32.97,9.39,3,0,234.423,4.1081,1,3.002,1.9646,0.4401,0.55,14.51,0.7,waspada
0.0,0.0,0.0,35.82,2.08,21.45,7,1,184.944,2.6559,1,0.0,0.0,0.3582,0.55,0.747,0.9,waspada
0.0,0.0,0.0,37.51,11.86,1.84,4,0,29.327,1.3658,0,0.0,0.0,0.3751,0.55,4.45,0.85,waspada
0.0,0.0,0.0,35.4,37.97,14.17,9,1,109.907,0.6509,1,0.0,0.0,0.354,0.05,13.442,0.7,siaga
0.0,0.0,0.0,82.04,22.66,24.07,11,0,94.174,0.4645,1,0.0,0.0,0.8204,0.75,18.589,0.2,waspada
56.488,95.36,215.156,83.05,2.31,25.02,4,0,156.15,0.05,1,56.488,31.7866,0.8305,0.55,1.916,0.25,siaga
7.28,18.294,51.453,68.6,28.61,19.45,2,0,79.626,2.9743,1,7.28,6.0978,0.686,0.15,19.626,0.35,siaga
2.186,5.022,10.173,63.53,17.27,32.5,9,1,56.704,0.05,2,2.186,1.674,0.6353,0.75,10.971,0.25,waspada
0.0,0.0,0.0,75.48,9.84,34.1,3,0,168.515,3.043,1,0.0,0.0,0.7548,0.55,7.428,0.2,waspada
0.0,0.0,0.0,50.38,32.18,21.85,12,0,204.649,2.806,3,0.0,0.0,0.5038,1.0,16.212,0.45,aman
0.0,0.0,0.0,75.5,6.63,31.17,11,0,34.116,4.9751,2,0.0,0.0,0.755,0.35,5.004,0.45,waspada
64.765,154.048,453.623,43.04,29.32,22.49,6,1,172.234,0.0595,2,64.765,51.3494,0.4304,0.35,12.62,0.7,siaga
46.302,95.013,218.277,63.57,19.91,1.2,10,0,95.006,1.028,2,46.302,31.671,0.6357,0.55,12.659,0.7,siaga
0.0,0.0,0.0,68.14,31.02,8.34,1,0,247.375,3.7378,2,0.0,0.0,0.6814,0.55,21.136,0.25,waspada
1.647,3.232,8.525,56.83,31.48,24.71,6,1,94.037,3.2214,3,1.647,1.0774,0.5683,0.75,17.889,0.3,waspada
5.386,16.051,61.427,61.48,31.1,21.33,8,1,87.291,2.5435,0,5.386,5.3505,0.6148,0.75,19.122,0.75,waspada
0.0,0.0,0.0,82.17,26.21,22.35,3,0,86.318,4.8483,1,0.0,0.0,0.8217,0.55,21.539,0.8,waspada
3.777,10.53,35.704,74.11,10.38,33.23,8,1,151.964,1.7847,3,3.777,3.5099,0.7411,1.0,7.695,0.65,waspada
55.933,130.273,269.726,44.82,2.71,29.76,3,0,77.563,2.7088,2,55.933,43.4243,0.4482,0.75,1.213,0.6,siaga
11.985,20.931,70.313,53.32,2.25,24.66,8,1,95.101,1.2291,1,11.985,6.9769,0.5332,0.75,1.2,0.35,waspada
86.176,169.046,347.558,73.51,33.99,9.44,10,0,294.666,2.6162,1,86.176,56.3487,0.7351,0.75,24.985,0.15,siaga
0.0,0.0,0.0,66.29,11.16,30.0,4,0,96.434,1.2709,1,0.0,0.0,0.6629,0.85,7.4,0.9,waspada
0.0,0.0,0.0,41.47,2.05,34.31,1,0,136.607,1.8698,2,0.0,0.0,0.4147,0.55,0.85,0.75,waspada
11.339,19.228,47.969,49.02,8.86,14.61,5,0,67.477,5.1655,1,11.339,6.4094,0.4902,0.75,4.345,0.1,waspada
128.518,244.865,586.117,58.54,18.13,13.8,5,0,6.306,3.4251,1,128.518,81.6218,0.5854,0.75,10.616,0.7,siaga
0.0,0.0,0.0,30.81,20.26,33.94,7,1,105.686,3.2336,2,0.0,0.0,0.3081,0.55,6.241,0.6,waspada
1.908,3.956,16.866,39.87,30.13,14.37,8,1,170.136,1.9712,1,1.908,1.3187,0.3987,0.35,12.016,0.5,waspada
8.004,14.365,39.331,35.74,19.48,8.85,12,0,104.723,0.3054,1,8.004,4.7884,0.3574,0.35,6.964,0.15,waspada
0.0,0.0,0.0,42.37,8.19,5.61,5,0,211.835,2.6677,2,0.0,0.0,0.4237,0.55,3.469,0.35,waspada
0.0,0.0,0.0,81.28,13.71,30.52,1,0,83.16,3.0024,0,0.0,0.0,0.8128,0.15,11.145,0.35,siaga
0.0,0.0,0.0,30.46,3.19,18.42,4,0,121.398,0.05,2,0.0,0.0,0.3046,0.75,0.972,0.2,waspada
0.831,1.487,6.783,44.12,37.28,12.31,12,0,135.555,2.1688,2,0.831,0.4957,0.4412,0.55,16.444,0.5,waspada
98.735,149.317,362.941,74.14,12.6,3.89,11,0,48.39,5.314,2,98.735,49.7722,0.7414,0.35,9.343,0.15,awas
60.94,147.357,301.373,78.0,7.93,12.69,9,1,152.516,3.3602,1,60.94,49.1189,0.78,0.55,6.184,0.5,siaga
0.0,0.0,0.0,92.23,29.23,6.9,12,0,118.607,1.8946,2,0.0,0.0,0.9223,0.55,26.958,0.55,waspada
107.726,181.176,443.493,32.61,28.8,0.79,12,0,68.196,1.5446,1,107.726,60.3921,0.3261,0.75,9.391,0.1,siaga
0.0,0.0,0.0,35.14,29.86,13.55,8,1,71.622,2.1257,3,0.0,0.0,0.3514,0.75,10.494,0.25,aman
0.0,0.0,0.0,82.46,33.41,1.42,12,0,193.827,3.2235,2,0.0,0.0,0.8246,0.15,27.546,0.55,siaga
0.0,0.0,0.0,95.71,30.04,24.85,8,1,152.207,0.442,2,0.0,0.0,0.9571,0.05,28.748,0.65,siaga
0.0,0.0,0.0,48.7,32.28,30.11,12,0,173.715,2.3596,2,0.0,0.0,0.487,0.85,15.719,0.7,waspada
3.035,6.746,26.087,37.63,28.47,0.52,7,1,203.515,1.4676,3,3.035,2.2488,0.3763,1.0,10.714,0.5,aman
9.532,19.902,51.372,30.33,37.0,10.63,2,0,0.0,4.5161,1,9.532,6.634,0.3033,0.55,11.22,0.7,waspada
1.191,1.832,4.748,84.06,34.94,4.5,11,0,211.382,3.2845,2,1.191,0.6108,0.8406,0.75,29.371,0.9,waspada
6.952,12.953,57.748,75.89,22.51,7.45,2,0,245.989,2.3736,1,6.952,4.3176,0.7589,0.75,17.082,0.55,waspada
0.0,0.0,0.0,60.4,8.4,18.99,5,0,146.053,2.254,0,0.0,0.0,0.604,0.55,5.073,0.65,waspada
23.028,34.844,113.565,48.55,16.5,25.52,10,0,82.709,0.05,1,23.028,11.6147,0.4855,0.15,8.009,0.6,siaga
4.409,12.282,40.895,62.1,24.79,31.83,10,0,169.493,1.6758,1,4.409,4.0941,0.621,0.55,15.396,0.9,waspada
2.825,4.411,10.104,74.62,19.52,1.82,1,0,250.822,2.9036,1,2.825,1.4702,0.7462,0.75,14.567,0.5,waspada
54.024,95.279,290.881,67.99,22.97,18.33,4,0,150.128,3.6319,2,54.024,31.7596,0.6799,0.15,15.616,0.3,awas
0.0,0.0,0.0,57.52,33.18,13.87,6,1,34.595,0.227,0,0.0,0.0,0.5752,0.55,19.088,0.6,waspada
6.491,13.25,62.389,64.22,24.73,4.52,11,0,143.738,4.4233,1,6.491,4.4166,0.6422,0.75,15.881,0.15,waspada
4.541,9.237,23.488,97.51,31.69,24.21,12,0,144.414,0.6745,2,4.541,3.079,0.9751,0.75,30.902,0.6,waspada
3.615,5.482,16.175,36.04,14.96,6.46,1,0,125.608,2.1954,1,3.615,1.8273,0.3604,0.75,5.391,0.15,waspada
0.0,0.0,0.0,38.19,27.39,23.43,2,0,100.963,0.05,1,0.0,0.0,0.3819,0.75,10.459,0.75,waspada
0.0,0.0,0.0,51.98,23.5,22.23,9,1,105.531,1.5989,1,0.0,0.0,0.5198,0.55,12.216,0.7,waspada
0.0,0.0,0.0,90.9,3.08,2.22,12,0,129.923,1.8274,2,0.0,0.0,0.909,0.35,2.801,0.25,siaga
98.626,155.671,235.254,46.4,31.77,32.73,7,1,30.101,3.0823,3,98.626,51.8904,0.464,0.75,14.74,0.85,siaga
5.985,8.983,22.446,79.92,2.62,26.11,8,1,131.74,0.6984,2,5.985,2.9944,0.7992,0.55,2.091,0.15,waspada
0.0,0.0,0.0,56.78,32.13,14.27,7,1,113.503,0.6756,1,0.0,0.0,0.5678,0.55,18.242,0.5,waspada
39.939,74.54,252.055,82.95,3.37,11.14,5,0,63.687,1.9787,1,39.939,24.8467,0.8295,0.75,2.794,0.35,siaga
0.0,0.0,0.0,46.28,3.35,9.17,2,0,212.177,2.7653,1,0.0,0.0,0.4628,0.35,1.549,0.9,waspada
11.6,20.265,74.946,37.02,31.71,6.15,12,0,74.025,4.0796,2,11.6,6.7549,0.3702,0.55,11.739,0.4,waspada
0.0,0.0,0.0,64.82,12.51,2.05,12,0,139.038,0.05,1,0.0,0.0,0.6482,0.85,8.109,0.9,waspada
0.0,0.0,0.0,40.21,15.07,7.82,8,1,50.717,1.5319,0,0.0,0.0,0.4021,0.75,6.061,0.5,waspada
13.659,27.981,110.914,60.02,2.83,32.52,8,1,165.017,1.5462,1,13.659,9.3271,0.6002,0.75,1.698,0.55,waspada
11.133,22.964,88.334,61.84,14.61,1.4,7,1,232.33,2.8158,3,11.133,7.6546,0.6184,0.75,9.032,0.3,waspada
0.0,0.0,0.0,36.34,24.67,17.84,9,1,60.932,2.7043,1,0.0,0.0,0.3634,0.75,8.965,0.55,waspada
8.123,14.057,55.687,35.24,21.0,5.89,8,1,279.979,2.4143,0,8.123,4.6858,0.3524,0.75,7.401,0.4,waspada
5.796,14.539,40.498,32.85,28.93,6.79,3,0,165.899,3.6853,1,5.796,4.8464,0.3285,0.55,9.503,0.55,waspada
0.0,0.0,0.0,70.74,36.66,28.58,10,0,106.897,2.0075,1,0.0,0.0,0.7074,0.75,25.931,0.2,waspada
2.33,5.961,17.191,84.99,11.07,32.42,8,1,122.893,1.5336,0,2.33,1.987,0.8499,0.75,9.412,0.9,waspada
0.0,0.0,0.0,88.32,29.14,28.87,5,0,108.607,0.05,1,0.0,0.0,0.8832,0.75,25.735,0.15,waspada
21.379,44.304,130.709,57.99,32.41,1.91,6,1,109.752,0.05,1,21.379,14.7681,0.5799,0.75,18.797,0.25,waspada
0.755,1.277,4.64,43.77,35.04,19.14,4,0,107.09,1.3767,2,0.755,0.4257,0.4377,0.55,15.335,0.3,waspada
7.393,19.619,80.263,56.68,35.36,4.27,12,0,67.527,1.109,2,7.393,6.5397,0.5668,0.35,20.042,0.75,siaga
6.697,19.25,56.353,47.05,11.63,17.87,5,0,105.726,2.0531,1,6.697,6.4167,0.4705,0.55,5.471,0.25,waspada
39.124,71.509,185.871,87.65,22.61,2.11,1,0,131.215,0.7686,2,39.124,23.8365,0.8765,0.55,19.818,0.15,siaga
4.278,12.093,28.715,68.3,5.36,20.74,2,0,4.544,4.6869,0,4.278,4.0309,0.683,0.55,3.661,0.5,waspada
0.0,0.0,0.0,59.57,8.23,8.51,11,0,109.555,1.192,1,0.0,0.0,0.5957,0.35,4.905,0.9,waspada
20.515,51.058,134.461,66.0,10.02,5.57,2,0,137.732,1.4907,1,20.515,17.0195,0.66,0.75,6.612,0.7,siaga
0.0,0.0,0.0,55.82,34.9,15.33,12,0,80.539,4.511,3,0.0,0.0,0.5582,0.55,19.485,0.4,waspada
0.0,0.0,0.0,81.2,10.98,22.18,12,0,87.956,3.5346,3,0.0,0.0,0.812,0.55,8.917,0.35,waspada
0.0,0.0,0.0,75.85,9.74,2.74,12,0,45.077,2.7612,2,0.0,0.0,0.7585,0.35,7.388,0.4,siaga
101.807,195.239,297.296,40.35,27.24,4.27,5,0,27.593,0.05,1,101.807,65.0795,0.4035,0.55,10.989,0.4,siaga
0.0,0.0,0.0,47.56,12.98,4.68,1,0,90.056,2.6018,1,0.0,0.0,0.4756,0.55,6.171,0.25,waspada
140.691,198.291,388.875,56.2,18.86,12.12,10,0,214.48,2.2552,0,140.691,66.0969,0.562,0.55,10.597,0.85,siaga
6.594,18.433,75.711,64.48,20.02,28.55,7,1,107.943,3.2504,2,6.594,6.1442,0.6448,0.55,12.911,0.8,waspada
63.342,95.251,315.005,72.28,4.2,6.65,7,1,43.854,1.9517,0,63.342,31.7503,0.7228,0.55,3.036,0.45,siaga
0.0,0.0,0.0,55.04,30.2,10.22,12,0,128.138,1.6191,1,0.0,0.0,0.5504,0.55,16.623,0.35,waspada
77.532,182.676,620.875,96.73,36.52,14.6,8,1,92.938,0.05,1,77.532,60.8919,0.9673,0.55,35.323,0.65,awas
0.0,0.0,0.0,86.53,19.63,13.59,7,1,0.0,2.7687,1,0.0,0.0,0.8653,0.35,16.985,0.7,siaga
0.0,0.0,0.0,83.99,2.63,16.08,9,1,78.6,4.3641,3,0.0,0.0,0.8399,0.75,2.212,0.6,waspada
5.888,16.493,67.776,38.42,26.02,26.16,9,1,132.702,3.9588,1,5.888,5.4975,0.3842,0.35,9.996,0.25,waspada
0.0,0.0,0.0,59.38,28.99,25.21,2,0,130.302,2.896,0,0.0,0.0,0.5938,0.75,17.211,0.9,waspada
0.0,0.0,0.0,41.82,28.31,22.47,7,1,153.411,0.05,1,0.0,0.0,0.4182,0.55,11.839,0.7,waspada
0.0,0.0,0.0,58.46,37.66,27.68,10,0,180.8,0.05,1,0.0,0.0,0.5846,0.75,22.019,0.5,waspada
0.0,0.0,0.0,66.31,4.92,18.54,3,0,103.616,0.9413,2,0.0,0.0,0.6631,0.55,3.265,0.1,waspada
26.832,44.949,144.194,61.58,19.71,25.23,11,0,137.322,0.05,2,26.832,14.983,0.6158,0.75,12.139,0.25,waspada
0.0,0.0,0.0,96.24,30.43,5.66,12,0,275.38,0.05,2,0.0,0.0,0.9624,0.75,29.286,0.45,waspada
0.0,0.0,0.0,37.83,28.75,24.01,9,1,61.22,1.8518,1,0.0,0.0,0.3783,0.75,10.875,0.65,waspada
0.0,0.0,0.0,58.49,35.96,17.11,10,0,116.242,2.9438,1,0.0,0.0,0.5849,0.55,21.033,0.1,waspada
3.307,8.023,32.643,81.18,17.24,22.05,7,1,19.414,0.7563,1,3.307,2.6743,0.8118,0.75,13.993,0.45,waspada
0.0,0.0,0.0,52.81,27.2,17.71,1,0,170.816,1.7882,1,0.0,0.0,0.5281,0.75,14.365,0.35,waspada
0.0,0.0,0.0,56.39,30.46,33.01,11,0,189.305,4.6244,1,0.0,0.0,0.5639,0.35,17.176,0.1,waspada
0.0,0.0,0.0,93.32,26.07,23.85,10,0,94.956,0.1981,1,0.0,0.0,0.9332,0.75,24.332,0.7,waspada
135.437,183.443,420.765,43.21,25.0,31.37,9,1,292.784,2.0175,1,135.437,61.1478,0.4321,0.75,10.801,0.35,siaga
73.494,177.537,401.885,42.62,30.48,7.68,7,1,137.731,0.05,0,73.494,59.1789,0.4262,0.75,12.989,0.1,siaga
0.0,0.0,0.0,95.22,36.48,32.11,4,0,190.438,2.4117,1,0.0,0.0,0.9522,0.15,34.737,0.5,siaga
7.337,11.872,34.653,59.76,36.19,15.1,11,0,139.334,0.8707,1,7.337,3.9575,0.5976,0.55,21.625,0.85,waspada
0.0,0.0,0.0,93.3,20.32,13.19,11,0,104.85,1.9438,2,0.0,0.0,0.933,0.15,18.962,0.4,siaga
0.0,0.0,0.0,94.18,5.11,29.09,1,0,159.986,3.8136,1,0.0,0.0,0.9418,0.15,4.809,0.1,siaga
0.0,0.0,0.0,50.92,12.94,9.19,8,1,185.64,2.4555,0,0.0,0.0,0.5092,0.75,6.589,0.6,waspada
0.0,0.0,0.0,64.58,13.63,24.8,9,1,234.733,3.6388,1,0.0,0.0,0.6458,0.75,8.805,0.1,waspada
0.0,0.0,0.0,48.8,2.63,15.41,8,1,101.357,1.46,0,0.0,0.0,0.488,0.75,1.282,0.3,waspada
121.403,237.683,539.466,38.24,4.54,29.84,3,0,119.54,3.4631,3,121.403,79.2277,0.3824,0.05,1.736,0.1,siaga
0.0,0.0,0.0,62.34,14.76,7.55,9,1,104.071,0.05,1,0.0,0.0,0.6234,0.55,9.203,0.4,waspada
4.741,13.005,44.583,39.9,26.99,23.14,11,0,59.731,1.4416,1,4.741,4.3352,0.399,0.85,10.767,0.15,waspada
0.0,0.0,0.0,92.7,29.8,32.17,5,0,137.117,3.0021,3,0.0,0.0,0.927,0.35,27.625,0.65,siaga
0.0,0.0,0.0,60.44,12.12,9.57,6,1,68.126,1.3434,1,0.0,0.0,0.6044,0.85,7.326,0.15,waspada
68.397,164.317,444.333,73.1,24.82,11.13,1,0,198.831,2.5447,1,68.397,54.7722,0.731,0.75,18.142,0.3,siaga
0.0,0.0,0.0,56.34,31.23,21.29,2,0,34.555,3.4173,2,0.0,0.0,0.5634,0.75,17.597,0.6,waspada
0.0,0.0,0.0,56.83,22.73,8.62,3,0,121.918,0.9122,0,0.0,0.0,0.5683,0.75,12.919,0.25,waspada
3.892,11.414,34.691,72.78,10.18,13.23,9,1,125.583,1.191,1,3.892,3.8046,0.7278,0.85,7.407,0.1,waspada
0.987,2.094,5.956,57.48,35.5,19.44,3,0,6.449,5.4598,0,0.987,0.6979,0.5748,0.35,20.408,0.1,waspada
0.0,0.0,0.0,30.51,34.64,28.38,12,0,174.687,0.0938,2,0.0,0.0,0.3051,0.75,10.569,0.1,aman
5.622,14.171,49.493,43.55,17.8,1.87,11,0,178.672,2.5094,2,5.622,4.7237,0.4355,0.75,7.754,0.2,waspada
0.0,0.0,0.0,33.12,17.89,31.33,10,0,36.137,1.5706,1,0.0,0.0,0.3312,0.75,5.924,0.15,waspada
0.0,0.0,0.0,84.67,20.59,29.41,10,0,78.877,2.8058,2,0.0,0.0,0.8467,0.55,17.435,0.15,waspada
63.894,141.18,360.697,34.64,18.77,0.64,12,0,158.119,3.1158,0,63.894,47.0601,0.3464,0.75,6.504,0.35,siaga
0.0,0.0,0.0,33.94,26.52,16.58,7,1,39.909,1.5164,1,0.0,0.0,0.3394,0.75,9.002,0.2,waspada
4.658,9.997,42.482,31.34,5.01,24.66,12,0,109.703,1.9446,1,4.658,3.3324,0.3134,0.55,1.57,0.3,waspada
11.773,24.229,61.715,78.02,36.56,19.54,3,0,89.594,3.406,2,11.773,8.0765,0.7802,0.75,28.529,0.75,waspada
71.873,111.462,234.353,79.83,21.6,0.28,2,0,137.716,0.05,1,71.873,37.1541,0.7983,0.75,17.243,0.5,siaga
0.0,0.0,0.0,71.25,32.85,3.68,9,1,76.025,0.05,2,0.0,0.0,0.7125,0.55,23.409,0.6,waspada
25.39,48.288,149.803,44.56,14.54,33.91,12,0,89.415,1.9698,1,25.39,16.0961,0.4456,0.55,6.478,0.5,siaga
10.317,25.351,99.483,79.36,2.55,29.53,4,0,150.184,1.4953,2,10.317,8.4503,0.7936,0.75,2.02,0.35,waspada
8.594,18.676,55.262,54.19,32.9,26.83,7,1,178.39,1.0593,0,8.594,6.2254,0.5419,0.55,17.826,0.75,waspada
9.359,22.869,81.959,81.58,26.0,33.25,1,0,140.497,0.05,2,9.359,7.623,0.8158,0.55,21.211,0.3,siaga
0.0,0.0,0.0,86.75,8.72,2.55,9,1,65.554,1.1534,2,0.0,0.0,0.8675,0.75,7.566,0.45,waspada
96.997,128.468,255.955,64.52,22.13,14.68,11,0,118.129,3.0497,1,96.997,42.8225,0.6452,0.75,14.28,0.4,siaga
0.0,0.0,0.0,54.4,33.39,6.54,3,0,108.523,1.4383,1,0.0,0.0,0.544,0.55,18.165,0.55,waspada
0.0,0.0,0.0,56.05,6.81,33.87,6,1,122.79,2.7329,2,0.0,0.0,0.5605,0.75,3.814,0.2,waspada
0.0,0.0,0.0,81.76,17.33,32.49,8,1,24.415,4.7208,3,0.0,0.0,0.8176,0.55,14.171,0.9,waspada
0.0,0.0,0.0,42.25,18.1,2.86,5,0,0.0,0.4834,1,0.0,0.0,0.4225,0.85,7.646,0.7,waspada
0.0,0.0,0.0,88.13,23.49,33.28,11,0,83.729,0.4902,0,0.0,0.0,0.8813,0.75,20.703,0.8,waspada
0.0,0.0,0.0,94.98,25.72,19.72,12,0,60.325,2.0194,2,0.0,0.0,0.9498,0.85,24.431,0.35,waspada
0.0,0.0,0.0,71.59,16.0,27.38,8,1,109.54,2.0021,3,0.0,0.0,0.7159,1.0,11.453,0.65,waspada
1.08,2.497,7.028,92.76,5.19,20.47,2,0,190.586,2.1351,2,1.08,0.8324,0.9276,0.55,4.812,0.7,waspada
0.568,1.474,4.791,41.94,2.82,27.03,9,1,138.354,0.8998,2,0.568,0.4914,0.4194,0.55,1.184,0.35,waspada
0.0,0.0,0.0,37.07,22.36,34.22,2,0,124.83,3.8201,1,0.0,0.0,0.3707,0.35,8.29,0.3,waspada
11.035,23.481,82.882,31.29,10.4,10.52,8,1,1.286,0.117,2,11.035,7.8269,0.3129,0.75,3.254,0.1,waspada
65.824,163.736,490.872,76.06,11.6,11.64,2,0,222.08,2.9673,0,65.824,54.5788,0.7606,1.0,8.823,0.7,siaga
0.0,0.0,0.0,48.98,27.13,23.4,3,0,133.723,1.4535,2,0.0,0.0,0.4898,0.55,13.287,0.55,waspada
0.0,0.0,0.0,32.13,17.79,23.6,7,1,71.993,0.4017,2,0.0,0.0,0.3213,0.75,5.716,0.85,waspada
0.0,0.0,0.0,96.2,29.81,6.7,5,0,169.282,2.9043,0,0.0,0.0,0.962,0.75,28.674,0.85,waspada
15.834,37.287,148.833,49.66,14.0,9.38,6,1,113.84,4.2481,1,15.834,12.4291,0.4966,0.55,6.954,0.5,waspada
6.025,14.49,47.234,91.13,23.3,34.08,3,0,68.694,2.7289,1,6.025,4.83,0.9113,0.55,21.236,0.8,siaga
6.011,10.133,24.982,35.56,20.4,29.38,9,1,24.708,0.05,2,6.011,3.3776,0.3556,0.85,7.254,0.85,waspada
0.0,0.0,0.0,66.04,9.09,11.63,12,0,4.922,0.6723,1,0.0,0.0,0.6604,0.75,6.005,0.15,waspada
2.191,3.93,19.503,34.72,25.43,5.01,11,0,109.916,1.8798,1,2.191,1.31,0.3472,0.75,8.831,0.9,waspada
22.667,45.798,179.612,90.96,20.98,2.22,4,0,53.686,2.5126,2,22.667,15.2661,0.9096,0.55,19.087,0.15,siaga
135.895,202.897,378.031,55.53,15.22,16.8,8,1,35.105,1.0362,1,135.895,67.6322,0.5553,0.55,8.451,0.5,siaga
23.041,40.805,142.654,62.14,13.37,24.88,2,0,103.584,2.3492,2,23.041,13.6017,0.6214,0.85,8.305,0.2,waspada
0.0,0.0,0.0,54.18,15.94,32.92,9,1,178.615,1.1147,3,0.0,0.0,0.5418,0.85,8.638,0.2,waspada
0.0,0.0,0.0,54.84,14.58,27.69,1,0,129.177,0.7029,1,0.0,0.0,0.5484,0.55,7.997,0.15,waspada
0.0,0.0,0.0,96.22,31.74,22.1,4,0,63.394,0.2519,1,0.0,0.0,0.9622,0.55,30.538,0.75,siaga
16.011,33.335,76.257,32.47,23.83,24.78,8,1,84.78,0.2297,2,16.011,11.1118,0.3247,0.75,7.736,0.35,waspada
0.0,0.0,0.0,52.08,26.06,21.02,12,0,165.747,3.0384,0,0.0,0.0,0.5208,0.75,13.57,0.65,waspada
22.278,46.853,151.381,74.78,26.53,10.99,8,1,109.254,3.2252,0,22.278,15.6176,0.7478,1.0,19.841,0.6,waspada
0.0,0.0,0.0,97.22,4.21,19.92,2,0,198.959,1.3737,2,0.0,0.0,0.9722,0.75,4.093,0.35,waspada
9.257,15.537,52.132,72.66,36.37,14.3,2,0,67.068,4.2842,3,9.257,5.1791,0.7266,0.55,26.423,0.85,siaga
61.852,94.706,325.818,42.73,35.67,12.87,4,0,122.521,0.7287,0,61.852,31.5685,0.4273,0.75,15.241,0.1,siaga
16.383,32.623,95.773,51.28,22.35,30.3,10,0,91.278,3.3757,2,16.383,10.8743,0.5128,0.75,11.459,0.3,waspada
130.028,213.668,370.367,32.96,7.51,28.18,12,0,0.0,2.9436,1,130.028,71.2225,0.3296,0.55,2.476,0.1,siaga
5.356,10.815,35.413,45.14,2.72,31.86,1,0,210.418,0.5516,3,5.356,3.6049,0.4514,0.35,1.227,0.7,waspada
0.0,0.0,0.0,49.95,8.53,23.37,4,0,30.371,1.3203,2,0.0,0.0,0.4995,0.75,4.262,0.15,waspada
6.235,17.495,62.686,74.21,37.86,21.23,11,0,122.222,0.6472,0,6.235,5.8316,0.7421,0.55,28.098,0.8,waspada
12.148,24.324,55.936,55.86,28.14,3.5,6,1,43.867,0.9351,2,12.148,8.1081,0.5586,0.85,15.72,0.25,waspada
0.0,0.0,0.0,89.52,16.56,23.16,3,0,113.99,0.05,1,0.0,0.0,0.8952,0.75,14.827,0.7,waspada
12.417,20.395,71.479,52.99,25.11,13.17,11,0,29.924,0.745,2,12.417,6.7985,0.5299,0.55,13.306,0.1,waspada
18.514,43.675,90.097,82.56,27.64,5.5,5,0,26.323,0.05,1,18.514,14.5584,0.8256,0.55,22.823,0.7,siaga
0.0,0.0,0.0,52.79,22.42,21.81,9,1,26.219,4.0355,3,0.0,0.0,0.5279,0.75,11.836,0.65,waspada
0.0,0.0,0.0,34.86,23.4,27.72,5,0,110.467,0.05,1,0.0,0.0,0.3486,0.55,8.157,0.45,waspada
0.0,0.0,0.0,70.29,19.0,30.67,10,0,194.185,0.9565,1,0.0,0.0,0.7029,0.55,13.355,0.75,waspada
0.0,0.0,0.0,44.95,14.5,34.41,2,0,126.055,3.6527,1,0.0,0.0,0.4495,0.05,6.518,0.45,siaga
7.079,17.788,74.049,69.43,24.9,21.52,7,1,146.117,3.2754,1,7.079,5.9293,0.6943,0.75,17.287,0.1,waspada
0.0,0.0,0.0,39.62,37.51,17.82,1,0,96.573,3.3073,2,0.0,0.0,0.3962,0.75,14.864,0.8,waspada
0.0,0.0,0.0,75.91,28.62,34.68,8,1,162.451,0.6475,0,0.0,0.0,0.7591,0.75,21.722,0.9,waspada
19.907,34.142,69.845,59.68,8.92,27.67,7,1,67.95,4.5039,3,19.907,11.3807,0.5968,0.85,5.322,0.8,waspada
16.408,37.706,101.965,91.82,36.49,3.18,6,1,178.806,2.361,2,16.408,12.5685,0.9182,0.75,33.5,0.2,siaga
1.951,3.69,7.88,54.09,17.91,22.54,4,0,100.069,3.2809,1,1.951,1.23,0.5409,0.75,9.689,0.4,waspada
4.697,9.464,43.254,92.23,37.4,13.94,6,1,91.594,2.7373,0,4.697,3.1545,0.9223,0.75,34.496,0.25,waspada
0.95,2.191,5.43,95.4,13.79,7.12,11,0,80.92,2.5619,1,0.95,0.7303,0.954,0.75,13.155,0.6,waspada
0.0,0.0,0.0,34.64,27.91,11.32,9,1,231.037,2.4102,3,0.0,0.0,0.3464,0.35,9.667,0.9,waspada
14.435,23.076,82.397,46.79,27.44,16.74,2,0,65.762,0.7423,2,14.435,7.692,0.4679,0.75,12.84,0.65,waspada
16.757,26.525,88.216,41.32,24.59,22.16,4,0,85.787,1.289,2,16.757,8.8417,0.4132,0.75,10.159,0.8,waspada
74.572,137.219,346.085,70.07,24.66,13.12,4,0,67.286,2.6241,1,74.572,45.7396,0.7007,0.55,17.28,0.55,siaga
0.0,0.0,0.0,35.52,13.55,32.56,8,1,156.474,3.0997,0,0.0,0.0,0.3552,0.85,4.813,0.8,aman
0.0,0.0,0.0,70.48,20.83,15.4,9,1,90.08,0.8068,3,0.0,0.0,0.7048,0.75,14.684,0.5,waspada
0.0,0.0,0.0,32.03,6.88,19.93,11,0,86.477,1.5528,2,0.0,0.0,0.3203,0.75,2.206,0.15,waspada
0.0,0.0,0.0,84.77,32.18,11.44,10,0,98.238,1.6688,2,0.0,0.0,0.8477,0.55,27.283,0.2,waspada
2.244,6.631,14.138,87.98,21.13,14.56,1,0,58.109,2.2463,0,2.244,2.2102,0.8798,0.35,18.591,0.75,siaga
5.529,15.103,46.851,92.01,7.54,1.45,3,0,93.116,1.1421,1,5.529,5.0343,0.9201,1.0,6.94,0.25,waspada
9.236,21.988,67.078,87.31,30.96,5.59,10,0,182.764,1.9294,1,9.236,7.3292,0.8731,0.55,27.031,0.3,siaga
0.0,0.0,0.0,54.61,30.04,1.61,5,0,0.0,2.8182,1,0.0,0.0,0.5461,0.35,16.404,0.3,waspada
0.0,0.0,0.0,94.92,25.24,2.22,1,0,138.923,0.05,2,0.0,0.0,0.9492,0.55,23.955,0.9,siaga
0.0,0.0,0.0,34.07,37.57,11.13,6,1,142.381,1.6543,2,0.0,0.0,0.3407,0.75,12.803,0.85,waspada
0.0,0.0,0.0,90.5,12.15,6.93,9,1,142.442,0.5803,1,0.0,0.0,0.905,0.75,10.992,0.75,waspada
0.549,1.634,5.704,92.45,21.56,30.46,12,0,73.44,0.224,3,0.549,0.5446,0.9245,0.55,19.927,0.35,siaga
0.0,0.0,0.0,68.7,31.08,18.41,7,1,199.178,4.3994,1,0.0,0.0,0.687,0.75,21.35,0.15,waspada
130.363,219.966,431.231,88.76,12.76,24.51,12,0,112.473,0.05,2,130.363,73.3219,0.8876,0.75,11.324,0.75,awas
2.307,5.767,18.049,44.9,17.55,7.66,3,0,119.468,3.6145,2,2.307,1.9222,0.449,0.55,7.88,0.55,waspada
0.657,1.311,3.685,83.97,27.86,7.64,4,0,72.061,1.1314,1,0.657,0.4371,0.8397,0.35,23.395,0.35,siaga
19.595,42.217,162.846,43.71,25.19,7.76,2,0,87.806,2.7666,0,19.595,14.0724,0.4371,0.55,11.008,0.9,siaga
1.624,2.686,7.812,64.39,21.78,25.75,7,1,29.997,1.9416,1,1.624,0.8953,0.6439,0.15,14.022,0.15,siaga
0.0,0.0,0.0,67.48,15.53,24.84,11,0,99.668,0.3483,2,0.0,0.0,0.6748,0.35,10.483,0.5,waspada
0.0,0.0,0.0,92.97,11.58,4.94,11,0,58.58,2.895,1,0.0,0.0,0.9297,0.75,10.769,0.55,waspada
0.0,0.0,0.0,65.27,14.55,23.27,12,0,0.0,1.9023,2,0.0,0.0,0.6527,0.75,9.498,0.25,waspada
0.0,0.0,0.0,96.27,4.76,15.88,9,1,43.963,0.5319,1,0.0,0.0,0.9627,0.85,4.579,0.85,waspada
0.0,0.0,0.0,65.93,32.66,18.34,1,0,235.956,2.8404,1,0.0,0.0,0.6593,0.55,21.534,0.35,waspada
0.0,0.0,0.0,45.21,14.65,25.9,8,1,222.292,1.1176,1,0.0,0.0,0.4521,0.75,6.622,0.5,aman
0.0,0.0,0.0,40.45,12.01,4.56,10,0,158.466,0.3809,2,0.0,0.0,0.4045,1.0,4.859,0.8,aman
19.891,33.029,120.171,72.37,24.94,29.7,2,0,22.951,3.1032,0,19.891,11.0096,0.7237,0.75,18.045,0.7,siaga
5.979,14.892,61.404,58.62,31.5,12.72,3,0,50.169,1.003,1,5.979,4.964,0.5862,0.75,18.467,0.2,waspada
106.805,137.895,264.224,61.17,36.42,7.51,8,1,126.877,4.8442,2,106.805,45.9651,0.6117,0.85,22.278,0.65,siaga
0.0,0.0,0.0,88.49,21.59,30.55,9,1,63.246,3.0347,1,0.0,0.0,0.8849,0.75,19.105,0.65,waspada
0.0,0.0,0.0,87.51,18.19,22.6,6,1,0.0,2.4377,1,0.0,0.0,0.8751,0.85,15.917,0.2,waspada
13.454,32.904,121.698,37.54,3.15,20.63,8,1,73.719,0.2018,2,13.454,10.9679,0.3754,0.75,1.181,0.6,waspada
0.0,0.0,0.0,87.25,18.58,13.11,10,0,133.034,0.05,1,0.0,0.0,0.8725,0.85,16.21,0.7,waspada
0.0,0.0,0.0,65.49,13.64,32.63,9,1,143.126,4.2784,0,0.0,0.0,0.6549,0.55,8.934,0.25,waspada
0.0,0.0,0.0,73.8,19.43,32.48,11,0,40.516,3.9962,2,0.0,0.0,0.738,0.75,14.336,0.9,waspada
22.811,47.279,120.975,39.75,6.15,5.19,10,0,133.269,0.05,1,22.811,15.7596,0.3975,0.75,2.443,0.25,waspada
0.735,1.685,7.145,92.97,6.75,12.71,1,0,146.096,1.9505,2,0.735,0.5617,0.9297,0.75,6.271,0.2,waspada
0.0,0.0,0.0,70.2,15.52,18.12,11,0,140.509,4.2564,3,0.0,0.0,0.702,0.55,10.894,0.15,waspada
33.426,57.944,175.969,31.37,8.28,6.86,10,0,160.35,1.5188,2,33.426,19.3147,0.3137,0.15,2.599,0.2,siaga
4.549,10.141,36.036,57.53,7.01,18.71,3,0,143.504,3.4337,2,4.549,3.3802,0.5753,0.35,4.034,0.85,waspada
0.0,0.0,0.0,76.86,22.57,18.21,1,0,93.224,0.8312,2,0.0,0.0,0.7686,1.0,17.35,0.5,waspada
4.749,8.109,23.408,81.8,18.2,29.47,1,0,9.151,2.1999,1,4.749,2.7031,0.818,0.55,14.885,0.85,siaga
0.0,0.0,0.0,53.19,3.63,33.55,3,0,92.078,0.603,2,0.0,0.0,0.5319,0.15,1.929,0.85,siaga
16.502,38.654,138.634,81.42,30.35,20.3,5,0,128.428,1.7317,3,16.502,12.8845,0.8142,0.55,24.706,0.9,siaga
4.412,12.397,34.431,90.98,10.74,6.29,6,1,163.991,0.6873,1,4.412,4.1322,0.9098,0.75,9.772,0.5,waspada
0.0,0.0,0.0,49.83,3.15,19.06,2,0,143.683,1.2625,1,0.0,0.0,0.4983,0.35,1.569,0.15,waspada
3.084,6.869,16.042,84.66,28.94,10.08,12,0,47.617,4.6922,1,3.084,2.2895,0.8466,0.55,24.498,0.9,siaga
1.346,2.472,9.427,52.9,21.36,24.71,5,0,100.975,2.9727,1,1.346,0.8239,0.529,0.75,11.298,0.55,waspada
23.433,46.119,150.559,47.4,27.95,9.3,3,0,32.869,1.0821,3,23.433,15.373,0.474,0.75,13.25,0.15,waspada
0.0,0.0,0.0,66.17,27.49,33.02,2,0,124.927,5.3781,2,0.0,0.0,0.6617,1.0,18.186,0.25,waspada
19.151,34.895,71.593,55.67,22.58,34.6,4,0,112.91,2.6759,3,19.151,11.6316,0.5567,0.75,12.573,0.6,waspada
0.0,0.0,0.0,96.21,23.21,9.85,5,0,173.649,4.7887,2,0.0,0.0,0.9621,0.55,22.326,0.15,waspada
0.0,0.0,0.0,40.81,19.56,2.38,7,1,192.162,1.3409,1,0.0,0.0,0.4081,0.55,7.984,0.3,waspada
5.484,11.339,25.571,39.74,10.49,24.21,4,0,182.869,2.869,2,5.484,3.7798,0.3974,0.75,4.168,0.3,aman
0.0,0.0,0.0,62.61,30.76,29.25,6,1,150.778,3.8998,2,0.0,0.0,0.6261,0.55,19.26,0.65,waspada
9.787,20.043,77.159,71.37,17.59,25.62,9,1,112.762,2.3518,1,9.787,6.6811,0.7137,0.55,12.553,0.85,siaga
20.544,33.236,86.357,63.26,27.16,18.94,12,0,116.659,1.8698,2,20.544,11.0788,0.6326,0.55,17.183,0.8,siaga
0.0,0.0,0.0,62.74,32.74,29.13,3,0,173.437,2.471,3,0.0,0.0,0.6274,0.75,20.545,0.4,waspada
0.0,0.0,0.0,78.98,2.89,3.25,1,0,119.409,0.6344,3,0.0,0.0,0.7898,0.55,2.283,0.4,waspada
12.975,22.865,67.803,94.92,8.58,11.07,5,0,68.097,2.2934,1,12.975,7.6215,0.9492,0.75,8.144,0.85,siaga
0.0,0.0,0.0,85.28,6.8,21.77,11,0,117.239,3.4973,2,0.0,0.0,0.8528,0.75,5.796,0.8,waspada
0.0,0.0,0.0,62.48,20.86,29.79,5,0,123.497,1.3713,1,0.0,0.0,0.6248,0.75,13.033,0.85,waspada
0.0,0.0,0.0,50.02,4.2,3.92,6,1,145.439,2.4293,2,0.0,0.0,0.5002,0.75,2.1,0.1,waspada
0.0,0.0,0.0,84.03,36.99,23.86,12,0,38.553,2.297,2,0.0,0.0,0.8403,0.75,31.078,0.35,waspada
16.254,30.631,70.32,58.66,3.81,9.95,9,1,164.257,1.3492,2,16.254,10.2103,0.5866,0.55,2.237,0.15,waspada
0.0,0.0,0.0,55.72,37.11,22.0,5,0,270.143,1.7129,2,0.0,0.0,0.5572,0.75,20.676,0.15,aman
0.0,0.0,0.0,60.51,31.4,1.92,4,0,185.816,5.2511,1,0.0,0.0,0.6051,0.75,19.004,0.9,waspada
34.369,61.055,187.343,43.68,20.42,25.11,1,0,102.276,2.3741,2,34.369,20.3517,0.4368,0.75,8.921,0.7,siaga
0.0,0.0,0.0,93.89,5.02,20.43,2,0,81.378,1.7967,1,0.0,0.0,0.9389,0.55,4.711,0.5,waspada
0.0,0.0,0.0,30.67,23.54,15.58,10,0,232.255,3.1342,3,0.0,0.0,0.3067,0.55,7.221,0.5,aman
15.546,26.699,87.761,39.02,26.41,16.18,11,0,138.233,2.0647,1,15.546,8.8997,0.3902,0.75,10.306,0.7,waspada
34.946,60.314,128.878,43.54,23.09,21.51,3,0,132.403,4.1605,1,34.946,20.1047,0.4354,0.75,10.052,0.6,waspada
0.0,0.0,0.0,86.63,8.2,28.8,4,0,125.992,1.6342,2,0.0,0.0,0.8663,0.75,7.103,0.75,waspada
0.0,0.0,0.0,84.26,18.1,33.91,10,0,82.526,2.1377,1,0.0,0.0,0.8426,0.75,15.255,0.35,waspada
3.842,10.943,42.168,60.98,35.44,15.54,6,1,14.402,1.306,0,3.842,3.6477,0.6098,0.75,21.615,0.85,waspada
0.0,0.0,0.0,75.66,27.1,2.36,12,0,128.987,1.9728,2,0.0,0.0,0.7566,0.15,20.507,0.7,siaga
0.0,0.0,0.0,46.93,33.85,26.96,5,0,181.571,0.05,2,0.0,0.0,0.4693,0.55,15.887,0.7,waspada
60.869,107.484,279.43,43.94,10.93,25.14,4,0,115.643,0.8319,0,60.869,35.8279,0.4394,0.55,4.801,0.75,siaga
5.504,15.643,44.715,50.5,4.62,2.64,6,1,65.578,2.3805,0,5.504,5.2143,0.505,0.55,2.331,0.7,waspada
0.0,0.0,0.0,75.09,27.89,8.52,2,0,87.756,0.6385,2,0.0,0.0,0.7509,0.35,20.945,0.7,siaga
0.0,0.0,0.0,41.83,19.98,23.43,9,1,186.238,3.1627,2,0.0,0.0,0.4183,0.85,8.357,0.7,aman
7.454,12.314,49.135,63.47,27.3,18.67,7,1,48.833,1.308,1,7.454,4.1046,0.6347,0.75,17.329,0.15,waspada
0.0,0.0,0.0,93.02,17.76,32.98,7,1,127.639,1.3413,1,0.0,0.0,0.9302,1.0,16.52,0.75,waspada
13.41,31.687,70.716,83.24,36.39,16.33,8,1,130.715,3.1697,0,13.41,10.5623,0.8324,0.55,30.288,0.2,siaga
0.0,0.0,0.0,33.91,24.97,29.34,8,1,183.471,1.469,3,0.0,0.0,0.3391,1.0,8.469,0.5,aman
4.127,11.464,46.118,76.19,30.69,34.61,12,0,20.371,0.7871,3,4.127,3.8213,0.7619,0.55,23.38,0.3,waspada
54.355,131.966,408.281,90.88,10.52,9.88,3,0,144.818,0.94,0,54.355,43.9886,0.9088,0.75,9.565,0.55,siaga
15.125,34.905,97.928,32.01,19.59,10.36,12,0,145.475,2.2052,2,15.125,11.635,0.3201,0.85,6.271,0.2,waspada
0.0,0.0,0.0,36.58,36.98,19.19,4,0,174.759,1.8378,1,0.0,0.0,0.3658,0.35,13.529,0.5,waspada
33.021,58.341,190.28,96.97,14.94,28.93,9,1,72.644,3.3162,3,33.021,19.4472,0.9697,0.55,14.487,0.7,siaga
0.0,0.0,0.0,52.28,18.37,15.71,6,1,113.758,0.4544,1,0.0,0.0,0.5228,0.55,9.604,0.65,waspada
7.831,12.457,27.11,56.88,36.3,24.16,8,1,210.485,4.0275,1,7.831,4.1525,0.5688,0.35,20.647,0.65,waspada
4.968,11.702,37.658,69.23,28.16,31.81,4,0,161.36,1.4818,0,4.968,3.9006,0.6923,0.85,19.499,0.35,waspada
0.0,0.0,0.0,50.44,27.77,34.4,8,1,162.828,3.1215,0,0.0,0.0,0.5044,0.75,14.008,0.3,waspada
24.957,62.36,244.847,60.33,35.95,7.57,1,0,155.741,3.1101,3,24.957,20.7867,0.6033,0.85,21.69,0.25,waspada
0.0,0.0,0.0,90.98,10.93,34.57,5,0,179.662,0.05,1,0.0,0.0,0.9098,0.75,9.941,0.75,waspada
5.497,11.349,24.486,66.62,36.53,27.47,6,1,107.511,0.991,3,5.497,3.7829,0.6662,0.55,24.334,0.75,waspada
0.0,0.0,0.0,41.73,30.99,4.53,2,0,147.879,3.3656,2,0.0,0.0,0.4173,0.75,12.93,0.15,aman
7.589,21.962,70.242,86.02,37.05,0.18,3,0,14.242,2.2129,2,7.589,7.3208,0.8602,0.75,31.874,0.75,siaga
0.0,0.0,0.0,94.34,27.99,30.47,1,0,197.489,0.05,3,0.0,0.0,0.9434,0.75,26.406,0.45,waspada
31.956,79.55,190.593,45.6,12.0,0.14,2,0,97.711,0.05,2,31.956,26.5167,0.456,0.85,5.474,0.45,siaga
0.0,0.0,0.0,83.72,15.02,11.62,1,0,172.654,2.5363,1,0.0,0.0,0.8372,0.55,12.576,0.65,waspada
5.133,9.979,20.673,32.52,16.08,21.26,11,0,9.815,2.3769,1,5.133,3.3262,0.3252,0.35,5.23,0.85,waspada
1.874,4.856,17.297,72.28,31.38,21.52,11,0,96.261,2.4174,1,1.874,1.6185,0.7228,0.35,22.684,0.45,waspada
0.0,0.0,0.0,49.61,15.74,31.25,8,1,69.902,5.3039,3,0.0,0.0,0.4961,0.15,7.807,0.65,waspada
0.0,0.0,0.0,68.28,37.12,21.68,2,0,77.559,1.8629,1,0.0,0.0,0.6828,0.55,25.347,0.75,waspada
5.586,16.509,52.737,89.89,14.31,3.88,10,0,78.656,3.0267,1,5.586,5.5029,0.8989,0.75,12.863,0.6,waspada
0.0,0.0,0.0,61.92,36.45,24.19,11,0,97.214,2.8928,3,0.0,0.0,0.6192,0.75,22.568,0.1,waspada
0.0,0.0,0.0,49.25,3.14,27.02,4,0,128.281,1.3236,2,0.0,0.0,0.4925,0.35,1.548,0.8,waspada
0.0,0.0,0.0,38.57,34.79,19.27,9,1,35.582,2.3568,2,0.0,0.0,0.3857,0.55,13.418,0.25,waspada
0.0,0.0,0.0,37.95,13.64,19.6,5,0,131.547,2.8033,3,0.0,0.0,0.3795,0.85,5.176,0.85,aman
0.0,0.0,0.0,44.29,34.76,9.46,3,0,125.568,1.6422,1,0.0,0.0,0.4429,0.55,15.398,0.8,waspada
0.0,0.0,0.0,53.37,29.7,7.59,8,1,230.909,0.8929,1,0.0,0.0,0.5337,0.15,15.849,0.65,waspada
0.0,0.0,0.0,58.02,21.66,12.64,7,1,254.045,2.2628,0,0.0,0.0,0.5802,0.55,12.569,0.9,waspada
0.0,0.0,0.0,84.23,22.13,3.64,12,0,75.62,2.4344,1,0.0,0.0,0.8423,0.35,18.641,0.6,siaga
22.138,36.977,143.608,78.32,35.28,26.3,5,0,144.295,2.7398,1,22.138,12.3257,0.7832,0.75,27.632,0.55,siaga
4.047,6.363,23.528,33.37,16.75,22.67,7,1,177.121,0.9626,3,4.047,2.1211,0.3337,0.75,5.588,0.65,waspada
28.466,60.528,189.281,45.62,11.27,2.61,9,1,197.199,0.0705,1,28.466,20.1759,0.4562,0.35,5.142,0.55,siaga
56.787,111.158,297.168,76.09,4.5,20.47,12,0,118.939,1.277,2,56.787,37.0526,0.7609,0.05,3.426,0.3,awas
7.777,12.309,41.247,47.04,18.9,20.7,2,0,102.061,0.1745,3,7.777,4.103,0.4704,0.55,8.89,0.6,waspada
0.0,0.0,0.0,71.11,15.07,22.01,4,0,104.133,1.9273,3,0.0,0.0,0.7111,0.55,10.715,0.1,waspada
0.0,0.0,0.0,56.37,13.01,23.39,9,1,147.046,3.0167,1,0.0,0.0,0.5637,0.75,7.331,0.5,waspada
0.0,0.0,0.0,30.64,14.85,16.22,3,0,162.492,1.7964,1,0.0,0.0,0.3064,0.55,4.549,0.85,waspada
7.519,21.247,102.948,55.71,27.13,31.69,10,0,186.633,2.4023,1,7.519,7.0824,0.5571,0.75,15.113,0.65,waspada
101.27,125.723,279.321,51.14,14.37,28.51,3,0,130.142,5.1805,2,101.27,41.9077,0.5114,0.75,7.352,0.2,siaga
0.0,0.0,0.0,92.5,35.47,25.83,8,1,63.374,2.6186,1,0.0,0.0,0.925,0.85,32.815,0.9,waspada
2.172,4.793,10.193,49.45,22.12,13.62,10,0,76.796,1.9698,1,2.172,1.5978,0.4945,0.55,10.94,0.2,waspada
4.193,10.544,38.212,84.88,12.64,15.27,6,1,124.973,0.5657,3,4.193,3.5145,0.8488,0.75,10.725,0.6,waspada
0.0,0.0,0.0,84.26,22.72,16.3,12,0,145.304,1.6514,2,0.0,0.0,0.8426,0.75,19.141,0.45,waspada
0.0,0.0,0.0,62.93,12.37,12.34,8,1,175.178,1.1035,2,0.0,0.0,0.6293,0.75,7.785,0.4,waspada
1.726,3.357,7.815,41.04,31.41,22.46,3,0,98.531,0.5735,1,1.726,1.1188,0.4104,0.75,12.891,0.2,waspada
0.0,0.0,0.0,52.47,33.73,6.63,2,0,183.316,1.8678,1,0.0,0.0,0.5247,0.55,17.697,0.8,waspada
0.0,0.0,0.0,49.98,4.97,1.65,11,0,124.12,4.6129,1,0.0,0.0,0.4998,0.55,2.483,0.65,waspada
0.0,0.0,0.0,52.52,36.63,1.44,5,0,85.748,1.8551,2,0.0,0.0,0.5252,0.75,19.236,0.5,waspada
0.0,0.0,0.0,66.38,14.9,29.66,11,0,77.865,2.7461,1,0.0,0.0,0.6638,0.75,9.89,0.45,waspada
0.0,0.0,0.0,48.83,15.78,15.45,10,0,93.463,1.8656,3,0.0,0.0,0.4883,0.35,7.704,0.2,waspada
1.187,2.687,9.634,75.78,4.17,17.24,8,1,190.766,2.0877,1,1.187,0.8957,0.7578,0.55,3.157,0.3,waspada
7.7,15.498,67.449,80.33,21.59,23.13,4,0,263.681,1.6083,0,7.7,5.166,0.8033,0.75,17.345,0.8,waspada
0.86,1.429,6.389,81.94,3.05,12.33,9,1,0.0,1.5169,2,0.86,0.4765,0.8194,0.75,2.502,0.7,waspada
10.937,19.679,39.709,44.04,26.09,19.45,8,1,155.048,1.0927,1,10.937,6.5598,0.4404,0.35,11.488,0.25,waspada
54.187,103.373,326.931,44.06,20.34,29.97,12,0,137.593,4.3499,2,54.187,34.4575,0.4406,0.75,8.962,0.5,siaga
74.075,178.388,491.037,83.07,37.21,12.55,1,0,176.653,0.307,1,74.075,59.4627,0.8307,1.0,30.91,0.45,siaga
48.198,97.09,313.051,60.9,5.9,17.09,1,0,136.6,2.9648,2,48.198,32.3634,0.609,0.85,3.594,0.75,siaga
1.159,2.216,4.62,80.17,28.64,8.47,4,0,195.859,0.3498,3,1.159,0.7386,0.8017,0.55,22.96,0.85,waspada
5.512,12.046,44.535,73.25,25.35,31.22,10,0,155.141,1.256,1,5.512,4.0154,0.7325,0.85,18.567,0.1,waspada
2.946,6.929,15.81,84.71,27.52,5.55,3,0,9.831,2.4126,1,2.946,2.3096,0.8471,0.75,23.308,0.9,waspada
15.231,29.376,114.714,92.27,30.43,32.75,4,0,147.526,3.4261,1,15.231,9.7921,0.9227,0.55,28.079,0.15,siaga
0.0,0.0,0.0,52.04,31.9,10.59,6,1,73.426,2.7375,0,0.0,0.0,0.5204,0.75,16.601,0.8,waspada
0.0,0.0,0.0,73.17,6.14,26.49,10,0,57.037,1.0257,2,0.0,0.0,0.7317,0.85,4.495,0.8,waspada
8.305,13.71,38.338,73.88,15.01,33.25,10,0,90.924,1.119,1,8.305,4.5701,0.7388,0.75,11.091,0.4,waspada
0.0,0.0,0.0,76.35,17.99,5.73,2,0,214.506,0.6022,3,0.0,0.0,0.7635,0.55,13.738,0.7,waspada
2.145,5.867,21.151,47.48,20.91,3.31,10,0,102.396,2.2354,2,2.145,1.9555,0.4748,0.55,9.929,0.45,waspada
46.948,92.01,317.091,86.67,4.32,3.45,6,1,110.354,1.2221,1,46.948,30.6702,0.8667,0.75,3.747,0.25,siaga
0.0,0.0,0.0,49.32,34.01,2.36,8,1,113.252,3.1504,0,0.0,0.0,0.4932,0.55,16.776,0.25,waspada
2.048,3.634,16.714,86.96,36.52,25.95,6,1,231.102,4.2421,1,2.048,1.2112,0.8696,0.55,31.76,0.3,waspada
0.0,0.0,0.0,42.32,3.37,10.5,8,1,63.368,4.4605,0,0.0,0.0,0.4232,0.55,1.424,0.8,waspada
102.234,169.26,411.526,94.81,15.55,1.6,6,1,196.826,0.7022,1,102.234,56.4201,0.9481,0.55,14.742,0.25,awas
0.0,0.0,0.0,71.87,10.55,18.76,6,1,110.122,3.358,2,0.0,0.0,0.7187,0.75,7.58,0.85,waspada
0.0,0.0,0.0,72.32,33.04,34.41,8,1,95.214,0.05,3,0.0,0.0,0.7232,0.75,23.894,0.55,waspada
6.678,11.091,54.978,73.16,30.31,31.11,9,1,14.867,3.9782,1,6.678,3.697,0.7316,0.75,22.176,0.5,waspada
0.0,0.0,0.0,49.24,22.11,11.02,11,0,198.684,3.6603,3,0.0,0.0,0.4924,0.75,10.885,0.2,aman
24.826,57.371,115.651,72.52,25.86,4.54,5,0,244.899,0.7385,1,24.826,19.1236,0.7252,0.75,18.751,0.45,siaga
0.0,0.0,0.0,55.33,31.31,16.59,11,0,127.906,2.17,1,0.0,0.0,0.5533,0.75,17.32,0.15,waspada
2.725,7.644,32.141,35.21,37.38,1.16,3,0,146.152,2.561,2,2.725,2.5479,0.3521,0.75,13.161,0.25,aman
0.0,0.0,0.0,81.45,10.32,30.09,1,0,121.811,2.3189,3,0.0,0.0,0.8145,0.75,8.403,0.6,waspada
0.0,0.0,0.0,87.38,4.7,7.53,5,0,4.098,1.1777,1,0.0,0.0,0.8738,0.75,4.107,0.4,waspada
8.604,19.888,63.265,54.45,22.24,22.03,6,1,174.401,1.1075,1,8.604,6.6295,0.5445,1.0,12.109,0.8,waspada
32.007,68.773,178.803,54.75,19.15,4.52,7,1,74.566,0.05,2,32.007,22.9243,0.5475,0.75,10.484,0.45,siaga
11.822,28.115,61.702,87.72,24.66,13.1,7,1,31.601,2.979,1,11.822,9.3717,0.8772,0.75,21.631,0.25,siaga
0.0,0.0,0.0,44.63,23.55,14.37,12,0,135.809,0.9489,1,0.0,0.0,0.4463,0.55,10.509,0.6,waspada
14.327,35.624,98.449,73.02,33.54,24.46,11,0,159.929,1.6695,3,14.327,11.8745,0.7302,0.75,24.49,0.5,siaga
1.463,3.913,17.707,39.28,9.66,5.69,5,0,73.358,2.6595,0,1.463,1.3043,0.3928,0.75,3.794,0.5,waspada
0.0,0.0,0.0,35.64,9.97,34.82,1,0,247.537,0.05,0,0.0,0.0,0.3564,0.35,3.555,0.4,waspada
0.0,0.0,0.0,41.48,28.14,33.99,12,0,181.834,2.0709,1,0.0,0.0,0.4148,0.35,11.673,0.35,waspada
1.746,3.558,12.771,92.26,7.12,4.16,5,0,116.329,3.4069,2,1.746,1.1861,0.9226,0.15,6.566,0.5,siaga
0.812,2.052,5.834,61.25,15.2,32.0,7,1,94.51,2.6732,1,0.812,0.6841,0.6125,0.75,9.309,0.45,waspada
142.218,194.443,397.786,69.28,19.0,22.44,4,0,148.95,2.794,2,142.218,64.8142,0.6928,0.55,13.163,0.85,siaga
0.0,0.0,0.0,79.04,32.3,12.28,11,0,106.645,7.6394,2,0.0,0.0,0.7904,0.75,25.532,0.45,waspada
15.632,27.742,85.66,92.56,25.33,3.99,6,1,120.182,0.3248,1,15.632,9.2474,0.9256,0.75,23.444,0.4,siaga
37.776,60.255,179.554,67.8,14.7,31.72,8,1,118.039,0.05,2,37.776,20.0852,0.678,0.55,9.97,0.4,siaga
0.0,0.0,0.0,85.88,2.32,3.28,3,0,75.899,2.2638,1,0.0,0.0,0.8588,0.55,1.991,0.85,siaga
17.0,42.256,135.874,78.61,28.1,23.44,12,0,114.542,1.5664,0,17.0,14.0855,0.7861,0.75,22.087,0.4,siaga
0.0,0.0,0.0,56.16,2.8,31.67,11,0,109.723,1.8772,1,0.0,0.0,0.5616,0.55,1.574,0.1,waspada
6.958,17.74,63.122,45.16,27.1,0.43,6,1,154.688,2.2595,3,6.958,5.9132,0.4516,0.55,12.235,0.25,waspada
35.927,55.677,124.884,62.13,2.47,8.64,10,0,176.025,2.1969,2,35.927,18.5589,0.6213,0.75,1.532,0.5,siaga
0.0,0.0,0.0,90.59,16.4,7.35,10,0,86.068,0.4449,3,0.0,0.0,0.9059,0.55,14.854,0.45,siaga
16.374,33.332,131.685,75.75,20.15,28.32,6,1,129.927,2.3028,1,16.374,11.1106,0.7575,0.75,15.261,0.35,siaga
0.0,0.0,0.0,72.45,20.35,24.81,5,0,98.83,1.5674,2,0.0,0.0,0.7245,0.35,14.743,0.65,siaga
0.0,0.0,0.0,73.73,36.18,33.16,2,0,104.039,3.725,2,0.0,0.0,0.7373,0.75,26.672,0.55,waspada
0.0,0.0,0.0,73.96,28.36,1.13,5,0,133.451,0.8664,1,0.0,0.0,0.7396,0.15,20.975,0.9,siaga
0.0,0.0,0.0,58.48,28.04,18.62,4,0,34.449,4.7284,2,0.0,0.0,0.5848,0.75,16.396,0.75,waspada
7.657,17.842,36.364,60.29,13.99,23.56,8,1,61.351,0.05,2,7.657,5.9472,0.6029,0.55,8.433,0.7,waspada
2.497,5.904,16.555,62.79,35.14,30.1,6,1,80.983,2.8245,1,2.497,1.968,0.6279,0.55,22.063,0.45,waspada
0.0,0.0,0.0,81.75,18.89,17.19,12,0,199.087,3.066,1,0.0,0.0,0.8175,0.55,15.442,0.75,waspada
0.0,0.0,0.0,44.74,2.08,1.03,4,0,119.265,2.382,1,0.0,0.0,0.4474,0.55,0.93,0.5,waspada
0.0,0.0,0.0,72.53,26.18,20.6,12,0,182.323,2.8574,0,0.0,0.0,0.7253,0.85,18.986,0.9,waspada
0.0,0.0,0.0,89.67,34.94,10.14,1,0,81.782,3.9787,2,0.0,0.0,0.8967,1.0,31.328,0.8,waspada
0.0,0.0,0.0,95.02,28.4,21.87,7,1,201.368,1.9779,1,0.0,0.0,0.9502,0.85,26.991,0.75,waspada
0.0,0.0,0.0,33.65,29.61,17.35,5,0,252.282,3.3374,1,0.0,0.0,0.3365,0.85,9.966,0.55,aman
15.348,35.532,100.939,47.07,37.45,30.91,12,0,200.809,0.8487,3,15.348,11.844,0.4707,0.75,17.628,0.85,waspada
0.0,0.0,0.0,90.21,6.21,7.71,8,1,188.343,4.3067,3,0.0,0.0,0.9021,0.75,5.601,0.75,waspada
4.203,10.474,21.607,63.02,12.96,22.16,3,0,82.669,1.4287,2,4.203,3.4912,0.6302,0.55,8.169,0.8,waspada
38.006,69.593,197.556,45.25,10.34,15.54,5,0,44.274,0.7329,3,38.006,23.1976,0.4525,0.15,4.676,0.1,siaga
20.606,39.602,155.936,70.29,26.35,7.49,1,0,94.256,4.5742,2,20.606,13.2007,0.7029,0.75,18.519,0.55,siaga
0.0,0.0,0.0,86.32,24.89,31.89,6,1,184.43,0.3734,2,0.0,0.0,0.8632,0.75,21.489,0.1,waspada
5.306,10.859,30.278,74.46,33.39,8.5,7,1,130.316,3.9062,1,5.306,3.6195,0.7446,0.55,24.866,0.7,waspada
1.091,2.344,9.519,55.03,11.64,14.29,7,1,89.899,1.5394,2,1.091,0.7812,0.5503,0.75,6.405,0.25,waspada
0.0,0.0,0.0,94.29,26.25,3.92,6,1,101.219,0.9335,1,0.0,0.0,0.9429,1.0,24.751,0.55,waspada
15.124,33.042,70.084,81.85,4.6,4.47,10,0,209.383,1.6193,2,15.124,11.014,0.8185,0.35,3.765,0.2,siaga
0.0,0.0,0.0,68.66,29.06,25.35,11,0,142.383,2.0083,1,0.0,0.0,0.6866,1.0,19.951,0.75,waspada
0.0,0.0,0.0,81.05,2.16,9.76,4,0,117.252,0.05,2,0.0,0.0,0.8105,0.05,1.754,0.85,siaga
0.0,0.0,0.0,34.6,9.41,12.15,11,0,87.481,0.05,2,0.0,0.0,0.346,0.55,3.255,0.85,waspada
5.055,9.377,44.792,80.91,28.96,22.44,6,1,33.217,1.7932,0,5.055,3.1258,0.8091,0.75,23.435,0.1,waspada
0.0,0.0,0.0,73.26,10.14,31.97,1,0,184.603,1.6466,0,0.0,0.0,0.7326,0.75,7.431,0.45,waspada
7.052,14.69,62.845,77.0,23.03,30.14,6,1,102.803,2.1274,2,7.052,4.8966,0.77,0.55,17.731,0.55,siaga
0.0,0.0,0.0,91.42,30.54,5.02,7,1,58.769,2.0503,2,0.0,0.0,0.9142,0.55,27.919,0.55,siaga
19.721,31.955,66.267,48.5,29.12,0.39,9,1,0.0,3.1496,1,19.721,10.6517,0.485,0.75,14.124,0.7,waspada
0.0,0.0,0.0,68.51,20.74,34.09,8,1,158.01,2.1317,3,0.0,0.0,0.6851,0.55,14.21,0.6,waspada
135.737,254.38,572.78,82.49,31.36,4.92,12,0,214.784,2.3225,2,135.737,84.7935,0.8249,0.55,25.87,0.5,awas
22.859,34.75,121.916,72.93,11.92,27.58,4,0,16.561,1.6588,1,22.859,11.5833,0.7293,0.75,8.693,0.75,siaga
11.521,18.747,74.103,87.57,12.19,30.7,7,1,104.923,0.05,2,11.521,6.2489,0.8757,0.75,10.672,0.45,siaga
0.0,0.0,0.0,75.67,19.26,29.44,2,0,52.13,1.8187,0,0.0,0.0,0.7567,0.75,14.575,0.75,waspada
5.609,13.23,29.25,72.66,3.7,27.89,10,0,67.811,2.8884,1,5.609,4.4099,0.7266,0.85,2.688,0.2,waspada
0.0,0.0,0.0,85.2,37.4,27.34,8,1,13.495,3.403,0,0.0,0.0,0.852,0.75,31.867,0.15,waspada
12.914,24.019,91.448,60.88,29.47,17.41,11,0,99.067,0.7045,1,12.914,8.0065,0.6088,0.75,17.944,0.5,waspada
0.0,0.0,0.0,56.54,17.0,27.27,7,1,195.765,1.9571,2,0.0,0.0,0.5654,0.75,9.612,0.65,waspada
8.851,15.111,36.348,37.33,8.29,10.65,8,1,157.027,1.5105,1,8.851,5.0369,0.3733,1.0,3.096,0.6,waspada
0.0,0.0,0.0,52.57,18.6,23.01,4,0,119.834,0.7041,0,0.0,0.0,0.5257,0.55,9.779,0.85,waspada
0.0,0.0,0.0,84.24,22.44,11.81,6,1,94.001,0.05,2,0.0,0.0,0.8424,0.05,18.904,0.85,siaga
0.0,0.0,0.0,31.55,18.89,25.48,9,1,201.36,1.2149,1,0.0,0.0,0.3155,0.55,5.961,0.25,waspada
0.0,0.0,0.0,65.12,17.74,1.23,10,0,142.608,1.789,2,0.0,0.0,0.6512,0.75,11.554,0.8,waspada
0.0,0.0,0.0,54.97,20.5,32.33,10,0,58.894,2.4605,1,0.0,0.0,0.5497,0.55,11.269,0.25,waspada
0.0,0.0,0.0,55.71,2.99,22.68,5,0,72.093,3.6241,2,0.0,0.0,0.5571,0.75,1.665,0.15,waspada
0.0,0.0,0.0,64.16,11.26,26.13,9,1,185.029,5.4325,3,0.0,0.0,0.6416,0.85,7.227,0.4,waspada
0.0,0.0,0.0,60.13,26.93,4.67,7,1,109.948,1.2756,2,0.0,0.0,0.6013,0.75,16.195,0.3,waspada
0.0,0.0,0.0,69.32,31.97,25.34,8,1,194.715,3.9224,1,0.0,0.0,0.6932,0.75,22.164,0.9,waspada
0.0,0.0,0.0,68.02,35.12,14.42,5,0,161.501,3.1327,1,0.0,0.0,0.6802,0.85,23.892,0.45,waspada
60.242,97.628,211.992,81.25,20.37,15.87,5,0,64.832,2.9261,1,60.242,32.5427,0.8125,0.75,16.548,0.45,siaga
50.308,94.351,284.874,54.21,3.73,19.91,4,0,139.836,2.5492,2,50.308,31.4505,0.5421,0.85,2.023,0.3,siaga
0.692,1.421,6.113,85.41,29.76,28.75,12,0,156.749,3.2403,1,0.692,0.4738,0.8541,0.75,25.42,0.8,waspada
3.122,5.564,14.193,57.53,24.21,3.55,10,0,47.608,1.9159,2,3.122,1.8545,0.5753,0.85,13.926,0.9,waspada
22.45,52.65,162.753,33.73,4.03,2.08,5,0,60.952,4.5209,1,22.45,17.5499,0.3373,0.55,1.359,0.6,siaga
0.0,0.0,0.0,43.08,27.38,33.68,12,0,73.449,0.05,2,0.0,0.0,0.4308,0.35,11.795,0.35,waspada
0.0,0.0,0.0,64.07,11.85,10.05,10,0,15.956,1.7327,1,0.0,0.0,0.6407,0.75,7.594,0.6,waspada
23.7,55.947,212.609,52.48,25.82,17.08,2,0,94.378,0.8181,1,23.7,18.649,0.5248,0.55,13.549,0.75,siaga
0.0,0.0,0.0,80.77,21.76,24.21,4,0,90.853,0.506,2,0.0,0.0,0.8077,0.75,17.571,0.35,waspada
0.0,0.0,0.0,74.86,14.7,20.87,12,0,117.037,0.6574,2,0.0,0.0,0.7486,0.35,11.005,0.85,siaga
0.0,0.0,0.0,78.76,32.9,28.18,10,0,37.72,1.4565,1,0.0,0.0,0.7876,0.75,25.911,0.5,waspada
0.0,0.0,0.0,37.28,22.79,23.89,5,0,127.613,3.7389,2,0.0,0.0,0.3728,0.35,8.496,0.4,waspada
0.0,0.0,0.0,57.94,36.07,26.47,10,0,72.929,2.2659,2,0.0,0.0,0.5794,0.55,20.897,0.15,waspada
0.0,0.0,0.0,72.54,8.71,17.36,10,0,88.179,2.3475,1,0.0,0.0,0.7254,0.55,6.321,0.9,waspada
5.72,14.719,32.692,35.01,2.65,25.17,4,0,50.71,1.4925,1,5.72,4.9064,0.3501,0.75,0.927,0.1,waspada
4.664,8.457,32.308,46.79,37.7,27.84,8,1,200.116,1.527,0,4.664,2.8191,0.4679,0.55,17.641,0.5,waspada
23.32,39.56,129.741,49.3,26.34,33.53,2,0,78.233,1.1601,1,23.32,13.1868,0.493,0.75,12.989,0.7,waspada
0.0,0.0,0.0,51.58,18.74,32.41,1,0,81.84,1.1459,3,0.0,0.0,0.5158,0.85,9.667,0.2,waspada
0.0,0.0,0.0,37.36,19.43,1.77,12,0,90.464,2.7785,0,0.0,0.0,0.3736,0.55,7.258,0.15,waspada
1.497,3.107,11.074,76.47,24.55,30.27,8,1,123.479,2.6027,1,1.497,1.0355,0.7647,0.55,18.77,0.55,waspada
23.187,36.234,126.097,46.92,18.4,28.79,4,0,141.941,2.0429,2,23.187,12.0779,0.4692,0.15,8.635,0.4,siaga
13.671,24.371,60.873,40.61,11.35,8.97,3,0,173.78,1.7344,3,13.671,8.1235,0.4061,0.55,4.608,0.65,waspada
28.209,67.148,227.819,55.91,19.22,11.25,4,0,144.567,0.6193,2,28.209,22.3826,0.5591,0.75,10.747,0.65,siaga
0.0,0.0,0.0,79.02,21.28,4.11,8,1,255.096,1.1402,1,0.0,0.0,0.7902,0.75,16.814,0.5,waspada
3.996,8.402,25.429,80.95,7.26,4.97,10,0,46.912,0.6337,0,3.996,2.8007,0.8095,0.35,5.88,0.75,siaga
0.0,0.0,0.0,87.95,26.61,15.12,12,0,203.572,2.8401,2,0.0,0.0,0.8795,0.75,23.409,0.25,waspada
4.747,11.646,30.646,52.54,17.29,15.17,1,0,152.29,3.7072,2,4.747,3.882,0.5254,0.55,9.087,0.9,waspada
5.891,14.212,64.647,72.56,11.65,21.92,12,0,138.381,2.6628,1,5.891,4.7372,0.7256,0.75,8.452,0.4,waspada
0.0,0.0,0.0,88.01,25.38,6.35,5,0,286.949,4.4869,1,0.0,0.0,0.8801,0.75,22.338,0.45,waspada
0.0,0.0,0.0,31.55,26.49,18.02,3,0,109.954,2.2416,0,0.0,0.0,0.3155,0.75,8.358,0.8,waspada
4.84,12.948,47.121,75.93,23.15,26.63,5,0,97.275,6.511,3,4.84,4.316,0.7593,0.35,17.579,0.2,waspada
0.0,0.0,0.0,60.08,21.46,16.99,8,1,290.198,1.1743,1,0.0,0.0,0.6008,0.55,12.896,0.6,waspada
61.146,144.248,503.604,71.98,2.93,5.79,1,0,146.577,0.05,2,61.146,48.0828,0.7198,0.35,2.111,0.9,awas
5.779,9.805,31.584,55.99,9.67,22.07,9,1,179.805,4.7673,0,5.779,3.2682,0.5599,0.55,5.413,0.1,waspada
0.0,0.0,0.0,66.64,26.81,18.57,12,0,258.868,3.9359,1,0.0,0.0,0.6664,0.15,17.863,0.4,waspada
2.796,6.822,30.145,57.34,11.91,9.45,10,0,156.559,0.05,1,2.796,2.274,0.5734,0.75,6.827,0.85,waspada
0.0,0.0,0.0,57.38,33.94,28.4,11,0,283.25,3.046,2,0.0,0.0,0.5738,0.35,19.475,0.9,waspada
0.0,0.0,0.0,72.62,27.28,0.55,11,0,167.757,0.05,2,0.0,0.0,0.7262,0.35,19.807,0.35,waspada
0.0,0.0,0.0,79.65,25.58,10.78,2,0,241.312,2.6588,2,0.0,0.0,0.7965,0.55,20.378,0.2,waspada
0.0,0.0,0.0,34.83,21.09,24.77,3,0,343.862,1.4829,2,0.0,0.0,0.3483,1.0,7.343,0.6,aman
74.146,163.428,533.346,42.81,4.65,16.39,5,0,183.162,3.9234,1,74.146,54.4759,0.4281,0.85,1.992,0.25,siaga
0.0,0.0,0.0,62.55,33.5,12.72,10,0,207.496,1.4368,2,0.0,0.0,0.6255,0.75,20.955,0.25,waspada
0.0,0.0,0.0,85.97,13.19,4.06,10,0,266.118,2.4611,0,0.0,0.0,0.8597,1.0,11.336,0.25,waspada
4.415,12.385,52.373,96.25,30.17,5.86,12,0,141.172,0.9255,1,4.415,4.1282,0.9625,0.55,29.041,0.15,siaga
0.0,0.0,0.0,88.69,13.21,16.27,1,0,262.334,1.9711,3,0.0,0.0,0.8869,0.75,11.72,0.35,waspada
1.968,5.891,21.936,54.08,17.64,4.96,4,0,276.44,1.8914,2,1.968,1.9638,0.5408,0.55,9.542,0.35,waspada
12.852,23.194,66.489,48.75,22.98,1.68,4,0,145.277,2.9077,0,12.852,7.7314,0.4875,0.75,11.201,0.1,waspada
0.0,0.0,0.0,77.74,3.45,17.55,1,0,94.286,5.8548,1,0.0,0.0,0.7774,0.55,2.686,0.25,waspada
0.0,0.0,0.0,90.75,15.35,22.63,8,1,113.319,4.1877,3,0.0,0.0,0.9075,0.75,13.927,0.1,waspada
11.483,22.065,52.422,61.77,7.52,33.66,12,0,315.17,0.3,2,11.483,7.355,0.6177,0.55,4.642,0.75,waspada
76.905,179.558,434.107,31.84,19.44,32.02,12,0,159.585,5.6573,2,76.905,59.8528,0.3184,0.85,6.19,0.45,siaga
55.553,118.227,242.24,72.68,29.8,13.27,4,0,112.058,0.5405,2,55.553,39.409,0.7268,0.55,21.66,0.2,siaga
22.991,52.314,193.615,58.55,35.53,4.87,1,0,187.278,5.1725,0,22.991,17.4378,0.5855,0.75,20.802,0.4,waspada
0.0,0.0,0.0,49.2,35.5,21.53,11,0,393.588,0.05,1,0.0,0.0,0.492,0.85,17.465,0.45,aman
0.0,0.0,0.0,65.67,19.26,2.91,12,0,245.873,0.05,1,0.0,0.0,0.6567,0.75,12.651,0.75,waspada
9.007,18.231,63.951,96.58,25.55,28.13,4,0,310.413,4.8246,1,9.007,6.0771,0.9658,0.15,24.678,0.55,siaga
19.453,36.405,93.853,40.19,30.3,27.13,11,0,301.294,4.3658,2,19.453,12.1351,0.4019,0.35,12.18,0.6,waspada
39.561,75.773,264.301,49.75,37.22,9.6,9,1,182.747,3.8097,1,39.561,25.2576,0.4975,0.75,18.52,0.2,siaga
0.0,0.0,0.0,75.64,17.92,14.51,5,0,401.558,0.1848,1,0.0,0.0,0.7564,0.55,13.552,0.15,waspada
0.0,0.0,0.0,65.12,37.91,25.33,10,0,318.863,5.1609,3,0.0,0.0,0.6512,0.55,24.686,0.2,waspada
0.0,0.0,0.0,94.75,16.96,10.86,8,1,286.779,2.1122,1,0.0,0.0,0.9475,0.55,16.066,0.6,waspada
6.56,15.387,46.629,38.61,25.9,18.73,11,0,208.109,5.0772,0,6.56,5.129,0.3861,0.75,10.0,0.35,aman
11.231,17.504,67.099,63.28,34.15,30.94,2,0,259.304,4.7156,1,11.231,5.8346,0.6328,0.55,21.608,0.9,waspada
0.0,0.0,0.0,78.23,35.07,32.61,9,1,195.87,3.8761,2,0.0,0.0,0.7823,0.55,27.439,0.3,waspada
0.0,0.0,0.0,38.89,25.39,34.69,12,0,212.125,1.3519,2,0.0,0.0,0.3889,0.55,9.875,0.1,waspada
0.0,0.0,0.0,97.39,36.08,4.09,11,0,181.535,4.5352,1,0.0,0.0,0.9739,0.55,35.136,0.9,siaga
0.0,0.0,0.0,34.47,2.28,24.84,7,1,214.301,0.5424,2,0.0,0.0,0.3447,0.15,0.786,0.8,waspada
1.31,3.524,17.323,43.45,16.17,32.89,6,1,192.192,2.4395,2,1.31,1.1747,0.4345,0.55,7.027,0.45,waspada
2.379,5.698,12.894,42.29,26.1,7.63,6,1,328.745,7.2887,0,2.379,1.8992,0.4229,0.35,11.036,0.75,waspada
0.0,0.0,0.0,52.98,8.15,27.3,1,0,244.849,6.2799,0,0.0,0.0,0.5298,0.35,4.317,0.9,waspada
11.751,20.092,51.087,66.74,11.96,27.02,9,1,145.387,8.4941,1,11.751,6.6972,0.6674,0.75,7.982,0.6,waspada
0.0,0.0,0.0,58.06,20.74,12.11,8,1,88.901,1.638,3,0.0,0.0,0.5806,0.55,12.043,0.65,waspada
12.787,28.694,108.274,34.85,23.08,28.26,10,0,221.332,0.05,0,12.787,9.5645,0.3485,0.75,8.043,0.3,waspada
21.878,48.199,191.214,68.28,16.56,23.62,6,1,115.667,3.4835,2,21.878,16.0662,0.6828,0.55,11.311,0.8,siaga
34.975,53.305,106.829,97.85,20.24,27.14,4,0,272.257,0.3696,0,34.975,17.7682,0.9785,0.75,19.8,0.5,siaga
3.27,6.27,14.708,37.27,6.36,11.54,12,0,131.947,3.8058,0,3.27,2.0902,0.3727,0.55,2.371,0.15,waspada
0.0,0.0,0.0,64.47,31.7,9.37,4,0,209.397,3.1197,3,0.0,0.0,0.6447,0.15,20.439,0.15,waspada
14.232,22.818,89.95,31.46,28.79,14.64,3,0,157.555,5.8343,1,14.232,7.6059,0.3146,0.55,9.057,0.35,waspada
0.0,0.0,0.0,69.35,9.67,3.74,11,0,200.551,2.1327,2,0.0,0.0,0.6935,0.75,6.707,0.3,waspada
5.217,12.172,52.154,48.0,16.65,10.26,8,1,154.476,3.3494,3,5.217,4.0572,0.48,0.35,7.991,0.6,waspada
48.785,94.692,244.724,64.51,4.33,6.91,4,0,119.428,0.05,1,48.785,31.5641,0.6451,0.15,2.791,0.25,awas
17.5,29.207,64.591,90.41,20.74,0.89,11,0,110.447,3.9968,2,17.5,9.7356,0.9041,0.75,18.748,0.15,waspada
13.628,24.623,91.908,58.74,4.96,31.96,4,0,250.363,1.7448,2,13.628,8.2076,0.5874,0.75,2.911,0.8,waspada
0.0,0.0,0.0,89.54,25.89,13.49,11,0,305.262,3.8196,2,0.0,0.0,0.8954,0.75,23.183,0.55,waspada
6.939,15.125,43.996,90.0,5.77,18.83,11,0,242.176,1.6501,1,6.939,5.0417,0.9,0.75,5.189,0.7,waspada
0.0,0.0,0.0,67.05,25.28,27.72,12,0,346.954,0.05,1,0.0,0.0,0.6705,0.75,16.948,0.2,waspada
0.0,0.0,0.0,34.77,9.5,5.41,10,0,319.665,3.1524,1,0.0,0.0,0.3477,0.35,3.302,0.8,waspada
7.227,18.136,79.805,70.47,28.27,25.58,4,0,233.26,0.3606,1,7.227,6.0453,0.7047,0.55,19.925,0.4,waspada
0.0,0.0,0.0,46.27,2.93,15.44,8,1,335.984,4.3489,1,0.0,0.0,0.4627,0.35,1.355,0.3,waspada
20.073,42.588,147.258,52.72,15.74,33.24,12,0,202.984,0.05,1,20.073,14.196,0.5272,0.05,8.298,0.8,siaga
0.0,0.0,0.0,97.9,17.01,13.76,12,0,376.831,0.05,2,0.0,0.0,0.979,0.15,16.65,0.9,siaga
7.939,14.338,43.036,39.96,5.86,5.71,12,0,101.306,1.2622,2,7.939,4.7795,0.3996,0.75,2.341,0.85,waspada
24.053,38.013,82.238,84.46,25.84,1.99,5,0,270.985,2.0187,1,24.053,12.671,0.8446,0.55,21.828,0.25,siaga
7.472,11.798,27.751,85.9,2.37,3.16,2,0,202.338,0.3077,2,7.472,3.9328,0.859,0.85,2.036,0.8,waspada
0.0,0.0,0.0,82.64,33.45,3.17,3,0,283.852,1.8424,2,0.0,0.0,0.8264,0.55,27.648,0.1,waspada
0.0,0.0,0.0,79.11,15.44,34.32,2,0,147.089,5.2313,1,0.0,0.0,0.7911,0.55,12.213,0.4,waspada
5.701,16.82,82.724,32.73,34.09,24.44,6,1,143.645,3.4226,0,5.701,5.6067,0.3273,0.35,11.16,0.3,waspada
0.0,0.0,0.0,77.27,19.2,8.67,5,0,375.269,2.9077,2,0.0,0.0,0.7727,0.75,14.839,0.5,waspada
52.704,88.785,240.493,49.5,28.03,26.83,2,0,229.412,2.0562,2,52.704,29.595,0.495,0.55,13.875,0.15,siaga
0.0,0.0,0.0,33.81,23.11,7.35,6,1,173.552,3.9535,1,0.0,0.0,0.3381,0.35,7.815,0.6,waspada
0.0,0.0,0.0,64.61,3.61,27.21,12,0,322.491,5.4899,2,0.0,0.0,0.6461,0.75,2.331,0.55,waspada
0.0,0.0,0.0,39.59,26.47,16.79,1,0,208.165,5.7067,0,0.0,0.0,0.3959,0.75,10.479,0.35,aman
0.0,0.0,0.0,78.35,6.12,6.28,10,0,233.342,5.9721,2,0.0,0.0,0.7835,0.75,4.794,0.4,waspada
21.666,33.976,87.182,65.16,2.74,29.68,10,0,291.765,3.6445,0,21.666,11.3254,0.6516,0.55,1.788,0.35,waspada
0.0,0.0,0.0,30.26,23.26,15.77,6,1,241.747,2.6455,2,0.0,0.0,0.3026,0.55,7.037,0.85,waspada
13.12,24.565,85.606,54.69,9.05,4.67,11,0,281.174,0.05,0,13.12,8.1883,0.5469,0.75,4.95,0.4,waspada
0.501,1.354,6.294,55.38,10.09,6.74,12,0,351.403,3.9415,1,0.501,0.4514,0.5538,0.75,5.588,0.35,aman
41.482,90.813,295.701,76.16,17.19,28.08,5,0,278.214,2.7245,1,41.482,30.2709,0.7616,0.75,13.095,0.65,siaga
60.068,93.669,212.747,97.66,13.11,2.86,7,1,186.35,1.7152,0,60.068,31.2229,0.9766,0.55,12.804,0.3,awas
0.0,0.0,0.0,82.63,17.91,20.96,5,0,348.467,3.9421,1,0.0,0.0,0.8263,0.05,14.798,0.45,siaga
71.109,152.098,474.289,63.4,29.69,3.01,2,0,361.484,2.5481,0,71.109,50.6995,0.634,0.55,18.82,0.1,siaga
0.0,0.0,0.0,40.12,27.37,16.56,5,0,247.225,0.2431,1,0.0,0.0,0.4012,0.15,10.981,0.25,waspada
24.552,44.859,137.511,84.99,2.43,23.64,8,1,300.257,2.6721,1,24.552,14.9531,0.8499,0.75,2.064,0.75,siaga
0.0,0.0,0.0,83.21,24.72,11.48,11,0,370.231,3.2728,2,0.0,0.0,0.8321,0.55,20.574,0.6,waspada
0.0,0.0,0.0,94.04,10.12,9.33,3,0,291.57,3.2096,1,0.0,0.0,0.9404,0.75,9.52,0.45,waspada
23.717,35.654,89.422,97.63,24.85,20.56,7,1,271.576,2.6978,1,23.717,11.8848,0.9763,0.75,24.262,0.8,siaga
3.541,6.761,15.481,30.83,15.25,12.56,10,0,206.412,2.6435,2,3.541,2.2538,0.3083,0.55,4.703,0.3,waspada
21.269,45.523,170.139,92.82,25.31,12.19,2,0,285.09,1.557,1,21.269,15.1743,0.9282,0.85,23.493,0.55,siaga
14.423,28.962,97.784,93.44,6.44,14.79,12,0,195.875,5.171,1,14.423,9.654,0.9344,0.75,6.02,0.5,siaga
24.975,46.574,113.607,52.0,26.24,24.46,6,1,151.1,2.2616,0,24.975,15.5247,0.52,0.35,13.646,0.2,siaga
67.968,110.201,292.866,46.56,6.53,10.31,12,0,321.869,7.1164,3,67.968,36.7338,0.4656,0.15,3.042,0.3,siaga
48.648,85.57,264.412,30.8,35.05,22.17,6,1,331.606,1.6796,2,48.648,28.5235,0.308,0.85,10.797,0.65,waspada
0.0,0.0,0.0,90.97,12.71,29.04,2,0,184.937,2.4603,2,0.0,0.0,0.9097,0.55,11.561,0.35,waspada
0.0,0.0,0.0,61.55,19.66,34.89,2,0,355.724,2.6652,2,0.0,0.0,0.6155,0.55,12.101,0.1,aman
0.0,0.0,0.0,95.8,3.78,8.48,6,1,255.748,2.2407,2,0.0,0.0,0.958,0.55,3.62,0.9,waspada
0.0,0.0,0.0,65.52,36.95,34.79,9,1,397.717,4.3272,1,0.0,0.0,0.6552,0.75,24.212,0.35,aman
0.0,0.0,0.0,37.04,29.47,15.14,9,1,193.348,0.05,2,0.0,0.0,0.3704,0.75,10.917,0.75,waspada
3.322,9.686,21.926,72.01,17.34,21.24,4,0,353.923,2.5891,2,3.322,3.2286,0.7201,0.55,12.488,0.9,waspada
0.683,1.971,4.034,38.73,36.4,12.58,1,0,302.028,2.4108,0,0.683,0.6572,0.3873,0.85,14.1,0.25,aman
0.0,0.0,0.0,62.05,18.93,6.52,10,0,205.23,3.8669,2,0.0,0.0,0.6205,1.0,11.748,0.35,aman
7.473,17.175,56.908,41.34,6.41,19.5,4,0,244.448,4.9549,1,7.473,5.7248,0.4134,0.75,2.65,0.6,aman
0.0,0.0,0.0,54.6,28.07,16.8,8,1,338.063,0.05,2,0.0,0.0,0.546,0.75,15.327,0.45,waspada
6.394,14.738,62.031,68.36,36.12,26.08,11,0,184.021,0.05,3,6.394,4.9126,0.6836,0.55,24.692,0.9,waspada
3.63,8.847,41.76,74.76,24.64,23.49,5,0,158.945,3.9835,1,3.63,2.949,0.7476,0.55,18.424,0.55,waspada
0.0,0.0,0.0,77.68,3.34,14.05,10,0,273.125,3.0565,1,0.0,0.0,0.7768,0.75,2.593,0.25,waspada
13.676,20.762,73.22,77.06,3.09,14.77,9,1,179.118,5.3321,1,13.676,6.9208,0.7706,0.75,2.378,0.3,waspada
0.0,0.0,0.0,92.8,29.94,28.53,11,0,280.496,1.3824,2,0.0,0.0,0.928,0.75,27.785,0.7,waspada
6.31,18.126,48.428,86.92,6.46,22.46,3,0,214.075,0.8327,1,6.31,6.0419,0.8692,0.55,5.612,0.85,siaga
0.0,0.0,0.0,88.63,21.26,22.26,12,0,188.584,4.1156,1,0.0,0.0,0.8863,0.75,18.844,0.55,waspada
16.133,31.301,71.947,79.35,13.73,30.1,7,1,384.978,3.2818,1,16.133,10.4335,0.7935,0.35,10.894,0.75,siaga
3.328,5.517,16.389,92.65,18.34,16.17,1,0,279.825,0.1268,2,3.328,1.8389,0.9265,0.55,16.987,0.5,waspada
0.0,0.0,0.0,74.5,20.18,11.17,1,0,205.612,5.5418,1,0.0,0.0,0.745,0.35,15.035,0.45,waspada
76.081,184.786,454.76,54.8,12.79,10.73,10,0,184.526,2.4431,0,76.081,61.5952,0.548,0.85,7.01,0.4,siaga
9.764,17.644,37.894,57.93,2.54,31.32,5,0,174.372,2.406,1,9.764,5.8812,0.5793,0.55,1.471,0.7,waspada
1.82,3.215,11.255,81.68,28.8,27.55,12,0,192.685,1.4755,3,1.82,1.0716,0.8168,0.35,23.522,0.55,waspada
7.87,14.528,38.472,52.36,37.52,1.01,4,0,221.441,1.8952,3,7.87,4.8425,0.5236,0.85,19.648,0.2,waspada
3.798,9.299,39.154,72.9,30.3,17.18,4,0,195.95,5.5284,3,3.798,3.0998,0.729,0.35,22.09,0.2,waspada
0.0,0.0,0.0,85.71,13.72,11.8,12,0,154.273,1.9569,1,0.0,0.0,0.8571,0.75,11.76,0.35,waspada
22.148,45.939,95.424,60.65,16.72,8.87,10,0,181.148,1.0551,1,22.148,15.3131,0.6065,0.55,10.141,0.6,siaga
8.88,13.941,41.144,65.16,26.5,28.19,10,0,176.008,5.1546,1,8.88,4.6469,0.6516,0.55,17.269,0.15,waspada
0.0,0.0,0.0,87.71,3.64,29.45,10,0,135.868,0.05,0,0.0,0.0,0.8771,0.55,3.191,0.8,waspada
7.177,10.88,34.488,72.92,14.18,25.26,4,0,171.044,0.9681,1,7.177,3.6267,0.7292,0.85,10.338,0.6,waspada
0.0,0.0,0.0,40.43,21.38,29.02,11,0,248.234,2.0471,3,0.0,0.0,0.4043,0.75,8.644,0.55,aman
6.673,10.857,29.289,95.0,3.59,9.86,8,1,203.246,3.1161,1,6.673,3.6189,0.95,0.15,3.411,0.2,siaga
0.0,0.0,0.0,69.03,36.53,12.67,10,0,215.22,3.3122,0,0.0,0.0,0.6903,0.75,25.212,0.6,waspada
10.2,21.61,46.593,68.24,31.96,18.96,7,1,310.005,3.4172,1,10.2,7.2032,0.6824,0.75,21.806,0.4,waspada
8.735,19.711,68.027,87.8,34.18,14.81,6,1,154.697,5.451,2,8.735,6.5704,0.878,0.75,30.011,0.15,waspada
0.0,0.0,0.0,44.05,8.54,24.53,11,0,343.638,0.8602,0,0.0,0.0,0.4405,0.85,3.761,0.2,aman
1.966,3.639,12.668,81.53,27.41,5.38,3,0,171.159,2.1895,3,1.966,1.2129,0.8153,0.75,22.345,0.25,waspada
23.168,56.616,154.533,44.48,20.82,21.89,4,0,141.939,2.7805,0,23.168,18.8719,0.4448,0.85,9.263,0.9,waspada
18.874,35.755,87.246,44.0,21.06,28.33,11,0,249.898,1.1877,1,18.874,11.9185,0.44,0.75,9.266,0.6,waspada
0.0,0.0,0.0,97.43,13.71,14.85,7,1,281.223,3.1846,2,0.0,0.0,0.9743,0.75,13.353,0.2,waspada
0.0,0.0,0.0,38.87,27.27,5.03,8,1,152.25,0.05,2,0.0,0.0,0.3887,0.55,10.598,0.4,waspada
16.108,33.975,95.133,68.1,7.4,1.34,4,0,153.347,3.1991,3,16.108,11.3251,0.681,0.75,5.039,0.25,waspada
8.401,17.852,57.707,79.35,25.31,34.39,5,0,297.926,0.05,1,8.401,5.9507,0.7935,0.55,20.082,0.2,waspada
57.765,114.654,321.659,32.55,28.17,13.46,12,0,261.762,3.9508,1,57.765,38.218,0.3255,0.75,9.169,0.9,siaga
0.0,0.0,0.0,57.6,35.36,11.8,6,1,243.024,0.05,2,0.0,0.0,0.576,0.75,20.369,0.55,waspada
39.358,87.701,261.596,52.81,33.23,20.24,7,1,325.439,1.8423,1,39.358,29.2337,0.5281,0.75,17.546,0.3,siaga
0.0,0.0,0.0,90.94,11.42,20.48,5,0,381.892,3.2842,1,0.0,0.0,0.9094,0.55,10.389,0.4,waspada
0.0,0.0,0.0,66.56,16.24,20.17,5,0,367.734,3.9288,0,0.0,0.0,0.6656,0.15,10.807,0.45,waspada
0.0,0.0,0.0,82.87,32.45,4.65,12,0,290.016,0.05,3,0.0,0.0,0.8287,0.75,26.889,0.6,waspada
0.0,0.0,0.0,31.95,18.58,26.45,1,0,259.376,0.831,1,0.0,0.0,0.3195,1.0,5.937,0.3,aman
29.575,73.552,255.715,88.77,2.81,22.95,3,0,225.093,1.8242,3,29.575,24.5172,0.8877,0.35,2.493,0.7,awas
0.0,0.0,0.0,44.37,33.21,30.56,1,0,158.242,8.3363,1,0.0,0.0,0.4437,0.75,14.734,0.6,aman
0.0,0.0,0.0,71.19,16.68,22.26,4,0,303.901,5.3671,3,0.0,0.0,0.7119,0.75,11.877,0.2,waspada
5.872,10.552,43.028,75.35,21.79,25.82,8,1,313.384,0.7485,2,5.872,3.5173,0.7535,0.75,16.416,0.8,waspada
0.0,0.0,0.0,47.56,27.71,27.96,8,1,160.659,0.4986,0,0.0,0.0,0.4756,0.55,13.182,0.7,waspada
3.128,4.94,13.242,52.68,26.09,7.59,4,0,317.861,4.9151,2,3.128,1.6466,0.5268,0.75,13.741,0.15,aman
0.0,0.0,0.0,76.33,19.23,18.91,11,0,312.597,3.8274,2,0.0,0.0,0.7633,0.75,14.68,0.4,waspada
5.717,8.68,18.122,80.07,21.31,29.47,9,1,293.08,3.5496,1,5.717,2.8933,0.8007,0.55,17.06,0.8,waspada
4.45,7.364,15.707,68.86,14.71,34.27,10,0,243.944,5.121,2,4.45,2.4545,0.6886,0.85,10.129,0.85,waspada
2.487,7.025,25.978,73.16,6.03,25.13,10,0,79.703,4.5911,3,2.487,2.3416,0.7316,0.85,4.409,0.2,waspada
2.461,3.952,11.377,35.15,17.79,30.46,2,0,197.266,5.1537,3,2.461,1.3172,0.3515,0.35,6.254,0.7,waspada
138.795,226.751,340.334,48.28,29.7,25.99,10,0,345.408,7.1619,1,138.795,75.5837,0.4828,0.35,14.34,0.15,siaga
6.789,14.642,68.335,71.52,27.25,7.91,11,0,233.562,3.398,1,6.789,4.8805,0.7152,0.55,19.491,0.7,waspada
5.032,13.161,29.447,61.72,36.03,0.12,6,1,247.509,5.5061,3,5.032,4.387,0.6172,0.75,22.239,0.6,waspada
0.0,0.0,0.0,82.51,6.94,21.57,10,0,200.188,1.104,1,0.0,0.0,0.8251,0.55,5.725,0.8,waspada
0.0,0.0,0.0,30.46,24.65,5.44,12,0,246.548,0.5712,3,0.0,0.0,0.3046,0.75,7.508,0.5,aman
0.0,0.0,0.0,39.7,20.1,12.16,11,0,252.267,4.9153,3,0.0,0.0,0.397,0.35,7.979,0.45,waspada
1.976,4.303,14.575,86.78,4.89,18.63,5,0,263.65,1.2644,1,1.976,1.4344,0.8678,0.75,4.243,0.8,waspada
0.0,0.0,0.0,87.07,37.94,0.81,11,0,279.33,5.8465,2,0.0,0.0,0.8707,0.55,33.034,0.7,waspada
11.167,25.041,88.563,35.68,16.13,10.15,2,0,278.537,1.7141,2,11.167,8.347,0.3568,0.35,5.756,0.4,waspada
0.0,0.0,0.0,60.82,34.74,0.77,9,1,288.175,1.7946,2,0.0,0.0,0.6082,0.75,21.128,0.2,waspada
0.0,0.0,0.0,44.99,34.67,18.48,9,1,251.748,5.4513,0,0.0,0.0,0.4499,0.75,15.596,0.8,aman
0.0,0.0,0.0,94.85,34.63,30.21,1,0,385.32,3.6889,0,0.0,0.0,0.9485,0.75,32.848,0.15,waspada
2.339,5.465,19.631,70.79,5.12,29.52,3,0,122.926,5.5644,3,2.339,1.8215,0.7079,0.55,3.624,0.75,waspada
3.308,9.549,32.868,97.08,37.51,26.29,10,0,313.812,5.6513,1,3.308,3.1831,0.9708,1.0,36.414,0.15,waspada
0.0,0.0,0.0,44.47,8.37,12.57,11,0,216.931,2.2398,2,0.0,0.0,0.4447,0.75,3.722,0.5,waspada
0.0,0.0,0.0,38.41,10.9,4.85,10,0,298.32,0.05,1,0.0,0.0,0.3841,0.75,4.185,0.5,aman
14.491,33.704,109.821,96.79,17.83,3.16,8,1,290.942,4.0634,2,14.491,11.2348,0.9679,0.55,17.255,0.35,siaga
10.143,16.632,41.317,67.73,23.41,11.08,2,0,171.469,5.17,3,10.143,5.5439,0.6773,0.55,15.857,0.4,waspada
2.553,5.073,12.271,44.68,14.83,24.33,6,1,275.754,1.6726,2,2.553,1.6911,0.4468,0.55,6.625,0.75,waspada
3.959,9.27,22.776,74.19,14.53,0.95,7,1,280.808,6.4226,2,3.959,3.0902,0.7419,0.75,10.778,0.35,waspada
19.389,38.337,96.382,58.05,21.74,16.79,5,0,229.224,2.8835,3,19.389,12.7789,0.5805,0.85,12.62,0.15,waspada
22.232,37.514,112.864,39.43,17.89,31.52,7,1,257.807,5.42,1,22.232,12.5047,0.3943,0.55,7.053,0.9,waspada
3.131,5.04,22.921,61.62,9.57,1.65,3,0,279.488,1.611,0,3.131,1.68,0.6162,0.55,5.898,0.45,waspada
13.695,26.707,90.143,67.11,8.36,6.03,12,0,225.343,2.9301,2,13.695,8.9023,0.6711,0.75,5.613,0.1,waspada
0.0,0.0,0.0,80.31,30.05,24.64,1,0,365.508,1.6252,1,0.0,0.0,0.8031,0.75,24.136,0.4,waspada
0.0,0.0,0.0,36.37,24.85,26.74,8,1,219.959,2.0666,1,0.0,0.0,0.3637,0.55,9.038,0.3,waspada
2.608,4.46,14.775,89.54,27.01,18.83,3,0,304.718,1.3916,2,2.608,1.4867,0.8954,1.0,24.184,0.45,waspada
0.0,0.0,0.0,76.49,11.82,9.09,10,0,201.375,1.3538,0,0.0,0.0,0.7649,0.75,9.043,0.45,waspada
3.75,9.883,45.246,59.74,29.58,10.58,10,0,178.866,2.7095,1,3.75,3.2945,0.5974,0.55,17.67,0.25,waspada
0.0,0.0,0.0,58.94,16.62,11.52,12,0,233.558,3.7609,1,0.0,0.0,0.5894,0.75,9.794,0.8,waspada
0.0,0.0,0.0,84.38,17.15,0.24,2,0,281.323,2.8173,2,0.0,0.0,0.8438,0.55,14.473,0.9,waspada
23.892,52.148,105.273,33.44,36.76,3.51,12,0,253.032,2.4561,3,23.892,17.3828,0.3344,0.55,12.292,0.4,waspada
11.578,18.908,46.634,96.12,9.12,18.23,12,0,141.899,3.6999,2,11.578,6.3027,0.9612,0.75,8.766,0.55,waspada
2.135,5.928,17.197,51.36,34.43,31.87,4,0,249.235,0.7768,0,2.135,1.976,0.5136,0.55,17.686,0.3,waspada
0.0,0.0,0.0,72.29,13.24,30.48,11,0,224.031,3.8473,1,0.0,0.0,0.7229,0.85,9.572,0.4,waspada
0.0,0.0,0.0,92.14,19.27,30.98,5,0,179.016,4.2854,2,0.0,0.0,0.9214,0.35,17.752,0.75,siaga
17.805,44.447,166.592,37.71,14.27,22.17,10,0,219.553,2.9841,1,17.805,14.8156,0.3771,0.75,5.383,0.65,waspada
2.52,3.972,18.544,38.33,21.07,8.76,9,1,356.7,3.6984,2,2.52,1.324,0.3833,0.55,8.075,0.3,waspada
16.192,38.721,132.902,84.02,9.14,20.1,5,0,311.668,5.6617,2,16.192,12.9069,0.8402,0.35,7.676,0.1,siaga
2.576,4.378,17.992,46.71,28.12,11.31,6,1,244.314,4.3144,1,2.576,1.4593,0.4671,0.75,13.135,0.1,aman
0.0,0.0,0.0,61.33,20.84,14.18,3,0,204.957,0.2635,2,0.0,0.0,0.6133,0.75,12.782,0.6,waspada
0.0,0.0,0.0,75.83,27.7,28.13,9,1,304.683,4.9745,2,0.0,0.0,0.7583,0.55,21.002,0.7,waspada
0.0,0.0,0.0,61.64,6.95,3.31,12,0,257.257,1.8293,0,0.0,0.0,0.6164,0.75,4.285,0.75,waspada
0.0,0.0,0.0,48.43,10.97,14.71,8,1,271.239,2.7263,1,0.0,0.0,0.4843,0.75,5.314,0.45,aman
5.922,11.626,53.685,65.42,33.46,8.36,5,0,175.355,4.3439,1,5.922,3.8753,0.6542,0.55,21.892,0.35,waspada
6.13,17.631,78.346,52.86,29.13,26.77,1,0,199.794,2.6318,1,6.13,5.877,0.5286,0.85,15.398,0.75,waspada
0.0,0.0,0.0,75.49,26.83,31.78,3,0,213.279,1.5281,3,0.0,0.0,0.7549,0.55,20.258,0.6,waspada
6.008,15.978,52.522,76.67,24.84,32.59,10,0,267.592,1.6701,1,6.008,5.326,0.7667,0.75,19.048,0.65,waspada
22.894,44.525,101.457,93.02,30.01,27.46,3,0,377.668,1.9177,1,22.894,14.8416,0.9302,0.85,27.913,0.9,siaga
0.0,0.0,0.0,60.86,17.38,15.15,1,0,274.496,1.5551,3,0.0,0.0,0.6086,0.35,10.574,0.2,waspada
14.772,34.188,110.794,32.13,12.42,17.96,10,0,215.493,4.8476,2,14.772,11.396,0.3213,0.55,3.991,0.45,waspada
0.0,0.0,0.0,67.2,3.57,32.47,7,1,350.251,2.0294,2,0.0,0.0,0.672,0.85,2.397,0.65,waspada
0.0,0.0,0.0,48.4,33.2,33.85,11,0,284.841,2.0887,1,0.0,0.0,0.484,0.55,16.07,0.25,waspada
0.0,0.0,0.0,65.14,18.56,20.67,1,0,216.291,7.7693,0,0.0,0.0,0.6514,0.75,12.091,0.9,waspada
20.12,42.917,86.679,32.67,34.09,11.7,7,1,247.797,0.05,0,20.12,14.3056,0.3267,0.75,11.14,0.35,waspada
0.0,0.0,0.0,84.17,13.55,16.15,5,0,317.279,2.3033,3,0.0,0.0,0.8417,0.55,11.407,0.3,waspada
0.0,0.0,0.0,97.8,23.23,16.03,5,0,470.479,1.7117,0,0.0,0.0,0.978,0.55,22.718,0.9,waspada
0.0,0.0,0.0,43.13,29.83,6.68,5,0,220.32,1.3459,1,0.0,0.0,0.4313,0.55,12.863,0.3,waspada
8.967,20.851,65.753,45.64,27.6,34.32,12,0,194.298,5.6051,3,8.967,6.9504,0.4564,0.75,12.598,0.35,waspada
13.272,31.302,64.204,90.98,25.96,32.76,1,0,172.956,3.86,3,13.272,10.4339,0.9098,0.35,23.618,0.35,siaga
0.0,0.0,0.0,63.17,13.86,29.53,11,0,165.342,2.9114,1,0.0,0.0,0.6317,0.75,8.752,0.1,waspada
63.955,141.513,412.904,68.37,37.13,13.98,5,0,384.047,3.1172,0,63.955,47.171,0.6837,0.75,25.388,0.1,siaga
0.0,0.0,0.0,83.16,27.96,26.61,12,0,194.315,2.7193,1,0.0,0.0,0.8316,0.75,23.249,0.55,waspada
3.902,11.573,24.884,58.3,36.93,12.25,1,0,268.429,0.1172,2,3.902,3.8576,0.583,0.75,21.526,0.85,waspada
0.0,0.0,0.0,65.02,10.78,16.75,11,0,232.583,1.4366,0,0.0,0.0,0.6502,0.75,7.009,0.5,waspada
0.0,0.0,0.0,40.59,10.09,1.52,7,1,349.761,4.5028,1,0.0,0.0,0.4059,0.75,4.096,0.25,aman
0.0,0.0,0.0,36.8,21.5,26.2,7,1,0.0,3.7866,2,0.0,0.0,0.368,0.75,7.912,0.85,waspada
0.0,0.0,0.0,95.98,20.93,14.19,6,1,409.033,5.4986,1,0.0,0.0,0.9598,0.55,20.085,0.15,waspada
5.306,14.46,65.941,73.81,2.58,26.78,2,0,285.816,0.05,2,5.306,4.8199,0.7381,0.75,1.901,0.9,waspada
0.0,0.0,0.0,35.78,2.01,25.72,8,1,351.341,3.7656,1,0.0,0.0,0.3578,0.55,0.718,0.4,aman
6.787,18.568,62.403,91.71,6.32,34.02,11,0,275.913,7.1579,2,6.787,6.1892,0.9171,0.75,5.794,0.45,waspada
1.109,2.541,7.631,89.29,12.33,3.17,6,1,333.541,0.2318,1,1.109,0.8472,0.8929,1.0,11.005,0.25,waspada
12.959,27.603,78.574,96.65,6.44,17.05,1,0,207.315,2.9976,1,12.959,9.201,0.9665,0.35,6.222,0.9,siaga
8.626,19.833,73.781,63.38,22.37,24.58,3,0,276.998,2.4422,1,8.626,6.611,0.6338,0.75,14.179,0.9,waspada
3.891,9.185,40.335,37.26,21.27,8.05,8,1,302.026,1.1901,3,3.891,3.0616,0.3726,0.75,7.925,0.75,waspada
13.452,22.751,56.99,47.54,24.84,3.69,12,0,241.568,2.5559,2,13.452,7.5837,0.4754,0.75,11.809,0.65,waspada
0.0,0.0,0.0,48.52,5.13,28.12,10,0,271.59,0.05,2,0.0,0.0,0.4852,0.55,2.491,0.9,waspada
4.709,13.788,63.3,90.02,7.4,25.54,10,0,202.318,2.0045,1,4.709,4.5959,0.9002,0.75,6.658,0.75,waspada
4.651,10.915,51.529,43.85,36.69,7.92,12,0,180.586,1.6083,0,4.651,3.6382,0.4385,0.75,16.09,0.7,waspada
0.0,0.0,0.0,93.38,34.95,23.38,9,1,130.513,2.3804,1,0.0,0.0,0.9338,0.55,32.637,0.75,siaga
0.0,0.0,0.0,59.9,14.12,27.75,11,0,214.505,1.022,2,0.0,0.0,0.599,0.75,8.457,0.25,waspada
0.0,0.0,0.0,93.66,22.17,10.54,8,1,315.595,0.05,0,0.0,0.0,0.9366,1.0,20.759,0.3,waspada
0.0,0.0,0.0,52.88,30.78,5.6,4,0,170.005,3.3029,2,0.0,0.0,0.5288,0.75,16.275,0.3,waspada
4.239,12.547,35.821,69.92,9.54,26.76,4,0,249.927,7.6215,0,4.239,4.1823,0.6992,0.55,6.673,0.35,waspada
0.0,0.0,0.0,94.58,7.15,9.37,6,1,182.091,3.1007,1,0.0,0.0,0.9458,0.55,6.762,0.45,waspada
0.0,0.0,0.0,79.65,10.82,7.53,6,1,206.026,3.3406,1,0.0,0.0,0.7965,0.85,8.621,0.75,waspada
0.0,0.0,0.0,66.62,22.77,20.83,6,1,202.616,3.1957,1,0.0,0.0,0.6662,0.75,15.169,0.7,waspada
19.953,42.835,165.133,61.46,23.71,13.08,9,1,174.67,0.05,3,19.953,14.2782,0.6146,0.85,14.574,0.7,waspada
3.084,5.732,17.472,77.06,4.12,22.45,10,0,54.69,0.3253,2,3.084,1.9106,0.7706,0.75,3.174,0.4,waspada
0.0,0.0,0.0,87.81,6.2,12.81,9,1,220.459,2.8395,1,0.0,0.0,0.8781,0.55,5.442,0.45,waspada
0.0,0.0,0.0,46.86,24.83,13.99,8,1,164.256,5.6091,1,0.0,0.0,0.4686,0.15,11.637,0.4,waspada
20.519,44.008,152.542,43.76,13.37,1.91,8,1,262.866,2.9427,0,20.519,14.6694,0.4376,0.75,5.849,0.35,waspada
13.601,28.562,57.199,63.12,29.49,14.01,7,1,264.954,4.0964,0,13.601,9.5205,0.6312,0.15,18.614,0.65,siaga
24.257,53.863,204.543,59.87,20.16,1.21,6,1,306.419,7.4404,3,24.257,17.9544,0.5987,0.55,12.07,0.45,waspada
0.0,0.0,0.0,65.96,2.09,18.85,1,0,457.817,6.8393,1,0.0,0.0,0.6596,0.85,1.377,0.45,aman
0.0,0.0,0.0,95.3,10.63,32.35,7,1,143.034,2.1469,2,0.0,0.0,0.953,0.75,10.126,0.25,waspada
0.0,0.0,0.0,83.98,16.5,4.67,3,0,277.056,1.1321,2,0.0,0.0,0.8398,0.75,13.855,0.1,waspada
16.671,30.512,73.8,41.25,8.55,1.53,3,0,203.8,1.877,2,16.671,10.1706,0.4125,0.05,3.528,0.5,siaga
6.815,13.583,58.203,66.35,31.46,6.22,3,0,165.193,3.9635,2,6.815,4.5276,0.6635,0.85,20.872,0.4,waspada
1.096,2.959,6.098,44.02,8.26,22.94,10,0,113.962,1.9761,1,1.096,0.9863,0.4402,0.85,3.636,0.6,waspada
67.047,108.508,341.59,67.28,12.89,22.57,12,0,250.772,2.3372,1,67.047,36.1694,0.6728,0.75,8.676,0.6,siaga
19.569,36.837,93.107,36.52,33.71,27.93,11,0,274.598,4.8541,2,19.569,12.2791,0.3652,0.35,12.312,0.3,waspada
5.909,16.699,65.704,49.78,7.77,5.67,1,0,218.817,3.8404,2,5.909,5.5664,0.4978,0.75,3.867,0.2,waspada
3.519,6.07,16.234,93.32,25.43,24.28,1,0,316.812,0.05,2,3.519,2.0232,0.9332,0.55,23.729,0.9,waspada
0.0,0.0,0.0,54.97,2.61,31.39,5,0,281.486,3.3284,1,0.0,0.0,0.5497,0.75,1.434,0.55,aman
0.0,0.0,0.0,34.59,6.6,29.68,7,1,357.078,1.7234,3,0.0,0.0,0.3459,0.55,2.282,0.3,aman
0.0,0.0,0.0,41.44,6.71,9.05,11,0,241.277,3.2093,2,0.0,0.0,0.4144,0.55,2.781,0.8,waspada
0.0,0.0,0.0,72.43,4.89,23.39,3,0,366.219,3.4355,1,0.0,0.0,0.7243,0.55,3.544,0.55,waspada
19.692,35.169,71.221,59.88,16.85,15.86,7,1,207.384,3.2131,0,19.692,11.7231,0.5988,0.35,10.09,0.3,siaga
0.0,0.0,0.0,61.95,37.36,16.54,11,0,217.624,6.8644,2,0.0,0.0,0.6195,0.75,23.145,0.35,waspada
51.762,113.899,279.154,53.25,25.56,5.35,2,0,278.404,3.1369,2,51.762,37.9663,0.5325,0.75,13.611,0.5,siaga
97.077,120.232,267.305,85.84,6.53,27.97,3,0,283.279,6.3298,0,97.077,40.0774,0.8584,0.05,5.607,0.1,awas
0.0,0.0,0.0,53.09,2.03,5.95,9,1,93.662,1.3199,2,0.0,0.0,0.5309,0.75,1.08,0.35,waspada
5.533,14.278,70.988,68.22,9.04,31.57,5,0,178.72,1.5766,2,5.533,4.7592,0.6822,0.75,6.165,0.4,waspada
9.852,21.511,72.832,71.79,17.81,2.72,7,1,289.167,2.7996,0,9.852,7.1704,0.7179,0.85,12.789,0.9,waspada
23.612,42.131,92.198,83.71,13.92,6.89,2,0,301.165,4.723,2,23.612,14.0437,0.8371,0.35,11.651,0.45,siaga
102.584,139.51,307.381,56.16,8.22,3.14,2,0,312.54,2.8874,1,102.584,46.5034,0.5616,0.55,4.616,0.35,siaga
24.571,42.428,89.465,46.19,21.64,18.38,9,1,367.958,1.962,1,24.571,14.1427,0.4619,0.75,9.996,0.7,waspada
103.668,178.883,370.777,79.34,2.85,19.14,6,1,197.651,0.05,2,103.668,59.6278,0.7934,0.75,2.263,0.4,siaga
0.0,0.0,0.0,96.5,26.01,11.4,9,1,206.65,5.9408,1,0.0,0.0,0.965,0.55,25.098,0.4,waspada
3.49,7.107,28.353,55.58,35.51,18.9,4,0,237.683,3.2163,0,3.49,2.3691,0.5558,0.15,19.733,0.4,waspada
0.0,0.0,0.0,59.87,20.17,23.35,11,0,199.156,3.3656,2,0.0,0.0,0.5987,0.55,12.074,0.85,waspada
47.771,81.859,179.795,52.95,19.47,22.6,10,0,236.062,4.0738,1,47.771,27.2864,0.5295,0.05,10.309,0.2,awas
0.0,0.0,0.0,59.06,19.12,18.44,4,0,186.235,2.7312,1,0.0,0.0,0.5906,0.55,11.293,0.3,waspada
35.561,63.767,147.385,79.84,29.9,13.77,10,0,122.121,2.4963,2,35.561,21.2555,0.7984,0.35,23.874,0.2,awas
63.157,101.974,222.017,69.93,23.81,33.77,12,0,306.023,3.1233,2,63.157,33.9913,0.6993,0.55,16.653,0.85,siaga
6.766,19.545,65.876,89.11,15.56,31.37,11,0,226.97,5.3334,1,6.766,6.5151,0.8911,0.55,13.862,0.55,waspada
0.514,1.183,5.624,82.66,34.63,10.09,5,0,263.569,0.9982,2,0.514,0.3942,0.8266,0.85,28.625,0.75,waspada
0.0,0.0,0.0,47.44,33.19,30.27,1,0,231.361,1.4775,1,0.0,0.0,0.4744,0.55,15.746,0.8,waspada
4.467,12.042,50.996,48.18,23.14,8.97,6,1,258.551,4.4026,2,4.467,4.0141,0.4818,0.75,11.147,0.3,waspada
21.917,50.191,158.573,62.34,5.96,13.71,1,0,200.289,0.05,0,21.917,16.7302,0.6234,0.55,3.716,0.15,siaga
0.0,0.0,0.0,36.56,7.44,0.76,5,0,255.02,0.2296,1,0.0,0.0,0.3656,0.75,2.72,0.15,aman
0.0,0.0,0.0,73.0,24.16,24.89,4,0,214.823,5.0118,2,0.0,0.0,0.73,0.75,17.635,0.85,waspada
24.683,44.975,124.83,73.93,10.34,33.53,3,0,294.387,0.05,2,24.683,14.9916,0.7393,0.75,7.645,0.15,waspada
3.249,7.17,24.37,31.77,2.32,0.13,10,0,249.947,1.0937,1,3.249,2.39,0.3177,0.75,0.737,0.5,waspada
10.476,22.808,51.696,44.76,27.53,18.41,4,0,218.767,1.6505,2,10.476,7.6028,0.4476,0.55,12.322,0.15,waspada
5.701,11.162,52.294,93.72,32.98,33.29,10,0,85.636,4.5452,0,5.701,3.7207,0.9372,0.75,30.909,0.65,waspada
0.0,0.0,0.0,84.23,18.97,25.39,4,0,435.068,4.4429,2,0.0,0.0,0.8423,1.0,15.982,0.8,waspada
4.368,7.932,23.668,64.71,29.12,19.47,10,0,260.485,1.7582,3,4.368,2.6439,0.6471,0.35,18.846,0.5,waspada
22.908,39.763,154.56,89.71,2.17,0.94,11,0,103.096,0.9235,1,22.908,13.2543,0.8971,0.35,1.944,0.45,siaga
5.494,10.815,37.92,59.18,31.33,0.07,7,1,69.707,1.5553,0,5.494,3.6048,0.5918,0.55,18.541,0.4,waspada
0.0,0.0,0.0,48.2,29.01,26.42,5,0,322.157,0.956,1,0.0,0.0,0.482,0.55,13.984,0.2,waspada
23.233,54.858,126.202,30.32,35.17,25.57,2,0,367.528,3.3707,2,23.233,18.2858,0.3032,0.55,10.665,0.85,waspada
18.135,43.479,115.545,51.82,35.7,15.26,10,0,221.564,4.4579,0,18.135,14.4931,0.5182,0.75,18.499,0.7,waspada
0.0,0.0,0.0,75.68,8.26,11.39,1,0,327.572,1.6514,3,0.0,0.0,0.7568,0.85,6.254,0.35,waspada
7.953,23.106,88.428,97.43,4.84,34.75,8,1,235.017,2.6109,0,7.953,7.7019,0.9743,0.75,4.716,0.65,siaga
9.317,20.401,60.68,85.42,27.63,9.3,10,0,248.163,1.7463,3,9.317,6.8002,0.8542,0.55,23.603,0.9,siaga
0.0,0.0,0.0,48.47,21.07,21.6,6,1,349.272,3.2478,2,0.0,0.0,0.4847,0.55,10.212,0.2,aman
5.248,12.286,27.457,71.97,27.34,23.96,7,1,203.661,3.2121,2,5.248,4.0954,0.7197,0.85,19.675,0.75,waspada
23.814,51.432,115.469,91.17,3.8,29.53,11,0,366.336,2.852,0,23.814,17.1439,0.9117,0.35,3.465,0.4,siaga
4.636,9.41,40.146,43.51,13.05,24.54,7,1,116.762,3.4681,0,4.636,3.1365,0.4351,1.0,5.679,0.85,waspada
0.0,0.0,0.0,59.92,7.72,21.23,12,0,294.23,2.831,2,0.0,0.0,0.5992,0.75,4.628,0.45,waspada
0.0,0.0,0.0,81.06,16.47,29.48,6,1,259.228,2.1802,3,0.0,0.0,0.8106,0.85,13.348,0.6,waspada
0.0,0.0,0.0,49.75,5.64,25.06,2,0,238.718,1.6127,1,0.0,0.0,0.4975,0.75,2.806,0.5,waspada
0.0,0.0,0.0,75.17,24.55,21.71,3,0,363.407,5.6107,1,0.0,0.0,0.7517,0.85,18.45,0.2,aman
11.698,17.723,40.849,79.67,33.63,7.73,10,0,202.741,4.424,0,11.698,5.9075,0.7967,0.55,26.792,0.7,waspada
4.899,12.734,35.53,96.44,10.77,20.37,9,1,95.269,2.399,1,4.899,4.2448,0.9644,0.35,10.391,0.3,siaga
0.0,0.0,0.0,73.25,23.43,2.74,8,1,219.007,0.05,3,0.0,0.0,0.7325,0.15,17.16,0.2,siaga
10.525,22.299,66.284,35.24,25.88,23.21,11,0,269.939,2.537,0,10.525,7.4329,0.3524,0.55,9.121,0.25,waspada
5.427,10.882,54.039,73.66,9.25,4.31,2,0,162.49,1.404,2,5.427,3.6272,0.7366,0.55,6.81,0.85,waspada
0.74,1.758,5.495,93.33,23.52,12.23,12,0,317.709,5.0866,2,0.74,0.5861,0.9333,0.55,21.953,0.7,waspada
2.381,4.267,15.669,87.95,17.4,17.8,11,0,520.874,2.6087,2,2.381,1.4223,0.8795,0.75,15.305,0.9,waspada
0.0,0.0,0.0,58.47,29.49,8.92,2,0,436.673,4.7767,1,0.0,0.0,0.5847,0.75,17.244,0.4,aman
5.018,9.56,43.546,87.02,22.31,11.14,11,0,366.22,3.1996,2,5.018,3.1868,0.8702,0.85,19.412,0.45,waspada
0.0,0.0,0.0,68.4,35.82,29.72,4,0,301.216,4.7867,1,0.0,0.0,0.684,0.55,24.501,0.4,waspada
2.213,3.861,7.938,86.89,22.0,20.43,2,0,265.217,0.05,0,2.213,1.2869,0.8689,0.55,19.119,0.25,waspada
94.797,122.214,302.03,88.86,31.16,14.62,2,0,200.027,0.05,1,94.797,40.7379,0.8886,0.35,27.689,0.65,awas
0.0,0.0,0.0,66.48,14.95,27.87,2,0,303.373,2.8083,3,0.0,0.0,0.6648,0.35,9.941,0.9,waspada
17.874,34.539,110.37,83.13,20.36,20.65,9,1,413.565,3.8195,1,17.874,11.5131,0.8313,0.55,16.928,0.2,waspada
0.0,0.0,0.0,61.37,25.66,14.25,9,1,175.986,0.0778,2,0.0,0.0,0.6137,0.55,15.75,0.55,waspada
0.0,0.0,0.0,94.03,3.28,12.67,2,0,159.276,2.2088,2,0.0,0.0,0.9403,0.75,3.081,0.85,waspada
5.334,15.858,55.357,41.35,24.34,12.96,6,1,252.729,4.7216,3,5.334,5.2862,0.4135,0.75,10.068,0.4,waspada
0.0,0.0,0.0,52.22,19.18,31.3,1,0,294.374,0.05,0,0.0,0.0,0.5222,0.75,10.018,0.85,waspada
0.0,0.0,0.0,57.51,4.6,23.54,5,0,254.4,0.05,2,0.0,0.0,0.5751,0.35,2.645,0.9,waspada
0.0,0.0,0.0,96.65,35.76,0.02,8,1,382.276,3.4255,1,0.0,0.0,0.9665,0.55,34.563,0.3,waspada
149.04,272.387,488.31,79.27,3.38,18.13,6,1,250.89,3.0711,1,149.04,90.7958,0.7927,0.85,2.682,0.9,siaga
0.0,0.0,0.0,56.46,3.86,14.52,2,0,234.593,1.2065,0,0.0,0.0,0.5646,0.75,2.178,0.5,waspada
0.0,0.0,0.0,54.95,29.05,28.1,6,1,178.707,1.4481,3,0.0,0.0,0.5495,0.55,15.965,0.2,waspada
2.081,3.221,12.62,37.8,35.21,6.97,4,0,287.35,3.7318,2,2.081,1.0736,0.378,0.15,13.31,0.15,waspada
5.256,8.709,22.423,55.4,36.39,13.26,4,0,292.03,0.8199,2,5.256,2.9029,0.554,0.55,20.156,0.4,waspada
7.838,22.975,53.935,97.91,6.18,25.21,3,0,357.841,4.95,2,7.838,7.6582,0.9791,0.35,6.054,0.25,siaga
16.457,38.696,138.292,68.3,16.44,7.49,5,0,176.184,0.636,1,16.457,12.8988,0.683,0.55,11.231,0.7,siaga
0.0,0.0,0.0,63.95,3.12,5.07,12,0,166.006,2.3585,1,0.0,0.0,0.6395,0.55,1.997,0.15,waspada
66.65,105.843,347.54,80.49,23.1,19.96,2,0,364.214,3.2801,1,66.65,35.281,0.8049,0.55,18.597,0.3,siaga
2.985,5.309,22.565,57.27,4.01,34.59,8,1,332.327,5.0491,0,2.985,1.7696,0.5727,0.75,2.294,0.8,waspada
0.0,0.0,0.0,43.44,9.9,20.64,12,0,208.432,4.9234,0,0.0,0.0,0.4344,0.05,4.301,0.2,waspada
0.0,0.0,0.0,73.86,2.71,2.37,5,0,161.647,2.0832,1,0.0,0.0,0.7386,0.75,2.003,0.45,waspada
72.393,140.402,356.825,83.58,15.16,28.08,12,0,255.184,1.3703,1,72.393,46.8006,0.8358,0.15,12.672,0.35,awas
18.331,42.611,105.061,55.21,4.96,18.04,2,0,298.606,3.8901,0,18.331,14.2036,0.5521,0.75,2.741,0.3,waspada
0.0,0.0,0.0,40.36,11.45,14.89,2,0,198.602,2.4793,1,0.0,0.0,0.4036,0.15,4.623,0.25,waspada
3.477,7.483,33.884,53.01,5.74,34.03,12,0,331.403,4.7601,2,3.477,2.4944,0.5301,0.35,3.043,0.85,waspada
59.484,120.798,367.937,61.35,2.25,27.74,11,0,233.124,2.4496,2,59.484,40.2661,0.6135,0.85,1.38,0.4,siaga
84.104,159.445,323.411,72.84,34.46,11.67,5,0,232.873,6.8633,2,84.104,53.1482,0.7284,0.15,25.103,0.1,awas
17.109,29.48,110.873,53.55,29.08,10.62,9,1,291.806,4.6808,3,17.109,9.8266,0.5355,0.75,15.575,0.75,waspada
4.28,10.629,32.014,70.99,15.28,10.51,4,0,184.756,1.2074,3,4.28,3.5431,0.7099,0.75,10.85,0.75,waspada
0.0,0.0,0.0,88.15,15.12,7.08,4,0,219.907,3.351,0,0.0,0.0,0.8815,0.55,13.328,0.25,waspada
0.0,0.0,0.0,64.3,4.11,8.14,7,1,228.914,3.6215,2,0.0,0.0,0.643,0.35,2.642,0.9,waspada
0.0,0.0,0.0,82.83,3.32,1.08,10,0,34.473,0.05,1,0.0,0.0,0.8283,0.35,2.751,0.25,siaga
0.0,0.0,0.0,36.54,26.13,5.76,8,1,238.979,1.0114,1,0.0,0.0,0.3654,0.55,9.549,0.3,waspada
0.0,0.0,0.0,35.19,37.22,17.04,11,0,269.969,1.2615,1,0.0,0.0,0.3519,0.75,13.098,0.45,aman
26.06,58.031,158.185,53.09,8.05,19.9,8,1,295.321,4.2501,2,26.06,19.3436,0.5309,0.75,4.271,0.3,waspada
0.0,0.0,0.0,92.7,14.31,26.29,7,1,298.407,4.1641,1,0.0,0.0,0.927,1.0,13.263,0.1,aman
24.462,55.162,117.212,47.06,17.86,6.63,3,0,259.566,4.7898,2,24.462,18.3873,0.4706,0.75,8.404,0.8,waspada
7.953,15.86,46.176,40.91,29.31,16.53,1,0,164.339,2.8174,2,7.953,5.2866,0.4091,1.0,11.991,0.7,aman
0.0,0.0,0.0,82.43,15.92,33.64,11,0,408.401,1.8848,3,0.0,0.0,0.8243,0.55,13.119,0.75,waspada
0.0,0.0,0.0,84.99,36.76,10.26,3,0,352.809,6.1878,1,0.0,0.0,0.8499,0.35,31.245,0.4,waspada
0.0,0.0,0.0,94.9,27.86,16.2,4,0,277.721,5.7424,2,0.0,0.0,0.949,0.15,26.438,0.15,siaga
6.163,11.779,36.871,59.93,11.56,22.81,7,1,261.064,7.1134,1,6.163,3.9262,0.5993,0.55,6.926,0.65,waspada
0.0,0.0,0.0,75.36,36.22,14.86,7,1,261.586,5.6661,1,0.0,0.0,0.7536,1.0,27.295,0.8,waspada
15.043,34.073,114.622,42.03,13.0,12.85,11,0,380.929,3.3538,1,15.043,11.3576,0.4203,0.75,5.462,0.15,waspada
4.475,11.874,30.138,69.97,16.71,9.57,4,0,249.868,4.1571,2,4.475,3.958,0.6997,0.55,11.694,0.6,waspada
0.0,0.0,0.0,79.45,5.92,28.15,11,0,263.999,6.7266,1,0.0,0.0,0.7945,0.75,4.705,0.55,waspada
42.157,63.704,141.278,43.3,14.65,1.95,5,0,234.19,3.6107,3,42.157,21.2347,0.433,0.75,6.341,0.7,waspada
18.312,36.049,121.627,49.16,25.03,14.58,5,0,348.909,5.6198,2,18.312,12.0162,0.4916,0.55,12.302,0.8,waspada
0.0,0.0,0.0,70.74,17.84,21.89,6,1,159.446,2.2657,1,0.0,0.0,0.7074,0.75,12.617,0.15,waspada
0.0,0.0,0.0,39.7,17.24,31.03,7,1,216.808,1.6817,0,0.0,0.0,0.397,0.55,6.842,0.5,waspada
7.275,17.067,66.443,32.61,31.13,31.91,5,0,309.117,4.4127,3,7.275,5.6889,0.3261,0.15,10.15,0.65,waspada
9.868,17.67,38.935,37.56,17.48,21.26,9,1,274.296,7.5003,3,9.868,5.8898,0.3756,0.15,6.566,0.45,waspada
0.0,0.0,0.0,74.13,26.33,29.67,10,0,179.778,2.9151,1,0.0,0.0,0.7413,1.0,19.517,0.85,waspada
0.0,0.0,0.0,60.19,11.84,33.29,6,1,298.768,5.1043,0,0.0,0.0,0.6019,0.15,7.129,0.4,waspada
0.0,0.0,0.0,87.57,31.94,34.24,2,0,230.47,5.1167,3,0.0,0.0,0.8757,0.75,27.964,0.4,waspada
68.971,159.077,468.385,94.57,28.12,21.07,2,0,254.301,6.2114,1,68.971,53.0258,0.9457,0.35,26.594,0.45,awas
0.0,0.0,0.0,85.59,17.21,34.07,7,1,206.604,1.005,1,0.0,0.0,0.8559,0.75,14.731,0.85,waspada
0.663,1.36,2.929,48.83,25.35,21.26,4,0,287.351,5.0235,1,0.663,0.4532,0.4883,0.75,12.381,0.55,aman
15.23,37.75,141.204,50.57,15.2,3.99,12,0,296.396,6.6968,3,15.23,12.5833,0.5057,0.55,7.685,0.55,waspada
0.0,0.0,0.0,90.12,7.11,33.87,7,1,148.865,7.1809,0,0.0,0.0,0.9012,0.75,6.406,0.25,waspada
118.852,162.355,326.542,46.28,7.23,30.27,8,1,266.627,2.2258,2,118.852,54.1184,0.4628,0.55,3.344,0.75,siaga
15.929,39.197,90.064,39.37,37.59,8.81,11,0,234.549,1.6557,3,15.929,13.0656,0.3937,0.15,14.8,0.15,siaga
16.596,34.904,95.522,32.34,17.59,27.37,10,0,232.388,4.2306,1,16.596,11.6348,0.3234,0.55,5.687,0.8,waspada
0.0,0.0,0.0,81.63,9.02,26.76,4,0,296.856,2.5181,3,0.0,0.0,0.8163,0.15,7.363,0.6,siaga
21.717,42.56,135.318,46.86,22.39,12.71,4,0,208.497,4.5288,1,21.717,14.1867,0.4686,0.75,10.493,0.1,waspada
0.0,0.0,0.0,97.89,24.63,21.05,2,0,247.011,5.0233,0,0.0,0.0,0.9789,1.0,24.114,0.25,waspada
0.0,0.0,0.0,50.77,35.49,21.03,2,0,169.416,0.05,1,0.0,0.0,0.5077,0.55,18.019,0.5,waspada
0.0,0.0,0.0,34.48,7.69,16.16,10,0,269.269,7.0415,1,0.0,0.0,0.3448,0.55,2.652,0.25,aman
0.0,0.0,0.0,93.13,6.09,2.11,4,0,318.312,4.5871,1,0.0,0.0,0.9313,0.75,5.669,0.4,waspada
0.0,0.0,0.0,44.96,23.08,15.69,5,0,363.068,1.7996,1,0.0,0.0,0.4496,0.35,10.374,0.65,waspada
0.0,0.0,0.0,78.96,25.81,16.75,9,1,347.24,2.3585,0,0.0,0.0,0.7896,0.55,20.384,0.8,waspada
0.0,0.0,0.0,92.45,13.39,2.55,9,1,225.68,3.1381,0,0.0,0.0,0.9245,0.55,12.382,0.6,waspada
0.0,0.0,0.0,87.3,21.79,10.11,5,0,126.814,5.6028,0,0.0,0.0,0.873,0.75,19.025,0.2,waspada
7.207,19.81,58.984,66.78,31.95,30.49,2,0,203.936,2.7008,2,7.207,6.6032,0.6678,0.35,21.339,0.1,waspada
0.0,0.0,0.0,67.57,19.92,18.12,5,0,146.935,2.0111,0,0.0,0.0,0.6757,1.0,13.461,0.6,waspada
59.796,125.496,360.269,73.19,17.84,8.66,8,1,146.079,0.05,3,59.796,41.8322,0.7319,0.35,13.06,0.65,awas
146.622,184.986,326.531,59.09,8.89,16.16,10,0,196.749,1.8079,1,146.622,61.6618,0.5909,0.15,5.255,0.4,awas
0.0,0.0,0.0,71.47,12.12,16.08,2,0,160.951,2.2495,2,0.0,0.0,0.7147,0.35,8.663,0.35,waspada
0.0,0.0,0.0,84.46,27.99,22.16,3,0,147.423,1.3853,2,0.0,0.0,0.8446,0.35,23.637,0.3,waspada
2.685,4.789,15.196,91.22,31.4,32.55,11,0,212.855,0.05,3,2.685,1.5962,0.9122,0.35,28.647,0.5,siaga
17.274,31.451,88.262,85.15,22.68,28.18,8,1,117.518,2.3225,1,17.274,10.4836,0.8515,0.35,19.313,0.65,siaga
0.0,0.0,0.0,89.22,28.89,17.93,6,1,278.563,1.1073,2,0.0,0.0,0.8922,0.75,25.772,0.1,waspada
0.0,0.0,0.0,51.15,25.91,15.19,2,0,131.611,2.5764,1,0.0,0.0,0.5115,0.15,13.253,0.35,waspada
0.0,0.0,0.0,50.32,4.22,12.1,6,1,242.847,4.8573,3,0.0,0.0,0.5032,0.35,2.123,0.3,waspada
43.57,85.509,207.985,34.45,7.91,26.8,6,1,218.736,1.3031,0,43.57,28.5029,0.3445,0.75,2.724,0.85,siaga
0.0,0.0,0.0,40.09,17.12,26.27,11,0,335.876,0.8037,1,0.0,0.0,0.4009,0.75,6.864,0.15,aman
9.273,17.803,38.605,42.94,22.47,19.78,11,0,122.665,2.1261,2,9.273,5.9342,0.4294,0.55,9.65,0.1,waspada
4.48,7.847,37.358,36.58,6.65,25.64,6,1,328.742,0.05,1,4.48,2.6155,0.3658,0.85,2.434,0.15,aman
0.716,1.117,3.009,78.26,14.1,32.74,4,0,195.419,0.7708,0,0.716,0.3722,0.7826,0.75,11.034,0.5,waspada
3.992,10.303,30.523,88.6,20.83,23.75,11,0,263.837,4.5561,1,3.992,3.4343,0.886,1.0,18.459,0.2,waspada
9.394,19.385,39.933,94.73,5.36,24.13,9,1,382.371,3.7445,1,9.394,6.4618,0.9473,0.75,5.074,0.85,waspada
2.661,5.65,18.806,50.48,19.89,30.62,11,0,318.575,4.4904,2,2.661,1.8832,0.5048,0.55,10.039,0.7,waspada
5.471,9.742,39.565,47.74,20.33,11.58,2,0,287.621,5.4429,1,5.471,3.2474,0.4774,1.0,9.704,0.7,aman
2.834,6.898,32.084,53.24,33.75,32.66,10,0,364.455,2.556,1,2.834,2.2995,0.5324,0.35,17.966,0.8,waspada
0.0,0.0,0.0,34.58,11.93,24.83,12,0,397.282,1.9177,1,0.0,0.0,0.3458,0.15,4.125,0.45,waspada
28.727,71.665,203.595,77.61,21.7,18.73,2,0,69.47,1.3198,2,28.727,23.8884,0.7761,0.15,16.84,0.8,awas
5.155,11.544,40.872,70.53,9.73,27.11,1,0,253.405,3.7837,0,5.155,3.848,0.7053,0.35,6.865,0.25,waspada
0.0,0.0,0.0,45.23,24.05,5.39,10,0,235.908,0.05,3,0.0,0.0,0.4523,0.75,10.879,0.8,waspada
0.0,0.0,0.0,59.72,8.68,9.22,4,0,194.494,3.2085,3,0.0,0.0,0.5972,0.55,5.181,0.1,waspada
17.701,40.229,131.821,34.96,7.05,1.02,8,1,327.705,0.9375,2,17.701,13.4098,0.3496,1.0,2.465,0.6,waspada
44.979,92.594,237.143,71.17,27.4,23.89,2,0,442.884,6.3193,0,44.979,30.8648,0.7117,0.75,19.501,0.65,siaga
3.005,5.024,14.939,34.72,20.34,11.22,10,0,198.902,1.4387,2,3.005,1.6748,0.3472,0.75,7.062,0.45,waspada
2.478,5.59,19.068,73.53,3.65,21.75,12,0,370.184,2.5638,1,2.478,1.8635,0.7353,0.75,2.685,0.25,waspada
0.913,1.685,7.052,77.86,23.3,26.3,3,0,319.914,5.8161,1,0.913,0.5618,0.7786,0.75,18.145,0.5,waspada
0.0,0.0,0.0,46.81,28.26,9.91,1,0,178.909,2.7425,1,0.0,0.0,0.4681,0.75,13.229,0.55,waspada
0.646,1.329,3.452,96.07,13.11,32.73,5,0,336.54,3.907,1,0.646,0.4431,0.9607,0.55,12.594,0.4,waspada
9.688,21.12,62.997,88.89,24.44,33.6,4,0,269.518,1.7452,2,9.688,7.04,0.8889,0.35,21.727,0.45,siaga
17.662,43.659,157.009,50.5,23.11,30.68,10,0,269.227,2.7,2,17.662,14.5529,0.505,0.85,11.671,0.65,waspada
11.087,22.305,78.41,84.75,31.65,26.42,1,0,167.789,1.8747,1,11.087,7.4349,0.8475,0.55,26.824,0.75,siaga
7.469,12.637,43.257,67.29,17.7,11.35,1,0,282.06,6.7573,2,7.469,4.2122,0.6729,1.0,11.91,0.45,aman
0.0,0.0,0.0,52.57,37.12,8.22,10,0,297.06,1.4738,2,0.0,0.0,0.5257,0.75,19.512,0.2,waspada
19.908,46.343,107.826,81.6,17.76,19.54,11,0,331.52,8.0145,1,19.908,15.4475,0.816,0.35,14.497,0.65,siaga
0.0,0.0,0.0,77.68,31.19,2.61,11,0,308.732,0.8991,2,0.0,0.0,0.7768,0.55,24.227,0.75,waspada
0.0,0.0,0.0,54.24,10.45,29.03,9,1,299.66,3.9192,0,0.0,0.0,0.5424,0.85,5.667,0.85,aman
50.865,77.954,164.922,85.46,23.16,12.64,7,1,399.996,0.2264,2,50.865,25.9846,0.8546,0.75,19.793,0.9,siaga
4.062,9.864,43.159,40.94,10.38,12.86,5,0,206.222,2.1371,3,4.062,3.2882,0.4094,0.35,4.249,0.65,waspada
5.793,11.371,53.396,96.11,30.72,32.75,12,0,123.648,0.729,3,5.793,3.7903,0.9611,0.35,29.528,0.1,siaga
0.0,0.0,0.0,81.86,31.19,15.31,12,0,218.646,5.6808,1,0.0,0.0,0.8186,0.85,25.53,0.7,waspada
98.149,133.53,262.8,61.18,18.97,30.98,3,0,256.497,6.8728,3,98.149,44.5101,0.6118,0.75,11.606,0.6,siaga
11.278,18.541,59.777,65.02,4.33,31.15,1,0,303.171,0.05,0,11.278,6.1802,0.6502,0.75,2.816,0.5,waspada
0.0,0.0,0.0,67.66,10.19,3.15,1,0,239.066,0.0517,3,0.0,0.0,0.6766,0.75,6.897,0.1,waspada
0.0,0.0,0.0,87.44,12.27,23.75,11,0,326.538,6.1659,3,0.0,0.0,0.8744,0.55,10.732,0.45,waspada
0.0,0.0,0.0,58.74,31.82,27.14,12,0,266.826,6.5817,2,0.0,0.0,0.5874,0.75,18.692,0.55,waspada
25.164,61.813,176.738,30.29,33.52,3.49,11,0,169.292,5.1646,1,25.164,20.6045,0.3029,0.85,10.155,0.55,waspada
6.761,18.893,92.294,87.01,20.54,27.4,11,0,267.815,6.3742,3,6.761,6.2978,0.8701,0.75,17.871,0.9,waspada
0.0,0.0,0.0,55.52,29.19,21.12,1,0,313.444,1.8896,2,0.0,0.0,0.5552,0.15,16.206,0.7,waspada
0.0,0.0,0.0,57.6,23.91,1.03,2,0,92.435,0.05,1,0.0,0.0,0.576,1.0,13.773,0.4,waspada
119.665,181.818,452.083,52.11,10.36,31.49,10,0,322.903,1.9214,0,119.665,60.6059,0.5211,0.55,5.4,0.7,siaga
51.313,117.665,291.0,52.48,34.05,5.79,7,1,304.913,3.5793,1,51.313,39.2215,0.5248,0.15,17.866,0.6,siaga
0.0,0.0,0.0,55.66,29.14,5.0,4,0,243.446,2.7313,2,0.0,0.0,0.5566,0.75,16.22,0.75,waspada
148.85,216.73,369.921,69.91,14.26,22.67,4,0,351.298,1.2464,2,148.85,72.2433,0.6991,0.75,9.971,0.15,siaga
0.0,0.0,0.0,81.84,37.74,19.59,6,1,301.353,4.0838,0,0.0,0.0,0.8184,0.35,30.889,0.3,waspada
0.0,0.0,0.0,50.56,19.16,4.92,5,0,343.448,1.3638,2,0.0,0.0,0.5056,0.75,9.684,0.9,waspada
0.0,0.0,0.0,86.84,20.86,18.49,5,0,318.561,2.6932,0,0.0,0.0,0.8684,0.55,18.119,0.4,waspada
5.104,13.48,33.066,40.71,36.82,34.58,8,1,434.755,4.3181,1,5.104,4.4932,0.4071,0.55,14.99,0.65,waspada
0.0,0.0,0.0,57.47,27.89,27.93,6,1,311.957,5.1953,1,0.0,0.0,0.5747,0.35,16.027,0.25,waspada
0.0,0.0,0.0,93.31,16.03,19.94,2,0,274.518,0.1932,1,0.0,0.0,0.9331,0.55,14.959,0.35,waspada
21.198,46.665,99.847,87.65,11.32,31.71,12,0,313.176,0.05,0,21.198,15.5549,0.8765,0.35,9.922,0.55,siaga
7.844,18.544,88.825,30.54,19.3,4.59,7,1,204.936,4.1695,1,7.844,6.1812,0.3054,0.75,5.896,0.2,waspada
0.0,0.0,0.0,52.49,12.75,9.72,2,0,194.154,4.4029,2,0.0,0.0,0.5249,0.75,6.69,0.55,waspada
5.712,11.53,52.82,45.75,22.72,34.41,6,1,370.806,4.9482,1,5.712,3.8434,0.4575,0.75,10.395,0.3,waspada
0.0,0.0,0.0,86.01,3.2,20.43,3,0,299.656,4.917,3,0.0,0.0,0.8601,0.15,2.754,0.4,waspada
0.0,0.0,0.0,39.73,12.31,4.45,7,1,366.274,5.0181,1,0.0,0.0,0.3973,0.55,4.892,0.7,aman
4.896,12.04,27.732,71.73,11.78,5.02,6,1,223.784,0.901,2,4.896,4.0132,0.7173,1.0,8.452,0.15,aman
4.364,9.664,41.439,77.24,26.0,23.76,9,1,203.453,1.0485,2,4.364,3.2214,0.7724,0.15,20.083,0.4,siaga
0.0,0.0,0.0,41.89,15.75,25.23,8,1,229.277,5.5367,2,0.0,0.0,0.4189,0.55,6.597,0.65,waspada
55.829,86.503,293.823,49.01,14.22,8.72,4,0,313.008,6.5064,1,55.829,28.8345,0.4901,0.85,6.972,0.2,siaga
0.0,0.0,0.0,64.51,29.58,10.58,8,1,318.479,0.9759,0,0.0,0.0,0.6451,0.55,19.084,0.6,waspada
5.166,8.411,31.541,77.0,27.4,15.76,6,1,315.404,4.1586,2,5.166,2.8037,0.77,0.75,21.096,0.35,waspada
0.0,0.0,0.0,56.24,25.88,9.15,10,0,344.92,1.0315,0,0.0,0.0,0.5624,0.75,14.554,0.45,waspada
0.0,0.0,0.0,97.38,6.36,26.23,11,0,303.087,0.05,1,0.0,0.0,0.9738,0.35,6.194,0.3,waspada
15.437,34.247,95.057,44.05,20.21,0.4,7,1,262.987,1.9228,1,15.437,11.4157,0.4405,0.75,8.9,0.6,waspada
0.0,0.0,0.0,78.34,5.45,3.98,12,0,258.641,0.6517,0,0.0,0.0,0.7834,0.75,4.271,0.2,waspada
5.505,15.448,59.126,91.04,28.12,10.07,11,0,246.09,0.05,1,5.505,5.1494,0.9104,0.75,25.601,0.45,waspada
0.0,0.0,0.0,43.7,7.81,12.1,9,1,401.047,0.2026,2,0.0,0.0,0.437,0.15,3.412,0.1,waspada
14.632,24.545,87.776,83.2,13.57,32.21,10,0,31.662,4.3166,1,14.632,8.1817,0.832,0.15,11.288,0.85,siaga
0.0,0.0,0.0,71.72,7.13,33.69,5,0,265.844,1.7029,1,0.0,0.0,0.7172,0.75,5.114,0.2,waspada
2.339,5.69,28.304,74.53,9.84,23.6,1,0,201.579,2.607,0,2.339,1.8965,0.7453,0.35,7.333,0.65,waspada
0.0,0.0,0.0,62.47,12.69,20.85,3,0,146.927,2.6249,2,0.0,0.0,0.6247,0.55,7.928,0.8,waspada
22.182,46.261,128.116,52.33,29.72,10.9,9,1,342.925,3.9821,0,22.182,15.4204,0.5233,0.15,15.554,0.2,siaga
18.283,39.553,97.108,84.54,32.37,14.42,8,1,175.1,2.1437,1,18.283,13.1844,0.8454,0.35,27.368,0.6,siaga
10.267,16.024,39.803,92.39,24.26,24.93,5,0,387.776,1.9553,1,10.267,5.3414,0.9239,0.55,22.411,0.85,waspada
0.0,0.0,0.0,86.56,5.16,17.14,10,0,295.292,3.1622,2,0.0,0.0,0.8656,0.55,4.47,0.9,waspada
0.0,0.0,0.0,95.98,2.39,29.04,5,0,163.468,4.7813,0,0.0,0.0,0.9598,0.75,2.292,0.25,waspada
6.815,19.073,38.338,91.03,29.16,10.05,6,1,54.692,5.1201,2,6.815,6.3575,0.9103,0.85,26.542,0.7,waspada
10.292,25.258,59.449,35.06,13.01,13.23,11,0,191.95,2.8008,3,10.292,8.4193,0.3506,0.85,4.563,0.25,waspada
6.874,12.747,37.015,33.36,9.03,14.15,8,1,233.347,5.0662,1,6.874,4.249,0.3336,0.55,3.014,0.35,waspada
6.777,15.799,60.575,59.51,21.6,34.51,7,1,346.625,3.0295,1,6.777,5.2665,0.5951,0.55,12.852,0.2,waspada
0.0,0.0,0.0,97.57,34.34,24.16,1,0,347.971,3.2055,2,0.0,0.0,0.9757,0.75,33.504,0.35,waspada
0.0,0.0,0.0,34.85,6.81,11.94,3,0,457.957,4.4954,3,0.0,0.0,0.3485,0.55,2.374,0.15,aman
0.0,0.0,0.0,96.09,37.9,32.31,12,0,201.711,2.205,0,0.0,0.0,0.9609,0.75,36.424,0.8,waspada
21.008,33.417,96.612,91.85,10.11,10.01,6,1,131.106,3.1774,1,21.008,11.1391,0.9185,0.35,9.284,0.5,siaga
5.766,11.049,37.573,76.61,22.19,29.37,5,0,328.631,1.9679,1,5.766,3.6829,0.7661,0.55,17.001,0.3,waspada
51.539,90.883,204.819,70.72,9.58,11.46,12,0,171.647,0.05,2,51.539,30.2943,0.7072,0.75,6.774,0.45,siaga
19.877,32.259,94.329,45.87,9.97,22.44,7,1,214.037,3.2009,1,19.877,10.753,0.4587,0.15,4.572,0.8,siaga
2.462,4.436,17.929,86.7,27.37,24.97,8,1,204.457,0.931,2,2.462,1.4785,0.867,0.75,23.733,0.5,waspada
0.0,0.0,0.0,37.01,13.68,15.08,6,1,183.419,2.4759,1,0.0,0.0,0.3701,1.0,5.062,0.9,aman
7.019,19.906,41.452,74.73,22.35,18.56,3,0,344.547,1.1525,2,7.019,6.6353,0.7473,0.55,16.702,0.9,waspada
2.649,6.927,34.25,34.48,11.82,9.89,9,1,340.578,3.7808,2,2.649,2.3091,0.3448,0.05,4.075,0.45,waspada
18.686,35.454,83.176,82.13,26.17,7.58,9,1,350.875,0.05,0,18.686,11.818,0.8213,0.85,21.497,0.35,waspada
6.382,14.861,60.911,53.4,14.82,11.74,8,1,262.644,4.4366,3,6.382,4.9537,0.534,0.75,7.916,0.15,waspada
23.921,37.331,107.964,91.01,35.22,12.76,12,0,380.279,3.465,0,23.921,12.4438,0.9101,0.75,32.056,0.9,siaga
5.053,8.614,37.673,44.93,21.92,33.89,4,0,125.202,6.0694,3,5.053,2.8714,0.4493,0.85,9.846,0.55,aman
66.132,135.596,322.897,45.9,33.36,10.97,1,0,281.68,5.44,2,66.132,45.1986,0.459,0.55,15.314,0.65,siaga
0.0,0.0,0.0,62.2,12.57,29.43,5,0,179.009,1.8235,0,0.0,0.0,0.622,0.75,7.818,0.3,waspada
17.679,27.156,55.014,90.6,28.57,16.56,2,0,242.985,2.6486,2,17.679,9.0521,0.906,0.55,25.888,0.7,siaga
0.0,0.0,0.0,83.86,21.91,7.15,12,0,360.849,4.2377,0,0.0,0.0,0.8386,0.75,18.373,0.1,waspada
0.0,0.0,0.0,65.18,33.33,15.99,5,0,185.188,3.9564,2,0.0,0.0,0.6518,0.75,21.728,0.5,waspada
0.0,0.0,0.0,56.81,14.88,8.18,2,0,291.442,3.1525,2,0.0,0.0,0.5681,0.55,8.456,0.45,waspada
0.0,0.0,0.0,91.93,31.56,14.89,8,1,316.748,7.2386,2,0.0,0.0,0.9193,0.15,29.012,0.55,siaga
0.0,0.0,0.0,92.42,7.21,0.23,5,0,315.538,5.1852,0,0.0,0.0,0.9242,0.75,6.663,0.2,waspada
8.43,14.48,47.961,55.43,31.94,4.03,2,0,344.028,3.3895,3,8.43,4.8266,0.5543,0.75,17.706,0.25,aman
71.014,115.91,328.982,91.07,14.58,2.79,1,0,299.289,2.6549,1,71.014,38.6366,0.9107,0.35,13.276,0.65,awas
0.0,0.0,0.0,46.41,23.7,0.74,4,0,284.046,5.0503,1,0.0,0.0,0.4641,0.15,10.997,0.55,waspada
0.0,0.0,0.0,89.0,17.1,19.97,5,0,146.508,3.3692,2,0.0,0.0,0.89,0.35,15.224,0.85,siaga
59.988,148.483,394.86,50.41,33.86,34.21,9,1,288.705,1.2311,1,59.988,49.4944,0.5041,0.35,17.069,0.1,siaga
24.233,59.806,186.551,58.24,22.46,27.63,6,1,363.981,1.9287,2,24.233,19.9355,0.5824,0.35,13.081,0.65,siaga
127.18,228.813,480.43,92.79,17.55,11.3,11,0,337.695,1.5281,0,127.18,76.2711,0.9279,0.75,16.283,0.65,siaga
9.541,19.808,41.135,83.35,30.84,32.41,12,0,124.267,3.2589,2,9.541,6.6027,0.8335,0.35,25.705,0.45,siaga
0.0,0.0,0.0,73.08,31.62,20.56,6,1,319.541,3.4758,0,0.0,0.0,0.7308,0.55,23.109,0.85,waspada
74.476,125.102,381.195,44.55,2.11,6.45,8,1,252.283,4.232,1,74.476,41.7006,0.4455,0.55,0.939,0.45,siaga
43.815,66.64,181.305,64.17,2.76,3.43,4,0,191.304,3.7183,1,43.815,22.2134,0.6417,0.55,1.771,0.6,siaga
0.0,0.0,0.0,61.98,3.71,33.16,11,0,168.053,4.1532,2,0.0,0.0,0.6198,0.75,2.297,0.1,aman
0.0,0.0,0.0,85.48,9.03,7.95,11,0,186.635,1.9955,2,0.0,0.0,0.8548,0.15,7.716,0.8,siaga
28.379,59.483,194.088,73.09,19.95,9.66,2,0,203.145,5.626,3,28.379,19.8278,0.7309,0.75,14.583,0.55,siaga
33.329,53.486,137.4,87.98,4.82,28.46,12,0,222.749,1.7748,0,33.329,17.8286,0.8798,0.55,4.24,0.6,siaga
77.86,164.448,448.974,61.13,16.84,30.86,11,0,418.8,3.5376,1,77.86,54.8161,0.6113,0.35,10.295,0.85,siaga
0.0,0.0,0.0,49.92,16.06,2.39,1,0,232.662,1.9249,1,0.0,0.0,0.4992,0.55,8.017,0.25,waspada
84.227,116.006,199.775,59.77,10.03,23.03,9,1,248.912,1.696,0,84.227,38.6686,0.5977,0.75,5.998,0.25,siaga
0.0,0.0,0.0,57.02,7.94,34.54,12,0,281.474,2.9744,1,0.0,0.0,0.5702,0.75,4.525,0.5,aman
0.0,0.0,0.0,72.78,8.41,20.74,12,0,294.526,6.6497,3,0.0,0.0,0.7278,0.55,6.121,0.25,waspada
6.668,11.629,23.303,80.36,35.28,12.68,2,0,256.666,3.2226,3,6.668,3.8763,0.8036,0.75,28.351,0.35,waspada
1.448,4.213,18.32,31.73,7.99,8.06,9,1,369.155,2.6008,1,1.448,1.4044,0.3173,0.55,2.534,0.65,aman
42.271,101.473,239.737,58.71,22.33,27.95,7,1,442.194,3.8691,3,42.271,33.8245,0.5871,0.35,13.108,0.25,siaga
0.0,0.0,0.0,97.75,8.42,25.11,4,0,186.545,2.5031,0,0.0,0.0,0.9775,0.85,8.232,0.55,waspada
5.92,17.677,82.293,56.29,24.7,10.45,2,0,321.895,3.8691,1,5.92,5.8924,0.5629,0.75,13.902,0.5,waspada
5.72,12.944,34.264,94.54,21.04,12.58,10,0,292.129,2.1171,1,5.72,4.3145,0.9454,0.35,19.888,0.45,siaga
0.0,0.0,0.0,60.88,23.45,11.25,11,0,196.555,2.8047,2,0.0,0.0,0.6088,0.75,14.277,0.6,waspada
12.712,27.103,92.69,93.87,33.46,32.6,7,1,253.39,0.416,2,12.712,9.0343,0.9387,0.75,31.408,0.7,siaga
24.552,47.201,169.654,39.58,20.94,15.22,12,0,262.46,4.0217,1,24.552,15.7338,0.3958,0.55,8.288,0.4,waspada
67.858,146.323,467.572,66.37,23.36,29.76,10,0,376.002,3.7316,2,67.858,48.7744,0.6637,0.35,15.505,0.7,awas
145.053,287.513,531.865,55.75,20.53,9.78,2,0,230.993,5.7651,2,145.053,95.8378,0.5575,0.55,11.449,0.2,siaga
37.216,79.299,166.708,58.65,12.55,0.8,4,0,204.546,1.3438,1,37.216,26.4332,0.5865,0.55,7.363,0.75,siaga
0.0,0.0,0.0,89.02,22.47,13.26,3,0,284.667,8.0091,3,0.0,0.0,0.8902,0.35,20.007,0.6,waspada
0.0,0.0,0.0,57.15,16.0,24.5,3,0,223.931,0.7121,0,0.0,0.0,0.5715,0.55,9.142,0.35,waspada
2.338,6.273,17.78,71.86,32.69,16.11,4,0,277.739,4.3598,2,2.338,2.091,0.7186,0.55,23.494,0.55,waspada
0.0,0.0,0.0,63.79,8.56,12.92,7,1,291.788,3.4023,0,0.0,0.0,0.6379,0.15,5.46,0.7,waspada
67.798,127.947,442.367,43.63,13.3,32.72,12,0,302.061,5.8428,2,67.798,42.6489,0.4363,0.55,5.804,0.85,siaga
0.0,0.0,0.0,88.19,31.4,5.69,10,0,171.013,2.1374,1,0.0,0.0,0.8819,0.85,27.688,0.8,waspada
5.543,10.303,48.26,73.68,12.58,17.32,5,0,241.846,3.3269,1,5.543,3.4345,0.7368,0.75,9.27,0.1,waspada
0.0,0.0,0.0,32.67,16.48,17.17,6,1,290.608,6.181,2,0.0,0.0,0.3267,0.35,5.384,0.15,waspada
0.0,0.0,0.0,89.99,22.19,7.21,6,1,333.978,4.9199,2,0.0,0.0,0.8999,0.75,19.97,0.7,waspada
12.753,20.297,68.288,63.47,26.79,19.45,5,0,259.677,6.3118,3,12.753,6.7655,0.6347,0.35,17.001,0.45,waspada
0.0,0.0,0.0,31.99,21.56,33.99,9,1,230.698,3.0037,2,0.0,0.0,0.3199,0.35,6.897,0.5,waspada
21.302,39.349,133.318,32.36,28.82,30.49,9,1,304.359,3.9916,1,21.302,13.1162,0.3236,0.55,9.327,0.55,waspada
0.0,0.0,0.0,89.07,33.24,26.67,5,0,268.953,4.2171,2,0.0,0.0,0.8907,0.55,29.604,0.25,waspada
20.162,43.774,90.374,94.04,28.65,15.09,4,0,156.899,3.2123,0,20.162,14.5913,0.9404,0.55,26.943,0.6,siaga
2.884,5.95,14.321,84.36,27.13,0.78,10,0,287.532,0.4401,2,2.884,1.9835,0.8436,0.75,22.885,0.35,waspada
0.0,0.0,0.0,89.94,13.82,14.65,3,0,209.922,0.6873,0,0.0,0.0,0.8994,0.15,12.433,0.85,siaga
20.248,43.884,94.212,85.14,10.36,33.17,1,0,304.391,0.9258,1,20.248,14.6279,0.8514,0.55,8.819,0.35,siaga
0.0,0.0,0.0,63.69,31.07,14.43,7,1,275.193,3.2308,2,0.0,0.0,0.6369,0.75,19.79,0.75,waspada
3.379,8.212,32.753,52.83,24.38,8.49,3,0,404.604,1.9482,2,3.379,2.7372,0.5283,0.05,12.88,0.9,waspada
0.0,0.0,0.0,45.01,34.85,16.96,11,0,238.921,2.2703,2,0.0,0.0,0.4501,0.75,15.686,0.9,waspada
0.0,0.0,0.0,76.22,33.08,28.2,5,0,211.901,1.5169,2,0.0,0.0,0.7622,0.85,25.211,0.4,waspada
0.0,0.0,0.0,38.75,23.17,0.76,7,1,280.849,1.4363,2,0.0,0.0,0.3875,0.75,8.98,0.1,aman
2.154,4.528,11.784,95.02,13.08,6.4,8,1,87.759,3.5041,1,2.154,1.5094,0.9502,0.75,12.433,0.1,waspada
55.801,106.592,254.215,53.06,36.9,25.9,2,0,195.636,5.3084,2,55.801,35.5306,0.5306,0.75,19.579,0.9,siaga
0.0,0.0,0.0,43.82,6.09,30.02,4,0,217.444,3.8185,2,0.0,0.0,0.4382,0.55,2.668,0.45,waspada
7.895,16.033,49.699,32.65,10.48,28.12,10,0,150.381,0.05,2,7.895,5.3443,0.3265,0.75,3.423,0.15,waspada
3.707,6.207,21.561,30.58,5.16,10.63,3,0,199.71,1.8971,2,3.707,2.069,0.3058,0.75,1.579,0.4,aman
3.553,10.247,47.779,59.41,29.79,29.43,6,1,187.031,1.5922,2,3.553,3.4158,0.5941,0.75,17.697,0.6,waspada
0.0,0.0,0.0,76.36,35.77,5.53,1,0,157.265,4.149,2,0.0,0.0,0.7636,0.15,27.315,0.7,siaga
8.27,19.758,78.632,66.25,21.05,15.69,3,0,125.091,3.8286,1,8.27,6.5861,0.6625,0.85,13.945,0.45,waspada
0.0,0.0,0.0,69.77,10.17,7.47,12,0,261.145,3.0599,2,0.0,0.0,0.6977,0.55,7.098,0.85,waspada
13.666,24.894,69.072,42.66,13.8,9.25,6,1,241.038,0.8082,1,13.666,8.2979,0.4266,0.15,5.886,0.8,siaga
70.033,132.296,312.291,54.87,37.46,6.96,8,1,245.149,0.9587,2,70.033,44.0986,0.5487,0.15,20.553,0.25,awas
0.0,0.0,0.0,72.63,28.36,5.16,3,0,323.331,4.8905,1,0.0,0.0,0.7263,0.55,20.595,0.65,waspada
0.0,0.0,0.0,68.04,31.6,10.42,11,0,160.507,3.3031,2,0.0,0.0,0.6804,0.75,21.501,0.3,waspada
0.0,0.0,0.0,57.46,34.2,0.99,1,0,256.547,3.3318,2,0.0,0.0,0.5746,0.35,19.653,0.25,waspada
19.689,45.307,130.994,86.98,9.09,7.22,6,1,361.601,3.4457,1,19.689,15.1023,0.8698,0.55,7.907,0.35,siaga
5.555,10.571,33.422,95.42,25.82,14.4,8,1,69.946,1.058,2,5.555,3.5235,0.9542,0.35,24.634,0.8,siaga
0.0,0.0,0.0,97.61,36.93,23.45,2,0,230.397,2.1576,2,0.0,0.0,0.9761,0.55,36.049,0.1,waspada
0.0,0.0,0.0,78.54,28.92,26.65,12,0,304.064,0.923,1,0.0,0.0,0.7854,0.75,22.715,0.55,waspada
18.283,39.547,124.703,69.78,11.61,2.6,8,1,127.572,0.05,2,18.283,13.1825,0.6978,0.55,8.099,0.45,siaga
6.052,13.61,45.669,62.96,37.28,27.91,9,1,106.889,0.1318,2,6.052,4.5367,0.6296,0.55,23.472,0.6,waspada
0.0,0.0,0.0,80.33,3.79,27.89,5,0,175.962,4.2136,1,0.0,0.0,0.8033,0.85,3.047,0.75,waspada
0.0,0.0,0.0,56.65,21.18,29.31,6,1,221.529,5.8665,1,0.0,0.0,0.5665,0.85,11.997,0.5,aman
17.626,44.035,109.163,97.2,9.88,18.29,10,0,107.59,0.4922,1,17.626,14.6784,0.972,0.85,9.602,0.25,siaga
2.793,7.027,33.248,34.76,30.8,19.87,12,0,245.572,1.1572,2,2.793,2.3422,0.3476,0.35,10.708,0.1,waspada
0.0,0.0,0.0,63.35,24.0,14.52,7,1,436.791,2.7436,1,0.0,0.0,0.6335,0.55,15.201,0.25,waspada
0.0,0.0,0.0,93.37,34.41,30.49,8,1,180.261,0.05,2,0.0,0.0,0.9337,0.55,32.129,0.85,siaga
110.533,150.87,371.284,69.45,24.76,13.56,11,0,271.372,3.6762,0,110.533,50.29,0.6945,0.35,17.194,0.2,siaga
0.0,0.0,0.0,70.24,17.05,34.03,7,1,274.105,4.7537,2,0.0,0.0,0.7024,0.35,11.979,0.25,waspada
0.0,0.0,0.0,84.53,21.46,17.61,11,0,275.694,3.34,2,0.0,0.0,0.8453,0.55,18.142,0.85,waspada
69.139,118.433,321.549,59.56,23.73,7.83,6,1,309.771,3.7424,1,69.139,39.4776,0.5956,0.75,14.135,0.4,siaga
5.136,9.944,32.582,60.53,35.53,0.52,3,0,451.542,1.7268,2,5.136,3.3148,0.6053,0.75,21.506,0.15,waspada
3.13,8.497,37.11,64.44,30.44,12.83,2,0,93.383,4.4047,1,3.13,2.8323,0.6444,0.35,19.613,0.6,waspada
0.0,0.0,0.0,94.59,29.34,14.8,7,1,158.995,3.1939,0,0.0,0.0,0.9459,0.75,27.749,0.1,waspada
0.0,0.0,0.0,41.87,14.32,24.7,4,0,349.519,3.3482,1,0.0,0.0,0.4187,0.75,5.996,0.25,aman
2.048,3.112,11.681,73.74,6.08,11.98,6,1,148.375,6.4529,1,2.048,1.0372,0.7374,0.15,4.48,0.7,siaga
0.0,0.0,0.0,81.22,18.38,19.58,10,0,207.11,4.0408,1,0.0,0.0,0.8122,0.55,14.927,0.4,waspada
1.735,4.453,22.146,77.18,26.84,18.53,7,1,251.732,4.0047,2,1.735,1.4843,0.7718,0.55,20.716,0.2,waspada
4.115,9.635,46.368,52.71,22.26,26.97,6,1,344.098,4.4732,1,4.115,3.2116,0.5271,0.55,11.73,0.8,waspada
2.657,5.971,15.029,71.79,29.6,26.85,3,0,181.605,7.8212,0,2.657,1.9902,0.7179,0.35,21.25,0.75,waspada
4.92,13.794,29.82,38.52,11.47,24.41,3,0,372.647,3.012,1,4.92,4.5979,0.3852,0.75,4.42,0.65,waspada
24.896,47.95,190.916,73.52,16.05,9.04,5,0,169.959,0.8008,1,24.896,15.9832,0.7352,0.75,11.802,0.4,siaga
23.471,56.478,133.352,45.84,28.07,25.66,3,0,262.623,2.6125,1,23.471,18.826,0.4584,0.85,12.867,0.5,waspada
0.0,0.0,0.0,43.78,13.19,33.24,12,0,258.055,0.05,3,0.0,0.0,0.4378,0.55,5.775,0.1,waspada
20.493,48.445,111.491,52.19,23.57,6.83,6,1,314.678,7.0107,2,20.493,16.1485,0.5219,0.35,12.302,0.75,siaga
0.0,0.0,0.0,76.06,18.02,6.82,10,0,250.243,8.2026,2,0.0,0.0,0.7606,0.75,13.703,0.6,waspada
0.0,0.0,0.0,52.58,12.31,19.58,7,1,328.072,2.0366,1,0.0,0.0,0.5258,0.75,6.473,0.5,aman
0.0,0.0,0.0,35.98,13.86,31.72,1,0,203.369,0.9868,2,0.0,0.0,0.3598,0.55,4.988,0.85,waspada
0.0,0.0,0.0,40.73,11.24,27.7,7,1,236.516,0.05,1,0.0,0.0,0.4073,0.35,4.576,0.35,waspada
15.593,32.807,83.978,42.9,22.49,6.91,7,1,288.622,3.0219,0,15.593,10.9358,0.429,1.0,9.65,0.65,waspada
0.0,0.0,0.0,84.87,13.08,6.88,6,1,259.089,4.1051,0,0.0,0.0,0.8487,0.85,11.104,0.8,waspada
0.0,0.0,0.0,57.08,37.1,23.03,11,0,280.401,4.1402,2,0.0,0.0,0.5708,0.35,21.174,0.1,waspada
6.935,16.139,58.154,94.64,20.32,10.82,10,0,227.265,3.5167,1,6.935,5.3798,0.9464,0.55,19.229,0.8,siaga
128.673,241.66,389.557,97.29,12.29,21.39,6,1,267.077,4.8621,1,128.673,80.5532,0.9729,0.85,11.961,0.85,siaga
18.643,39.109,108.957,90.89,12.45,32.32,8,1,374.778,3.6791,0,18.643,13.0362,0.9089,0.55,11.317,0.2,waspada
20.69,45.198,171.218,41.41,16.64,27.93,3,0,220.817,5.7843,2,20.69,15.0661,0.4141,0.75,6.893,0.55,waspada
0.0,0.0,0.0,95.97,4.13,8.87,4,0,218.87,6.6223,3,0.0,0.0,0.9597,0.75,3.962,0.6,waspada
0.0,0.0,0.0,62.61,6.8,29.54,2,0,318.475,3.6411,1,0.0,0.0,0.6261,0.55,4.255,0.65,waspada
0.0,0.0,0.0,41.8,12.99,14.14,3,0,166.583,1.5275,1,0.0,0.0,0.418,0.85,5.428,0.85,waspada
0.0,0.0,0.0,60.12,28.91,11.97,4,0,241.424,2.1478,1,0.0,0.0,0.6012,0.05,17.381,0.1,waspada
0.0,0.0,0.0,94.52,16.07,5.89,6,1,272.379,4.272,2,0.0,0.0,0.9452,0.75,15.186,0.65,waspada
31.599,58.739,193.038,79.58,6.47,2.14,11,0,238.559,3.4515,0,31.599,19.5796,0.7958,0.35,5.15,0.4,siaga
3.584,9.049,29.939,58.72,23.19,14.12,8,1,206.529,1.7815,1,3.584,3.0164,0.5872,0.85,13.619,0.55,waspada
64.038,114.09,260.124,53.34,13.0,0.22,12,0,315.533,3.1477,2,64.038,38.0301,0.5334,0.05,6.935,0.2,siaga
0.0,0.0,0.0,45.14,11.02,14.26,5,0,286.831,2.1108,0,0.0,0.0,0.4514,0.75,4.976,0.85,waspada
0.0,0.0,0.0,82.54,26.74,19.96,6,1,136.601,5.0809,1,0.0,0.0,0.8254,0.75,22.073,0.25,waspada
7.191,20.381,91.068,88.56,2.27,7.39,5,0,288.061,3.9827,1,7.191,6.7937,0.8856,1.0,2.013,0.8,waspada
63.79,115.186,391.918,32.95,5.34,14.24,5,0,371.524,3.9433,1,63.79,38.3954,0.3295,0.55,1.76,0.85,siaga
12.611,26.323,53.809,43.86,30.28,32.98,6,1,113.684,1.4815,2,12.611,8.7745,0.4386,0.15,13.279,0.6,siaga
0.0,0.0,0.0,44.16,36.57,11.33,12,0,231.806,0.05,2,0.0,0.0,0.4416,0.55,16.151,0.25,waspada
0.0,0.0,0.0,46.78,10.99,2.89,7,1,223.29,4.5918,3,0.0,0.0,0.4678,0.55,5.143,0.35,waspada
4.126,11.816,28.331,36.64,10.55,8.27,5,0,341.863,1.3866,2,4.126,3.9385,0.3664,0.85,3.866,0.5,aman
7.421,12.771,40.423,50.98,9.61,7.86,5,0,364.352,0.3095,1,7.421,4.257,0.5098,1.0,4.9,0.1,aman
0.0,0.0,0.0,73.96,35.41,9.92,4,0,149.574,2.5565,2,0.0,0.0,0.7396,0.75,26.187,0.65,waspada
0.0,0.0,0.0,38.94,3.69,1.45,6,1,220.025,1.6625,0,0.0,0.0,0.3894,0.55,1.436,0.7,waspada
0.0,0.0,0.0,33.34,18.28,22.29,1,0,49.835,4.6183,3,0.0,0.0,0.3334,0.35,6.095,0.45,waspada
0.0,0.0,0.0,36.63,10.29,20.44,12,0,254.766,2.4072,2,0.0,0.0,0.3663,0.75,3.769,0.6,aman
12.66,29.069,73.078,89.37,6.36,30.16,3,0,260.173,3.145,1,12.66,9.6895,0.8937,0.35,5.684,0.85,siaga
24.545,53.889,155.509,84.06,25.01,15.3,2,0,115.055,1.9839,2,24.545,17.963,0.8406,1.0,21.023,0.85,siaga
0.0,0.0,0.0,55.7,3.61,29.83,4,0,165.422,0.6714,0,0.0,0.0,0.557,0.75,2.009,0.8,waspada
1.608,3.388,9.054,69.18,29.07,1.43,8,1,265.113,1.1895,3,1.608,1.1293,0.6918,0.85,20.112,0.75,waspada
0.0,0.0,0.0,44.82,35.02,4.42,6,1,285.212,0.05,2,0.0,0.0,0.4482,0.35,15.696,0.15,waspada
1.633,4.88,23.035,35.82,14.76,0.38,11,0,414.229,0.05,1,1.633,1.6267,0.3582,0.75,5.288,0.4,aman
134.028,221.266,408.392,78.6,8.11,24.57,7,1,269.454,5.1965,0,134.028,73.7552,0.786,1.0,6.376,0.4,siaga
4.678,13.458,39.963,56.69,37.64,22.37,1,0,317.983,4.5302,2,4.678,4.4861,0.5669,0.05,21.335,0.7,siaga
1.91,5.314,15.135,39.07,30.35,9.83,1,0,208.107,2.7315,3,1.91,1.7715,0.3907,0.75,11.858,0.6,waspada
44.117,83.343,188.169,81.94,16.3,1.8,9,1,427.342,0.8329,2,44.117,27.7809,0.8194,1.0,13.353,0.9,siaga
0.0,0.0,0.0,36.17,6.65,17.12,2,0,205.637,1.7118,2,0.0,0.0,0.3617,0.55,2.404,0.15,waspada
122.339,161.648,357.933,52.41,29.36,13.75,8,1,285.607,1.6693,0,122.339,53.8826,0.5241,0.55,15.39,0.65,siaga
5.606,10.237,21.83,85.99,3.4,24.32,7,1,331.227,4.3194,2,5.606,3.4123,0.8599,0.75,2.922,0.75,waspada
6.907,13.669,60.95,77.62,21.15,26.37,7,1,306.832,0.05,2,6.907,4.5562,0.7762,0.75,16.416,0.9,waspada
0.0,0.0,0.0,81.26,10.25,10.75,5,0,107.349,1.9298,2,0.0,0.0,0.8126,0.55,8.332,0.65,waspada
37.831,83.03,250.32,72.18,14.64,6.72,5,0,311.32,2.8794,1,37.831,27.6768,0.7218,0.35,10.566,0.45,siaga
44.289,95.359,264.138,87.36,5.29,21.97,12,0,323.185,2.4391,2,44.289,31.7862,0.8736,0.55,4.62,0.6,siaga
23.976,40.853,102.124,59.05,22.06,16.36,11,0,293.158,2.5828,1,23.976,13.6178,0.5905,0.55,13.028,0.35,waspada
0.0,0.0,0.0,92.28,33.16,19.09,6,1,273.087,5.2594,2,0.0,0.0,0.9228,0.75,30.599,0.65,waspada
0.0,0.0,0.0,93.66,31.31,4.55,4,0,297.872,3.4942,1,0.0,0.0,0.9366,0.15,29.329,0.25,siaga
0.0,0.0,0.0,79.64,37.39,0.49,3,0,314.205,0.3368,1,0.0,0.0,0.7964,0.35,29.781,0.9,waspada
0.0,0.0,0.0,60.76,35.95,26.27,8,1,127.934,0.802,2,0.0,0.0,0.6076,0.55,21.848,0.1,waspada
82.941,161.048,286.022,34.07,8.03,15.33,5,0,287.711,6.048,2,82.941,53.6825,0.3407,0.35,2.736,0.15,siaga
0.0,0.0,0.0,67.21,4.55,15.22,12,0,224.146,1.0708,2,0.0,0.0,0.6721,0.15,3.059,0.85,siaga
0.0,0.0,0.0,58.9,20.4,13.4,10,0,151.88,0.7474,2,0.0,0.0,0.589,0.55,12.014,0.9,waspada
29.763,65.067,176.864,36.83,33.63,0.2,4,0,186.845,2.7318,2,29.763,21.6891,0.3683,0.05,12.387,0.85,siaga
7.846,19.105,86.904,49.86,35.68,19.11,12,0,73.962,0.903,0,7.846,6.3682,0.4986,0.75,17.787,0.1,waspada
1.404,2.756,7.005,39.45,30.09,17.12,12,0,51.925,2.7341,0,1.404,0.9185,0.3945,0.75,11.871,0.45,waspada
0.0,0.0,0.0,65.42,25.02,25.55,11,0,255.538,4.0686,1,0.0,0.0,0.6542,0.85,16.365,0.55,waspada
0.0,0.0,0.0,30.46,10.13,6.85,8,1,313.449,0.05,0,0.0,0.0,0.3046,0.85,3.085,0.7,aman
0.0,0.0,0.0,54.38,37.33,10.66,10,0,152.017,0.05,0,0.0,0.0,0.5438,0.55,20.302,0.15,waspada
0.0,0.0,0.0,68.5,37.86,29.77,3,0,332.639,4.6229,2,0.0,0.0,0.685,0.75,25.936,0.7,waspada
0.0,0.0,0.0,48.02,28.03,13.14,9,1,301.256,2.7408,2,0.0,0.0,0.4802,0.15,13.458,0.15,waspada
0.0,0.0,0.0,92.89,14.44,24.84,6,1,321.353,3.5363,1,0.0,0.0,0.9289,0.75,13.418,0.15,waspada
0.0,0.0,0.0,48.48,15.21,9.79,1,0,267.993,2.9001,1,0.0,0.0,0.4848,0.75,7.375,0.85,aman
16.853,39.896,140.817,93.89,18.29,18.86,9,1,159.983,2.5921,3,16.853,13.2986,0.9389,0.55,17.17,0.55,siaga
4.325,12.546,58.715,49.68,31.43,19.86,4,0,189.118,0.05,1,4.325,4.182,0.4968,0.75,15.616,0.7,waspada
24.157,46.047,120.974,53.75,18.01,1.11,3,0,192.809,4.5838,0,24.157,15.349,0.5375,0.75,9.682,0.85,waspada
24.176,57.438,168.68,88.68,8.96,31.06,7,1,259.085,2.8964,1,24.176,19.1461,0.8868,0.35,7.946,0.75,siaga
7.511,22.289,109.833,58.54,26.39,13.37,1,0,64.266,7.0455,1,7.511,7.4297,0.5854,0.55,15.447,0.25,waspada
102.429,133.776,306.373,30.62,27.34,30.29,3,0,181.52,2.1243,1,102.429,44.592,0.3062,0.75,8.371,0.75,siaga
0.0,0.0,0.0,82.0,37.7,19.07,1,0,269.234,0.4789,2,0.0,0.0,0.82,0.35,30.913,0.5,waspada
0.0,0.0,0.0,42.14,5.87,12.65,6,1,155.514,2.2759,0,0.0,0.0,0.4214,0.55,2.474,0.8,waspada
71.059,157.093,380.49,77.84,23.89,33.47,8,1,366.399,0.05,2,71.059,52.3645,0.7784,0.75,18.597,0.85,siaga
0.0,0.0,0.0,92.11,10.3,30.83,8,1,315.071,5.4806,2,0.0,0.0,0.9211,0.55,9.488,0.65,waspada
34.039,74.779,227.856,59.4,25.66,27.16,10,0,282.526,3.4084,1,34.039,24.9262,0.594,0.35,15.245,0.75,siaga
56.588,99.506,227.257,38.59,10.32,24.05,3,0,320.06,5.8757,0,56.588,33.1686,0.3859,0.55,3.983,0.55,siaga
0.0,0.0,0.0,76.33,9.26,24.14,2,0,321.001,1.1592,3,0.0,0.0,0.7633,0.15,7.071,0.7,waspada
0.0,0.0,0.0,94.55,35.06,1.39,9,1,308.036,3.5072,3,0.0,0.0,0.9455,0.75,33.149,0.75,waspada
129.117,186.181,324.258,97.14,20.31,18.72,1,0,253.679,3.6188,3,129.117,62.0605,0.9714,0.85,19.725,0.3,siaga
1.236,2.911,11.418,79.66,36.4,8.46,12,0,155.349,0.5483,1,1.236,0.9704,0.7966,0.55,29.001,0.85,waspada
5.586,14.319,33.804,42.72,22.19,29.89,9,1,376.756,7.6135,0,5.586,4.7728,0.4272,0.55,9.478,0.8,waspada
6.91,14.296,69.861,86.69,32.44,22.86,10,0,217.697,3.3982,2,6.91,4.7652,0.8669,0.75,28.124,0.3,waspada
0.0,0.0,0.0,88.92,4.82,12.99,1,0,261.508,2.9771,3,0.0,0.0,0.8892,0.75,4.286,0.65,waspada
1.568,3.379,15.972,71.95,16.21,24.57,8,1,333.554,1.8259,0,1.568,1.1262,0.7195,0.55,11.663,0.75,waspada
0.0,0.0,0.0,81.87,8.45,5.0,9,1,249.998,4.9383,2,0.0,0.0,0.8187,0.75,6.916,0.8,waspada
0.0,0.0,0.0,40.14,8.17,7.39,12,0,108.465,4.4495,1,0.0,0.0,0.4014,1.0,3.279,0.7,aman
0.0,0.0,0.0,40.37,8.28,12.48,3,0,251.628,4.3655,2,0.0,0.0,0.4037,0.55,3.342,0.7,waspada
0.0,0.0,0.0,62.32,30.64,14.0,9,1,302.321,3.9227,1,0.0,0.0,0.6232,0.55,19.092,0.2,waspada
1.627,3.567,17.49,55.42,31.58,22.9,6,1,287.224,5.7468,2,1.627,1.1891,0.5542,0.35,17.504,0.3,waspada
0.0,0.0,0.0,50.25,11.52,14.25,6,1,208.789,0.3406,2,0.0,0.0,0.5025,1.0,5.79,0.75,aman
25.065,61.941,157.245,37.41,30.7,13.29,4,0,313.218,1.568,1,25.065,20.647,0.3741,0.75,11.485,0.6,waspada
0.0,0.0,0.0,78.58,18.23,3.75,10,0,166.317,4.9918,0,0.0,0.0,0.7858,0.55,14.329,0.75,waspada
0.0,0.0,0.0,41.55,27.35,6.99,6,1,320.642,1.3108,2,0.0,0.0,0.4155,0.75,11.365,0.65,aman
0.0,0.0,0.0,48.86,36.11,9.17,7,1,331.187,6.1964,1,0.0,0.0,0.4886,0.35,17.643,0.2,waspada
2.029,4.761,13.622,66.02,33.54,14.73,11,0,300.169,0.884,2,2.029,1.5869,0.6602,0.75,22.147,0.6,waspada
0.0,0.0,0.0,88.88,23.95,14.46,3,0,350.89,2.8031,2,0.0,0.0,0.8888,0.35,21.285,0.7,siaga
0.0,0.0,0.0,56.85,36.41,32.7,11,0,225.968,2.295,1,0.0,0.0,0.5685,0.75,20.7,0.3,waspada
0.0,0.0,0.0,64.55,34.07,17.91,10,0,161.042,0.05,0,0.0,0.0,0.6455,0.15,21.991,0.55,siaga
0.0,0.0,0.0,39.36,7.29,21.88,3,0,169.598,7.965,2,0.0,0.0,0.3936,0.85,2.869,0.1,aman
36.92,85.399,214.626,64.44,30.01,33.76,4,0,184.923,0.8663,1,36.92,28.4665,0.6444,0.75,19.338,0.4,siaga
4.732,12.01,29.363,92.14,31.76,25.33,6,1,318.843,2.8507,2,4.732,4.0035,0.9214,0.35,29.268,0.6,siaga
7.741,21.958,103.381,97.35,14.21,13.55,6,1,354.553,4.832,1,7.741,7.3194,0.9735,0.85,13.838,0.85,waspada
13.557,25.792,73.873,34.46,33.12,31.45,7,1,220.636,3.422,2,13.557,8.5972,0.3446,0.75,11.415,0.45,waspada
3.17,8.613,32.161,68.49,35.43,31.65,2,0,270.88,1.1242,1,3.17,2.871,0.6849,0.85,24.266,0.3,waspada
2.978,6.945,18.407,45.08,30.48,8.47,11,0,378.703,0.5086,0,2.978,2.3149,0.4508,0.85,13.741,0.5,aman
0.0,0.0,0.0,80.39,20.38,34.95,6,1,288.576,0.05,3,0.0,0.0,0.8039,0.55,16.38,0.85,waspada
28.359,55.279,143.542,57.63,15.58,23.86,4,0,308.314,2.2611,2,28.359,18.4262,0.5763,0.85,8.978,0.7,waspada
80.655,102.849,161.972,92.92,3.32,16.67,11,0,346.091,4.4294,1,80.655,34.2831,0.9292,0.55,3.084,0.55,siaga
2.907,5.182,20.198,33.06,24.56,20.11,6,1,233.391,0.2138,0,2.907,1.7274,0.3306,0.75,8.119,0.75,waspada
3.704,8.071,20.546,71.16,17.42,33.43,8,1,282.593,2.7624,0,3.704,2.6903,0.7116,0.35,12.396,0.25,waspada
0.0,0.0,0.0,95.76,26.96,28.94,2,0,199.737,3.3285,2,0.0,0.0,0.9576,0.55,25.818,0.65,waspada
23.195,39.028,151.791,37.97,22.85,14.36,4,0,308.746,1.75,2,23.195,13.0095,0.3797,0.85,8.678,0.7,waspada
0.0,0.0,0.0,86.29,24.95,28.8,9,1,222.935,2.9782,0,0.0,0.0,0.8629,0.55,21.53,0.55,waspada
7.538,15.928,35.13,84.41,22.33,4.72,6,1,239.737,0.05,1,7.538,5.3094,0.8441,0.75,18.851,0.5,waspada
0.0,0.0,0.0,70.86,30.87,4.88,10,0,311.611,0.05,1,0.0,0.0,0.7086,0.15,21.876,0.8,siaga
9.783,16.535,58.45,72.61,29.03,6.99,3,0,249.38,3.6311,3,9.783,5.5116,0.7261,0.75,21.078,0.85,waspada
103.645,142.411,241.262,51.62,24.4,34.97,12,0,283.064,3.5587,0,103.645,47.4703,0.5162,0.75,12.597,0.1,siaga
0.0,0.0,0.0,74.75,19.31,34.67,3,0,167.211,3.6483,1,0.0,0.0,0.7475,0.55,14.437,0.2,waspada
0.0,0.0,0.0,80.47,27.66,22.03,3,0,301.323,2.8089,2,0.0,0.0,0.8047,0.85,22.256,0.9,waspada
0.0,0.0,0.0,61.58,30.04,1.79,8,1,378.669,3.4,2,0.0,0.0,0.6158,1.0,18.499,0.2,aman
0.0,0.0,0.0,69.69,32.38,12.48,12,0,334.222,5.6916,0,0.0,0.0,0.6969,0.35,22.567,0.45,waspada
40.388,73.951,153.953,72.67,27.17,20.33,4,0,310.103,1.5474,3,40.388,24.6504,0.7267,0.75,19.746,0.3,siaga
0.0,0.0,0.0,73.39,30.28,1.92,4,0,300.509,4.6037,0,0.0,0.0,0.7339,0.55,22.22,0.2,waspada
17.317,39.608,129.116,66.06,2.93,5.82,6,1,292.832,0.05,1,17.317,13.2026,0.6606,0.75,1.938,0.65,waspada
13.968,32.443,124.366,46.95,31.33,9.23,12,0,119.73,8.2576,2,13.968,10.8143,0.4695,0.75,14.711,0.4,waspada
58.525,96.971,250.11,63.69,9.39,33.87,10,0,212.355,3.5472,2,58.525,32.3238,0.6369,0.75,5.981,0.25,siaga
22.746,50.223,164.631,96.81,18.29,31.82,4,0,340.288,2.4946,2,22.746,16.741,0.9681,0.55,17.707,0.4,siaga
5.254,13.566,35.348,75.2,25.84,18.97,3,0,426.502,5.5322,1,5.254,4.5221,0.752,1.0,19.431,0.1,aman
0.0,0.0,0.0,53.53,22.34,12.47,5,0,210.54,1.7735,1,0.0,0.0,0.5353,0.15,11.956,0.9,siaga
5.632,9.095,24.926,32.86,33.43,9.27,6,1,317.201,3.7966,0,5.632,3.0317,0.3286,0.55,10.983,0.9,waspada
0.0,0.0,0.0,81.09,20.82,7.4,9,1,338.168,4.4795,3,0.0,0.0,0.8109,0.75,16.88,0.35,waspada
14.267,22.829,79.112,72.43,4.6,13.12,3,0,253.215,5.2996,0,14.267,7.6096,0.7243,0.55,3.335,0.8,waspada
113.79,207.441,459.112,84.56,2.41,26.97,7,1,206.636,0.7836,0,113.79,69.147,0.8456,0.35,2.04,0.3,awas
22.714,34.642,124.457,32.2,31.75,17.1,4,0,205.63,2.02,1,22.714,11.5473,0.322,0.35,10.225,0.8,waspada
3.923,10.993,41.633,47.21,23.27,25.25,3,0,272.469,2.101,1,3.923,3.6642,0.4721,0.75,10.983,0.2,waspada
15.475,25.364,96.028,65.33,30.03,9.27,10,0,376.527,2.0772,2,15.475,8.4545,0.6533,0.55,19.618,0.55,waspada
5.676,8.993,26.498,88.8,9.66,15.04,7,1,285.681,2.1971,1,5.676,2.9977,0.888,0.75,8.582,0.25,waspada
0.0,0.0,0.0,35.17,6.29,19.6,11,0,243.383,1.7044,1,0.0,0.0,0.3517,0.75,2.212,0.8,aman
0.0,0.0,0.0,52.84,29.62,16.49,12,0,185.271,2.4068,2,0.0,0.0,0.5284,0.85,15.651,0.4,waspada
0.0,0.0,0.0,32.95,6.18,33.31,5,0,286.097,4.2329,2,0.0,0.0,0.3295,0.35,2.035,0.35,waspada
0.0,0.0,0.0,62.92,36.72,5.24,1,0,195.797,1.9392,1,0.0,0.0,0.6292,0.75,23.107,0.1,waspada
7.126,10.948,50.729,45.54,3.0,32.25,10,0,291.365,4.7906,0,7.126,3.6493,0.4554,0.75,1.365,0.2,aman
0.0,0.0,0.0,92.15,28.58,10.96,8,1,250.77,3.5508,1,0.0,0.0,0.9215,0.35,26.335,0.45,waspada
45.0,97.281,211.277,63.63,16.26,18.8,7,1,323.275,0.5917,0,45.0,32.4271,0.6363,0.05,10.346,0.45,awas
0.0,0.0,0.0,36.4,20.89,18.23,6,1,124.125,3.1902,2,0.0,0.0,0.364,0.85,7.605,0.3,aman
20.478,39.817,94.823,58.38,22.35,3.75,6,1,273.443,0.8164,1,20.478,13.2723,0.5838,0.05,13.047,0.75,siaga
0.0,0.0,0.0,56.36,12.75,17.77,11,0,311.141,4.3492,1,0.0,0.0,0.5636,0.75,7.188,0.15,aman
0.0,0.0,0.0,38.95,4.74,7.78,4,0,408.515,0.7601,2,0.0,0.0,0.3895,0.55,1.846,0.75,waspada
6.616,10.893,39.244,51.67,25.45,21.27,1,0,112.274,5.4583,0,6.616,3.6312,0.5167,0.55,13.153,0.85,waspada
0.0,0.0,0.0,78.75,25.32,2.52,1,0,239.235,3.7556,2,0.0,0.0,0.7875,0.55,19.937,0.35,waspada
130.646,181.442,328.349,74.25,34.27,4.07,5,0,353.666,0.5708,1,130.646,60.4808,0.7425,0.55,25.45,0.2,siaga
0.0,0.0,0.0,93.81,30.69,4.04,7,1,282.409,3.5428,0,0.0,0.0,0.9381,0.75,28.792,0.45,waspada
54.412,132.693,416.213,70.65,14.36,31.16,9,1,270.321,3.1969,0,54.412,44.2309,0.7065,0.15,10.145,0.6,awas
11.13,25.961,103.517,34.07,6.81,10.85,2,0,255.167,3.8432,0,11.13,8.6537,0.3407,0.55,2.32,0.8,waspada
1.735,4.69,16.071,55.06,10.3,5.41,9,1,281.824,3.7845,1,1.735,1.5632,0.5506,0.75,5.673,0.65,waspada
8.06,19.998,71.869,95.66,27.89,6.17,5,0,195.987,2.2956,3,8.06,6.6661,0.9566,0.75,26.682,0.8,waspada
0.0,0.0,0.0,34.18,5.3,3.42,1,0,486.261,5.1184,1,0.0,0.0,0.3418,0.85,1.812,0.2,aman
0.0,0.0,0.0,50.42,37.45,31.7,4,0,192.032,3.5663,2,0.0,0.0,0.5042,0.75,18.882,0.45,waspada
2.854,7.65,18.147,40.21,3.04,3.89,12,0,140.723,0.05,2,2.854,2.5498,0.4021,0.55,1.224,0.55,waspada
0.0,0.0,0.0,92.3,17.83,4.69,8,1,289.419,6.2077,2,0.0,0.0,0.923,0.85,16.455,0.35,waspada
23.981,37.606,86.036,31.12,2.15,2.32,9,1,316.971,1.4082,0,23.981,12.5355,0.3112,0.55,0.67,0.8,waspada
16.991,39.492,91.964,61.11,32.29,32.12,4,0,188.226,4.4992,1,16.991,13.1641,0.6111,0.75,19.734,0.1,waspada
18.781,44.561,151.334,47.15,12.6,4.14,2,0,204.432,5.7185,1,18.781,14.8538,0.4715,0.55,5.942,0.85,siaga
65.004,149.746,410.127,93.82,17.6,3.08,10,0,229.481,1.4253,1,65.004,49.9154,0.9382,0.75,16.513,0.45,awas
0.0,0.0,0.0,69.06,16.4,7.59,3,0,436.81,5.3553,0,0.0,0.0,0.6906,0.55,11.328,0.15,waspada
0.0,0.0,0.0,31.81,2.43,8.85,6,1,224.84,4.1352,0,0.0,0.0,0.3181,0.75,0.774,0.5,aman
1.801,4.106,16.75,33.95,31.08,9.46,6,1,225.347,5.5245,2,1.801,1.3687,0.3395,0.75,10.549,0.35,aman
11.64,24.714,97.035,35.73,18.91,11.06,6,1,174.043,3.5272,3,11.64,8.2379,0.3573,0.85,6.758,0.5,waspada
5.877,14.246,48.342,80.49,25.48,3.81,5,0,278.815,3.4641,0,5.877,4.7486,0.8049,0.85,20.505,0.4,waspada
105.993,127.43,268.342,65.65,25.92,2.97,5,0,217.692,1.0932,0,105.993,42.4768,0.6565,0.85,17.019,0.25,siaga
2.89,4.63,12.696,64.12,17.15,5.31,2,0,275.028,5.3975,1,2.89,1.5432,0.6412,0.75,10.994,0.25,waspada
7.055,13.955,63.053,66.16,8.21,0.3,1,0,208.582,5.5307,2,7.055,4.6516,0.6616,0.55,5.43,0.5,waspada
0.0,0.0,0.0,83.94,10.3,31.48,1,0,247.227,0.734,1,0.0,0.0,0.8394,0.75,8.647,0.4,waspada
0.0,0.0,0.0,63.12,5.33,5.86,10,0,250.83,4.3476,1,0.0,0.0,0.6312,0.35,3.366,0.15,waspada
0.0,0.0,0.0,42.55,22.51,4.77,8,1,196.388,0.5979,3,0.0,0.0,0.4255,0.55,9.578,0.9,waspada
0.0,0.0,0.0,30.58,11.08,7.03,5,0,316.26,3.9823,0,0.0,0.0,0.3058,0.35,3.388,0.65,waspada
3.861,7.725,25.292,94.42,37.25,8.6,12,0,228.557,2.9641,2,3.861,2.5751,0.9442,1.0,35.172,0.25,waspada
0.0,0.0,0.0,68.62,2.93,24.4,12,0,107.526,5.6471,2,0.0,0.0,0.6862,0.55,2.009,0.6,waspada
4.621,12.287,48.926,80.8,30.97,19.17,10,0,367.053,2.5669,0,4.621,4.0957,0.808,0.85,25.028,0.4,waspada
7.16,19.13,85.073,78.34,28.0,26.45,4,0,347.152,0.9974,2,7.16,6.3768,0.7834,0.15,21.936,0.8,siaga
28.698,68.121,218.391,77.5,30.49,22.27,9,1,316.14,2.0142,1,28.698,22.7071,0.775,0.15,23.63,0.55,siaga
4.782,13.429,63.067,49.5,7.36,32.02,4,0,240.634,0.05,1,4.782,4.4764,0.495,0.85,3.645,0.45,waspada
49.994,113.635,263.456,36.17,4.26,15.0,5,0,250.848,4.0398,0,49.994,37.8784,0.3617,0.55,1.54,0.4,siaga
9.111,19.671,65.865,70.1,19.09,2.76,1,0,381.485,2.4885,2,9.111,6.5569,0.701,1.0,13.385,0.25,aman
0.0,0.0,0.0,71.71,5.88,29.96,3,0,304.232,3.075,1,0.0,0.0,0.7171,0.75,4.22,0.2,waspada
0.0,0.0,0.0,60.59,18.8,12.03,12,0,77.178,3.1362,1,0.0,0.0,0.6059,0.35,11.393,0.45,waspada
5.163,12.042,31.462,49.12,33.9,32.75,8,1,348.631,2.5546,1,5.163,4.014,0.4912,0.55,16.654,0.4,waspada
4.134,11.531,31.741,63.21,19.21,6.48,4,0,233.822,4.7257,3,4.134,3.8437,0.6321,0.85,12.14,0.9,waspada
0.0,0.0,0.0,67.31,20.41,7.97,6,1,196.221,1.7827,3,0.0,0.0,0.6731,0.55,13.736,0.65,waspada
7.31,18.582,47.398,49.25,33.11,8.77,10,0,341.812,4.4189,3,7.31,6.1941,0.4925,0.75,16.309,0.15,waspada
0.0,0.0,0.0,41.02,30.29,5.36,9,1,112.204,0.05,0,0.0,0.0,0.4102,0.35,12.426,0.8,waspada
16.772,27.76,97.136,75.74,2.7,7.61,6,1,205.737,4.8661,1,16.772,9.2533,0.7574,0.75,2.044,0.1,waspada
0.0,0.0,0.0,81.9,18.81,8.75,12,0,321.767,4.8308,1,0.0,0.0,0.819,0.85,15.408,0.55,waspada
10.371,17.028,44.634,82.58,10.65,28.45,1,0,282.05,3.4509,1,10.371,5.6759,0.8258,0.75,8.795,0.9,waspada
79.653,128.496,309.65,55.61,15.52,4.66,2,0,277.672,6.7431,1,79.653,42.832,0.5561,0.55,8.633,0.9,siaga
0.0,0.0,0.0,83.29,31.54,7.05,1,0,298.238,5.34,3,0.0,0.0,0.8329,0.55,26.27,0.2,waspada
5.122,15.129,34.604,43.55,5.08,0.3,8,1,167.816,6.1024,0,5.122,5.043,0.4355,0.75,2.214,0.75,waspada
1.344,2.18,6.473,74.46,23.46,31.21,11,0,199.43,3.0857,2,1.344,0.7266,0.7446,0.75,17.468,0.8,waspada
20.986,40.949,93.729,62.8,16.06,33.6,11,0,158.662,4.3249,2,20.986,13.6498,0.628,0.75,10.087,0.45,waspada
0.0,0.0,0.0,86.47,17.89,16.36,1,0,306.704,2.0058,2,0.0,0.0,0.8647,0.15,15.469,0.85,siaga
0.0,0.0,0.0,55.91,16.3,33.22,11,0,297.917,5.5453,2,0.0,0.0,0.5591,0.75,9.115,0.75,waspada
0.0,0.0,0.0,67.99,18.92,23.63,12,0,237.891,6.7118,1,0.0,0.0,0.6799,0.55,12.862,0.65,waspada
16.889,41.174,139.02,91.77,27.18,27.71,10,0,330.088,6.7821,1,16.889,13.7245,0.9177,0.85,24.941,0.9,siaga
3.992,11.124,44.359,83.09,4.9,27.95,2,0,302.543,0.6305,3,3.992,3.708,0.8309,0.05,4.068,0.45,siaga
0.0,0.0,0.0,86.64,7.72,20.1,2,0,187.114,0.1492,2,0.0,0.0,0.8664,0.55,6.686,0.1,waspada
39.095,59.993,146.073,78.72,29.44,26.35,12,0,267.653,1.5949,2,39.095,19.9976,0.7872,0.55,23.174,0.6,siaga
0.0,0.0,0.0,35.04,23.56,25.44,2,0,298.32,3.7923,1,0.0,0.0,0.3504,0.55,8.253,0.2,aman
0.665,1.654,3.68,58.62,26.35,2.54,9,1,269.42,2.7373,2,0.665,0.5515,0.5862,0.35,15.447,0.25,waspada
64.178,115.642,294.627,79.62,18.58,16.74,10,0,327.688,4.6241,2,64.178,38.5473,0.7962,0.55,14.796,0.5,siaga
17.649,33.654,133.733,79.81,15.75,6.33,1,0,440.589,3.7087,2,17.649,11.218,0.7981,0.55,12.568,0.6,waspada
19.647,29.866,100.048,61.45,2.37,22.54,11,0,194.882,7.5366,1,19.647,9.9553,0.6145,0.75,1.457,0.2,waspada
0.0,0.0,0.0,97.53,21.57,24.01,9,1,244.627,1.5695,1,0.0,0.0,0.9753,0.55,21.037,0.35,waspada
13.389,25.664,77.135,65.48,22.99,4.77,12,0,405.332,3.8594,2,13.389,8.5546,0.6548,0.55,15.053,0.45,waspada
0.0,0.0,0.0,39.87,3.47,2.72,5,0,259.89,0.4355,2,0.0,0.0,0.3987,1.0,1.383,0.7,aman
0.0,0.0,0.0,77.58,22.01,16.65,4,0,233.273,2.6592,2,0.0,0.0,0.7758,0.75,17.072,0.9,waspada
0.0,0.0,0.0,30.02,4.27,5.11,1,0,185.825,2.6601,2,0.0,0.0,0.3002,0.55,1.282,0.9,waspada
49.154,95.694,201.817,52.54,25.68,10.85,5,0,211.3,5.9897,1,49.154,31.8981,0.5254,0.55,13.491,0.45,siaga
0.0,0.0,0.0,48.62,34.01,29.28,2,0,304.953,2.8681,3,0.0,0.0,0.4862,0.75,16.537,0.25,waspada
0.0,0.0,0.0,50.1,17.05,5.51,9,1,205.689,0.8103,0,0.0,0.0,0.501,0.55,8.54,0.1,waspada
115.873,147.02,349.143,47.76,5.39,25.73,8,1,270.904,2.5049,1,115.873,49.0067,0.4776,0.55,2.575,0.55,siaga
0.0,0.0,0.0,87.07,8.87,15.43,5,0,207.02,2.7153,2,0.0,0.0,0.8707,0.75,7.723,0.6,waspada
0.0,0.0,0.0,74.01,28.18,16.5,3,0,264.326,0.05,0,0.0,0.0,0.7401,0.55,20.859,0.4,waspada
0.0,0.0,0.0,35.6,4.99,15.64,5,0,40.482,0.05,2,0.0,0.0,0.356,0.75,1.775,0.2,waspada
60.236,99.661,224.331,67.12,18.67,31.57,6,1,335.861,1.7629,0,60.236,33.2203,0.6712,0.75,12.531,0.6,siaga
0.0,0.0,0.0,48.56,26.5,22.93,3,0,151.622,7.0447,2,0.0,0.0,0.4856,0.35,12.868,0.9,waspada
0.0,0.0,0.0,31.9,17.1,22.46,8,1,237.927,2.7449,3,0.0,0.0,0.319,0.85,5.456,0.7,aman
6.268,10.056,25.307,38.6,9.27,0.1,4,0,276.086,0.05,2,6.268,3.352,0.386,0.75,3.578,0.8,waspada
0.0,0.0,0.0,53.97,9.92,12.26,2,0,290.611,0.8652,2,0.0,0.0,0.5397,1.0,5.351,0.85,aman
33.891,61.405,185.405,62.66,9.99,16.28,7,1,322.13,0.3482,0,33.891,20.4683,0.6266,1.0,6.26,0.85,waspada
18.174,29.134,109.156,42.71,8.54,8.09,12,0,148.793,4.7847,3,18.174,9.7114,0.4271,0.85,3.648,0.25,waspada
0.0,0.0,0.0,89.34,19.54,8.68,1,0,496.99,3.4976,2,0.0,0.0,0.8934,0.75,17.457,0.45,waspada
0.0,0.0,0.0,33.19,5.68,21.58,9,1,43.58,5.11,1,0.0,0.0,0.3319,0.15,1.886,0.45,waspada
46.431,103.421,215.59,30.94,26.4,23.86,2,0,176.803,5.1626,1,46.431,34.4737,0.3094,0.75,8.169,0.6,siaga
134.386,243.11,369.225,87.32,7.58,23.99,9,1,224.456,3.2116,1,134.386,81.0366,0.8732,0.55,6.622,0.2,siaga
0.0,0.0,0.0,51.28,5.6,21.11,5,0,197.804,4.0425,2,0.0,0.0,0.5128,0.55,2.873,0.7,waspada
0.0,0.0,0.0,63.63,17.36,13.81,1,0,267.604,1.4852,1,0.0,0.0,0.6363,0.15,11.046,0.6,waspada
6.483,10.329,32.819,84.38,35.98,15.26,4,0,321.966,2.9044,0,6.483,3.4431,0.8438,0.75,30.363,0.2,waspada
21.146,44.246,123.59,92.87,20.29,6.39,11,0,182.493,0.6675,0,21.146,14.7486,0.9287,0.15,18.847,0.75,awas
5.657,11.912,54.467,30.54,12.72,8.33,10,0,239.763,0.4373,0,5.657,3.9708,0.3054,0.35,3.883,0.9,waspada
17.742,28.452,109.79,47.95,18.35,9.46,2,0,421.467,2.923,1,17.742,9.4841,0.4795,0.05,8.798,0.85,siaga
1.796,4.432,14.341,66.7,9.3,1.15,5,0,171.509,1.5852,3,1.796,1.4775,0.667,0.55,6.201,0.8,waspada
3.355,5.319,21.281,53.36,4.55,2.01,12,0,366.975,6.0276,2,3.355,1.7731,0.5336,0.75,2.426,0.7,waspada
0.0,0.0,0.0,61.48,29.17,0.82,5,0,450.868,1.4427,1,0.0,0.0,0.6148,0.55,17.932,0.75,waspada
0.0,0.0,0.0,73.49,24.87,20.28,5,0,235.014,4.5401,2,0.0,0.0,0.7349,0.85,18.274,0.9,waspada
5.147,8.445,32.351,57.58,17.57,26.77,6,1,334.684,3.2443,1,5.147,2.8151,0.5758,0.55,10.114,0.15,waspada
0.0,0.0,0.0,65.74,10.81,29.55,9,1,220.463,3.2873,2,0.0,0.0,0.6574,0.55,7.104,0.25,waspada
148.718,245.868,486.662,55.91,3.4,3.29,6,1,254.116,3.7135,0,148.718,81.9561,0.5591,0.75,1.902,0.25,siaga
0.0,0.0,0.0,37.96,13.97,26.57,12,0,265.411,3.1444,1,0.0,0.0,0.3796,0.55,5.301,0.55,waspada
4.156,7.33,18.121,70.98,17.0,30.69,1,0,296.697,3.6865,1,4.156,2.4433,0.7098,0.85,12.065,0.5,waspada
0.0,0.0,0.0,69.8,6.79,19.26,1,0,334.979,3.8462,1,0.0,0.0,0.698,0.55,4.739,0.7,waspada
2.525,7.445,23.564,45.33,10.7,23.45,10,0,253.868,1.1221,2,2.525,2.4818,0.4533,0.85,4.85,0.3,aman
0.0,0.0,0.0,37.29,30.23,21.63,6,1,358.763,1.747,3,0.0,0.0,0.3729,0.75,11.273,0.35,aman
0.0,0.0,0.0,39.46,6.66,16.87,7,1,233.143,0.8084,1,0.0,0.0,0.3946,1.0,2.627,0.85,aman
0.0,0.0,0.0,54.55,22.98,3.01,10,0,285.387,3.8776,1,0.0,0.0,0.5455,0.55,12.536,0.4,waspada
0.0,0.0,0.0,55.01,37.63,21.78,7,1,164.217,2.787,1,0.0,0.0,0.5501,0.15,20.701,0.35,waspada
0.0,0.0,0.0,34.17,6.37,0.96,11,0,256.524,1.6502,2,0.0,0.0,0.3417,0.75,2.178,0.2,aman
0.0,0.0,0.0,77.99,14.62,31.81,7,1,188.543,3.6372,2,0.0,0.0,0.7799,0.75,11.402,0.5,waspada
55.376,97.945,279.525,97.79,35.01,4.56,9,1,151.174,4.3689,3,55.376,32.6484,0.9779,0.35,34.241,0.9,awas
7.952,20.783,69.158,67.06,29.73,30.59,1,0,165.559,5.6748,2,7.952,6.9276,0.6706,0.55,19.938,0.5,waspada
0.0,0.0,0.0,32.1,18.45,30.77,12,0,239.582,0.05,1,0.0,0.0,0.321,0.35,5.924,0.2,waspada
3.006,6.707,29.241,82.44,17.68,22.62,9,1,281.469,1.8523,2,3.006,2.2358,0.8244,0.35,14.579,0.25,waspada
10.942,22.027,83.772,62.29,37.76,5.02,10,0,297.072,6.3985,2,10.942,7.3423,0.6229,0.35,23.519,0.35,waspada
3.509,10.521,35.208,30.19,29.57,24.54,10,0,199.369,0.05,2,3.509,3.5069,0.3019,0.55,8.93,0.25,waspada
60.167,146.682,434.427,87.34,22.64,24.84,6,1,327.69,2.3795,2,60.167,48.894,0.8734,0.05,19.775,0.6,awas
74.741,166.706,364.063,55.46,10.07,9.81,6,1,154.825,4.3504,3,74.741,55.5687,0.5546,0.75,5.586,0.7,siaga
74.841,170.821,510.675,49.31,8.14,30.87,2,0,282.017,1.801,0,74.841,56.9402,0.4931,0.75,4.015,0.1,siaga
0.0,0.0,0.0,88.28,23.06,31.57,2,0,70.023,4.8087,2,0.0,0.0,0.8828,0.85,20.36,0.45,waspada
0.0,0.0,0.0,88.41,29.98,0.75,10,0,388.037,3.4733,0,0.0,0.0,0.8841,0.75,26.503,0.9,waspada
2.297,4.327,18.509,96.72,13.24,19.97,6,1,259.19,4.0186,1,2.297,1.4422,0.9672,0.75,12.803,0.15,waspada
0.0,0.0,0.0,91.41,28.55,26.48,3,0,151.492,0.05,3,0.0,0.0,0.9141,0.75,26.099,0.3,waspada
3.947,10.128,39.587,79.91,4.64,14.45,7,1,342.546,4.8079,0,3.947,3.3762,0.7991,0.75,3.711,0.45,waspada
15.747,30.373,84.348,69.72,22.92,27.04,1,0,114.653,3.0665,1,15.747,10.1244,0.6972,0.85,15.975,0.6,waspada
6.246,14.317,52.924,71.24,34.93,31.72,7,1,205.168,0.4172,2,6.246,4.7723,0.7124,0.55,24.885,0.5,waspada
1.32,2.086,6.698,49.82,2.38,19.85,9,1,229.477,0.4524,2,1.32,0.6953,0.4982,0.55,1.186,0.15,waspada
0.0,0.0,0.0,72.25,3.61,29.52,3,0,243.327,4.4737,1,0.0,0.0,0.7225,0.55,2.609,0.75,waspada
18.437,32.747,92.006,94.39,28.69,12.24,3,0,244.351,4.0514,2,18.437,10.9158,0.9439,0.35,27.083,0.6,siaga
22.824,34.728,120.463,95.72,9.17,10.88,1,0,322.227,2.2635,3,22.824,11.5761,0.9572,0.75,8.781,0.1,waspada
6.956,14.194,59.431,55.81,12.13,20.6,8,1,250.381,2.8083,0,6.956,4.7315,0.5581,0.75,6.769,0.3,waspada
15.044,25.15,63.039,65.19,20.81,28.42,3,0,305.792,2.049,1,15.044,8.3833,0.6519,0.55,13.569,0.75,waspada
91.28,171.798,339.573,76.52,17.94,4.03,11,0,404.907,3.5585,1,91.28,57.2659,0.7652,0.05,13.729,0.1,awas
7.289,13.696,39.936,60.84,37.13,5.62,6,1,140.717,2.8374,2,7.289,4.5653,0.6084,0.75,22.587,0.4,waspada
22.041,38.592,124.673,63.29,16.94,22.94,5,0,417.404,7.1054,1,22.041,12.8642,0.6329,0.75,10.723,0.55,waspada
1.298,2.036,8.504,60.32,7.0,13.95,4,0,348.309,1.6765,3,1.298,0.6787,0.6032,0.55,4.223,0.65,waspada
0.0,0.0,0.0,93.45,28.88,2.52,11,0,339.288,5.1936,1,0.0,0.0,0.9345,0.35,26.985,0.6,waspada
5.755,11.96,52.807,32.33,4.8,23.06,5,0,386.939,2.0971,1,5.755,3.9865,0.3233,0.75,1.551,0.5,aman
6.215,13.98,40.845,63.31,36.11,0.57,6,1,171.17,1.8993,1,6.215,4.66,0.6331,0.55,22.863,0.5,waspada
0.0,0.0,0.0,56.16,11.42,23.18,10,0,346.021,3.0428,1,0.0,0.0,0.5616,0.75,6.412,0.2,aman
21.971,52.366,205.073,44.83,34.86,17.38,10,0,367.593,1.5045,2,21.971,17.4553,0.4483,0.55,15.625,0.1,waspada
26.514,56.069,188.887,77.34,20.74,7.52,6,1,128.628,2.4674,1,26.514,18.6896,0.7734,0.85,16.045,0.8,siaga
17.213,40.539,112.654,60.47,4.15,6.47,2,0,227.217,3.4311,0,17.213,13.5129,0.6047,0.55,2.509,0.1,waspada
77.847,132.823,366.323,43.72,20.33,13.12,12,0,354.956,5.3621,0,77.847,44.2745,0.4372,0.85,8.888,0.9,siaga
0.0,0.0,0.0,85.66,19.68,26.73,8,1,112.946,2.3406,3,0.0,0.0,0.8566,0.35,16.858,0.55,siaga
0.0,0.0,0.0,67.37,35.54,8.8,3,0,168.343,6.2057,1,0.0,0.0,0.6737,0.75,23.945,0.25,waspada
0.0,0.0,0.0,81.59,26.6,8.11,1,0,251.497,0.05,2,0.0,0.0,0.8159,0.55,21.703,0.5,waspada
19.042,45.465,124.23,48.81,20.45,9.96,2,0,295.783,3.8504,2,19.042,15.155,0.4881,0.35,9.98,0.3,siaga
0.0,0.0,0.0,68.31,6.83,33.23,8,1,272.494,6.7152,2,0.0,0.0,0.6831,0.35,4.663,0.45,waspada
0.0,0.0,0.0,92.03,21.28,17.56,2,0,243.533,1.2303,0,0.0,0.0,0.9203,0.75,19.588,0.35,waspada
0.0,0.0,0.0,53.49,20.9,6.54,11,0,238.801,5.0625,2,0.0,0.0,0.5349,0.55,11.181,0.6,waspada
91.452,163.783,338.892,85.02,29.83,4.76,8,1,240.043,4.5445,1,91.452,54.5944,0.8502,0.55,25.367,0.3,siaga
0.0,0.0,0.0,32.3,16.89,30.73,6,1,274.973,4.2146,0,0.0,0.0,0.323,0.55,5.453,0.65,waspada
0.0,0.0,0.0,68.55,17.51,26.45,8,1,416.983,5.0697,1,0.0,0.0,0.6855,0.55,12.004,0.9,waspada
1.386,3.589,9.702,69.15,36.54,8.93,8,1,369.606,4.2996,2,1.386,1.1963,0.6915,0.15,25.27,0.2,waspada
1.4,3.907,10.417,60.83,2.24,16.25,12,0,249.277,0.6424,2,1.4,1.3024,0.6083,0.75,1.362,0.85,waspada
44.58,89.267,250.187,70.9,12.35,17.49,10,0,339.524,2.891,2,44.58,29.7557,0.709,0.75,8.758,0.75,siaga
54.624,95.245,296.336,72.72,7.08,16.44,7,1,184.362,1.6535,0,54.624,31.7482,0.7272,0.55,5.15,0.6,siaga
0.0,0.0,0.0,68.46,16.2,21.61,2,0,152.097,0.3694,1,0.0,0.0,0.6846,0.55,11.089,0.4,waspada
2.53,5.999,27.581,42.6,21.31,30.92,1,0,291.251,3.1656,1,2.53,1.9998,0.426,0.35,9.076,0.9,waspada
0.0,0.0,0.0,81.66,13.94,34.4,3,0,339.927,0.05,1,0.0,0.0,0.8166,0.75,11.388,0.5,waspada
0.0,0.0,0.0,64.79,15.37,17.46,4,0,200.358,7.1349,2,0.0,0.0,0.6479,0.75,9.96,0.3,aman
0.0,0.0,0.0,84.06,17.43,1.18,8,1,240.407,2.382,1,0.0,0.0,0.8406,0.55,14.651,0.15,waspada
7.014,20.5,101.478,83.62,21.57,5.47,6,1,136.79,6.0893,3,7.014,6.8334,0.8362,0.85,18.04,0.3,waspada
0.0,0.0,0.0,51.07,18.55,32.2,12,0,140.209,5.2734,1,0.0,0.0,0.5107,0.75,9.475,0.65,waspada
3.965,6.207,13.233,75.26,21.42,9.05,2,0,335.043,4.5724,1,3.965,2.069,0.7526,0.75,16.121,0.7,waspada
4.588,8.087,28.29,92.8,22.16,10.72,11,0,164.363,5.4491,1,4.588,2.6955,0.928,0.55,20.561,0.5,waspada
4.116,10.21,27.797,95.51,32.81,12.38,5,0,167.104,3.3777,1,4.116,3.4034,0.9551,0.75,31.336,0.3,waspada
0.0,0.0,0.0,34.35,14.97,33.61,3,0,242.707,2.6813,0,0.0,0.0,0.3435,1.0,5.143,0.9,aman
0.0,0.0,0.0,40.49,2.79,12.26,3,0,88.33,2.6907,1,0.0,0.0,0.4049,0.15,1.13,0.6,waspada
0.0,0.0,0.0,93.84,4.83,22.98,7,1,336.622,1.976,2,0.0,0.0,0.9384,0.85,4.533,0.6,waspada
61.6,151.318,455.196,53.95,10.1,23.16,5,0,248.628,4.7725,2,61.6,50.4392,0.5395,0.55,5.447,0.7,siaga
4.615,9.239,26.004,89.24,25.26,16.55,8,1,262.071,0.1549,0,4.615,3.0796,0.8924,0.55,22.545,0.8,siaga
1.02,1.564,6.519,57.01,28.33,14.37,9,1,348.206,0.5589,3,1.02,0.5214,0.5701,0.75,16.149,0.5,waspada
0.0,0.0,0.0,34.62,6.39,0.06,5,0,75.461,2.8318,2,0.0,0.0,0.3462,0.55,2.212,0.45,waspada
0.0,0.0,0.0,44.71,15.09,9.73,11,0,280.597,2.0613,1,0.0,0.0,0.4471,0.55,6.747,0.4,waspada
0.874,2.261,11.072,85.94,15.64,1.33,1,0,273.5,3.0091,1,0.874,0.7538,0.8594,0.85,13.438,0.9,waspada
0.0,0.0,0.0,44.04,15.32,17.97,1,0,100.779,2.3174,1,0.0,0.0,0.4404,1.0,6.749,0.5,aman
0.0,0.0,0.0,72.59,29.87,10.77,2,0,218.956,1.7904,1,0.0,0.0,0.7259,0.55,21.685,0.55,waspada
11.792,26.919,90.443,69.95,12.66,28.83,8,1,100.238,2.8469,2,11.792,8.9729,0.6995,0.55,8.859,0.75,siaga
0.0,0.0,0.0,92.14,31.54,30.62,11,0,175.212,2.6304,2,0.0,0.0,0.9214,0.55,29.06,0.35,waspada
0.0,0.0,0.0,87.81,22.41,27.65,8,1,120.336,1.8996,2,0.0,0.0,0.8781,0.05,19.682,0.75,siaga
24.866,51.626,164.989,85.72,29.84,10.24,9,1,137.8,3.7524,0,24.866,17.2087,0.8572,0.85,25.579,0.8,siaga
0.0,0.0,0.0,95.86,3.48,32.2,8,1,361.944,2.6902,1,0.0,0.0,0.9586,0.75,3.336,0.65,waspada
18.977,44.751,159.232,84.8,25.04,26.8,9,1,184.616,0.05,2,18.977,14.9172,0.848,0.85,21.23,0.8,siaga
0.0,0.0,0.0,67.42,21.37,29.49,11,0,317.022,5.1155,3,0.0,0.0,0.6742,0.55,14.408,0.55,waspada
46.734,105.358,299.949,74.16,5.32,24.77,10,0,283.113,2.2655,2,46.734,35.1194,0.7416,0.75,3.949,0.8,siaga
0.0,0.0,0.0,97.06,7.12,8.77,12,0,317.327,2.4082,2,0.0,0.0,0.9706,0.85,6.914,0.7,waspada
1.086,2.861,9.802,72.06,19.59,24.69,10,0,113.258,4.5306,2,1.086,0.9537,0.7206,0.75,14.12,0.3,waspada
21.058,42.182,146.547,77.42,30.88,18.01,1,0,343.69,2.3152,3,21.058,14.0608,0.7742,0.55,23.905,0.75,siaga
20.819,32.777,87.917,97.99,8.66,1.82,5,0,247.734,0.05,1,20.819,10.9258,0.9799,0.75,8.481,0.6,siaga
0.0,0.0,0.0,53.91,11.04,15.22,9,1,288.583,0.05,1,0.0,0.0,0.5391,0.75,5.95,0.35,waspada
15.318,30.423,65.68,87.25,22.84,28.6,5,0,206.56,1.8901,2,15.318,10.1409,0.8725,0.15,19.931,0.65,siaga
33.381,77.803,158.847,63.39,31.19,28.88,10,0,133.057,5.0949,1,33.381,25.9342,0.6339,0.75,19.77,0.35,siaga
46.262,110.97,239.161,84.07,33.28,10.38,8,1,236.067,4.6023,1,46.262,36.9902,0.8407,0.75,27.973,0.55,siaga
5.034,8.544,22.875,65.44,26.43,0.92,7,1,290.601,0.1678,3,5.034,2.8479,0.6544,0.55,17.298,0.75,waspada
0.0,0.0,0.0,47.11,12.06,17.59,10,0,220.276,2.1809,1,0.0,0.0,0.4711,0.75,5.681,0.6,waspada
2.969,5.096,18.811,43.28,18.45,21.87,10,0,203.74,2.7936,0,2.969,1.6986,0.4328,0.75,7.986,0.75,waspada
9.722,15.213,56.93,87.48,26.86,7.73,8,1,193.692,6.7854,1,9.722,5.071,0.8748,0.55,23.498,0.85,siaga
0.0,0.0,0.0,36.67,31.14,17.71,6,1,198.586,4.0622,2,0.0,0.0,0.3667,0.75,11.419,0.2,aman
11.19,26.433,99.045,94.69,25.81,9.1,9,1,300.324,4.8527,3,11.19,8.811,0.9469,0.55,24.437,0.5,siaga
7.71,19.371,94.858,36.89,16.85,22.64,6,1,273.155,2.7032,3,7.71,6.457,0.3689,0.55,6.218,0.15,waspada
21.214,43.169,139.166,73.01,13.56,16.56,2,0,307.748,0.7131,2,21.214,14.3897,0.7301,0.55,9.903,0.4,siaga
6.632,13.784,45.39,31.13,2.59,32.84,12,0,266.705,1.08,1,6.632,4.5948,0.3113,0.85,0.807,0.65,aman
0.0,0.0,0.0,50.37,21.62,4.21,10,0,254.671,2.6091,2,0.0,0.0,0.5037,0.55,10.889,0.65,waspada
4.445,9.082,33.932,80.25,20.83,12.79,9,1,355.76,6.2838,2,4.445,3.0274,0.8025,0.75,16.713,0.3,waspada
10.055,17.736,50.459,64.83,26.32,19.37,5,0,198.669,2.157,1,10.055,5.9119,0.6483,0.85,17.065,0.7,waspada
22.265,54.738,126.75,95.96,22.34,6.04,11,0,178.38,3.39,0,22.265,18.246,0.9596,0.75,21.437,0.75,siaga
8.989,19.775,41.922,85.86,13.14,16.35,1,0,229.68,0.05,0,8.989,6.5918,0.8586,0.75,11.283,0.8,waspada
0.549,1.407,6.629,43.31,36.12,9.45,2,0,325.1,3.521,1,0.549,0.4691,0.4331,0.15,15.644,0.55,waspada
0.0,0.0,0.0,74.99,3.88,17.71,7,1,130.715,6.1421,2,0.0,0.0,0.7499,0.55,2.911,0.45,waspada
0.0,0.0,0.0,80.17,2.36,3.31,2,0,189.784,4.1203,0,0.0,0.0,0.8017,0.75,1.895,0.25,waspada
13.76,21.688,79.168,61.13,31.6,34.99,7,1,179.74,2.3753,3,13.76,7.2295,0.6113,0.85,19.318,0.5,waspada
0.0,0.0,0.0,44.49,37.51,23.9,6,1,255.255,4.8953,2,0.0,0.0,0.4449,1.0,16.689,0.35,aman
5.422,10.213,30.378,73.03,14.7,11.3,11,0,151.569,0.8289,1,5.422,3.4042,0.7303,0.35,10.739,0.15,waspada
7.389,17.49,67.043,85.25,19.03,8.95,10,0,303.574,0.7449,2,7.389,5.8301,0.8525,0.15,16.223,0.5,siaga
41.35,92.383,316.573,50.4,22.12,29.8,12,0,337.064,1.2589,1,41.35,30.7942,0.504,0.15,11.149,0.4,siaga
4.674,12.364,47.32,95.59,17.11,21.78,8,1,329.746,0.8476,2,4.674,4.1214,0.9559,0.55,16.355,0.75,waspada
13.997,28.814,74.507,61.8,29.24,10.15,10,0,279.848,3.3681,0,13.997,9.6045,0.618,0.35,18.068,0.8,siaga
0.0,0.0,0.0,72.85,18.77,16.3,9,1,443.051,2.3342,2,0.0,0.0,0.7285,0.75,13.671,0.65,waspada
65.902,116.283,291.677,58.62,2.76,12.0,11,0,354.691,2.7668,2,65.902,38.761,0.5862,0.75,1.618,0.15,siaga
4.082,8.476,24.289,32.02,10.6,16.43,9,1,179.239,3.701,3,4.082,2.8254,0.3202,0.55,3.394,0.25,waspada
0.0,0.0,0.0,68.14,27.11,22.22,7,1,301.977,3.1824,0,0.0,0.0,0.6814,0.75,18.473,0.2,waspada
8.954,15.93,49.171,91.48,2.14,7.21,5,0,359.699,1.1114,1,8.954,5.31,0.9148,0.75,1.954,0.65,waspada
11.97,25.794,100.907,45.01,32.51,13.41,3,0,145.526,4.5248,3,11.97,8.5979,0.4501,0.75,14.632,0.65,waspada
0.0,0.0,0.0,60.27,29.07,9.28,10,0,230.017,4.1327,2,0.0,0.0,0.6027,0.55,17.521,0.3,waspada
28.562,50.322,159.618,97.95,14.23,23.37,7,1,132.695,4.9732,0,28.562,16.7741,0.9795,1.0,13.943,0.6,siaga
0.0,0.0,0.0,51.06,23.16,2.8,7,1,116.888,3.9792,1,0.0,0.0,0.5106,0.35,11.826,0.45,waspada
19.938,37.373,122.999,87.9,17.68,19.61,6,1,180.653,3.686,3,19.938,12.4578,0.879,0.05,15.541,0.55,siaga
0.0,0.0,0.0,67.14,16.23,7.07,2,0,248.601,4.9681,2,0.0,0.0,0.6714,0.35,10.899,0.85,waspada
5.364,8.051,29.14,52.2,5.01,10.71,5,0,244.024,4.0295,1,5.364,2.6836,0.522,0.35,2.613,0.8,waspada
4.626,7.863,18.223,41.89,6.84,23.59,5,0,265.489,0.5039,2,4.626,2.6209,0.4189,0.75,2.865,0.1,waspada
16.385,26.868,66.531,79.06,35.28,3.33,2,0,295.164,4.0538,2,16.385,8.956,0.7906,0.15,27.892,0.55,siaga
0.0,0.0,0.0,51.8,35.08,28.32,8,1,187.99,4.0519,3,0.0,0.0,0.518,0.55,18.172,0.35,waspada
16.519,31.09,76.896,80.26,7.33,4.48,4,0,308.75,5.2324,3,16.519,10.3634,0.8026,0.55,5.881,0.3,waspada
0.0,0.0,0.0,62.96,4.26,14.74,3,0,257.269,6.9283,2,0.0,0.0,0.6296,0.15,2.681,0.1,waspada
0.932,1.585,3.384,54.36,24.94,25.74,7,1,179.009,0.05,2,0.932,0.5285,0.5436,0.75,13.554,0.3,waspada
5.769,10.762,25.939,47.62,14.43,8.28,5,0,180.408,2.6888,1,5.769,3.5874,0.4762,0.75,6.874,0.85,waspada
3.372,7.305,33.036,48.62,35.19,1.35,10,0,320.627,1.8862,1,3.372,2.4351,0.4862,0.55,17.111,0.55,waspada
0.0,0.0,0.0,46.31,17.74,19.69,4,0,222.218,2.6156,2,0.0,0.0,0.4631,0.55,8.215,0.2,waspada
0.0,0.0,0.0,70.94,6.25,15.49,8,1,152.322,4.5291,1,0.0,0.0,0.7094,0.55,4.434,0.1,waspada
2.493,6.891,14.708,56.5,30.07,9.96,1,0,319.325,0.7573,1,2.493,2.2971,0.565,0.35,16.988,0.25,waspada
6.289,13.356,46.438,51.89,15.57,31.25,12,0,360.073,5.3395,2,6.289,4.4521,0.5189,0.75,8.077,0.6,waspada
110.363,199.669,301.721,44.4,6.16,27.37,9,1,210.949,0.351,2,110.363,66.5562,0.444,0.55,2.736,0.8,siaga
0.0,0.0,0.0,66.87,17.83,11.93,9,1,226.648,5.4803,0,0.0,0.0,0.6687,1.0,11.926,0.35,aman
81.691,130.25,241.536,37.3,9.09,8.78,4,0,219.796,3.2043,3,81.691,43.4166,0.373,0.75,3.391,0.45,siaga
0.0,0.0,0.0,74.56,24.95,29.24,9,1,334.124,3.6257,0,0.0,0.0,0.7456,0.55,18.602,0.45,waspada
3.334,7.129,20.28,82.13,34.66,1.5,9,1,197.722,0.5128,2,3.334,2.3763,0.8213,0.55,28.47,0.25,waspada
6.775,12.419,62.031,35.86,26.05,2.71,8,1,276.666,1.3001,0,6.775,4.1395,0.3586,0.75,9.342,0.3,aman
2.143,3.633,9.639,82.29,4.54,32.78,9,1,389.331,1.0811,1,2.143,1.2109,0.8229,0.55,3.74,0.75,waspada
0.0,0.0,0.0,33.05,24.22,25.16,9,1,410.201,3.252,2,0.0,0.0,0.3305,0.55,8.007,0.55,aman
0.0,0.0,0.0,32.92,18.08,21.51,2,0,287.43,7.1171,2,0.0,0.0,0.3292,0.75,5.951,0.25,aman
2.797,5.515,24.169,56.26,15.94,18.52,3,0,422.825,1.1425,2,2.797,1.8382,0.5626,0.75,8.968,0.15,aman
5.008,13.457,36.264,30.22,12.4,20.49,1,0,210.208,5.6572,2,5.008,4.4856,0.3022,0.75,3.748,0.85,waspada
7.751,18.534,74.463,73.48,4.26,10.69,11,0,433.071,2.7573,1,7.751,6.1779,0.7348,0.75,3.128,0.1,waspada
7.712,20.757,68.631,80.08,34.88,26.36,7,1,365.106,0.6192,0,7.712,6.919,0.8008,0.35,27.931,0.1,waspada
7.848,17.121,48.452,81.63,16.15,2.42,1,0,221.04,1.3083,1,7.848,5.7071,0.8163,0.75,13.185,0.45,waspada
22.599,34.587,85.332,64.6,37.53,5.74,7,1,330.698,4.0586,1,22.599,11.5291,0.646,0.15,24.243,0.45,siaga
0.0,0.0,0.0,83.2,22.43,8.24,2,0,298.336,2.7867,2,0.0,0.0,0.832,0.55,18.663,0.35,waspada
0.0,0.0,0.0,66.89,3.35,21.97,8,1,290.134,0.05,1,0.0,0.0,0.6689,0.75,2.244,0.45,waspada
21.857,52.901,179.099,60.68,36.38,17.79,5,0,226.894,0.3311,2,21.857,17.6335,0.6068,0.75,22.076,0.55,siaga
0.0,0.0,0.0,32.63,20.76,10.36,12,0,210.972,2.1293,0,0.0,0.0,0.3263,0.35,6.775,0.55,waspada
5.402,10.234,32.754,59.67,32.82,13.71,12,0,340.692,0.8666,0,5.402,3.4113,0.5967,0.15,19.583,0.35,waspada
6.562,10.898,46.478,61.41,4.35,6.84,7,1,326.446,4.8849,0,6.562,3.6326,0.6141,0.55,2.674,0.75,waspada
0.0,0.0,0.0,55.85,10.14,28.49,8,1,242.266,4.9425,2,0.0,0.0,0.5585,0.55,5.665,0.85,waspada
0.0,0.0,0.0,46.26,11.4,17.07,6,1,319.365,1.7844,2,0.0,0.0,0.4626,0.75,5.274,0.75,aman
4.492,11.659,24.939,92.58,34.97,21.29,12,0,176.178,4.0184,1,4.492,3.8862,0.9258,0.75,32.374,0.75,waspada
0.0,0.0,0.0,75.94,34.26,14.74,2,0,235.238,2.257,1,0.0,0.0,0.7594,0.75,26.019,0.9,waspada
3.149,9.313,32.883,60.35,11.13,27.05,11,0,320.931,2.8477,1,3.149,3.1042,0.6035,0.55,6.72,0.1,waspada
0.0,0.0,0.0,92.97,7.83,28.02,1,0,253.911,3.111,1,0.0,0.0,0.9297,0.75,7.28,0.3,waspada
0.0,0.0,0.0,87.77,28.38,33.7,7,1,171.774,0.8103,0,0.0,0.0,0.8777,0.15,24.911,0.25,siaga
0.0,0.0,0.0,56.12,18.19,9.1,10,0,271.29,2.2687,2,0.0,0.0,0.5612,0.55,10.209,0.9,waspada
4.46,11.512,44.585,34.43,18.53,2.68,7,1,186.975,1.483,2,4.46,3.8373,0.3443,0.85,6.38,0.3,waspada
35.343,80.162,221.424,33.07,22.87,15.22,7,1,203.936,1.7058,0,35.343,26.7207,0.3307,0.85,7.563,0.2,waspada
6.033,15.621,62.788,66.02,25.78,23.68,9,1,268.606,5.4301,1,6.033,5.2069,0.6602,0.55,17.02,0.1,waspada
0.0,0.0,0.0,56.43,23.9,15.06,8,1,230.637,1.9898,3,0.0,0.0,0.5643,0.35,13.488,0.35,waspada
0.0,0.0,0.0,72.07,11.51,28.57,8,1,297.006,3.8585,2,0.0,0.0,0.7207,0.55,8.293,0.8,waspada
1.921,4.756,19.584,91.97,35.49,28.59,6,1,327.094,1.8596,2,1.921,1.5853,0.9197,0.35,32.645,0.5,siaga
0.0,0.0,0.0,44.42,33.96,12.08,8,1,299.692,0.6581,3,0.0,0.0,0.4442,0.35,15.086,0.7,waspada
64.588,136.662,300.452,77.23,24.0,23.49,4,0,301.593,3.9249,0,64.588,45.5538,0.7723,0.55,18.533,0.7,siaga
4.016,6.3,30.023,79.7,35.8,33.72,11,0,158.033,5.5952,2,4.016,2.1,0.797,0.05,28.53,0.4,siaga
0.881,1.33,3.941,31.7,25.58,1.95,12,0,358.423,0.05,1,0.881,0.4432,0.317,0.55,8.108,0.25,aman
0.0,0.0,0.0,48.27,13.61,34.17,4,0,413.033,6.5879,1,0.0,0.0,0.4827,0.55,6.571,0.8,waspada
1.883,3.629,13.758,47.74,25.0,30.6,1,0,232.481,1.8056,2,1.883,1.2096,0.4774,0.75,11.937,0.5,waspada
14.627,28.728,71.843,57.11,20.06,15.06,10,0,260.744,4.6612,2,14.627,9.5762,0.5711,0.55,11.453,0.35,waspada
0.0,0.0,0.0,38.42,26.48,3.22,6,1,171.558,2.4361,2,0.0,0.0,0.3842,0.55,10.174,0.75,waspada
0.0,0.0,0.0,54.14,20.63,0.43,7,1,197.557,5.6842,1,0.0,0.0,0.5414,0.35,11.17,0.6,waspada
8.067,18.301,50.989,59.42,9.71,26.17,4,0,197.429,1.3295,1,8.067,6.1002,0.5942,0.75,5.77,0.9,waspada
1.064,2.905,7.675,42.35,37.48,7.46,8,1,181.151,6.0278,1,1.064,0.9683,0.4235,0.55,15.87,0.4,waspada
42.449,70.656,212.285,41.26,25.74,12.72,1,0,210.159,4.7435,0,42.449,23.552,0.4126,0.85,10.621,0.35,waspada
0.0,0.0,0.0,74.13,32.65,7.17,6,1,394.173,4.5746,2,0.0,0.0,0.7413,0.75,24.2,0.85,waspada
0.0,0.0,0.0,71.19,27.62,22.93,12,0,302.775,2.2121,2,0.0,0.0,0.7119,0.75,19.659,0.75,waspada
0.0,0.0,0.0,89.52,27.05,7.78,5,0,112.007,2.2338,0,0.0,0.0,0.8952,0.35,24.218,0.1,siaga
22.867,36.88,122.726,93.42,7.79,26.55,12,0,301.973,4.475,2,22.867,12.2932,0.9342,0.85,7.276,0.4,waspada
15.819,27.488,100.724,54.62,10.17,30.15,8,1,245.721,2.3921,2,15.819,9.1626,0.5462,0.55,5.555,0.85,waspada
0.0,0.0,0.0,62.75,26.76,27.56,7,1,229.275,6.3477,0,0.0,0.0,0.6275,0.75,16.794,0.2,aman
86.347,146.554,273.026,72.44,12.31,25.56,10,0,287.386,4.0146,1,86.347,48.8514,0.7244,0.75,8.919,0.35,siaga
0.0,0.0,0.0,36.34,32.08,2.63,11,0,314.718,3.6418,1,0.0,0.0,0.3634,0.75,11.66,0.4,aman
0.0,0.0,0.0,79.7,12.06,26.33,2,0,371.436,5.8505,2,0.0,0.0,0.797,1.0,9.612,0.65,aman
0.0,0.0,0.0,50.03,27.61,19.28,9,1,170.853,3.9555,0,0.0,0.0,0.5003,0.35,13.814,0.25,waspada
0.0,0.0,0.0,76.61,37.26,30.06,10,0,173.552,5.2284,0,0.0,0.0,0.7661,0.55,28.546,0.1,waspada
0.0,0.0,0.0,45.72,30.0,31.26,8,1,124.511,3.3547,1,0.0,0.0,0.4572,0.55,13.718,0.45,waspada
0.0,0.0,0.0,70.1,34.72,23.25,9,1,260.048,2.6985,2,0.0,0.0,0.701,0.75,24.337,0.85,waspada
51.374,124.275,325.823,81.49,34.74,24.95,7,1,190.804,3.8669,1,51.374,41.4251,0.8149,0.55,28.308,0.75,siaga
32.643,69.982,219.643,81.97,3.03,12.2,11,0,228.351,2.1838,1,32.643,23.3274,0.8197,0.55,2.486,0.35,siaga
7.537,17.43,51.88,64.87,35.75,30.71,1,0,249.836,2.1185,0,7.537,5.8101,0.6487,0.55,23.193,0.25,waspada
104.776,175.421,402.697,65.05,9.31,16.06,4,0,253.481,3.7837,3,104.776,58.4737,0.6505,1.0,6.056,0.65,siaga
1.6,3.291,15.24,97.1,28.43,29.52,7,1,206.859,5.065,2,1.6,1.0972,0.971,0.15,27.6,0.3,siaga
51.111,80.866,191.857,70.09,36.9,23.99,4,0,257.991,3.2795,3,51.111,26.9552,0.7009,0.75,25.868,0.8,siaga
4.636,11.956,55.883,89.64,19.12,2.09,1,0,254.229,3.1408,2,4.636,3.9855,0.8964,0.55,17.138,0.75,waspada
6.922,19.75,50.069,80.38,7.35,25.94,10,0,333.351,3.6913,0,6.922,6.5832,0.8038,0.55,5.911,0.9,waspada
4.022,8.984,44.043,58.77,23.3,8.16,2,0,329.07,3.7695,0,4.022,2.9945,0.5877,0.55,13.692,0.5,waspada
21.185,47.343,141.66,48.08,28.31,9.78,4,0,371.844,0.05,0,21.185,15.7811,0.4808,0.75,13.611,0.35,waspada
31.641,59.921,140.271,70.23,12.55,34.13,8,1,179.014,1.1032,2,31.641,19.9738,0.7023,0.55,8.812,0.3,siaga
133.639,181.361,325.867,30.01,32.42,29.91,10,0,247.879,0.05,1,133.639,60.4538,0.3001,0.55,9.729,0.15,siaga
0.722,1.758,8.196,60.97,11.33,11.71,5,0,349.355,3.6817,2,0.722,0.586,0.6097,0.55,6.908,0.85,waspada
0.0,0.0,0.0,46.02,6.37,26.87,5,0,202.337,0.9505,2,0.0,0.0,0.4602,1.0,2.931,0.45,aman
24.925,50.825,189.88,89.04,34.68,27.61,2,0,271.944,2.7304,1,24.925,16.9417,0.8904,0.55,30.877,0.6,siaga
0.0,0.0,0.0,42.79,27.82,3.66,9,1,203.806,1.9369,2,0.0,0.0,0.4279,0.35,11.903,0.85,waspada
0.0,0.0,0.0,40.24,6.42,13.89,5,0,302.712,4.6795,3,0.0,0.0,0.4024,0.55,2.584,0.2,aman
10.614,24.661,77.098,73.62,11.09,33.21,6,1,180.052,3.1358,3,10.614,8.2204,0.7362,0.15,8.164,0.8,siaga
0.0,0.0,0.0,31.47,8.1,17.75,12,0,220.23,3.7013,2,0.0,0.0,0.3147,0.75,2.55,0.3,aman
0.0,0.0,0.0,81.97,18.12,30.96,4,0,332.275,1.9967,1,0.0,0.0,0.8197,0.85,14.85,0.2,waspada
22.543,38.079,140.898,35.51,11.14,28.13,6,1,307.852,7.1698,1,22.543,12.6931,0.3551,0.55,3.958,0.7,waspada
0.0,0.0,0.0,51.01,29.7,15.65,7,1,316.451,1.471,1,0.0,0.0,0.5101,0.15,15.152,0.65,waspada
120.433,231.345,388.677,69.46,5.81,11.29,10,0,239.083,4.8883,3,120.433,77.1149,0.6946,0.35,4.034,0.4,siaga
67.265,142.499,393.663,66.71,3.86,24.45,2,0,277.072,2.0638,3,67.265,47.4998,0.6671,0.75,2.576,0.3,siaga
0.0,0.0,0.0,80.09,33.38,22.91,11,0,183.684,3.8209,1,0.0,0.0,0.8009,0.75,26.729,0.45,waspada
6.668,15.893,53.332,73.33,20.75,0.47,7,1,219.707,2.897,1,6.668,5.2976,0.7333,0.85,15.216,0.15,waspada
13.084,22.478,74.243,38.72,35.38,33.73,12,0,387.524,3.6483,1,13.084,7.4927,0.3872,0.75,13.703,0.9,waspada
88.247,117.808,254.821,59.02,22.83,22.83,9,1,49.77,4.5482,1,88.247,39.2694,0.5902,0.35,13.472,0.4,siaga
1.428,3.129,9.142,33.67,20.7,14.09,6,1,413.024,2.609,1,1.428,1.0429,0.3367,0.75,6.969,0.6,aman
0.0,0.0,0.0,46.72,22.39,21.18,2,0,231.947,0.5449,1,0.0,0.0,0.4672,0.55,10.462,0.25,waspada
11.783,20.462,44.877,35.38,5.14,29.4,2,0,367.973,5.8839,3,11.783,6.8205,0.3538,0.55,1.82,0.65,waspada
5.53,12.695,38.434,44.98,9.67,32.68,8,1,248.849,4.2731,2,5.53,4.2318,0.4498,0.35,4.351,0.65,waspada
0.0,0.0,0.0,78.32,26.74,1.9,11,0,411.026,0.05,0,0.0,0.0,0.7832,0.85,20.946,0.8,waspada
148.976,212.964,371.453,38.29,8.56,8.73,2,0,330.679,7.4768,3,148.976,70.9881,0.3829,0.55,3.276,0.4,siaga
0.0,0.0,0.0,44.66,18.35,21.86,4,0,242.994,0.05,1,0.0,0.0,0.4466,0.85,8.196,0.4,waspada
0.0,0.0,0.0,45.05,20.23,4.31,1,0,256.746,7.243,2,0.0,0.0,0.4505,0.75,9.111,0.35,aman
5.621,11.996,53.041,97.59,20.35,1.75,3,0,238.799,3.44,1,5.621,3.9986,0.9759,0.55,19.858,0.2,waspada
141.383,190.685,314.608,36.71,17.28,0.01,1,0,375.533,3.052,1,141.383,63.5615,0.3671,0.75,6.345,0.5,waspada
0.779,1.75,5.741,66.76,3.37,2.68,12,0,222.96,1.3806,1,0.779,0.5833,0.6676,0.55,2.249,0.9,waspada
1.815,5.295,26.344,70.51,37.04,22.82,8,1,150.812,0.05,0,1.815,1.7649,0.7051,0.75,26.118,0.85,waspada
0.0,0.0,0.0,82.43,35.51,28.02,5,0,204.765,5.0782,1,0.0,0.0,0.8243,0.75,29.268,0.9,waspada
0.0,0.0,0.0,36.3,12.63,30.28,7,1,282.979,3.7747,3,0.0,0.0,0.363,0.55,4.583,0.3,waspada
0.0,0.0,0.0,33.28,27.21,32.23,5,0,308.394,1.3107,3,0.0,0.0,0.3328,1.0,9.055,0.4,aman
0.0,0.0,0.0,73.93,27.84,34.61,12,0,257.46,1.4519,1,0.0,0.0,0.7393,0.75,20.585,0.15,waspada
12.917,22.54,76.441,63.6,25.05,6.63,3,0,266.487,2.3037,2,12.917,7.5134,0.636,0.55,15.933,0.55,waspada
28.497,62.94,127.806,43.28,15.41,4.53,11,0,394.507,3.883,2,28.497,20.9799,0.4328,0.85,6.668,0.65,waspada
24.126,42.248,92.073,94.77,25.09,16.81,12,0,217.646,2.4596,0,24.126,14.0826,0.9477,1.0,23.777,0.7,siaga
37.495,75.907,239.377,87.46,35.14,7.53,2,0,335.743,4.6623,2,37.495,25.3024,0.8746,0.35,30.733,0.45,siaga
0.0,0.0,0.0,42.01,6.58,5.31,1,0,130.223,3.5577,1,0.0,0.0,0.4201,0.55,2.765,0.1,waspada
0.0,0.0,0.0,74.68,15.3,2.99,3,0,265.941,4.8457,3,0.0,0.0,0.7468,0.85,11.422,0.65,waspada
10.646,24.764,58.332,46.0,36.22,32.16,11,0,219.394,3.9193,2,10.646,8.2545,0.46,0.75,16.661,0.35,waspada
0.0,0.0,0.0,87.42,28.85,6.21,8,1,218.12,0.05,2,0.0,0.0,0.8742,0.75,25.22,0.1,waspada
0.0,0.0,0.0,80.45,30.72,20.58,3,0,210.752,2.7162,0,0.0,0.0,0.8045,0.55,24.717,0.15,waspada
0.0,0.0,0.0,56.72,28.11,29.6,12,0,208.182,1.591,1,0.0,0.0,0.5672,0.75,15.944,0.25,waspada
48.497,102.079,346.442,88.52,31.59,19.28,5,0,294.988,8.3388,1,48.497,34.0263,0.8852,0.75,27.964,0.2,siaga
22.54,35.604,85.916,64.86,30.59,27.33,6,1,157.901,2.5866,3,22.54,11.8679,0.6486,0.75,19.838,0.3,waspada
4.557,7.589,19.553,57.86,31.02,8.41,4,0,233.529,5.497,1,4.557,2.5296,0.5786,0.15,17.95,0.55,waspada
7.478,18.545,46.335,96.34,7.16,7.33,1,0,281.188,4.4709,1,7.478,6.1818,0.9634,0.55,6.895,0.3,waspada
20.503,37.732,102.363,77.32,15.15,14.99,10,0,332.386,5.2652,3,20.503,12.5774,0.7732,0.55,11.712,0.35,waspada
0.0,0.0,0.0,46.29,9.05,21.32,7,1,188.889,0.05,2,0.0,0.0,0.4629,0.75,4.188,0.3,waspada
0.0,0.0,0.0,36.07,15.31,27.84,8,1,92.044,2.7973,2,0.0,0.0,0.3607,0.55,5.525,0.85,waspada
15.077,37.141,77.044,39.92,12.05,12.6,9,1,365.108,0.05,1,15.077,12.3802,0.3992,0.75,4.81,0.85,waspada
3.868,7.908,23.231,33.04,24.11,30.66,3,0,288.015,0.2204,1,3.868,2.6359,0.3304,0.35,7.968,0.75,waspada
35.13,53.464,169.289,48.05,11.78,4.82,4,0,151.142,1.3215,1,35.13,17.8214,0.4805,0.75,5.657,0.75,waspada
1.671,3.215,10.126,54.84,32.34,7.77,11,0,137.938,2.2594,2,1.671,1.0717,0.5484,0.75,17.737,0.35,waspada
2.041,3.978,9.858,40.67,4.78,15.29,10,0,323.614,3.4284,2,2.041,1.326,0.4067,0.55,1.943,0.2,aman
0.0,0.0,0.0,72.87,7.47,21.7,10,0,331.904,1.7733,2,0.0,0.0,0.7287,0.75,5.44,0.75,waspada
7.382,19.322,54.025,55.42,2.36,0.5,8,1,353.048,5.3594,1,7.382,6.4407,0.5542,0.05,1.306,0.75,siaga
3.874,8.905,19.557,41.55,3.68,1.38,4,0,247.954,0.2226,2,3.874,2.9685,0.4155,0.75,1.53,0.25,waspada
0.991,1.728,7.256,68.48,23.79,14.01,8,1,136.547,4.2271,1,0.991,0.5761,0.6848,0.75,16.293,0.65,waspada
0.0,0.0,0.0,50.04,11.6,0.33,12,0,121.612,2.0543,3,0.0,0.0,0.5004,0.55,5.803,0.65,waspada
0.0,0.0,0.0,51.51,37.93,23.77,5,0,245.385,4.8203,2,0.0,0.0,0.5151,0.75,19.537,0.9,waspada
0.0,0.0,0.0,48.49,19.15,6.24,2,0,304.407,0.5522,0,0.0,0.0,0.4849,0.75,9.287,0.3,aman
70.823,158.925,546.292,75.84,15.85,5.38,7,1,172.01,5.2662,0,70.823,52.9751,0.7584,0.55,12.02,0.6,siaga
6.677,19.562,78.208,65.23,22.23,14.86,7,1,286.885,2.5591,2,6.677,6.5206,0.6523,0.75,14.503,0.2,waspada
24.119,53.599,212.936,80.49,6.57,33.12,11,0,179.063,3.59,1,24.119,17.8664,0.8049,0.55,5.29,0.65,siaga
0.0,0.0,0.0,34.8,27.7,33.43,8,1,247.803,4.9506,3,0.0,0.0,0.348,0.55,9.64,0.1,aman
0.0,0.0,0.0,57.74,4.6,30.25,1,0,254.845,2.859,3,0.0,0.0,0.5774,0.55,2.656,0.35,waspada
0.0,0.0,0.0,84.42,13.5,32.56,7,1,236.145,3.7716,2,0.0,0.0,0.8442,0.55,11.396,0.5,waspada
3.357,8.768,36.566,68.58,21.56,25.81,8,1,266.757,2.5615,1,3.357,2.9226,0.6858,0.85,14.787,0.6,waspada
7.629,15.979,75.575,78.48,27.45,34.34,10,0,118.782,3.2528,2,7.629,5.3263,0.7848,0.75,21.541,0.5,waspada
9.253,18.568,37.787,45.7,6.97,12.2,5,0,306.815,5.3624,0,9.253,6.1893,0.457,0.55,3.187,0.65,waspada
0.0,0.0,0.0,52.45,9.5,32.04,5,0,110.019,0.05,2,0.0,0.0,0.5245,0.35,4.982,0.2,waspada
23.219,52.811,163.779,76.7,27.21,14.76,4,0,241.344,6.345,2,23.219,17.6038,0.767,0.35,20.867,0.55,siaga
0.0,0.0,0.0,36.8,32.01,10.07,2,0,330.207,5.7771,0,0.0,0.0,0.368,0.55,11.783,0.3,aman
0.0,0.0,0.0,50.16,4.48,21.41,8,1,105.945,2.4704,1,0.0,0.0,0.5016,0.55,2.246,0.7,waspada
58.965,125.545,303.937,39.86,5.09,34.95,5,0,301.792,2.2639,1,58.965,41.8485,0.3986,0.75,2.031,0.3,siaga
0.0,0.0,0.0,40.45,11.55,32.04,4,0,328.339,2.4379,1,0.0,0.0,0.4045,1.0,4.673,0.6,aman
0.0,0.0,0.0,51.48,26.64,31.8,4,0,227.14,3.3461,0,0.0,0.0,0.5148,0.35,13.712,0.45,waspada
12.498,19.309,42.435,90.81,22.54,21.59,9,1,410.334,5.0631,3,12.498,6.4364,0.9081,0.55,20.469,0.1,waspada
0.0,0.0,0.0,45.1,10.3,27.28,8,1,159.321,0.05,2,0.0,0.0,0.451,0.55,4.644,0.35,waspada
0.0,0.0,0.0,59.17,18.43,26.98,12,0,155.52,1.253,1,0.0,0.0,0.5917,0.75,10.905,0.2,waspada
19.756,32.983,86.423,54.52,19.88,28.52,1,0,225.603,4.3107,0,19.756,10.9943,0.5452,0.55,10.842,0.25,waspada
0.0,0.0,0.0,84.06,26.86,28.29,10,0,331.188,3.3024,1,0.0,0.0,0.8406,0.75,22.578,0.9,waspada
0.0,0.0,0.0,67.26,19.28,30.61,7,1,273.073,5.4908,2,0.0,0.0,0.6726,0.35,12.965,0.35,waspada
0.0,0.0,0.0,49.74,17.54,25.77,1,0,221.742,1.4351,2,0.0,0.0,0.4974,0.55,8.723,0.6,waspada
21.293,35.913,103.215,63.66,9.05,30.81,11,0,183.955,3.0364,0,21.293,11.971,0.6366,0.55,5.763,0.35,siaga
6.431,17.533,35.391,56.87,24.29,8.85,6,1,147.544,3.2077,1,6.431,5.8444,0.5687,0.75,13.812,0.45,waspada
2.649,7.236,14.553,33.6,29.4,15.69,5,0,219.351,5.8361,1,2.649,2.4122,0.336,0.85,9.88,0.1,aman
14.496,30.285,116.167,65.5,10.89,22.12,4,0,142.589,0.05,0,14.496,10.0949,0.655,0.55,7.134,0.45,waspada
9.301,22.035,75.245,31.51,15.41,33.85,3,0,239.073,1.6652,2,9.301,7.345,0.3151,0.35,4.857,0.35,waspada
2.937,7.992,29.681,63.19,25.76,19.05,9,1,339.814,1.5781,1,2.937,2.6639,0.6319,0.75,16.275,0.85,waspada
7.859,15.646,61.067,45.44,27.72,0.46,8,1,208.414,5.3023,1,7.859,5.2155,0.4544,0.75,12.595,0.85,waspada
0.0,0.0,0.0,30.9,33.14,13.11,6,1,223.531,0.5136,2,0.0,0.0,0.309,0.55,10.24,0.75,waspada
57.227,134.102,321.42,46.95,21.09,6.61,8,1,245.428,0.05,0,57.227,44.7008,0.4695,0.85,9.9,0.35,siaga
77.654,116.616,403.732,38.4,18.19,16.34,11,0,261.785,2.6504,1,77.654,38.872,0.384,1.0,6.987,0.1,waspada
56.178,130.282,382.67,52.13,26.67,28.92,10,0,344.025,2.9873,2,56.178,43.4273,0.5213,0.75,13.902,0.2,siaga
0.0,0.0,0.0,34.33,30.42,0.48,5,0,146.58,4.9657,0,0.0,0.0,0.3433,0.85,10.443,0.6,aman
0.0,0.0,0.0,40.21,15.47,12.12,1,0,260.434,4.1585,2,0.0,0.0,0.4021,0.55,6.219,0.15,aman
0.0,0.0,0.0,34.38,12.8,8.66,1,0,370.48,3.0113,0,0.0,0.0,0.3438,0.75,4.402,0.8,aman
6.999,16.204,72.259,45.99,8.35,32.11,5,0,191.717,3.5825,1,6.999,5.4013,0.4599,0.75,3.839,0.6,waspada
0.0,0.0,0.0,65.7,36.37,14.73,3,0,124.189,2.6811,2,0.0,0.0,0.657,0.35,23.895,0.45,waspada
1.712,3.165,7.125,66.45,6.77,5.38,3,0,181.995,1.4719,2,1.712,1.0551,0.6645,0.55,4.498,0.45,waspada
0.0,0.0,0.0,34.85,12.98,12.57,11,0,203.924,1.9383,1,0.0,0.0,0.3485,0.75,4.524,0.15,aman
0.0,0.0,0.0,49.38,7.81,10.8,6,1,64.15,4.294,1,0.0,0.0,0.4938,0.75,3.858,0.15,waspada
0.0,0.0,0.0,30.09,10.45,19.79,7,1,212.843,1.5761,2,0.0,0.0,0.3009,0.85,3.145,0.3,aman
90.877,178.317,439.389,97.11,9.14,12.92,11,0,260.704,8.4219,2,90.877,59.4389,0.9711,0.55,8.876,0.25,siaga
5.875,15.267,48.464,84.13,29.54,30.57,12,0,333.735,5.9904,0,5.875,5.0891,0.8413,0.75,24.85,0.3,waspada
0.0,0.0,0.0,67.32,6.98,25.94,12,0,360.012,1.0091,1,0.0,0.0,0.6732,0.75,4.701,0.6,waspada
16.834,38.518,138.759,90.76,3.43,30.12,7,1,213.723,2.6295,1,16.834,12.8393,0.9076,0.75,3.112,0.45,siaga
0.0,0.0,0.0,30.81,32.07,15.18,9,1,161.694,5.1504,0,0.0,0.0,0.3081,0.55,9.88,0.2,aman
0.0,0.0,0.0,45.43,25.19,22.66,3,0,191.865,3.8467,2,0.0,0.0,0.4543,0.55,11.445,0.6,waspada
0.0,0.0,0.0,39.47,31.81,0.52,6,1,175.709,2.4232,2,0.0,0.0,0.3947,0.55,12.556,0.25,waspada
6.089,9.537,30.822,77.97,2.45,18.25,10,0,260.417,1.1369,2,6.089,3.1789,0.7797,0.85,1.909,0.8,waspada
7.423,16.028,38.636,66.13,31.06,8.7,1,0,246.694,3.077,2,7.423,5.3426,0.6613,0.35,20.543,0.1,waspada
0.0,0.0,0.0,61.61,30.3,8.06,11,0,266.087,1.3971,1,0.0,0.0,0.6161,0.75,18.665,0.75,waspada
0.0,0.0,0.0,59.79,15.06,0.24,8,1,275.088,2.444,2,0.0,0.0,0.5979,0.15,9.003,0.25,waspada
0.0,0.0,0.0,85.77,20.82,27.28,12,0,274.714,3.1867,1,0.0,0.0,0.8577,0.55,17.859,0.55,waspada
0.0,0.0,0.0,61.09,31.71,22.59,2,0,192.78,1.9209,1,0.0,0.0,0.6109,0.35,19.375,0.75,waspada
0.0,0.0,0.0,48.54,21.64,17.89,8,1,430.768,2.0466,0,0.0,0.0,0.4854,0.35,10.506,0.25,waspada
0.0,0.0,0.0,40.93,28.74,34.96,1,0,373.905,3.3078,1,0.0,0.0,0.4093,0.55,11.764,0.1,aman
16.033,37.862,91.973,80.66,24.84,12.49,3,0,349.503,2.8464,1,16.033,12.6208,0.8066,0.15,20.037,0.85,siaga
0.0,0.0,0.0,70.74,16.32,25.32,4,0,223.349,1.4993,1,0.0,0.0,0.7074,0.85,11.542,0.65,waspada
23.043,39.078,130.42,55.11,35.74,31.41,5,0,318.445,4.1429,1,23.043,13.0259,0.5511,1.0,19.694,0.5,waspada
61.839,133.694,313.459,90.25,18.11,30.11,6,1,173.324,0.05,0,61.839,44.5648,0.9025,0.15,16.345,0.3,awas
7.999,13.851,56.039,30.72,25.97,15.99,9,1,188.299,7.5919,2,7.999,4.617,0.3072,0.55,7.978,0.15,waspada
24.246,54.371,162.453,41.8,16.6,34.92,5,0,170.923,1.7945,1,24.246,18.1238,0.418,1.0,6.938,0.55,waspada
2.459,4.163,16.175,35.94,12.69,20.49,10,0,305.119,3.1825,1,2.459,1.3876,0.3594,0.75,4.561,0.45,aman
56.941,94.552,310.025,74.85,36.78,9.06,1,0,294.649,4.6709,2,56.941,31.5174,0.7485,0.55,27.528,0.5,siaga
0.0,0.0,0.0,40.5,10.48,3.24,6,1,194.539,4.6999,1,0.0,0.0,0.405,1.0,4.245,0.8,aman
135.057,240.049,407.751,33.55,24.39,25.5,5,0,9.944,3.8799,0,135.057,80.0164,0.3355,0.55,8.183,0.65,siaga
0.0,0.0,0.0,96.69,22.56,34.64,9,1,292.346,2.6446,2,0.0,0.0,0.9669,0.85,21.813,0.9,waspada
0.0,0.0,0.0,72.3,21.29,24.19,9,1,279.564,4.2143,1,0.0,0.0,0.723,0.75,15.394,0.9,waspada
0.0,0.0,0.0,86.8,18.06,29.56,5,0,243.895,4.9404,2,0.0,0.0,0.868,0.75,15.675,0.5,waspada
4.499,12.249,51.337,57.07,32.82,31.69,2,0,147.504,6.7354,1,4.499,4.083,0.5707,1.0,18.727,0.75,waspada
21.167,31.761,84.173,59.75,37.0,7.62,2,0,160.891,4.6189,3,21.167,10.5872,0.5975,0.35,22.106,0.45,waspada
4.599,13.138,55.152,71.99,10.11,16.68,12,0,299.627,2.4932,2,4.599,4.3792,0.7199,0.15,7.275,0.6,siaga
0.0,0.0,0.0,90.79,32.42,21.58,12,0,401.649,5.1556,0,0.0,0.0,0.9079,0.55,29.437,0.25,waspada
0.0,0.0,0.0,46.05,21.21,10.98,8,1,302.537,5.9978,2,0.0,0.0,0.4605,0.75,9.767,0.55,aman
4.894,10.848,29.041,60.71,5.98,27.24,9,1,213.757,0.6216,3,4.894,3.6159,0.6071,0.75,3.632,0.45,waspada
5.548,12.975,31.914,64.34,24.66,7.75,1,0,309.911,0.05,2,5.548,4.3249,0.6434,0.55,15.866,0.5,waspada
0.0,0.0,0.0,68.49,14.21,1.33,8,1,286.105,2.2244,2,0.0,0.0,0.6849,0.55,9.734,0.5,waspada
87.525,132.812,201.067,64.16,4.23,11.68,1,0,231.31,4.3225,1,87.525,44.2707,0.6416,0.85,2.716,0.55,siaga
23.137,40.929,130.833,50.79,25.63,10.66,3,0,29.008,1.1682,2,23.137,13.643,0.5079,0.05,13.02,0.7,siaga
1.506,2.446,7.504,88.33,2.99,15.57,4,0,327.805,3.286,3,1.506,0.8153,0.8833,0.55,2.644,0.25,waspada
0.0,0.0,0.0,53.51,34.43,27.7,12,0,267.426,1.0876,2,0.0,0.0,0.5351,0.75,18.424,0.65,waspada
1.659,2.992,11.928,51.9,25.06,25.96,9,1,287.177,1.5264,1,1.659,0.9973,0.519,0.75,13.003,0.8,waspada
140.543,222.809,530.435,39.96,20.25,16.4,6,1,257.488,2.7902,0,140.543,74.2696,0.3996,0.15,8.091,0.6,awas
41.127,101.795,321.817,47.04,34.35,26.67,2,0,394.499,2.79,2,41.127,33.9316,0.4704,0.55,16.159,0.6,siaga
4.235,11.206,31.855,58.86,15.89,33.73,6,1,134.508,0.05,1,4.235,3.7354,0.5886,0.35,9.35,0.65,siaga
10.104,20.667,81.759,95.49,13.79,18.75,10,0,360.946,2.5483,0,10.104,6.8891,0.9549,0.55,13.164,0.3,waspada
28.673,68.74,193.292,75.11,15.85,7.48,6,1,261.938,5.0911,1,28.673,22.9134,0.7511,0.35,11.902,0.85,siaga
0.0,0.0,0.0,59.93,10.13,20.25,7,1,160.44,2.0026,3,0.0,0.0,0.5993,0.55,6.069,0.6,waspada
2.978,7.941,37.512,71.15,22.76,12.17,6,1,274.175,0.05,2,2.978,2.6471,0.7115,0.35,16.192,0.8,waspada
0.0,0.0,0.0,62.53,16.48,34.75,9,1,180.18,0.05,2,0.0,0.0,0.6253,0.75,10.308,0.65,waspada
69.539,142.522,459.335,67.17,27.44,15.67,12,0,355.48,3.8324,2,69.539,47.5074,0.6717,0.75,18.428,0.4,siaga
0.0,0.0,0.0,90.75,12.09,18.63,9,1,150.458,2.4182,0,0.0,0.0,0.9075,0.75,10.971,0.4,waspada
0.0,0.0,0.0,81.97,20.16,14.95,10,0,63.057,3.3093,2,0.0,0.0,0.8197,0.55,16.524,0.15,waspada
0.0,0.0,0.0,34.21,17.59,12.41,7,1,246.726,2.0756,1,0.0,0.0,0.3421,1.0,6.017,0.2,aman
90.429,172.406,404.556,59.87,33.42,22.16,11,0,332.13,2.3508,1,90.429,57.4686,0.5987,0.55,20.006,0.75,siaga
11.477,22.409,45.004,89.79,30.6,16.0,4,0,121.987,3.6324,2,11.477,7.4696,0.8979,0.75,27.473,0.1,waspada
9.244,17.033,42.457,50.46,15.19,0.28,9,1,228.627,3.8929,1,9.244,5.6777,0.5046,0.75,7.665,0.85,waspada
0.0,0.0,0.0,52.22,20.85,21.67,9,1,387.169,2.074,2,0.0,0.0,0.5222,0.35,10.887,0.25,waspada
7.033,13.883,59.931,70.17,26.15,17.32,11,0,221.553,4.5133,0,7.033,4.6277,0.7017,0.55,18.347,0.1,waspada
0.0,0.0,0.0,67.81,13.98,2.31,5,0,259.38,1.4821,3,0.0,0.0,0.6781,0.75,9.478,0.75,waspada
0.0,0.0,0.0,44.79,14.57,4.3,1,0,264.464,2.3117,3,0.0,0.0,0.4479,0.55,6.527,0.25,waspada
0.0,0.0,0.0,67.59,25.99,29.05,7,1,298.832,2.6274,1,0.0,0.0,0.6759,0.75,17.567,0.7,waspada
54.078,95.721,243.344,71.69,27.48,9.97,12,0,187.847,1.6347,1,54.078,31.9069,0.7169,0.75,19.701,0.45,siaga
0.0,0.0,0.0,32.08,14.08,32.46,7,1,225.888,2.288,1,0.0,0.0,0.3208,0.75,4.517,0.7,aman
0.0,0.0,0.0,80.65,16.49,13.84,8,1,340.353,2.7956,2,0.0,0.0,0.8065,0.75,13.297,0.6,waspada
0.0,0.0,0.0,73.42,3.23,29.09,7,1,222.661,0.05,1,0.0,0.0,0.7342,0.35,2.368,0.55,waspada
8.866,13.629,31.873,33.38,15.55,17.37,6,1,239.286,3.9948,1,8.866,4.5429,0.3338,0.55,5.19,0.55,waspada
0.0,0.0,0.0,43.08,19.97,2.98,9,1,249.985,7.0581,0,0.0,0.0,0.4308,0.35,8.604,0.15,waspada
19.847,44.817,153.599,43.21,34.2,17.24,2,0,281.378,5.1328,2,19.847,14.9389,0.4321,0.35,14.779,0.1,waspada
0.0,0.0,0.0,46.12,27.63,26.2,4,0,303.249,3.1144,2,0.0,0.0,0.4612,0.15,12.746,0.4,waspada
0.0,0.0,0.0,55.22,25.96,11.95,11,0,253.735,4.8389,2,0.0,0.0,0.5522,0.85,14.332,0.75,aman
2.369,6.403,22.054,73.11,36.97,24.29,2,0,225.974,1.1066,2,2.369,2.1344,0.7311,0.75,27.032,0.3,waspada
24.127,45.009,144.019,86.5,12.04,27.99,4,0,371.767,3.3773,2,24.127,15.0029,0.865,0.55,10.418,0.45,siaga
4.01,7.109,21.251,86.79,10.81,29.99,7,1,198.492,4.3557,3,4.01,2.3695,0.8679,0.15,9.384,0.65,siaga
2.864,4.746,18.04,59.89,6.44,4.86,11,0,214.888,2.8974,1,2.864,1.5818,0.5989,0.75,3.855,0.9,waspada
1.523,2.51,5.716,62.83,28.89,33.71,12,0,159.786,5.6538,2,1.523,0.8368,0.6283,0.55,18.149,0.35,waspada
71.955,138.711,286.222,97.2,17.28,14.65,6,1,241.519,5.8499,1,71.955,46.2371,0.972,0.75,16.795,0.9,awas
15.794,36.912,121.295,80.71,12.4,4.32,3,0,296.06,1.8667,3,15.794,12.304,0.8071,0.55,10.01,0.25,siaga
0.0,0.0,0.0,69.19,17.02,12.29,2,0,54.19,0.9495,1,0.0,0.0,0.6919,0.15,11.775,0.65,siaga
0.0,0.0,0.0,42.28,24.26,2.48,3,0,324.154,7.2157,2,0.0,0.0,0.4228,0.75,10.258,0.75,aman
0.0,0.0,0.0,71.07,12.99,32.32,4,0,255.775,3.4166,1,0.0,0.0,0.7107,0.75,9.229,0.55,waspada
0.0,0.0,0.0,70.02,23.91,28.53,7,1,310.212,2.3451,0,0.0,0.0,0.7002,0.75,16.741,0.1,waspada
2.304,5.785,22.28,46.32,17.17,7.24,8,1,201.086,5.0119,2,2.304,1.9284,0.4632,0.75,7.951,0.75,waspada
23.904,40.337,120.883,89.83,20.69,11.37,12,0,256.322,2.7662,1,23.904,13.4458,0.8983,0.55,18.585,0.7,siaga
31.609,67.123,180.165,74.78,17.91,19.34,8,1,354.522,6.1723,0,31.609,22.3744,0.7478,0.75,13.39,0.1,waspada
1.504,4.271,15.951,41.34,5.29,22.01,4,0,128.394,1.8713,3,1.504,1.4237,0.4134,0.55,2.188,0.35,waspada
0.0,0.0,0.0,51.64,14.65,24.68,3,0,237.873,5.4795,3,0.0,0.0,0.5164,0.55,7.564,0.75,waspada
0.0,0.0,0.0,41.26,4.42,17.54,6,1,371.858,3.3561,2,0.0,0.0,0.4126,0.75,1.826,0.1,aman
0.0,0.0,0.0,60.37,4.25,20.17,11,0,244.499,2.1623,1,0.0,0.0,0.6037,0.75,2.568,0.35,waspada
9.348,17.674,66.725,57.44,8.68,8.69,2,0,266.09,1.9182,2,9.348,5.8915,0.5744,0.75,4.983,0.55,waspada
24.965,43.929,111.101,33.48,7.32,4.66,7,1,238.299,0.8906,2,24.965,14.6428,0.3348,0.55,2.45,0.7,waspada
4.819,11.431,26.008,82.42,28.7,33.25,2,0,368.869,2.4715,1,4.819,3.8103,0.8242,0.55,23.659,0.55,waspada
0.0,0.0,0.0,69.36,31.91,3.37,3,0,256.115,3.1788,2,0.0,0.0,0.6936,0.55,22.132,0.1,waspada
1.992,4.538,15.916,63.89,15.3,16.31,2,0,224.478,4.5366,2,1.992,1.5127,0.6389,0.75,9.775,0.7,waspada
0.0,0.0,0.0,86.11,33.35,32.04,7,1,306.411,3.155,3,0.0,0.0,0.8611,0.85,28.721,0.3,waspada
0.0,0.0,0.0,86.86,21.35,22.09,10,0,350.896,6.3806,2,0.0,0.0,0.8686,0.05,18.546,0.55,siaga
48.12,104.736,348.332,50.65,32.51,16.82,2,0,431.041,0.1017,1,48.12,34.912,0.5065,0.05,16.464,0.65,siaga
18.149,40.707,157.947,55.63,33.24,9.32,9,1,306.763,4.4714,1,18.149,13.569,0.5563,0.75,18.494,0.35,waspada
0.0,0.0,0.0,58.69,2.46,12.66,4,0,258.975,3.5345,1,0.0,0.0,0.5869,0.55,1.444,0.6,waspada
1.915,4.018,18.606,84.03,34.88,5.55,9,1,73.679,2.5272,1,1.915,1.3393,0.8403,0.75,29.313,0.1,waspada
20.753,42.653,165.999,36.04,24.57,7.01,7,1,208.033,1.3405,2,20.753,14.2175,0.3604,0.55,8.856,0.5,waspada
15.874,28.4,97.25,89.44,37.42,3.13,10,0,204.29,1.6494,2,15.874,9.4667,0.8944,0.75,33.471,0.3,siaga
0.0,0.0,0.0,76.02,16.87,33.17,6,1,319.361,4.3746,3,0.0,0.0,0.7602,0.75,12.826,0.15,waspada
0.0,0.0,0.0,72.45,15.6,26.35,8,1,202.772,1.2944,0,0.0,0.0,0.7245,0.85,11.303,0.75,waspada
58.463,111.138,227.628,52.81,36.17,18.53,5,0,266.697,1.0214,2,58.463,37.0459,0.5281,0.55,19.102,0.4,siaga
5.676,14.124,63.44,76.1,2.3,18.26,11,0,386.257,0.7559,1,5.676,4.708,0.761,0.55,1.75,0.65,waspada
18.473,33.031,117.584,60.17,14.72,9.98,6,1,109.988,4.7899,0,18.473,11.0104,0.6017,0.05,8.859,0.3,siaga
0.0,0.0,0.0,94.25,23.47,32.74,11,0,429.825,5.3759,3,0.0,0.0,0.9425,0.75,22.124,0.9,waspada
0.0,0.0,0.0,37.52,9.21,15.94,12,0,281.874,3.06,1,0.0,0.0,0.3752,0.75,3.457,0.4,aman
0.0,0.0,0.0,59.21,30.82,14.92,11,0,261.687,3.5705,1,0.0,0.0,0.5921,0.15,18.252,0.85,waspada
0.0,0.0,0.0,71.23,19.27,27.63,7,1,335.522,0.05,1,0.0,0.0,0.7123,0.55,13.724,0.8,waspada
0.628,1.686,3.633,92.08,14.23,30.51,2,0,205.872,4.9176,2,0.628,0.5619,0.9208,0.55,13.106,0.35,waspada
10.686,22.854,67.535,31.46,18.77,31.97,2,0,185.349,3.0819,0,10.686,7.6181,0.3146,0.55,5.905,0.25,waspada
17.335,40.126,118.688,31.39,37.04,4.89,8,1,322.048,2.0586,2,17.335,13.3753,0.3139,0.75,11.626,0.3,waspada
4.894,11.651,29.535,70.07,16.66,5.33,7,1,321.997,7.6667,3,4.894,3.8837,0.7007,0.75,11.676,0.1,waspada
0.0,0.0,0.0,56.44,32.91,19.59,12,0,140.983,4.7624,2,0.0,0.0,0.5644,0.85,18.576,0.35,aman
3.703,8.802,18.436,46.56,19.14,13.22,8,1,335.133,2.8914,3,3.703,2.9341,0.4656,0.55,8.912,0.75,waspada
7.013,11.404,24.717,71.72,35.9,13.38,10,0,286.755,4.1136,1,7.013,3.8014,0.7172,1.0,25.746,0.25,waspada
0.0,0.0,0.0,76.55,31.14,18.67,12,0,317.796,3.4751,2,0.0,0.0,0.7655,0.75,23.84,0.9,waspada
0.0,0.0,0.0,30.24,3.5,28.55,3,0,135.123,3.7023,2,0.0,0.0,0.3024,0.35,1.06,0.3,waspada
3.827,7.447,35.439,76.18,17.6,0.51,11,0,340.706,6.3739,2,3.827,2.4822,0.7618,0.55,13.405,0.65,waspada
45.096,97.559,247.553,86.0,28.51,15.58,9,1,144.065,3.2086,2,45.096,32.5196,0.86,0.75,24.517,0.7,siaga
0.0,0.0,0.0,66.56,32.21,9.96,11,0,324.214,2.1406,3,0.0,0.0,0.6656,0.75,21.441,0.4,waspada
0.0,0.0,0.0,76.77,21.61,30.35,7,1,274.237,1.6377,1,0.0,0.0,0.7677,0.85,16.593,0.15,waspada
0.0,0.0,0.0,83.35,34.16,11.36,1,0,378.787,5.5048,1,0.0,0.0,0.8335,0.35,28.473,0.75,waspada
0.0,0.0,0.0,36.08,18.36,10.15,5,0,242.899,0.5581,2,0.0,0.0,0.3608,0.75,6.622,0.7,aman
0.0,0.0,0.0,89.06,36.37,4.47,3,0,168.629,0.3192,1,0.0,0.0,0.8906,0.75,32.392,0.85,waspada
17.76,33.162,128.806,92.47,20.86,16.7,2,0,316.39,4.604,0,17.76,11.0539,0.9247,0.55,19.286,0.75,siaga
0.0,0.0,0.0,31.09,3.47,5.54,6,1,165.152,0.05,3,0.0,0.0,0.3109,0.75,1.08,0.6,aman
5.459,10.891,38.001,47.35,16.96,27.03,11,0,309.633,5.311,2,5.459,3.6303,0.4735,0.55,8.034,0.85,waspada
0.0,0.0,0.0,47.39,27.74,15.58,4,0,224.817,2.0364,0,0.0,0.0,0.4739,0.55,13.146,0.2,waspada
7.916,21.671,71.464,70.67,11.21,13.63,3,0,343.754,1.964,0,7.916,7.2236,0.7067,0.75,7.92,0.15,waspada
0.0,0.0,0.0,85.19,25.2,4.98,11,0,247.91,4.7377,2,0.0,0.0,0.8519,0.15,21.471,0.4,siaga
136.404,211.121,411.866,66.76,19.24,33.05,10,0,166.984,3.3061,2,136.404,70.3737,0.6676,0.75,12.843,0.45,siaga
34.84,84.199,276.446,37.28,4.7,28.85,9,1,281.639,0.2448,1,34.84,28.0663,0.3728,0.75,1.752,0.3,siaga
3.573,9.839,23.807,46.82,6.78,25.5,10,0,274.084,1.7496,2,3.573,3.2795,0.4682,0.55,3.174,0.1,waspada
90.251,176.896,337.364,31.2,9.71,18.67,1,0,244.81,1.7576,1,90.251,58.9654,0.312,0.75,3.028,0.3,siaga
6.526,15.742,55.811,44.24,29.9,20.56,3,0,177.085,2.0216,1,6.526,5.2473,0.4424,0.55,13.227,0.45,waspada
0.0,0.0,0.0,72.97,32.57,6.72,8,1,247.778,2.8121,1,0.0,0.0,0.7297,0.55,23.762,0.4,waspada
5.043,9.341,28.632,81.84,18.03,30.06,9,1,177.557,1.4188,3,5.043,3.1136,0.8184,0.35,14.758,0.15,waspada
13.557,23.12,71.049,53.93,14.96,27.99,6,1,225.504,1.066,1,13.557,7.7067,0.5393,0.35,8.068,0.7,waspada
1.248,3.097,8.783,51.84,15.4,17.21,4,0,363.728,0.2449,0,1.248,1.0324,0.5184,0.55,7.985,0.5,waspada
0.0,0.0,0.0,39.31,4.7,6.56,11,0,382.75,2.1297,2,0.0,0.0,0.3931,0.85,1.849,0.15,aman
67.133,110.626,352.656,38.05,23.53,4.42,12,0,239.226,1.915,1,67.133,36.8753,0.3805,0.55,8.955,0.85,siaga
0.0,0.0,0.0,72.2,17.02,30.17,10,0,297.882,0.05,1,0.0,0.0,0.722,0.85,12.291,0.3,waspada
0.599,1.251,4.035,53.66,34.53,2.97,9,1,207.476,5.4141,1,0.599,0.4171,0.5366,0.55,18.53,0.45,waspada
2.358,4.94,16.04,58.69,24.37,7.22,4,0,224.897,4.5803,1,2.358,1.6465,0.5869,0.55,14.301,0.7,waspada
0.0,0.0,0.0,38.01,21.41,1.02,1,0,139.616,3.0937,0,0.0,0.0,0.3801,0.75,8.137,0.1,aman
22.393,42.641,149.03,76.43,6.94,25.22,12,0,307.969,4.1971,1,22.393,14.2137,0.7643,0.75,5.305,0.45,waspada
0.0,0.0,0.0,82.84,22.28,29.78,11,0,230.896,0.9926,0,0.0,0.0,0.8284,0.75,18.458,0.4,waspada
72.92,164.412,334.274,44.56,5.6,3.59,3,0,222.981,0.2595,2,72.92,54.8038,0.4456,0.75,2.493,0.65,siaga
0.0,0.0,0.0,82.66,23.2,15.69,5,0,75.199,1.935,0,0.0,0.0,0.8266,0.55,19.174,0.2,waspada
5.546,11.607,26.819,47.76,27.92,25.92,10,0,290.407,0.05,2,5.546,3.869,0.4776,0.75,13.334,0.65,waspada
0.0,0.0,0.0,84.78,36.92,18.27,12,0,305.777,3.7658,2,0.0,0.0,0.8478,0.35,31.298,0.85,waspada
10.975,23.244,74.048,93.82,16.06,28.25,12,0,170.203,0.05,1,10.975,7.7479,0.9382,0.55,15.071,0.75,siaga
16.677,28.816,86.231,33.66,10.57,23.01,12,0,334.495,3.3047,0,16.677,9.6053,0.3366,0.55,3.557,0.8,waspada
0.0,0.0,0.0,89.75,37.47,10.31,10,0,322.244,2.9801,0,0.0,0.0,0.8975,0.55,33.63,0.2,waspada
0.0,0.0,0.0,92.62,26.84,28.6,11,0,360.437,3.6888,2,0.0,0.0,0.9262,0.55,24.861,0.85,waspada
0.0,0.0,0.0,42.93,21.79,16.05,8,1,301.425,5.1985,2,0.0,0.0,0.4293,0.55,9.356,0.6,waspada
0.0,0.0,0.0,65.24,26.33,33.38,11,0,289.343,1.1938,0,0.0,0.0,0.6524,0.35,17.18,0.15,waspada
0.0,0.0,0.0,67.5,3.28,0.34,10,0,188.144,7.7741,3,0.0,0.0,0.675,0.75,2.211,0.6,waspada
6.081,14.767,57.824,87.48,8.54,33.08,1,0,346.263,6.2821,2,6.081,4.9222,0.8748,0.55,7.468,0.65,waspada
0.0,0.0,0.0,94.86,13.53,4.61,6,1,189.281,1.9723,2,0.0,0.0,0.9486,0.75,12.834,0.7,waspada
6.827,17.827,65.705,30.7,27.24,24.8,5,0,89.43,4.6686,2,6.827,5.9423,0.307,0.55,8.363,0.85,waspada
0.0,0.0,0.0,48.77,27.4,6.95,3,0,198.559,3.2059,1,0.0,0.0,0.4877,0.55,13.366,0.15,waspada
4.027,11.312,37.508,94.38,16.53,11.12,9,1,278.483,3.824,1,4.027,3.7708,0.9438,0.15,15.604,0.25,siaga
0.0,0.0,0.0,33.84,5.9,6.63,9,1,193.658,5.1224,1,0.0,0.0,0.3384,0.55,1.997,0.65,waspada
7.381,18.078,85.019,72.05,25.64,26.76,12,0,123.105,4.0501,1,7.381,6.0261,0.7205,0.55,18.471,0.15,waspada
0.0,0.0,0.0,88.74,15.72,31.84,11,0,198.755,1.4459,0,0.0,0.0,0.8874,0.15,13.948,0.45,siaga
0.0,0.0,0.0,79.41,25.33,26.14,8,1,277.037,1.4535,1,0.0,0.0,0.7941,0.35,20.113,0.15,waspada
14.436,35.992,133.064,68.29,26.76,30.38,1,0,193.616,4.7266,2,14.436,11.9975,0.6829,0.75,18.277,0.4,waspada
10.507,25.445,84.739,89.1,36.49,1.24,7,1,368.106,3.6801,0,10.507,8.4818,0.891,0.75,32.512,0.5,waspada
13.056,23.015,68.711,97.45,8.27,18.72,5,0,96.715,0.05,0,13.056,7.6716,0.9745,0.85,8.059,0.65,siaga
0.0,0.0,0.0,72.52,4.33,33.64,8,1,251.569,4.5113,0,0.0,0.0,0.7252,0.55,3.141,0.85,waspada
91.21,179.87,285.673,82.2,21.09,9.16,9,1,152.447,4.3059,1,91.21,59.9565,0.822,0.75,17.337,0.65,siaga
0.0,0.0,0.0,54.67,8.41,0.34,12,0,269.462,0.5571,2,0.0,0.0,0.5467,0.55,4.598,0.15,waspada
7.831,21.406,95.287,41.35,26.12,7.98,1,0,342.573,5.7112,2,7.831,7.1353,0.4135,0.75,10.801,0.65,waspada
24.29,42.558,92.866,69.04,31.22,17.11,12,0,169.706,0.05,2,24.29,14.1859,0.6904,0.75,21.553,0.85,siaga
0.0,0.0,0.0,61.76,18.84,7.87,3,0,335.983,2.3378,1,0.0,0.0,0.6176,0.55,11.638,0.45,waspada
7.866,19.289,71.056,56.93,32.03,23.08,4,0,230.098,2.3285,2,7.866,6.4298,0.5693,0.05,18.232,0.25,siaga
23.541,36.833,82.225,34.0,27.5,7.12,12,0,199.659,0.05,1,23.541,12.2775,0.34,0.75,9.35,0.15,waspada
7.794,13.628,58.066,87.68,25.23,23.47,7,1,301.991,4.4594,2,7.794,4.5428,0.8768,0.75,22.119,0.6,waspada
0.0,0.0,0.0,42.38,17.81,1.59,8,1,139.29,0.575,2,0.0,0.0,0.4238,0.55,7.547,0.3,waspada
4.617,9.134,31.653,34.44,4.53,22.5,8,1,234.139,4.3332,1,4.617,3.0446,0.3444,0.55,1.56,0.85,waspada
115.311,175.033,371.994,51.78,15.06,28.94,3,0,220.205,2.3748,1,115.311,58.3444,0.5178,0.55,7.796,0.3,siaga
3.222,9.417,26.753,80.36,26.53,17.01,2,0,84.808,0.05,1,3.222,3.1389,0.8036,0.75,21.315,0.45,waspada
19.598,46.183,118.143,70.92,30.91,30.23,8,1,318.854,4.5337,0,19.598,15.3945,0.7092,0.35,21.923,0.5,siaga
31.635,60.019,208.903,58.59,36.29,19.11,9,1,182.919,2.6531,1,31.635,20.0064,0.5859,1.0,21.261,0.8,waspada
1.667,3.297,12.706,53.66,2.96,10.22,12,0,245.83,3.4995,1,1.667,1.099,0.5366,0.35,1.588,0.7,waspada
0.0,0.0,0.0,58.02,28.92,34.08,12,0,371.832,2.7153,2,0.0,0.0,0.5802,0.75,16.78,0.7,waspada
4.507,7.694,26.723,40.51,35.61,19.57,3,0,312.962,4.9209,1,4.507,2.5648,0.4051,0.75,14.423,0.75,waspada
0.0,0.0,0.0,96.25,33.92,6.07,7,1,317.039,7.6502,2,0.0,0.0,0.9625,0.15,32.652,0.3,siaga
5.228,11.18,51.166,68.28,32.13,1.88,1,0,154.039,3.4796,1,5.228,3.7266,0.6828,1.0,21.941,0.1,waspada
21.512,48.701,130.352,68.83,22.26,24.35,8,1,246.068,0.9165,2,21.512,16.2337,0.6883,0.05,15.32,0.75,awas
4.928,13.782,51.071,35.0,21.34,18.83,5,0,233.421,2.5754,3,4.928,4.5939,0.35,0.55,7.469,0.9,waspada
0.0,0.0,0.0,32.25,6.85,28.67,6,1,283.864,0.05,2,0.0,0.0,0.3225,0.75,2.21,0.1,aman
0.0,0.0,0.0,80.18,2.95,33.16,3,0,182.327,4.459,0,0.0,0.0,0.8018,0.55,2.368,0.1,waspada
0.0,0.0,0.0,70.99,5.44,29.42,4,0,267.969,3.6576,1,0.0,0.0,0.7099,0.35,3.863,0.8,waspada
0.0,0.0,0.0,43.38,12.82,4.1,1,0,287.796,0.05,2,0.0,0.0,0.4338,0.35,5.563,0.85,waspada
6.083,14.447,58.479,32.68,30.93,30.03,12,0,325.043,1.8568,0,6.083,4.8155,0.3268,0.85,10.107,0.7,aman
4.013,8.214,28.118,50.15,4.15,3.55,8,1,225.992,0.2776,1,4.013,2.7381,0.5015,0.85,2.08,0.25,waspada
0.0,0.0,0.0,30.53,26.37,33.2,2,0,220.094,1.413,2,0.0,0.0,0.3053,0.15,8.051,0.15,waspada
0.0,0.0,0.0,40.78,32.78,23.09,11,0,128.923,0.4224,1,0.0,0.0,0.4078,0.35,13.369,0.3,waspada
2.733,4.962,19.127,84.18,30.52,9.13,1,0,210.966,4.5597,1,2.733,1.654,0.8418,0.35,25.696,0.55,waspada
132.048,243.766,393.47,60.73,36.41,33.99,12,0,179.762,5.2605,2,132.048,81.2552,0.6073,0.75,22.112,0.6,siaga
8.326,17.419,55.688,34.65,17.71,30.15,5,0,398.448,3.7721,2,8.326,5.8062,0.3465,0.75,6.137,0.85,waspada
11.598,25.376,64.761,67.92,24.06,23.03,6,1,238.885,1.614,0,11.598,8.4587,0.6792,0.55,16.342,0.65,waspada
12.221,19.24,48.456,50.27,12.44,12.81,10,0,172.65,3.0682,2,12.221,6.4133,0.5027,0.75,6.251,0.25,waspada
13.023,30.119,77.716,45.86,8.62,6.95,4,0,312.667,4.793,0,13.023,10.0397,0.4586,0.55,3.952,0.9,waspada
0.761,1.773,6.902,48.72,16.93,22.5,9,1,241.887,6.6319,3,0.761,0.5911,0.4872,0.55,8.248,0.1,aman
2.621,7.178,34.077,55.73,8.65,0.09,12,0,354.991,2.8711,1,2.621,2.3927,0.5573,0.35,4.822,0.9,waspada
29.877,50.659,174.824,33.52,2.61,11.82,5,0,178.713,0.05,1,29.877,16.8863,0.3352,0.35,0.874,0.35,siaga
0.0,0.0,0.0,76.02,7.96,14.85,12,0,379.725,2.7913,1,0.0,0.0,0.7602,0.15,6.051,0.5,waspada
1.983,4.433,21.677,64.52,28.15,13.21,6,1,245.786,1.4713,2,1.983,1.4778,0.6452,0.75,18.163,0.9,waspada
0.0,0.0,0.0,93.43,19.47,19.24,12,0,176.953,3.6233,3,0.0,0.0,0.9343,0.75,18.194,0.15,waspada
10.569,15.921,63.676,38.61,23.8,6.34,8,1,304.078,2.49,1,10.569,5.3071,0.3861,1.0,9.19,0.85,aman
0.0,0.0,0.0,49.2,36.76,1.04,9,1,236.781,2.5245,2,0.0,0.0,0.492,0.75,18.087,0.25,aman
0.0,0.0,0.0,52.8,10.23,10.91,3,0,331.478,4.6234,1,0.0,0.0,0.528,0.85,5.404,0.7,aman
0.0,0.0,0.0,90.1,20.99,24.33,8,1,243.887,4.8721,2,0.0,0.0,0.901,0.75,18.915,0.3,waspada
100.025,161.849,264.446,88.43,36.7,30.12,12,0,116.638,4.1682,2,100.025,53.9497,0.8843,0.75,32.448,0.3,siaga
0.0,0.0,0.0,31.85,36.76,28.65,11,0,356.035,5.191,0,0.0,0.0,0.3185,0.35,11.709,0.1,aman
0.0,0.0,0.0,90.48,17.22,24.93,7,1,1802.225,0.05,2,0.0,0.0,0.9048,0.55,15.58,0.5,waspada
149.708,228.705,556.802,61.31,23.93,14.8,2,0,2151.858,1.4819,2,149.708,76.2352,0.6131,0.85,14.669,0.4,siaga
4.628,10.87,36.178,49.47,20.04,17.53,9,1,1798.461,8.3879,0,4.628,3.6232,0.4947,0.85,9.913,0.85,waspada
149.636,181.537,387.802,73.49,21.31,34.18,10,0,1690.161,2.8776,1,149.636,60.5125,0.7349,0.55,15.656,0.2,siaga
34.321,69.073,173.818,63.73,8.42,6.57,6,1,2286.397,3.4112,0,34.321,23.0244,0.6373,0.85,5.367,0.8,siaga
0.0,0.0,0.0,37.92,21.64,16.51,11,0,1739.557,7.6137,1,0.0,0.0,0.3792,1.0,8.205,0.4,aman
0.0,0.0,0.0,46.51,34.54,10.7,10,0,1431.636,3.4986,1,0.0,0.0,0.4651,1.0,16.062,0.45,aman
0.0,0.0,0.0,41.64,9.18,2.47,8,1,1039.259,7.6949,0,0.0,0.0,0.4164,0.75,3.821,0.35,aman
0.775,2.085,7.637,58.01,15.74,34.04,10,0,1515.424,1.8193,2,0.775,0.6949,0.5801,1.0,9.13,0.6,aman
0.0,0.0,0.0,65.92,25.15,26.27,7,1,1644.469,5.3404,3,0.0,0.0,0.6592,0.85,16.582,0.1,aman
0.0,0.0,0.0,91.44,17.21,23.81,1,0,2219.623,6.0873,1,0.0,0.0,0.9144,0.35,15.733,0.45,waspada
60.054,90.264,247.384,67.42,31.67,5.63,12,0,1761.979,0.05,1,60.054,30.088,0.6742,1.0,21.35,0.2,siaga
0.0,0.0,0.0,52.98,9.05,31.13,9,1,2252.873,7.5914,1,0.0,0.0,0.5298,0.85,4.793,0.55,aman
0.0,0.0,0.0,41.44,14.48,34.86,5,0,1278.548,3.0003,0,0.0,0.0,0.4144,0.75,6.001,0.65,aman
0.0,0.0,0.0,30.32,25.31,23.57,7,1,1993.295,4.8611,0,0.0,0.0,0.3032,0.75,7.674,0.4,aman
23.507,45.828,183.122,58.73,4.62,4.84,3,0,1556.275,9.606,1,23.507,15.2762,0.5873,0.35,2.712,0.25,waspada
128.28,219.087,469.981,50.58,2.73,15.27,5,0,1542.926,1.7304,3,128.28,73.029,0.5058,0.55,1.381,0.75,siaga
0.0,0.0,0.0,67.56,7.45,6.71,9,1,1222.812,2.9391,2,0.0,0.0,0.6756,0.75,5.032,0.55,waspada
0.0,0.0,0.0,57.14,19.11,0.18,6,1,1954.622,3.5016,2,0.0,0.0,0.5714,1.0,10.921,0.75,aman
6.936,11.611,25.258,32.78,22.87,18.38,4,0,1896.631,5.0626,2,6.936,3.8704,0.3278,1.0,7.498,0.5,aman
13.5,31.841,125.193,60.37,14.9,8.49,7,1,2199.296,2.5974,1,13.5,10.6137,0.6037,0.75,8.998,0.85,waspada
2.279,5.71,24.406,57.59,23.7,34.96,6,1,1511.831,1.2984,1,2.279,1.9034,0.5759,0.75,13.651,0.7,waspada
0.573,1.651,5.28,32.39,13.87,11.21,7,1,1760.594,9.1318,1,0.573,0.5504,0.3239,0.75,4.492,0.25,aman
0.0,0.0,0.0,87.24,12.29,19.09,7,1,1845.67,6.2286,0,0.0,0.0,0.8724,1.0,10.725,0.85,aman
0.0,0.0,0.0,64.28,15.84,26.89,5,0,1549.753,7.3298,0,0.0,0.0,0.6428,0.55,10.182,0.65,waspada
8.964,18.843,47.134,32.06,4.86,1.84,9,1,1682.402,4.1299,3,8.964,6.2811,0.3206,0.85,1.559,0.15,aman
0.0,0.0,0.0,73.33,6.56,12.16,4,0,1937.0,0.8775,2,0.0,0.0,0.7333,0.75,4.808,0.4,waspada
0.0,0.0,0.0,76.97,5.8,15.23,9,1,1640.121,3.0503,1,0.0,0.0,0.7697,1.0,4.468,0.3,aman
0.0,0.0,0.0,64.41,5.22,14.87,11,0,1434.734,4.7577,0,0.0,0.0,0.6441,0.75,3.365,0.25,aman
0.0,0.0,0.0,80.72,30.35,15.27,5,0,2015.684,0.05,1,0.0,0.0,0.8072,0.75,24.5,0.6,waspada
28.732,61.583,196.378,82.82,14.93,24.47,10,0,1718.454,8.125,0,28.732,20.5277,0.8282,1.0,12.364,0.9,waspada
5.621,14.733,65.521,97.78,36.23,24.28,11,0,2109.382,3.2086,1,5.621,4.911,0.9778,0.75,35.43,0.8,waspada
1.139,2.898,10.037,57.08,19.14,8.95,7,1,1423.966,6.4928,0,1.139,0.9662,0.5708,0.75,10.922,0.8,aman
0.0,0.0,0.0,84.82,27.8,26.56,11,0,1526.458,9.9103,0,0.0,0.0,0.8482,0.75,23.58,0.45,waspada
0.0,0.0,0.0,35.38,6.31,2.06,7,1,909.337,3.7088,3,0.0,0.0,0.3538,0.85,2.234,0.1,aman
0.0,0.0,0.0,43.04,20.22,32.0,1,0,2137.952,1.2628,1,0.0,0.0,0.4304,0.55,8.702,0.9,waspada
2.445,3.884,10.653,36.03,27.97,5.67,5,0,1897.378,6.96,1,2.445,1.2945,0.3603,0.55,10.078,0.4,aman
0.0,0.0,0.0,79.79,17.25,23.74,12,0,2352.154,3.0253,3,0.0,0.0,0.7979,0.85,13.762,0.7,waspada
6.261,12.591,44.136,50.33,12.9,3.06,5,0,2330.608,5.3977,2,6.261,4.1971,0.5033,0.85,6.492,0.15,aman
4.951,9.692,44.12,46.32,26.11,5.88,6,1,1782.678,7.4489,0,4.951,3.2307,0.4632,1.0,12.095,0.45,aman
0.0,0.0,0.0,42.34,17.16,6.1,9,1,983.155,6.9952,1,0.0,0.0,0.4234,0.85,7.263,0.5,aman
13.374,20.151,68.444,58.08,37.42,30.8,11,0,2165.97,9.2988,1,13.374,6.7171,0.5808,1.0,21.734,0.9,waspada
0.0,0.0,0.0,31.63,9.95,6.08,7,1,1832.577,6.3045,0,0.0,0.0,0.3163,0.85,3.147,0.45,aman
0.0,0.0,0.0,74.25,34.11,14.31,8,1,1646.584,8.6378,0,0.0,0.0,0.7425,1.0,25.326,0.4,aman
2.864,4.691,10.789,42.83,25.44,11.27,4,0,1615.273,3.8799,1,2.864,1.5635,0.4283,1.0,10.897,0.5,aman
0.0,0.0,0.0,68.44,18.1,22.23,11,0,2677.977,4.2879,2,0.0,0.0,0.6844,0.55,12.386,0.5,waspada
21.243,34.049,87.559,81.85,3.89,9.05,4,0,1528.665,3.0746,2,21.243,11.3497,0.8185,1.0,3.18,0.3,waspada
0.0,0.0,0.0,38.92,16.79,4.76,12,0,1570.306,3.5683,1,0.0,0.0,0.3892,0.75,6.534,0.85,aman
0.0,0.0,0.0,79.94,30.88,8.9,5,0,1779.313,3.0358,2,0.0,0.0,0.7994,0.15,24.684,0.85,siaga
41.775,85.24,227.418,31.42,29.98,4.72,3,0,1481.976,8.0824,0,41.775,28.4133,0.3142,0.85,9.419,0.8,waspada
20.261,49.825,188.806,85.51,12.61,30.01,11,0,1472.033,3.5426,1,20.261,16.6084,0.8551,0.85,10.784,0.35,waspada
0.0,0.0,0.0,54.25,26.89,9.78,7,1,2205.903,3.6925,3,0.0,0.0,0.5425,1.0,14.588,0.85,aman
121.49,155.737,351.057,46.63,20.93,9.52,3,0,1344.113,4.3367,0,121.49,51.9123,0.4663,1.0,9.761,0.5,waspada
7.807,19.571,56.512,52.82,21.01,16.85,7,1,1490.894,1.5937,1,7.807,6.5236,0.5282,1.0,11.099,0.1,aman
7.979,12.532,48.85,41.02,31.99,12.97,2,0,1397.411,7.1843,0,7.979,4.1775,0.4102,0.75,13.123,0.45,aman
0.0,0.0,0.0,67.17,6.01,11.76,10,0,2244.888,8.38,0,0.0,0.0,0.6717,0.75,4.035,0.3,aman
6.681,13.269,46.684,72.02,4.61,17.89,5,0,1782.76,0.05,0,6.681,4.423,0.7202,0.85,3.32,0.7,waspada
21.645,45.846,98.535,40.1,10.74,27.92,7,1,2480.353,2.8036,1,21.645,15.2819,0.401,0.85,4.306,0.4,waspada
0.0,0.0,0.0,70.21,17.8,16.57,7,1,2135.627,3.4858,2,0.0,0.0,0.7021,0.75,12.496,0.65,waspada
0.848,1.863,7.892,82.14,33.32,14.14,9,1,1850.561,7.9216,0,0.848,0.6209,0.8214,1.0,27.369,0.6,aman
7.655,17.905,59.224,90.55,37.74,30.67,7,1,1389.576,2.4524,0,7.655,5.9684,0.9055,1.0,34.172,0.2,waspada
69.623,122.049,348.851,32.35,30.91,9.22,12,0,1685.94,7.0984,0,69.623,40.683,0.3235,0.35,9.997,0.7,siaga
0.0,0.0,0.0,79.7,35.99,9.17,1,0,2040.477,9.5094,1,0.0,0.0,0.797,1.0,28.683,0.55,aman
28.182,60.573,185.456,30.84,14.5,29.85,10,0,2206.824,2.6822,2,28.182,20.191,0.3084,0.85,4.47,0.55,waspada
9.665,21.342,51.817,94.71,34.2,0.83,2,0,1672.817,7.3278,1,9.665,7.1139,0.9471,0.85,32.395,0.3,waspada
3.06,8.527,34.15,51.59,7.78,32.04,7,1,2530.403,2.229,0,3.06,2.8424,0.5159,1.0,4.015,0.65,aman
70.487,119.063,322.745,95.88,34.41,1.9,4,0,1735.506,0.2416,0,70.487,39.6877,0.9588,0.85,32.993,0.1,siaga
0.0,0.0,0.0,63.69,18.63,18.39,5,0,1528.593,5.2502,0,0.0,0.0,0.6369,0.75,11.865,0.15,aman
3.803,10.655,31.066,79.17,24.25,29.53,12,0,2259.108,3.8026,0,3.803,3.5518,0.7917,0.85,19.198,0.1,waspada
5.661,9.898,31.896,93.26,23.61,13.44,7,1,1762.146,9.7529,2,5.661,3.2993,0.9326,1.0,22.022,0.5,waspada
55.298,129.879,325.027,59.23,18.96,21.43,7,1,1787.603,3.3594,2,55.298,43.2929,0.5923,0.85,11.233,0.85,siaga
0.0,0.0,0.0,75.22,9.59,17.35,11,0,1566.842,2.5655,1,0.0,0.0,0.7522,0.75,7.216,0.6,waspada
0.0,0.0,0.0,45.03,28.65,26.84,12,0,2526.369,4.4174,1,0.0,0.0,0.4503,0.75,12.902,0.6,aman
13.438,32.172,95.14,81.55,22.2,33.41,10,0,1467.804,1.6491,2,13.438,10.7241,0.8155,0.75,18.102,0.4,waspada
0.0,0.0,0.0,47.07,32.37,24.95,12,0,1610.39,7.1605,0,0.0,0.0,0.4707,0.75,15.235,0.75,aman
0.0,0.0,0.0,30.12,17.78,22.9,9,1,1838.357,5.9241,3,0.0,0.0,0.3012,0.85,5.355,0.6,aman
0.0,0.0,0.0,79.12,3.85,27.4,7,1,1391.316,0.5572,2,0.0,0.0,0.7912,0.85,3.045,0.7,waspada
0.0,0.0,0.0,43.69,30.03,15.87,9,1,2115.274,5.8313,1,0.0,0.0,0.4369,1.0,13.12,0.85,aman
0.826,1.965,4.022,49.01,10.53,17.28,10,0,1334.828,0.05,2,0.826,0.655,0.4901,0.85,5.159,0.55,aman
82.768,142.529,214.396,35.03,7.39,0.25,8,1,1353.266,2.2894,0,82.768,47.5097,0.3503,0.85,2.588,0.4,waspada
0.0,0.0,0.0,80.77,23.07,4.33,1,0,2153.991,9.6036,3,0.0,0.0,0.8077,0.35,18.636,0.85,waspada
24.553,47.016,122.575,94.49,5.41,17.37,10,0,1313.918,6.5398,2,24.553,15.672,0.9449,0.85,5.109,0.25,waspada
5.991,16.02,34.279,34.72,9.59,9.66,12,0,963.152,2.1037,3,5.991,5.3399,0.3472,0.55,3.33,0.65,waspada
6.757,14.977,50.027,52.28,2.68,32.9,8,1,1845.963,4.7478,2,6.757,4.9924,0.5228,0.55,1.4,0.45,waspada
0.0,0.0,0.0,94.24,29.94,4.91,10,0,2387.104,5.9843,1,0.0,0.0,0.9424,0.35,28.218,0.8,waspada
0.0,0.0,0.0,49.78,23.93,8.46,8,1,1306.212,2.791,0,0.0,0.0,0.4978,0.85,11.914,0.55,aman
6.558,16.111,51.324,68.51,4.97,7.13,9,1,1872.002,7.5648,1,6.558,5.3703,0.6851,0.75,3.406,0.55,waspada
6.771,12.962,50.604,55.38,3.91,13.22,10,0,1931.547,4.3253,1,6.771,4.3206,0.5538,1.0,2.165,0.3,aman
0.0,0.0,0.0,79.04,30.27,34.51,3,0,1594.25,5.4519,1,0.0,0.0,0.7904,0.55,23.928,0.6,waspada
0.916,2.744,11.79,96.34,14.12,22.86,3,0,1926.595,2.8081,1,0.916,0.9146,0.9634,0.75,13.603,0.6,waspada
7.995,20.93,58.456,69.92,2.26,4.99,11,0,1437.504,4.9619,1,7.995,6.9766,0.6992,0.75,1.58,0.2,waspada
20.049,34.59,124.808,66.6,18.58,6.69,2,0,1481.816,6.107,1,20.049,11.5301,0.666,1.0,12.378,0.2,waspada
9.467,23.236,61.866,48.78,31.57,10.16,1,0,2285.196,6.2173,1,9.467,7.7455,0.4878,0.85,15.398,0.85,waspada
5.561,14.978,31.941,38.92,37.01,32.76,4,0,2083.947,2.4837,0,5.561,4.9925,0.3892,1.0,14.403,0.3,aman
1.892,5.272,13.24,43.17,5.53,26.9,7,1,1757.154,6.5295,0,1.892,1.7572,0.4317,0.75,2.388,0.4,aman
0.0,0.0,0.0,56.49,35.62,19.97,2,0,1828.928,1.9929,1,0.0,0.0,0.5649,0.85,20.121,0.75,aman
7.479,13.008,42.039,63.58,26.31,33.42,12,0,1179.291,6.4421,0,7.479,4.3361,0.6358,0.85,16.73,0.2,aman
11.745,26.058,98.303,70.06,35.41,24.35,5,0,1582.341,4.6973,1,11.745,8.6861,0.7006,1.0,24.808,0.55,waspada
0.0,0.0,0.0,77.61,10.79,33.59,8,1,1731.89,4.767,0,0.0,0.0,0.7761,0.85,8.376,0.55,aman
0.0,0.0,0.0,81.17,31.27,14.65,5,0,2195.612,10.2995,1,0.0,0.0,0.8117,0.85,25.383,0.45,aman
2.42,4.069,11.446,31.36,35.95,10.71,7,1,2303.471,5.2747,1,2.42,1.3564,0.3136,1.0,11.274,0.3,aman
0.0,0.0,0.0,77.57,4.83,23.39,1,0,1926.929,0.05,2,0.0,0.0,0.7757,0.75,3.743,0.25,waspada
0.0,0.0,0.0,30.23,34.08,18.84,11,0,2143.317,7.3071,3,0.0,0.0,0.3023,0.75,10.302,0.55,aman
0.623,1.359,4.859,61.79,32.74,9.41,6,1,1702.461,4.724,2,0.623,0.453,0.6179,1.0,20.228,0.75,aman
0.756,1.416,6.957,69.1,36.56,31.22,11,0,1792.626,6.7423,2,0.756,0.472,0.691,1.0,25.263,0.35,aman
15.187,28.701,91.526,71.34,9.27,31.49,10,0,2523.687,8.3794,0,15.187,9.5669,0.7134,0.85,6.613,0.65,waspada
20.416,40.373,130.75,74.87,34.25,33.76,1,0,2007.701,3.5612,0,20.416,13.4576,0.7487,1.0,25.641,0.15,waspada
78.179,180.212,547.662,52.22,16.98,10.28,10,0,1634.451,4.472,1,78.179,60.0707,0.5222,0.75,8.867,0.35,siaga
6.17,9.633,33.979,48.54,12.28,33.76,11,0,1910.474,6.856,0,6.17,3.2111,0.4854,0.55,5.962,0.1,aman
18.284,35.062,134.243,55.56,20.36,31.3,9,1,1853.876,2.7491,2,18.284,11.6874,0.5556,1.0,11.312,0.55,waspada
2.221,4.384,16.213,63.15,12.68,3.0,11,0,807.237,6.8387,2,2.221,1.4612,0.6315,1.0,8.009,0.6,aman
0.906,2.334,4.672,74.34,8.92,6.15,4,0,2589.208,2.2394,0,0.906,0.7781,0.7434,0.85,6.631,0.2,waspada
0.0,0.0,0.0,49.7,24.29,16.01,9,1,1716.294,0.05,0,0.0,0.0,0.497,0.85,12.073,0.6,aman
0.0,0.0,0.0,36.72,27.75,15.65,6,1,2287.745,9.7107,1,0.0,0.0,0.3672,0.85,10.19,0.15,aman
0.727,1.137,5.212,82.95,18.53,19.67,5,0,1438.326,9.5619,0,0.727,0.3791,0.8295,0.85,15.372,0.45,aman
0.0,0.0,0.0,90.4,9.97,12.4,6,1,1758.136,5.0578,2,0.0,0.0,0.904,0.75,9.01,0.75,waspada
6.828,15.605,42.721,86.98,34.33,21.41,10,0,1981.817,2.0509,2,6.828,5.2016,0.8698,0.85,29.863,0.55,waspada
2.235,6.441,14.511,78.49,16.18,21.49,7,1,2126.105,5.2094,0,2.235,2.1472,0.7849,0.55,12.698,0.55,waspada
95.409,173.279,339.018,88.43,36.33,33.19,1,0,2355.26,4.8046,0,95.409,57.7596,0.8843,0.85,32.126,0.25,siaga
17.859,38.439,86.769,30.52,4.8,9.37,10,0,1849.058,3.3939,2,17.859,12.8129,0.3052,0.75,1.467,0.65,waspada
16.082,24.661,89.37,83.36,29.77,15.92,6,1,1279.544,0.05,2,16.082,8.2203,0.8336,1.0,24.818,0.5,waspada
0.0,0.0,0.0,37.4,36.56,25.45,12,0,1602.847,6.5576,0,0.0,0.0,0.374,0.85,13.672,0.45,aman
13.922,22.647,80.54,58.32,4.76,15.8,6,1,1646.195,2.1881,0,13.922,7.5491,0.5832,0.55,2.777,0.3,waspada
22.829,55.417,173.927,88.97,11.5,6.23,8,1,1989.158,2.4166,2,22.829,18.4724,0.8897,0.35,10.227,0.7,siaga
0.0,0.0,0.0,97.05,15.48,30.51,2,0,1907.554,3.4956,2,0.0,0.0,0.9705,0.15,15.025,0.75,siaga
8.683,19.326,72.993,64.52,12.47,27.05,8,1,2245.514,12.393,1,8.683,6.4419,0.6452,0.85,8.042,0.8,waspada
0.0,0.0,0.0,94.36,11.81,17.48,11,0,1652.456,8.1794,2,0.0,0.0,0.9436,1.0,11.141,0.6,aman
2.072,5.592,22.155,33.11,19.18,23.07,3,0,1479.698,5.2441,0,2.072,1.864,0.3311,1.0,6.352,0.8,aman
2.43,6.031,26.431,75.27,29.68,20.77,4,0,2640.081,1.7288,0,2.43,2.0103,0.7527,0.85,22.34,0.25,waspada
1.904,4.542,10.287,81.29,32.68,6.79,4,0,2302.791,8.9897,2,1.904,1.5139,0.8129,1.0,26.567,0.45,aman
4.446,8.368,40.166,30.26,6.61,2.87,3,0,1973.1,4.3292,0,4.446,2.7894,0.3026,0.85,1.999,0.65,aman
144.0,200.78,364.207,80.92,26.3,5.85,3,0,2148.535,5.4697,0,144.0,66.9267,0.8092,1.0,21.28,0.35,siaga
12.402,27.406,83.635,58.45,26.11,17.66,11,0,2434.638,4.2067,2,12.402,9.1355,0.5845,0.55,15.26,0.65,waspada
14.897,34.431,85.693,74.0,12.46,22.92,8,1,1032.433,8.0938,0,14.897,11.4771,0.74,0.75,9.224,0.45,waspada
17.388,32.963,117.478,95.87,36.85,12.69,4,0,1501.485,8.325,0,17.388,10.9876,0.9587,0.85,35.331,0.25,waspada
0.0,0.0,0.0,75.09,2.31,21.8,3,0,2530.802,8.8228,2,0.0,0.0,0.7509,0.75,1.732,0.3,waspada
8.8,13.692,40.819,81.29,12.14,0.61,4,0,1620.056,4.034,0,8.8,4.564,0.8129,0.55,9.868,0.3,waspada
0.0,0.0,0.0,51.17,19.9,13.21,6,1,1736.154,3.6663,1,0.0,0.0,0.5117,0.55,10.185,0.2,aman
68.899,165.347,478.838,67.37,20.14,4.8,1,0,2209.68,6.4911,2,68.899,55.1158,0.6737,0.75,13.565,0.25,siaga
0.0,0.0,0.0,73.99,5.42,31.36,8,1,1320.812,0.05,3,0.0,0.0,0.7399,1.0,4.009,0.75,aman
6.152,17.217,76.227,94.8,8.65,22.55,4,0,2500.684,3.9001,0,6.152,5.7391,0.948,0.35,8.201,0.15,siaga
0.0,0.0,0.0,85.43,17.8,9.67,2,0,1887.615,3.6958,1,0.0,0.0,0.8543,0.85,15.206,0.8,waspada
23.397,52.664,134.954,36.77,37.55,31.8,8,1,1122.81,3.4986,0,23.397,17.5547,0.3677,0.75,13.806,0.4,waspada
79.572,152.943,492.749,49.62,18.37,10.41,1,0,1197.745,4.953,3,79.572,50.9811,0.4962,0.75,9.115,0.4,siaga
0.0,0.0,0.0,51.69,6.25,16.62,1,0,1649.751,4.0727,0,0.0,0.0,0.5169,0.75,3.229,0.35,aman
0.0,0.0,0.0,42.94,10.19,12.87,8,1,1752.456,7.478,0,0.0,0.0,0.4294,1.0,4.375,0.8,aman
2.651,4.812,14.58,45.63,7.69,20.03,4,0,1862.098,6.5046,1,2.651,1.604,0.4563,0.85,3.509,0.2,aman
0.0,0.0,0.0,91.89,18.97,5.96,4,0,1689.534,6.8615,1,0.0,0.0,0.9189,1.0,17.434,0.25,aman
10.984,23.03,78.405,85.35,9.4,15.45,9,1,1365.53,3.2,1,10.984,7.6768,0.8535,1.0,8.023,0.25,waspada
0.0,0.0,0.0,46.33,9.82,20.93,1,0,2598.357,8.3898,1,0.0,0.0,0.4633,1.0,4.548,0.2,aman
14.375,34.324,115.979,37.65,27.49,25.86,10,0,2314.914,11.6665,0,14.375,11.4414,0.3765,0.75,10.348,0.15,waspada
0.0,0.0,0.0,72.94,13.95,25.31,11,0,1932.521,4.7517,0,0.0,0.0,0.7294,0.75,10.174,0.65,waspada
17.361,37.883,143.77,78.91,14.77,31.48,6,1,2681.627,5.9858,0,17.361,12.6276,0.7891,0.85,11.651,0.1,waspada
11.487,22.68,55.606,53.94,17.41,33.66,9,1,1928.291,3.3574,0,11.487,7.5602,0.5394,0.35,9.391,0.55,waspada
137.717,214.545,400.439,76.6,9.93,8.17,7,1,1945.752,9.3674,0,137.717,71.515,0.766,0.85,7.61,0.15,siaga
11.721,28.474,67.812,70.14,36.17,8.9,11,0,1467.977,4.7911,2,11.721,9.4915,0.7014,0.85,25.373,0.6,waspada
73.516,129.739,351.14,68.73,15.17,22.03,8,1,1469.722,7.3008,1,73.516,43.2465,0.6873,0.85,10.429,0.85,siaga
0.0,0.0,0.0,88.4,12.75,27.02,11,0,765.911,6.8077,2,0.0,0.0,0.884,0.75,11.272,0.15,waspada
6.991,17.378,83.622,54.26,14.54,21.64,6,1,2019.125,1.9534,0,6.991,5.7926,0.5426,0.15,7.888,0.65,waspada
55.36,105.901,353.966,51.62,6.82,22.13,5,0,1469.108,2.6494,0,55.36,35.3003,0.5162,0.75,3.523,0.4,siaga
0.513,1.244,5.115,43.09,8.75,8.71,3,0,1420.579,3.2672,0,0.513,0.4146,0.4309,0.85,3.771,0.8,aman
0.0,0.0,0.0,88.97,20.3,17.02,2,0,1776.159,8.8368,1,0.0,0.0,0.8897,0.85,18.058,0.1,waspada
2.104,4.223,12.175,58.7,18.0,11.05,12,0,2012.361,2.7583,0,2.104,1.4075,0.587,0.55,10.569,0.7,waspada
3.67,9.063,20.594,69.35,6.69,6.69,9,1,1702.562,8.2263,2,3.67,3.0211,0.6935,0.85,4.641,0.2,aman
0.0,0.0,0.0,84.22,36.44,14.01,12,0,1104.318,3.519,0,0.0,0.0,0.8422,0.75,30.688,0.45,waspada
0.0,0.0,0.0,77.33,21.62,13.63,4,0,1807.388,3.3368,0,0.0,0.0,0.7733,0.85,16.714,0.4,waspada
15.687,26.382,82.568,84.58,2.42,14.27,11,0,1471.225,0.05,1,15.687,8.7939,0.8458,0.85,2.047,0.9,waspada
13.102,32.281,67.318,57.03,6.42,20.05,10,0,2632.823,5.2242,1,13.102,10.7605,0.5703,0.75,3.661,0.2,waspada
0.0,0.0,0.0,54.88,21.59,28.91,3,0,1688.163,3.1784,0,0.0,0.0,0.5488,0.85,11.846,0.9,aman
5.63,13.802,55.627,69.89,20.79,4.13,5,0,2650.072,4.2268,0,5.63,4.6008,0.6989,0.75,14.53,0.15,waspada
0.0,0.0,0.0,35.69,36.82,29.7,4,0,1135.672,8.9216,0,0.0,0.0,0.3569,0.85,13.139,0.55,aman
0.0,0.0,0.0,47.1,14.88,10.39,12,0,1617.261,5.7494,0,0.0,0.0,0.471,0.85,7.01,0.4,aman
78.792,188.632,416.049,40.98,27.29,22.65,9,1,1533.35,3.2789,0,78.792,62.8774,0.4098,0.75,11.184,0.9,siaga
0.0,0.0,0.0,79.44,37.42,23.72,9,1,1138.584,3.8039,0,0.0,0.0,0.7944,0.85,29.724,0.75,waspada
5.534,16.319,48.295,63.75,34.12,2.41,3,0,1754.506,4.2832,0,5.534,5.4398,0.6375,0.55,21.753,0.8,waspada
0.0,0.0,0.0,41.81,36.32,7.6,5,0,1234.122,4.399,1,0.0,0.0,0.4181,0.75,15.184,0.3,aman
0.0,0.0,0.0,65.73,24.94,8.68,1,0,2051.992,8.5324,0,0.0,0.0,0.6573,0.55,16.392,0.7,waspada
103.006,148.586,291.879,90.02,37.07,24.55,6,1,1544.061,0.05,0,103.006,49.5288,0.9002,0.85,33.368,0.25,siaga
2.89,7.566,23.476,54.74,17.64,23.34,4,0,2452.591,5.5228,0,2.89,2.5219,0.5474,1.0,9.658,0.45,aman
0.0,0.0,0.0,34.99,30.8,33.04,6,1,1581.875,4.2654,1,0.0,0.0,0.3499,1.0,10.777,0.3,aman
0.0,0.0,0.0,82.41,36.74,20.82,11,0,2385.779,2.3064,1,0.0,0.0,0.8241,0.85,30.281,0.9,waspada
0.0,0.0,0.0,80.69,21.19,33.52,3,0,1650.407,3.4183,0,0.0,0.0,0.8069,0.75,17.1,0.5,waspada
0.0,0.0,0.0,36.13,27.57,15.69,2,0,1354.954,5.8493,0,0.0,0.0,0.3613,1.0,9.96,0.85,aman
0.0,0.0,0.0,44.4,28.42,8.12,1,0,1624.043,2.2962,2,0.0,0.0,0.444,1.0,12.621,0.15,aman
0.0,0.0,0.0,39.51,9.94,27.18,1,0,1924.66,7.9236,0,0.0,0.0,0.3951,0.15,3.926,0.25,waspada
6.707,15.018,68.306,45.42,34.41,0.28,2,0,1684.289,12.5325,1,6.707,5.0059,0.4542,0.85,15.626,0.1,aman
3.744,8.005,36.846,38.61,29.71,5.16,8,1,1945.183,5.5852,2,3.744,2.6685,0.3861,1.0,11.469,0.25,aman
8.951,16.033,45.198,64.81,11.54,2.02,8,1,1191.543,7.4725,0,8.951,5.3444,0.6481,0.75,7.477,0.2,waspada
133.028,202.758,395.664,52.98,32.3,20.68,2,0,1369.451,4.0539,1,133.028,67.5862,0.5298,0.75,17.11,0.8,siaga
10.988,22.935,83.733,60.4,12.75,5.22,9,1,1769.625,7.8512,1,10.988,7.6451,0.604,0.85,7.7,0.8,waspada
6.886,18.822,38.785,34.75,15.05,12.84,6,1,1513.167,4.8355,3,6.886,6.274,0.3475,1.0,5.229,0.45,aman
0.0,0.0,0.0,88.01,18.4,10.15,5,0,1463.641,1.1232,2,0.0,0.0,0.8801,0.85,16.195,0.25,waspada
136.847,247.796,405.176,94.65,4.44,23.17,7,1,2206.92,3.5604,2,136.847,82.5986,0.9465,0.85,4.199,0.55,siaga
6.155,12.632,39.295,69.12,12.29,31.66,5,0,1930.34,6.7996,2,6.155,4.2106,0.6912,0.85,8.497,0.7,waspada
0.0,0.0,0.0,88.82,24.5,4.93,7,1,1465.136,8.4395,1,0.0,0.0,0.8882,1.0,21.764,0.4,aman
23.06,42.11,151.384,65.67,29.26,21.86,8,1,1443.698,5.9954,2,23.06,14.0368,0.6567,0.15,19.215,0.75,siaga
20.815,37.961,99.735,58.11,21.51,27.79,11,0,1038.865,3.6865,1,20.815,12.6537,0.5811,1.0,12.498,0.55,waspada
49.219,100.021,307.193,65.7,22.77,9.5,3,0,1554.549,5.2098,0,49.219,33.3403,0.657,0.85,14.96,0.2,siaga
110.715,194.459,324.158,48.71,12.71,32.06,2,0,1627.67,0.05,3,110.715,64.8198,0.4871,0.55,6.191,0.4,siaga
0.0,0.0,0.0,73.14,13.9,10.73,1,0,1656.339,4.2954,0,0.0,0.0,0.7314,0.55,10.165,0.1,waspada
62.945,136.634,318.398,80.87,7.72,5.92,9,1,1237.173,1.6229,2,62.945,45.5446,0.8087,0.75,6.239,0.15,siaga
3.867,8.257,27.628,45.87,26.37,31.51,3,0,1874.284,8.6307,0,3.867,2.7523,0.4587,1.0,12.096,0.55,aman
7.35,20.942,58.203,83.45,23.9,6.68,1,0,1667.649,5.854,0,7.35,6.9808,0.8345,0.85,19.946,0.9,waspada
0.0,0.0,0.0,39.13,27.56,3.12,8,1,1253.282,1.9339,2,0.0,0.0,0.3913,1.0,10.783,0.15,aman
11.877,20.041,80.068,94.02,28.65,22.58,4,0,1845.372,1.9884,2,11.877,6.6804,0.9402,0.85,26.934,0.3,waspada
3.46,5.416,26.051,33.57,21.38,14.82,9,1,2229.856,7.8889,0,3.46,1.8053,0.3357,1.0,7.179,0.15,aman
0.0,0.0,0.0,72.01,20.43,9.92,7,1,1864.183,0.05,3,0.0,0.0,0.7201,0.55,14.713,0.9,waspada
10.032,22.818,57.951,85.83,37.68,2.78,8,1,1377.563,10.8803,3,10.032,7.6061,0.8583,0.75,32.343,0.5,waspada
6.759,15.34,74.719,85.07,2.92,16.79,1,0,1970.049,4.8064,3,6.759,5.1134,0.8507,1.0,2.485,0.1,waspada
14.872,34.575,110.875,44.96,32.26,15.35,4,0,2056.414,5.8236,3,14.872,11.5251,0.4496,0.75,14.505,0.55,waspada
7.102,21.056,98.832,45.07,35.02,3.35,6,1,2432.809,4.5126,1,7.102,7.0188,0.4507,0.85,15.784,0.1,aman
0.0,0.0,0.0,96.12,37.37,0.71,11,0,2068.578,3.1207,1,0.0,0.0,0.9612,0.85,35.922,0.5,waspada
10.595,16.548,54.744,55.31,10.91,29.83,12,0,2288.265,0.05,1,10.595,5.516,0.5531,0.85,6.033,0.5,waspada
0.0,0.0,0.0,88.48,25.21,14.46,5,0,1676.745,4.0593,2,0.0,0.0,0.8848,0.85,22.303,0.55,waspada
7.106,13.143,43.235,30.97,11.72,26.22,11,0,2052.755,9.6685,1,7.106,4.3811,0.3097,0.75,3.63,0.15,aman
0.0,0.0,0.0,71.21,3.75,17.9,5,0,997.549,6.835,1,0.0,0.0,0.7121,0.85,2.672,0.85,waspada
18.478,42.639,166.601,57.85,27.67,6.59,10,0,1249.641,8.2452,2,18.478,14.2131,0.5785,0.75,16.006,0.5,waspada
0.0,0.0,0.0,64.74,37.02,20.4,12,0,1692.672,6.9697,0,0.0,0.0,0.6474,0.85,23.965,0.45,aman
0.0,0.0,0.0,41.69,28.2,24.59,11,0,1595.482,4.8118,0,0.0,0.0,0.4169,1.0,11.758,0.8,aman
1.344,3.101,13.059,76.68,2.44,18.91,11,0,2661.401,4.542,0,1.344,1.0337,0.7668,0.55,1.871,0.85,waspada
28.101,64.021,144.253,60.71,26.63,2.97,9,1,1888.693,0.05,0,28.101,21.3405,0.6071,0.35,16.17,0.6,siaga
13.468,29.655,95.203,30.38,34.27,21.03,1,0,2013.085,8.5206,3,13.468,9.885,0.3038,0.15,10.414,0.2,waspada
6.655,18.831,71.153,86.07,23.6,26.99,3,0,1370.703,2.7333,2,6.655,6.2771,0.8607,1.0,20.311,0.35,waspada
0.0,0.0,0.0,51.32,27.55,9.8,12,0,1273.179,7.7299,0,0.0,0.0,0.5132,0.55,14.138,0.85,waspada
58.841,90.389,260.69,70.96,27.7,19.16,12,0,2117.24,3.9829,0,58.841,30.1295,0.7096,1.0,19.661,0.55,siaga
2.554,4.552,18.827,86.41,20.7,22.43,12,0,650.324,3.9534,2,2.554,1.5172,0.8641,1.0,17.891,0.1,aman
0.0,0.0,0.0,78.68,11.69,8.49,5,0,1141.171,6.2029,0,0.0,0.0,0.7868,0.85,9.2,0.15,aman
87.166,147.407,298.7,86.78,19.37,16.78,1,0,1552.521,4.505,1,87.166,49.1355,0.8678,0.75,16.812,0.9,siaga
23.528,51.851,175.188,54.16,9.99,18.82,8,1,1929.916,7.1781,3,23.528,17.2837,0.5416,0.85,5.411,0.35,waspada
0.0,0.0,0.0,32.61,4.82,16.13,11,0,2200.211,7.3711,0,0.0,0.0,0.3261,0.55,1.573,0.65,aman
0.0,0.0,0.0,40.75,29.56,5.25,8,1,2073.328,6.0934,0,0.0,0.0,0.4075,0.35,12.044,0.55,waspada
0.0,0.0,0.0,76.2,36.2,15.09,4,0,2446.375,3.9282,0,0.0,0.0,0.762,0.85,27.587,0.35,waspada
0.0,0.0,0.0,71.42,30.92,30.19,10,0,1756.053,5.1431,1,0.0,0.0,0.7142,0.75,22.084,0.45,waspada
0.0,0.0,0.0,72.45,4.71,7.97,7,1,1658.791,3.1046,0,0.0,0.0,0.7245,0.75,3.413,0.45,aman
0.0,0.0,0.0,57.59,2.34,4.23,1,0,1527.559,6.2528,0,0.0,0.0,0.5759,0.55,1.346,0.4,waspada
0.0,0.0,0.0,88.01,32.38,27.97,12,0,1339.482,5.2103,0,0.0,0.0,0.8801,0.75,28.503,0.45,waspada
2.604,4.549,16.905,88.87,3.19,19.75,10,0,1666.064,3.5198,0,2.604,1.5164,0.8887,0.85,2.832,0.9,waspada
23.112,55.185,146.116,66.65,5.2,0.06,7,1,1813.505,3.5555,0,23.112,18.395,0.6665,0.75,3.464,0.4,waspada
0.0,0.0,0.0,84.67,31.14,23.06,7,1,2288.184,5.8979,0,0.0,0.0,0.8467,0.85,26.369,0.45,waspada
0.0,0.0,0.0,88.04,14.26,12.02,12,0,909.807,2.6902,2,0.0,0.0,0.8804,0.35,12.558,0.75,waspada
5.135,10.476,37.211,37.46,10.98,7.09,10,0,1619.72,4.4716,0,5.135,3.4919,0.3746,0.75,4.113,0.65,aman
0.0,0.0,0.0,84.99,20.78,19.08,6,1,1450.349,3.5433,1,0.0,0.0,0.8499,0.55,17.664,0.9,waspada
0.0,0.0,0.0,45.03,4.74,3.07,7,1,1693.993,3.442,2,0.0,0.0,0.4503,1.0,2.135,0.25,aman
12.302,23.752,60.908,93.61,16.72,33.68,1,0,1492.232,10.2021,2,12.302,7.9173,0.9361,0.55,15.653,0.5,waspada
0.0,0.0,0.0,58.59,29.39,28.81,12,0,1836.109,2.7931,1,0.0,0.0,0.5859,0.75,17.222,0.65,waspada
99.31,137.471,233.797,87.05,36.01,11.32,10,0,1856.668,7.1014,0,99.31,45.8238,0.8705,1.0,31.352,0.55,siaga
39.926,61.776,154.401,50.99,33.36,16.66,8,1,2126.288,0.05,1,39.926,20.5921,0.5099,0.85,17.011,0.25,waspada
4.735,8.245,16.857,90.41,21.07,14.01,12,0,1465.745,6.4968,0,4.735,2.7483,0.9041,0.85,19.049,0.75,waspada
74.915,183.471,546.61,64.64,7.38,15.49,3,0,2132.472,0.05,2,74.915,61.1572,0.6464,0.85,4.772,0.55,siaga
0.0,0.0,0.0,46.96,17.82,27.84,7,1,1556.945,8.6283,1,0.0,0.0,0.4696,0.85,8.367,0.55,aman
24.579,60.684,191.476,42.18,21.42,17.03,2,0,1242.247,4.1868,3,24.579,20.2279,0.4218,0.35,9.037,0.7,siaga
5.72,12.955,60.869,95.33,4.22,11.11,2,0,1293.234,3.7217,0,5.72,4.3184,0.9533,0.85,4.026,0.35,waspada
4.369,10.508,27.047,86.51,31.03,30.75,1,0,1857.747,10.0162,0,4.369,3.5027,0.8651,0.55,26.846,0.3,waspada
0.0,0.0,0.0,35.37,20.37,25.99,4,0,1616.345,4.0261,3,0.0,0.0,0.3537,0.85,7.205,0.35,aman
24.23,39.914,136.836,66.25,26.13,22.87,12,0,2029.163,3.4342,1,24.23,13.3046,0.6625,0.85,17.312,0.6,waspada
0.0,0.0,0.0,73.75,7.5,18.23,5,0,1786.305,7.1362,1,0.0,0.0,0.7375,0.75,5.529,0.2,waspada
1.577,3.941,11.007,48.35,20.02,31.11,1,0,2065.855,8.5503,1,1.577,1.3138,0.4835,0.75,9.679,0.6,aman
16.86,38.907,129.448,93.96,15.64,9.48,1,0,2054.902,4.8496,3,16.86,12.969,0.9396,0.55,14.699,0.85,siaga
18.764,32.749,79.236,36.3,9.84,23.98,10,0,2350.448,2.0198,0,18.764,10.9164,0.363,1.0,3.571,0.65,aman
6.911,19.339,56.717,65.85,17.24,17.99,11,0,2101.44,3.9855,2,6.911,6.4465,0.6585,0.35,11.355,0.6,waspada
0.0,0.0,0.0,80.49,11.31,10.25,9,1,1994.581,5.7536,1,0.0,0.0,0.8049,0.75,9.1,0.15,aman
9.619,22.849,73.05,33.5,15.48,8.89,12,0,1419.377,5.6304,0,9.619,7.6162,0.335,0.55,5.187,0.85,waspada
4.383,11.47,54.961,88.28,23.66,18.51,9,1,1833.872,4.887,0,4.383,3.8233,0.8828,0.75,20.888,0.25,waspada
24.123,48.452,166.358,55.06,31.94,30.72,11,0,2098.258,4.3976,3,24.123,16.1507,0.5506,1.0,17.586,0.45,waspada
0.0,0.0,0.0,72.32,13.93,34.1,12,0,1720.384,1.8063,1,0.0,0.0,0.7232,1.0,10.077,0.7,aman
0.0,0.0,0.0,64.33,19.39,19.36,9,1,1800.311,7.5185,2,0.0,0.0,0.6433,0.75,12.476,0.35,aman
0.0,0.0,0.0,55.38,7.65,1.76,12,0,1463.999,1.0114,0,0.0,0.0,0.5538,1.0,4.238,0.65,aman
4.354,6.566,31.823,34.65,16.23,23.92,10,0,1308.139,2.0609,0,4.354,2.1888,0.3465,0.85,5.625,0.5,aman
0.0,0.0,0.0,48.47,24.51,27.47,11,0,2094.018,3.3414,1,0.0,0.0,0.4847,0.75,11.881,0.5,aman
0.0,0.0,0.0,31.03,28.83,0.62,5,0,1685.85,6.596,2,0.0,0.0,0.3103,0.75,8.945,0.1,aman
6.781,13.293,35.385,96.18,12.19,32.94,7,1,1214.425,8.1987,1,6.781,4.4312,0.9618,0.55,11.726,0.55,waspada
0.0,0.0,0.0,33.0,32.46,24.98,10,0,1761.696,5.5408,3,0.0,0.0,0.33,0.75,10.711,0.45,aman
0.0,0.0,0.0,71.64,27.55,25.87,12,0,1602.142,4.895,3,0.0,0.0,0.7164,1.0,19.737,0.45,aman
7.06,19.702,80.85,74.95,21.87,2.98,10,0,1296.509,8.2534,0,7.06,6.5674,0.7495,1.0,16.39,0.8,waspada
14.849,27.92,78.881,93.68,6.78,0.7,5,0,1951.145,0.2551,0,14.849,9.3068,0.9368,0.75,6.355,0.35,waspada
20.148,34.098,76.517,46.7,19.25,5.44,7,1,2350.737,10.7985,1,20.148,11.3661,0.467,0.85,8.993,0.45,waspada
4.793,7.968,24.464,42.93,20.45,12.26,3,0,1630.524,3.6455,0,4.793,2.656,0.4293,0.75,8.78,0.25,aman
0.0,0.0,0.0,84.53,28.58,30.32,8,1,1383.26,4.6362,2,0.0,0.0,0.8453,0.35,24.16,0.8,waspada
2.808,7.729,37.108,46.39,10.04,22.14,10,0,1823.513,2.5019,0,2.808,2.5763,0.4639,0.55,4.657,0.45,waspada
0.0,0.0,0.0,51.65,16.36,17.82,3,0,1883.511,9.3304,2,0.0,0.0,0.5165,0.85,8.447,0.45,aman
147.56,214.591,464.917,67.57,5.71,23.12,7,1,1877.232,5.564,0,147.56,71.5303,0.6757,0.85,3.857,0.8,siaga
4.39,6.796,21.695,85.43,30.17,16.37,4,0,1660.559,8.1738,0,4.39,2.2653,0.8543,0.85,25.771,0.5,waspada
0.0,0.0,0.0,47.86,22.92,23.21,10,0,1834.801,1.266,1,0.0,0.0,0.4786,0.85,10.969,0.65,aman
7.151,14.133,65.247,52.6,22.73,6.75,6,1,1134.031,1.1531,1,7.151,4.7111,0.526,1.0,11.956,0.1,aman
16.745,38.598,79.026,75.84,4.86,12.95,6,1,1635.569,0.05,0,16.745,12.8659,0.7584,0.75,3.683,0.8,waspada
124.643,192.111,402.301,79.31,17.85,2.69,4,0,1800.155,10.9044,2,124.643,64.037,0.7931,0.85,14.156,0.75,siaga
9.741,15.998,61.756,81.13,9.5,30.06,5,0,1882.623,1.5732,1,9.741,5.3327,0.8113,1.0,7.71,0.5,waspada
22.981,40.457,100.128,35.99,24.26,32.0,5,0,1962.949,1.0425,1,22.981,13.4857,0.3599,0.75,8.73,0.55,waspada
5.024,7.692,25.572,44.83,31.83,30.68,1,0,1799.409,6.8138,2,5.024,2.5639,0.4483,1.0,14.271,0.6,aman
3.845,6.136,26.793,63.1,19.79,30.04,10,0,2668.487,4.8324,0,3.845,2.0454,0.631,1.0,12.485,0.75,aman
0.0,0.0,0.0,49.25,21.39,11.58,9,1,2250.535,1.0734,0,0.0,0.0,0.4925,1.0,10.533,0.3,aman
0.0,0.0,0.0,48.82,22.61,33.92,10,0,1632.126,6.3904,2,0.0,0.0,0.4882,0.85,11.036,0.2,aman
0.0,0.0,0.0,87.89,17.47,34.32,8,1,1380.543,2.153,0,0.0,0.0,0.8789,0.85,15.352,0.4,waspada
0.0,0.0,0.0,32.64,19.31,21.78,10,0,2626.28,5.8128,1,0.0,0.0,0.3264,0.75,6.304,0.8,aman
0.0,0.0,0.0,59.72,6.48,22.01,8,1,1692.383,4.8926,0,0.0,0.0,0.5972,0.75,3.868,0.45,aman
16.018,34.392,105.367,89.7,33.48,14.59,7,1,1589.725,7.3183,2,16.018,11.4641,0.897,1.0,30.032,0.8,waspada
7.257,15.105,66.819,31.84,4.91,13.1,5,0,1455.665,8.7355,0,7.257,5.0349,0.3184,1.0,1.563,0.4,aman
0.0,0.0,0.0,85.59,28.8,25.42,4,0,1530.031,8.4691,1,0.0,0.0,0.8559,1.0,24.65,0.9,aman
1.921,4.059,10.903,46.11,22.44,1.39,9,1,1686.82,3.2897,1,1.921,1.3531,0.4611,0.75,10.348,0.75,aman
0.0,0.0,0.0,97.84,21.39,14.91,9,1,2206.515,9.0523,0,0.0,0.0,0.9784,0.75,20.93,0.3,waspada
0.0,0.0,0.0,93.12,31.61,16.63,11,0,2595.577,4.7646,1,0.0,0.0,0.9312,1.0,29.434,0.1,aman
11.758,23.134,66.537,78.68,32.36,26.49,12,0,1573.979,2.7909,0,11.758,7.7113,0.7868,1.0,25.458,0.3,waspada
10.635,23.24,52.872,89.21,8.26,25.42,2,0,1160.688,5.096,1,10.635,7.7468,0.8921,0.75,7.365,0.15,waspada
0.0,0.0,0.0,56.45,29.62,10.19,1,0,1881.642,2.649,2,0.0,0.0,0.5645,0.75,16.722,0.35,aman
17.628,27.062,91.375,72.7,3.53,21.55,1,0,1748.963,7.906,1,17.628,9.0206,0.727,0.55,2.569,0.3,waspada
0.0,0.0,0.0,66.53,29.52,4.96,11,0,1900.264,11.2111,0,0.0,0.0,0.6653,1.0,19.642,0.7,aman
34.556,81.433,201.09,66.06,11.66,15.64,5,0,1704.36,7.5732,0,34.556,27.1444,0.6606,0.85,7.702,0.45,waspada
0.0,0.0,0.0,53.55,8.28,10.59,6,1,2316.022,7.3566,3,0.0,0.0,0.5355,0.85,4.433,0.65,aman
0.0,0.0,0.0,47.0,36.29,6.79,3,0,1295.647,6.28,2,0.0,0.0,0.47,0.55,17.055,0.15,aman
0.0,0.0,0.0,61.96,23.26,31.3,5,0,1908.019,0.1948,1,0.0,0.0,0.6196,0.85,14.41,0.9,waspada
0.0,0.0,0.0,47.3,16.64,28.22,6,1,1891.075,0.05,1,0.0,0.0,0.473,0.75,7.871,0.5,aman
0.0,0.0,0.0,36.94,11.05,4.22,6,1,2155.495,6.0665,1,0.0,0.0,0.3694,0.85,4.081,0.65,aman
0.0,0.0,0.0,50.83,17.96,24.03,4,0,1958.537,5.5147,0,0.0,0.0,0.5083,0.85,9.129,0.85,aman
3.26,5.905,18.635,77.1,17.43,20.41,10,0,1844.3,6.1876,1,3.26,1.9683,0.771,1.0,13.442,0.1,aman
5.279,11.642,25.366,53.39,31.66,17.49,8,1,1626.423,6.7435,1,5.279,3.8806,0.5339,0.75,16.905,0.15,aman
38.598,93.108,238.709,66.07,20.34,27.78,5,0,1672.752,8.6499,0,38.598,31.036,0.6607,0.85,13.439,0.25,siaga
5.224,15.038,75.039,48.87,18.09,27.52,9,1,1548.447,4.3172,0,5.224,5.0127,0.4887,0.75,8.842,0.4,waspada
0.0,0.0,0.0,57.92,30.36,7.49,4,0,1774.167,7.8947,0,0.0,0.0,0.5792,1.0,17.583,0.55,aman
1.291,2.125,9.737,75.97,21.67,10.64,4,0,2182.411,5.1695,2,1.291,0.7082,0.7597,1.0,16.459,0.85,aman
34.319,73.582,205.879,84.64,5.45,33.07,4,0,1230.185,3.9905,2,34.319,24.5273,0.8464,0.85,4.609,0.35,siaga
0.0,0.0,0.0,92.3,31.14,23.82,3,0,1570.598,5.8562,0,0.0,0.0,0.923,1.0,28.747,0.85,waspada
4.09,9.574,43.231,65.92,9.78,2.86,4,0,2000.429,3.8078,2,4.09,3.1915,0.6592,1.0,6.445,0.6,aman
3.937,7.621,19.476,73.28,28.18,21.1,3,0,1971.676,9.009,0,3.937,2.5402,0.7328,1.0,20.647,0.35,aman
79.265,123.913,369.818,95.74,20.64,16.19,7,1,2453.732,0.05,1,79.265,41.3042,0.9574,0.75,19.761,0.2,siaga
0.0,0.0,0.0,69.77,17.81,20.96,9,1,1280.88,5.1369,0,0.0,0.0,0.6977,0.75,12.427,0.7,waspada
0.0,0.0,0.0,66.68,14.46,15.72,11,0,1804.052,1.0655,1,0.0,0.0,0.6668,0.55,9.639,0.7,waspada
7.712,19.707,79.646,86.43,14.26,12.95,1,0,1920.513,1.3377,0,7.712,6.5691,0.8643,0.85,12.327,0.6,waspada
0.0,0.0,0.0,51.31,33.85,3.18,6,1,1415.402,8.0567,0,0.0,0.0,0.5131,1.0,17.367,0.3,aman
7.172,18.416,58.686,32.36,3.52,10.45,12,0,1483.833,7.4063,1,7.172,6.1386,0.3236,1.0,1.139,0.4,aman
0.0,0.0,0.0,90.84,33.95,20.73,10,0,1474.772,4.3479,0,0.0,0.0,0.9084,1.0,30.844,0.45,aman
0.0,0.0,0.0,66.1,31.3,10.69,7,1,1833.103,6.1918,2,0.0,0.0,0.661,1.0,20.687,0.7,aman
0.0,0.0,0.0,36.31,21.57,21.78,3,0,1765.793,2.6785,3,0.0,0.0,0.3631,1.0,7.83,0.9,aman
0.0,0.0,0.0,69.52,31.91,15.91,10,0,2106.013,2.2079,1,0.0,0.0,0.6952,0.75,22.185,0.8,waspada
4.578,9.186,45.347,54.05,26.87,30.96,8,1,1338.087,6.5537,3,4.578,3.062,0.5405,0.75,14.524,0.1,aman
24.856,40.046,131.707,36.4,3.17,10.01,4,0,1895.94,6.6033,0,24.856,13.3485,0.364,0.75,1.152,0.4,waspada
4.453,10.849,26.313,63.19,5.66,7.14,10,0,2058.499,4.0914,1,4.453,3.6162,0.6319,0.85,3.577,0.8,waspada
11.335,20.374,78.1,78.07,5.86,19.9,11,0,1902.959,4.3675,1,11.335,6.7912,0.7807,0.75,4.571,0.65,waspada
0.0,0.0,0.0,77.02,9.26,33.64,11,0,2185.005,8.1252,0,0.0,0.0,0.7702,0.75,7.131,0.3,waspada
64.616,115.677,404.853,87.07,37.17,30.16,1,0,1818.646,0.577,0,64.616,38.559,0.8707,0.85,32.359,0.75,siaga
0.0,0.0,0.0,36.45,22.64,34.97,1,0,1270.292,4.9711,1,0.0,0.0,0.3645,0.75,8.252,0.2,aman
21.091,47.709,134.404,81.34,15.98,6.4,10,0,1981.534,3.2772,1,21.091,15.9029,0.8134,0.85,13.001,0.25,waspada
0.0,0.0,0.0,74.5,2.54,25.94,2,0,1729.795,5.5317,1,0.0,0.0,0.745,0.85,1.895,0.2,aman
13.619,24.014,66.247,80.63,32.85,8.95,5,0,1153.705,10.3275,2,13.619,8.0045,0.8063,0.75,26.488,0.65,waspada
5.882,14.789,53.13,96.56,25.58,14.95,8,1,1892.091,4.8274,1,5.882,4.9297,0.9656,0.85,24.699,0.65,waspada
23.431,55.44,178.606,40.68,32.41,13.63,7,1,1980.039,3.6226,0,23.431,18.48,0.4068,0.75,13.185,0.4,waspada
0.0,0.0,0.0,94.13,21.03,3.54,5,0,1900.071,5.8691,1,0.0,0.0,0.9413,0.35,19.793,0.6,waspada
0.0,0.0,0.0,76.11,18.83,34.88,12,0,1540.858,6.5425,0,0.0,0.0,0.7611,0.85,14.328,0.35,aman
0.0,0.0,0.0,43.16,10.29,23.85,10,0,1424.048,4.216,0,0.0,0.0,0.4316,0.75,4.441,0.75,aman
2.24,4.701,16.148,62.72,30.64,24.31,12,0,2571.461,5.4452,0,2.24,1.567,0.6272,0.75,19.218,0.65,waspada
5.288,8.209,35.08,81.78,27.41,8.2,6,1,2042.341,6.8186,1,5.288,2.7364,0.8178,0.85,22.419,0.35,waspada
0.0,0.0,0.0,32.67,26.63,17.73,5,0,1917.318,7.3943,1,0.0,0.0,0.3267,0.75,8.702,0.6,aman
13.724,32.218,94.662,88.26,33.52,11.55,12,0,1697.284,7.0624,2,13.724,10.7393,0.8826,0.75,29.579,0.4,waspada
16.527,33.48,110.737,68.76,29.59,6.24,12,0,1894.747,0.05,1,16.527,11.1601,0.6876,0.55,20.347,0.3,waspada
7.85,18.804,65.952,66.18,23.44,29.68,6,1,1893.512,4.3943,0,7.85,6.268,0.6618,0.75,15.51,0.5,waspada
13.516,25.415,88.508,51.77,37.96,29.79,4,0,2037.596,10.1589,1,13.516,8.4717,0.5177,0.85,19.652,0.25,waspada
14.29,24.056,95.031,95.42,17.76,32.55,1,0,1697.693,4.7828,1,14.29,8.0186,0.9542,0.85,16.951,0.4,waspada
0.0,0.0,0.0,40.52,36.21,31.32,8,1,1545.043,2.2361,1,0.0,0.0,0.4052,0.75,14.672,0.25,aman
5.043,11.51,25.941,46.3,8.5,2.77,11,0,1355.182,0.1297,0,5.043,3.8367,0.463,1.0,3.934,0.6,aman
0.615,1.513,6.607,87.24,20.96,27.37,9,1,1435.927,8.155,0,0.615,0.5042,0.8724,0.75,18.284,0.75,waspada
4.507,12.625,44.203,70.4,27.21,26.82,9,1,1577.938,8.0444,0,4.507,4.2082,0.704,0.85,19.153,0.45,waspada
123.945,211.111,429.266,73.59,13.19,7.46,1,0,1993.475,5.1666,0,123.945,70.3703,0.7359,0.75,9.703,0.9,siaga
0.0,0.0,0.0,47.83,14.79,0.6,7,1,2288.162,1.2494,0,0.0,0.0,0.4783,0.85,7.075,0.6,aman
48.52,87.601,272.836,52.5,12.76,0.96,2,0,1150.734,3.5877,0,48.52,29.2004,0.525,0.75,6.697,0.45,siaga
2.382,4.394,13.659,37.13,17.48,16.9,10,0,1885.807,4.4983,2,2.382,1.4647,0.3713,0.75,6.49,0.8,aman
0.0,0.0,0.0,55.64,24.26,20.42,3,0,2870.322,3.5403,0,0.0,0.0,0.5564,0.85,13.499,0.7,aman
0.0,0.0,0.0,31.65,21.12,10.74,11,0,1823.674,8.6139,0,0.0,0.0,0.3165,0.75,6.686,0.65,aman
26.482,52.52,179.804,57.8,12.84,8.04,3,0,1885.695,6.9571,1,26.482,17.5066,0.578,1.0,7.42,0.75,waspada
5.174,9.564,42.356,90.78,36.9,30.99,7,1,1268.488,4.8968,2,5.174,3.1879,0.9078,1.0,33.499,0.1,aman
14.262,24.654,57.897,54.15,3.63,24.04,8,1,1367.511,8.7534,0,14.262,8.218,0.5415,0.75,1.967,0.85,waspada
73.431,176.825,515.744,78.08,20.01,32.95,12,0,1673.066,3.2844,0,73.431,58.9418,0.7808,0.85,15.625,0.35,siaga
0.0,0.0,0.0,66.33,37.77,33.02,1,0,1642.955,0.05,2,0.0,0.0,0.6633,0.85,25.053,0.9,waspada
0.0,0.0,0.0,66.95,25.71,16.39,6,1,1789.581,6.3425,0,0.0,0.0,0.6695,0.55,17.213,0.15,waspada
0.0,0.0,0.0,93.98,5.2,18.19,11,0,1381.922,3.4142,2,0.0,0.0,0.9398,1.0,4.885,0.1,aman
0.0,0.0,0.0,41.25,3.46,26.88,3,0,2004.491,0.05,0,0.0,0.0,0.4125,0.75,1.426,0.2,aman
0.0,0.0,0.0,96.12,23.72,6.23,10,0,1318.616,0.05,0,0.0,0.0,0.9612,0.55,22.803,0.85,waspada
0.0,0.0,0.0,56.88,6.46,16.25,8,1,1394.409,5.813,1,0.0,0.0,0.5688,1.0,3.677,0.7,aman
0.0,0.0,0.0,62.25,14.85,29.86,7,1,1574.615,1.7049,0,0.0,0.0,0.6225,0.75,9.242,0.55,aman
24.092,49.786,121.903,31.33,7.53,34.62,9,1,1575.799,7.3498,0,24.092,16.5954,0.3133,0.85,2.358,0.2,waspada
3.867,11.326,29.788,60.84,15.98,26.62,3,0,1747.188,0.05,1,3.867,3.7755,0.6084,0.75,9.721,0.55,waspada
0.0,0.0,0.0,33.71,16.06,8.09,6,1,1765.842,3.9986,0,0.0,0.0,0.3371,0.85,5.413,0.6,aman
0.0,0.0,0.0,38.34,4.79,2.46,3,0,1504.532,3.5806,1,0.0,0.0,0.3834,0.85,1.835,0.3,aman
21.446,40.795,116.236,88.96,8.61,19.73,11,0,2725.756,5.6646,1,21.446,13.5982,0.8896,0.55,7.66,0.2,siaga
2.622,5.172,20.972,56.55,29.54,6.38,10,0,1293.507,6.6059,0,2.622,1.724,0.5655,0.75,16.705,0.1,aman
20.997,40.377,104.107,43.57,13.53,8.39,5,0,1504.34,5.5412,0,20.997,13.459,0.4357,0.85,5.893,0.25,aman
0.0,0.0,0.0,51.69,20.46,4.59,8,1,1734.27,3.4083,2,0.0,0.0,0.5169,0.85,10.574,0.5,aman
16.401,34.249,126.251,47.09,32.21,23.39,12,0,1441.803,0.4652,0,16.401,11.4164,0.4709,1.0,15.167,0.7,waspada
27.019,42.482,87.479,72.6,21.64,2.0,8,1,1350.84,9.225,3,27.019,14.1606,0.726,0.55,15.711,0.3,waspada
1.495,4.18,13.76,85.54,17.84,8.85,12,0,1713.199,6.1263,0,1.495,1.3934,0.8554,0.55,15.255,0.75,waspada
0.0,0.0,0.0,42.71,9.17,24.84,8,1,1707.42,4.509,0,0.0,0.0,0.4271,0.75,3.916,0.65,aman
22.554,36.329,79.962,92.95,11.65,24.89,8,1,2208.072,4.5216,2,22.554,12.1096,0.9295,0.85,10.83,0.7,waspada
0.0,0.0,0.0,47.91,14.96,33.86,11,0,1834.754,5.3013,0,0.0,0.0,0.4791,0.75,7.166,0.35,aman
0.0,0.0,0.0,49.22,30.63,9.29,9,1,1430.311,4.9465,1,0.0,0.0,0.4922,0.75,15.077,0.75,aman
0.804,2.362,9.979,91.69,25.3,15.45,3,0,1686.852,0.05,2,0.804,0.7872,0.9169,0.35,23.196,0.6,waspada
53.387,114.281,359.163,75.69,6.61,14.56,11,0,2191.96,6.1804,0,53.387,38.0938,0.7569,1.0,5.006,0.15,siaga
10.947,25.299,84.722,81.43,14.32,26.85,6,1,1443.479,1.535,0,10.947,8.4332,0.8143,0.75,11.657,0.35,waspada
0.0,0.0,0.0,76.15,16.63,11.73,5,0,1529.757,6.3449,1,0.0,0.0,0.7615,0.85,12.664,0.75,aman
3.655,10.468,30.274,77.43,29.63,34.62,7,1,1403.786,5.7134,0,3.655,3.4893,0.7743,0.85,22.943,0.9,waspada
8.878,17.639,56.517,95.61,37.68,23.88,11,0,1822.682,4.5158,1,8.878,5.8798,0.9561,0.85,36.03,0.6,waspada
2.417,6.088,26.789,39.87,35.09,8.62,12,0,1533.621,5.4748,0,2.417,2.0292,0.3987,1.0,13.99,0.55,aman
0.0,0.0,0.0,66.66,24.44,30.41,7,1,2461.78,5.9742,0,0.0,0.0,0.6666,0.75,16.29,0.15,aman
6.245,14.432,36.612,43.43,4.27,0.28,10,0,1477.627,5.4079,1,6.245,4.8106,0.4343,1.0,1.855,0.45,aman
127.602,185.939,452.047,53.89,30.92,0.68,12,0,2021.392,5.3168,1,127.602,61.9797,0.5389,0.75,16.664,0.35,siaga
6.238,11.322,46.175,95.75,25.87,34.48,2,0,1885.607,0.05,0,6.238,3.774,0.9575,1.0,24.766,0.55,waspada
0.0,0.0,0.0,54.36,10.01,1.79,7,1,1915.358,6.1356,2,0.0,0.0,0.5436,0.75,5.442,0.3,aman
4.018,11.806,33.234,38.78,25.33,22.8,8,1,1624.12,5.4922,0,4.018,3.9354,0.3878,0.75,9.821,0.35,aman
2.186,5.603,21.681,74.1,10.93,17.73,11,0,1781.663,4.9401,1,2.186,1.8676,0.741,0.75,8.103,0.75,waspada
0.0,0.0,0.0,62.53,23.72,34.95,12,0,1113.886,6.5297,0,0.0,0.0,0.6253,1.0,14.833,0.3,aman
0.0,0.0,0.0,49.85,14.47,29.33,6,1,1369.638,8.1813,0,0.0,0.0,0.4985,0.75,7.213,0.55,aman
0.0,0.0,0.0,39.72,27.8,0.23,2,0,2024.467,6.8577,1,0.0,0.0,0.3972,0.55,11.041,0.9,waspada
0.0,0.0,0.0,94.24,37.94,22.19,10,0,2585.809,7.5066,1,0.0,0.0,0.9424,1.0,35.756,0.15,aman
69.84,110.192,353.026,82.21,28.12,16.68,4,0,1625.7,6.8509,0,69.84,36.7306,0.8221,0.75,23.116,0.7,siaga
0.0,0.0,0.0,76.44,35.59,0.64,12,0,1190.619,2.8465,0,0.0,0.0,0.7644,0.85,27.204,0.5,waspada
0.0,0.0,0.0,36.64,14.12,13.44,2,0,1098.297,4.3218,0,0.0,0.0,0.3664,0.35,5.174,0.75,waspada
19.244,31.07,73.565,38.86,30.42,21.28,1,0,2648.492,2.9558,1,19.244,10.3567,0.3886,0.15,11.823,0.35,waspada
2.053,3.353,11.056,56.83,18.84,8.58,1,0,1936.725,12.1683,0,2.053,1.1178,0.5683,0.85,10.71,0.35,aman
2.318,4.251,14.932,75.3,7.29,0.5,11,0,2257.758,0.3614,0,2.318,1.417,0.753,0.85,5.487,0.4,aman
38.637,85.058,213.289,91.79,17.2,32.09,12,0,2304.17,3.6563,0,38.637,28.3526,0.9179,0.75,15.791,0.6,siaga
0.0,0.0,0.0,85.66,12.43,30.23,1,0,2146.434,1.013,1,0.0,0.0,0.8566,0.85,10.645,0.15,waspada
5.573,9.553,27.908,66.47,18.75,8.4,6,1,1841.329,7.2855,2,5.573,3.1845,0.6647,0.75,12.466,0.7,waspada
31.556,57.677,146.551,32.09,23.97,1.18,3,0,2035.251,4.5588,0,31.556,19.2255,0.3209,1.0,7.692,0.1,waspada
55.522,114.535,357.017,95.35,37.29,26.63,6,1,1636.051,5.7662,1,55.522,38.1783,0.9535,0.85,35.555,0.2,siaga
22.917,45.951,145.807,69.57,2.71,27.14,8,1,2015.54,2.8328,3,22.917,15.3169,0.6957,0.85,1.883,0.6,waspada
1.762,4.461,17.005,38.6,26.64,0.73,8,1,2244.504,4.778,0,1.762,1.4871,0.386,0.55,10.283,0.6,waspada
0.0,0.0,0.0,33.28,18.35,12.55,7,1,2364.932,1.3931,1,0.0,0.0,0.3328,0.85,6.108,0.45,aman
7.51,14.931,35.627,48.72,15.73,30.57,2,0,2136.148,0.05,1,7.51,4.9769,0.4872,0.85,7.664,0.9,waspada
44.034,77.496,253.881,75.76,11.83,28.27,1,0,1884.178,3.037,0,44.034,25.8321,0.7576,0.85,8.962,0.7,siaga
0.0,0.0,0.0,73.47,28.71,2.29,3,0,1667.183,3.9175,0,0.0,0.0,0.7347,1.0,21.097,0.25,aman
0.0,0.0,0.0,97.38,3.11,33.08,8,1,2161.655,6.0011,0,0.0,0.0,0.9738,0.75,3.024,0.3,waspada
10.851,18.445,66.826,97.09,10.82,29.24,9,1,1814.381,0.5312,0,10.851,6.1484,0.9709,1.0,10.509,0.15,waspada
7.557,20.335,94.439,84.27,24.86,17.35,9,1,2708.514,5.0174,2,7.557,6.7784,0.8427,0.75,20.951,0.9,waspada
22.08,38.883,137.086,69.9,27.72,20.09,3,0,1797.835,3.5109,0,22.08,12.9611,0.699,0.85,19.377,0.35,waspada
18.853,40.446,99.727,83.74,26.06,18.41,1,0,1874.208,3.5885,0,18.853,13.4822,0.8374,1.0,21.827,0.9,waspada
0.0,0.0,0.0,45.93,30.92,34.8,9,1,1365.428,7.251,0,0.0,0.0,0.4593,0.85,14.198,0.5,aman
2.111,5.583,20.242,71.7,30.22,14.49,6,1,1258.946,1.9458,1,2.111,1.861,0.717,0.55,21.669,0.25,waspada
0.662,1.656,5.347,50.38,23.76,20.74,4,0,1532.94,2.0635,1,0.662,0.5519,0.5038,0.85,11.969,0.3,aman
5.301,15.269,43.437,74.32,35.12,3.93,8,1,1288.352,3.8523,0,5.301,5.0896,0.7432,0.75,26.103,0.4,waspada
148.493,249.305,457.258,58.21,15.91,2.98,1,0,1243.805,1.6996,0,148.493,83.1016,0.5821,0.75,9.26,0.1,siaga
0.584,1.368,4.593,46.07,26.23,28.38,2,0,2034.427,1.3435,0,0.584,0.456,0.4607,0.75,12.084,0.45,aman
47.961,119.623,407.089,51.15,33.52,10.22,7,1,2072.876,0.7278,2,47.961,39.8743,0.5115,0.55,17.145,0.8,siaga
0.0,0.0,0.0,50.46,20.29,4.48,11,0,2035.04,4.12,0,0.0,0.0,0.5046,0.85,10.24,0.8,aman
2.764,7.051,20.02,87.79,24.68,14.9,10,0,2148.526,5.2161,2,2.764,2.3502,0.8779,0.85,21.664,0.7,waspada
0.0,0.0,0.0,54.34,4.46,0.85,1,0,1708.271,6.8716,1,0.0,0.0,0.5434,0.85,2.426,0.15,aman
145.024,215.2,338.66,32.05,3.08,31.06,3,0,2259.233,2.8572,1,145.024,71.7334,0.3205,1.0,0.987,0.9,waspada
0.0,0.0,0.0,72.77,20.15,21.35,1,0,1677.117,7.5973,1,0.0,0.0,0.7277,1.0,14.661,0.15,aman
0.0,0.0,0.0,56.45,28.79,15.91,3,0,2014.369,8.0651,1,0.0,0.0,0.5645,1.0,16.251,0.65,aman
0.0,0.0,0.0,32.45,35.44,18.29,9,1,1592.121,6.8618,1,0.0,0.0,0.3245,1.0,11.499,0.45,aman
57.906,131.538,443.442,85.93,27.88,26.27,9,1,1353.531,6.6857,1,57.906,43.8459,0.8593,0.85,23.959,0.7,siaga
0.0,0.0,0.0,44.5,9.57,28.97,10,0,792.594,10.2872,0,0.0,0.0,0.445,0.85,4.257,0.55,aman
24.078,40.243,110.01,76.33,20.03,9.92,6,1,1715.026,9.9927,2,24.078,13.4143,0.7633,0.55,15.286,0.5,waspada
9.214,15.5,47.373,50.03,26.88,18.58,5,0,1489.921,9.9295,0,9.214,5.1666,0.5003,0.85,13.449,0.1,aman
0.0,0.0,0.0,57.83,4.44,11.67,1,0,2168.994,9.5487,0,0.0,0.0,0.5783,1.0,2.568,0.15,aman
0.0,0.0,0.0,89.36,34.78,12.82,10,0,1634.864,9.7969,0,0.0,0.0,0.8936,0.85,31.084,0.55,waspada
13.735,21.755,45.025,92.11,2.92,33.23,3,0,1213.584,7.9125,1,13.735,7.2517,0.9211,0.75,2.688,0.15,waspada
5.494,13.617,33.475,57.51,6.25,27.29,3,0,2009.701,4.0385,0,5.494,4.539,0.5751,0.55,3.594,0.6,waspada
0.0,0.0,0.0,96.06,37.57,17.04,2,0,1324.831,7.5369,3,0.0,0.0,0.9606,1.0,36.091,0.65,waspada
4.087,9.003,39.369,37.91,25.39,14.95,10,0,1601.406,4.4101,1,4.087,3.0011,0.3791,1.0,9.625,0.75,aman
0.0,0.0,0.0,52.5,24.79,9.49,12,0,2174.007,3.7917,0,0.0,0.0,0.525,1.0,13.013,0.85,aman
22.175,45.047,153.894,68.26,30.86,6.41,10,0,1741.834,1.7231,2,22.175,15.0157,0.6826,0.85,21.064,0.85,waspada
0.0,0.0,0.0,39.3,33.27,2.81,1,0,1755.417,3.7423,1,0.0,0.0,0.393,0.35,13.076,0.25,waspada
0.0,0.0,0.0,93.96,29.82,11.22,4,0,1910.929,8.8843,2,0.0,0.0,0.9396,0.55,28.017,0.75,waspada
5.151,10.175,32.797,36.31,17.13,31.35,2,0,2087.893,5.6207,1,5.151,3.3916,0.3631,0.55,6.22,0.65,waspada
0.0,0.0,0.0,66.13,2.63,19.86,8,1,1984.075,5.7584,1,0.0,0.0,0.6613,0.85,1.74,0.3,aman
78.374,134.121,377.542,31.78,21.4,29.29,12,0,1733.873,6.6362,1,78.374,44.7071,0.3178,0.75,6.799,0.15,waspada
0.0,0.0,0.0,42.42,19.49,17.55,2,0,2227.996,10.6708,0,0.0,0.0,0.4242,1.0,8.267,0.85,aman
0.0,0.0,0.0,76.34,16.98,23.69,10,0,2077.017,4.4282,0,0.0,0.0,0.7634,1.0,12.962,0.85,aman
0.0,0.0,0.0,67.65,19.57,12.35,7,1,1385.676,4.6133,1,0.0,0.0,0.6765,1.0,13.241,0.6,aman
0.0,0.0,0.0,79.92,12.3,19.01,5,0,1919.002,0.05,1,0.0,0.0,0.7992,0.85,9.834,0.6,waspada
16.874,29.174,111.0,88.58,15.73,12.81,11,0,2199.006,4.0013,0,16.874,9.7247,0.8858,1.0,13.937,0.4,waspada
1.71,2.766,7.314,62.62,28.12,34.39,6,1,2345.191,3.3251,0,1.71,0.9219,0.6262,1.0,17.608,0.6,aman
0.0,0.0,0.0,74.32,35.79,0.55,12,0,2457.012,2.6547,2,0.0,0.0,0.7432,1.0,26.599,0.2,aman
6.823,10.284,41.496,47.08,7.69,23.45,1,0,1642.074,0.2891,0,6.823,3.4279,0.4708,1.0,3.622,0.15,aman
0.0,0.0,0.0,67.48,24.95,27.64,6,1,1877.562,2.2625,0,0.0,0.0,0.6748,1.0,16.838,0.55,aman
0.0,0.0,0.0,77.65,31.28,19.24,10,0,1140.766,5.5895,2,0.0,0.0,0.7765,1.0,24.29,0.85,aman
22.865,50.03,178.014,93.64,27.31,13.94,3,0,1935.409,10.6198,0,22.865,16.6767,0.9364,1.0,25.574,0.35,waspada
0.0,0.0,0.0,62.06,19.28,6.64,4,0,1658.772,4.7109,1,0.0,0.0,0.6206,0.35,11.967,0.9,waspada
138.231,258.146,443.429,89.18,11.83,13.91,4,0,1858.68,6.106,1,138.231,86.0487,0.8918,0.75,10.554,0.8,siaga
0.0,0.0,0.0,44.53,12.52,3.87,5,0,2224.74,5.0555,3,0.0,0.0,0.4453,0.75,5.573,0.15,aman
0.0,0.0,0.0,83.99,3.81,6.99,2,0,1834.098,6.7151,0,0.0,0.0,0.8399,0.85,3.197,0.65,waspada
6.499,12.228,36.218,43.87,27.02,23.84,3,0,1923.273,1.684,3,6.499,4.0759,0.4387,0.85,11.854,0.7,aman
3.743,9.908,39.964,37.6,14.73,17.33,7,1,1873.604,9.8667,0,3.743,3.3028,0.376,0.85,5.539,0.55,aman
19.518,30.342,76.806,80.66,26.18,7.81,1,0,1594.424,2.1742,0,19.518,10.1139,0.8066,0.85,21.116,0.85,waspada
33.386,58.086,129.154,33.89,7.89,19.65,4,0,2061.671,2.3303,1,33.386,19.362,0.3389,0.75,2.673,0.85,waspada
0.0,0.0,0.0,77.79,37.62,3.59,6,1,1882.69,5.8191,0,0.0,0.0,0.7779,0.75,29.266,0.85,waspada
0.0,0.0,0.0,54.79,5.14,5.7,4,0,1291.871,5.2977,0,0.0,0.0,0.5479,0.85,2.818,0.4,aman
11.87,26.776,92.91,52.37,3.89,18.56,7,1,1452.593,5.0915,1,11.87,8.9255,0.5237,0.55,2.039,0.65,waspada
0.0,0.0,0.0,76.03,3.88,30.49,11,0,2030.114,10.4971,1,0.0,0.0,0.7603,0.85,2.947,0.1,aman
33.193,77.114,240.715,77.04,6.67,32.11,7,1,1098.09,3.8953,0,33.193,25.7048,0.7704,0.75,5.137,0.75,siaga
24.244,53.221,131.866,60.63,20.81,34.44,1,0,2336.409,3.3358,1,24.244,17.7405,0.6063,0.75,12.616,0.1,waspada
0.0,0.0,0.0,65.29,16.34,15.0,2,0,2131.784,6.5075,1,0.0,0.0,0.6529,1.0,10.667,0.4,aman
0.0,0.0,0.0,71.44,2.74,1.11,6,1,1531.28,7.1839,0,0.0,0.0,0.7144,0.75,1.956,0.85,waspada
5.391,13.136,40.204,44.93,35.19,6.63,1,0,1068.36,4.7047,1,5.391,4.3788,0.4493,0.35,15.81,0.6,waspada
0.0,0.0,0.0,60.73,20.13,17.65,8,1,1626.503,3.5271,0,0.0,0.0,0.6073,0.75,12.226,0.9,waspada
0.0,0.0,0.0,45.06,20.15,14.38,10,0,2424.078,0.05,2,0.0,0.0,0.4506,0.85,9.082,0.75,aman
0.0,0.0,0.0,73.85,19.55,6.03,3,0,1968.712,7.6702,2,0.0,0.0,0.7385,1.0,14.436,0.6,aman
15.259,29.757,93.896,91.33,29.68,16.91,5,0,2012.362,5.1734,2,15.259,9.9189,0.9133,0.85,27.104,0.1,waspada
0.0,0.0,0.0,41.71,13.1,17.06,9,1,1791.298,1.965,2,0.0,0.0,0.4171,1.0,5.462,0.6,aman
79.487,160.511,525.403,33.05,17.88,28.03,2,0,2382.838,0.05,1,79.487,53.5036,0.3305,0.75,5.909,0.25,siaga
5.278,11.958,36.048,47.16,11.77,3.67,12,0,1238.974,7.1077,0,5.278,3.9861,0.4716,0.75,5.549,0.9,waspada
0.0,0.0,0.0,90.43,24.83,23.24,10,0,1386.616,2.9859,0,0.0,0.0,0.9043,0.75,22.451,0.25,waspada
0.0,0.0,0.0,79.33,3.03,22.95,10,0,2298.156,6.6186,0,0.0,0.0,0.7933,0.75,2.401,0.35,waspada
9.124,22.297,66.758,58.67,28.3,26.23,1,0,2412.441,9.3912,0,9.124,7.4324,0.5867,0.85,16.605,0.4,waspada
2.603,5.023,20.142,39.03,21.73,7.83,2,0,1859.349,6.6609,1,2.603,1.6743,0.3903,0.55,8.482,0.35,aman
2.704,6.465,18.784,36.4,12.4,7.33,5,0,1928.937,2.191,1,2.704,2.155,0.364,0.55,4.512,0.6,aman
2.237,3.793,12.577,65.95,9.79,16.15,12,0,1704.308,1.1951,3,2.237,1.2643,0.6595,0.75,6.456,0.6,waspada
0.0,0.0,0.0,34.64,22.17,8.93,10,0,2376.239,3.8674,1,0.0,0.0,0.3464,1.0,7.679,0.85,aman
0.0,0.0,0.0,51.63,15.11,7.2,10,0,1748.783,5.5814,0,0.0,0.0,0.5163,0.85,7.798,0.5,aman
0.0,0.0,0.0,58.31,25.72,11.59,6,1,1610.362,6.8147,1,0.0,0.0,0.5831,0.85,14.999,0.25,aman
0.0,0.0,0.0,30.65,11.54,23.39,10,0,1146.614,4.0156,0,0.0,0.0,0.3065,0.75,3.536,0.65,aman
3.525,10.214,46.185,62.26,15.76,13.88,11,0,1302.026,5.1614,2,3.525,3.4046,0.6226,0.85,9.815,0.3,aman
13.222,26.35,56.446,80.86,30.97,19.52,6,1,1754.983,2.5208,0,13.222,8.7832,0.8086,0.85,25.04,0.8,waspada
0.0,0.0,0.0,89.77,11.91,25.58,8,1,1599.31,4.9945,1,0.0,0.0,0.8977,1.0,10.692,0.55,waspada
0.0,0.0,0.0,46.99,10.62,7.47,9,1,2253.843,3.3757,0,0.0,0.0,0.4699,0.75,4.989,0.6,aman
18.45,38.134,105.492,37.91,13.44,19.63,6,1,1826.301,5.0663,0,18.45,12.7114,0.3791,0.75,5.096,0.2,waspada
0.0,0.0,0.0,85.13,37.35,1.95,5,0,1530.056,2.4822,2,0.0,0.0,0.8513,1.0,31.8,0.25,aman
16.908,39.612,114.904,64.14,37.94,0.17,8,1,1237.749,3.0814,2,16.908,13.204,0.6414,0.75,24.339,0.2,waspada
91.819,113.838,208.791,68.28,7.07,2.68,3,0,1694.395,4.0302,0,91.819,37.9458,0.6828,1.0,4.825,0.85,siaga
1.908,3.915,11.654,69.04,34.79,17.88,2,0,2230.463,2.3518,2,1.908,1.3051,0.6904,0.85,24.023,0.45,aman
0.0,0.0,0.0,53.43,33.57,18.15,2,0,1601.412,5.0157,2,0.0,0.0,0.5343,0.35,17.938,0.65,waspada
2.95,6.529,31.652,43.75,15.63,12.42,11,0,2121.302,4.4462,0,2.95,2.1762,0.4375,0.55,6.839,0.7,waspada
5.301,10.426,49.038,77.27,10.89,27.27,3,0,1457.411,6.4133,0,5.301,3.4754,0.7727,0.85,8.415,0.6,waspada
14.427,34.88,127.423,70.74,15.16,6.06,2,0,1000.955,4.3151,1,14.427,11.6266,0.7074,0.75,10.723,0.15,waspada
26.47,65.753,187.934,69.66,18.78,27.41,1,0,1722.162,2.7834,0,26.47,21.9178,0.6966,0.85,13.083,0.1,waspada
15.908,39.332,107.047,80.27,13.86,9.51,2,0,1123.509,9.8511,0,15.908,13.1107,0.8027,0.85,11.122,0.5,waspada
12.429,18.939,74.656,30.51,11.86,28.71,9,1,1590.799,0.05,0,12.429,6.313,0.3051,0.55,3.617,0.25,waspada
0.0,0.0,0.0,56.63,17.18,23.6,6,1,1236.336,3.2928,1,0.0,0.0,0.5663,1.0,9.727,0.7,aman
0.0,0.0,0.0,54.98,36.51,32.02,7,1,1929.119,10.3233,0,0.0,0.0,0.5498,0.75,20.072,0.3,aman
0.0,0.0,0.0,59.83,24.79,7.93,6,1,1569.979,3.154,0,0.0,0.0,0.5983,0.75,14.834,0.25,aman
74.678,115.209,316.484,38.51,29.61,28.61,4,0,1790.545,3.2287,1,74.678,38.4029,0.3851,0.75,11.405,0.5,siaga
0.0,0.0,0.0,79.22,9.12,28.49,1,0,2114.055,5.3997,1,0.0,0.0,0.7922,0.55,7.224,0.3,waspada
6.985,10.708,38.936,85.92,9.31,32.44,6,1,2440.989,4.0454,1,6.985,3.5694,0.8592,0.75,8.001,0.75,waspada
13.193,32.195,108.057,86.64,26.4,34.99,8,1,1517.961,6.9849,0,13.193,10.7317,0.8664,0.85,22.875,0.7,waspada
0.0,0.0,0.0,60.1,25.1,4.5,11,0,1978.112,6.1038,1,0.0,0.0,0.601,1.0,15.087,0.65,aman
6.155,11.286,23.728,46.77,23.44,34.83,6,1,1572.298,3.5833,1,6.155,3.7621,0.4677,1.0,10.963,0.65,aman
76.476,158.003,393.342,50.7,33.91,25.59,2,0,1685.262,2.8933,0,76.476,52.6678,0.507,0.85,17.191,0.1,waspada
0.0,0.0,0.0,42.13,10.47,14.02,8,1,1227.094,4.9517,1,0.0,0.0,0.4213,1.0,4.409,0.7,aman
21.46,45.804,172.227,57.52,17.09,29.96,8,1,1742.733,7.0731,1,21.46,15.2679,0.5752,0.85,9.829,0.75,waspada
2.486,4.959,24.215,60.63,10.51,14.8,7,1,1602.065,4.8312,1,2.486,1.6531,0.6063,0.55,6.371,0.55,waspada
17.786,40.567,122.281,71.87,30.95,11.13,3,0,1474.823,1.7837,2,17.786,13.5223,0.7187,0.85,22.246,0.9,waspada
0.0,0.0,0.0,84.17,12.73,28.98,5,0,1507.838,0.3589,1,0.0,0.0,0.8417,0.85,10.717,0.9,waspada
15.359,23.158,74.048,44.04,12.54,21.98,5,0,2426.957,7.3788,0,15.359,7.7192,0.4404,1.0,5.524,0.85,aman
0.0,0.0,0.0,43.43,15.54,32.03,8,1,2140.018,0.793,0,0.0,0.0,0.4343,1.0,6.747,0.7,aman
0.0,0.0,0.0,42.0,8.67,16.56,10,0,1397.215,2.9496,3,0.0,0.0,0.42,0.75,3.642,0.1,aman
0.0,0.0,0.0,48.81,14.11,18.06,3,0,1719.443,1.748,0,0.0,0.0,0.4881,0.85,6.886,0.5,aman
16.796,40.562,118.983,44.01,34.58,2.66,8,1,1893.529,4.5723,0,16.796,13.5206,0.4401,0.85,15.222,0.1,waspada
2.531,5.81,24.672,69.99,8.75,0.53,1,0,2280.999,12.9721,0,2.531,1.9368,0.6999,0.55,6.122,0.9,waspada
0.0,0.0,0.0,64.26,24.54,15.62,7,1,2585.766,7.3211,1,0.0,0.0,0.6426,0.85,15.77,0.25,aman
122.583,236.153,438.607,60.4,36.47,9.49,11,0,1520.419,4.9957,0,122.583,78.7176,0.604,0.55,22.027,0.75,siaga
0.0,0.0,0.0,66.87,29.15,3.73,6,1,1936.917,4.4657,0,0.0,0.0,0.6687,0.75,19.492,0.2,aman
24.148,37.317,76.244,59.5,25.62,14.26,6,1,1902.142,1.5503,0,24.148,12.439,0.595,0.75,15.245,0.1,waspada
0.0,0.0,0.0,34.47,14.29,29.66,10,0,2261.918,2.7224,0,0.0,0.0,0.3447,0.85,4.925,0.7,aman
5.21,10.185,39.402,66.16,17.48,12.93,6,1,1813.422,4.8797,3,5.21,3.3951,0.6616,0.85,11.562,0.2,aman
0.0,0.0,0.0,54.68,26.15,17.34,4,0,1859.424,2.279,2,0.0,0.0,0.5468,0.85,14.301,0.5,aman
0.0,0.0,0.0,69.6,19.87,26.68,6,1,1987.143,5.5267,0,0.0,0.0,0.696,0.75,13.83,0.15,aman
0.0,0.0,0.0,60.54,14.1,19.9,8,1,1442.439,6.8942,2,0.0,0.0,0.6054,1.0,8.538,0.3,aman
16.027,25.054,58.078,88.74,23.46,20.93,7,1,1909.07,0.5293,0,16.027,8.3512,0.8874,0.75,20.815,0.2,waspada
15.062,25.757,79.833,93.21,3.33,12.76,9,1,1771.37,6.4575,1,15.062,8.5856,0.9321,0.75,3.108,0.8,waspada
23.453,48.968,146.745,89.04,3.01,14.83,12,0,1645.207,3.8767,0,23.453,16.3226,0.8904,1.0,2.683,0.65,waspada
9.122,21.34,42.698,73.59,5.8,10.52,10,0,2286.131,6.8365,1,9.122,7.1133,0.7359,0.85,4.269,0.35,waspada
0.0,0.0,0.0,96.99,4.39,9.84,7,1,2331.467,3.3879,0,0.0,0.0,0.9699,0.55,4.255,0.25,waspada
20.522,42.22,96.225,95.59,18.35,3.73,11,0,1753.114,3.1834,0,20.522,14.0734,0.9559,0.75,17.541,0.6,siaga
1.754,4.737,18.818,93.38,9.36,19.99,10,0,1630.829,2.4702,1,1.754,1.579,0.9338,0.75,8.744,0.35,waspada
16.556,34.049,71.176,62.41,15.88,9.29,8,1,1795.348,4.6705,3,16.556,11.3496,0.6241,0.35,9.914,0.25,waspada
114.913,188.621,291.821,32.14,24.84,19.3,10,0,2318.195,7.873,0,114.913,62.8735,0.3214,0.75,7.983,0.2,waspada
15.39,31.395,125.511,66.17,24.54,12.54,10,0,2525.031,0.05,2,15.39,10.465,0.6617,0.75,16.235,0.15,waspada
112.691,162.643,348.723,66.5,32.1,18.98,4,0,1741.232,0.05,0,112.691,54.2144,0.665,0.55,21.35,0.65,siaga
0.0,0.0,0.0,46.86,4.62,34.16,3,0,2310.124,4.1425,1,0.0,0.0,0.4686,0.85,2.164,0.8,aman
6.186,13.737,46.923,84.41,8.37,20.31,1,0,1747.944,8.7603,2,6.186,4.5791,0.8441,0.85,7.069,0.25,waspada
121.967,182.926,332.87,51.64,3.47,12.05,12,0,2439.967,4.4607,1,121.967,60.9752,0.5164,0.85,1.793,0.3,siaga
0.0,0.0,0.0,86.74,12.01,29.85,12,0,1527.059,5.7713,1,0.0,0.0,0.8674,0.85,10.416,0.5,waspada
0.0,0.0,0.0,47.38,30.43,6.97,1,0,1009.489,4.0852,1,0.0,0.0,0.4738,0.85,14.417,0.7,aman
68.936,162.798,552.299,41.46,32.68,20.94,11,0,2007.914,3.9267,0,68.936,54.266,0.4146,0.75,13.549,0.5,waspada
7.882,18.783,44.038,92.84,13.12,2.17,11,0,2131.595,8.4332,2,7.882,6.2611,0.9284,1.0,12.184,0.2,waspada
0.0,0.0,0.0,74.73,5.65,19.45,4,0,2648.054,9.7211,2,0.0,0.0,0.7473,0.75,4.219,0.9,waspada
24.043,43.997,162.851,74.1,22.73,18.09,12,0,2093.95,2.4378,1,24.043,14.6657,0.741,1.0,16.841,0.55,waspada
12.194,20.776,70.396,52.08,27.9,8.44,5,0,1455.14,4.8517,1,12.194,6.9253,0.5208,1.0,14.529,0.65,aman
0.0,0.0,0.0,80.34,28.45,6.49,9,1,1803.476,7.7266,0,0.0,0.0,0.8034,0.55,22.854,0.4,waspada
15.423,34.988,131.814,57.93,12.83,12.38,1,0,1172.915,9.943,0,15.423,11.6626,0.5793,0.55,7.434,0.15,waspada
6.8,20.132,77.944,96.71,35.7,23.19,3,0,1767.572,5.0492,1,6.8,6.7105,0.9671,0.35,34.529,0.2,waspada
85.496,162.0,323.076,66.86,6.27,16.7,5,0,1865.965,8.3626,1,85.496,54.0,0.6686,0.75,4.194,0.1,siaga
0.0,0.0,0.0,54.06,12.47,10.39,10,0,1866.238,5.256,1,0.0,0.0,0.5406,0.55,6.738,0.65,waspada
69.989,110.767,313.904,44.74,5.43,12.35,9,1,973.392,7.8413,0,69.989,36.9222,0.4474,0.85,2.429,0.25,waspada
4.603,11.277,29.23,42.11,8.32,8.29,7,1,1642.291,3.8453,2,4.603,3.7591,0.4211,0.75,3.503,0.2,aman
4.851,9.229,38.796,63.2,4.24,32.5,12,0,2256.413,0.05,0,4.851,3.0765,0.632,0.85,2.682,0.1,aman
0.0,0.0,0.0,35.95,32.6,22.27,12,0,1356.338,11.3078,0,0.0,0.0,0.3595,0.75,11.723,0.15,aman
0.0,0.0,0.0,59.0,2.24,14.89,2,0,1062.97,5.7476,1,0.0,0.0,0.59,0.75,1.321,0.4,aman
0.0,0.0,0.0,53.92,2.54,24.62,6,1,1479.744,7.0883,1,0.0,0.0,0.5392,0.75,1.367,0.5,aman
8.838,14.671,33.969,69.45,36.27,23.4,1,0,2238.476,2.03,1,8.838,4.8903,0.6945,0.75,25.194,0.2,waspada
18.061,36.078,79.542,43.98,15.2,32.5,9,1,1340.532,3.4573,0,18.061,12.026,0.4398,1.0,6.684,0.45,waspada
76.665,158.499,453.199,44.25,5.04,16.01,7,1,1866.526,4.831,0,76.665,52.833,0.4425,0.85,2.232,0.1,waspada
7.886,14.142,30.357,40.1,9.51,11.09,5,0,1882.985,9.7804,1,7.886,4.714,0.401,0.55,3.815,0.45,waspada
119.044,165.412,405.176,69.95,36.68,23.73,8,1,1540.312,7.2117,1,119.044,55.1372,0.6995,0.75,25.659,0.8,siaga
5.771,17.044,63.355,85.71,29.56,29.91,8,1,1478.275,3.9614,2,5.771,5.6813,0.8571,0.75,25.336,0.5,waspada
1.841,3.901,16.778,45.84,22.19,32.5,11,0,1828.174,4.3708,0,1.841,1.3003,0.4584,0.75,10.171,0.85,aman
0.0,0.0,0.0,31.83,37.34,9.19,3,0,1743.959,6.3328,0,0.0,0.0,0.3183,0.75,11.885,0.25,aman
0.0,0.0,0.0,35.77,9.34,5.2,3,0,1560.879,6.6674,2,0.0,0.0,0.3577,0.85,3.343,0.2,aman
0.0,0.0,0.0,30.1,21.91,0.25,4,0,2136.019,0.05,0,0.0,0.0,0.301,0.75,6.593,0.7,aman
22.423,51.613,112.737,48.67,22.21,24.68,12,0,1623.069,1.8928,1,22.423,17.2043,0.4867,0.75,10.809,0.65,waspada
0.0,0.0,0.0,90.74,4.32,24.73,9,1,2076.509,3.0939,0,0.0,0.0,0.9074,0.85,3.921,0.2,waspada
0.0,0.0,0.0,43.67,26.62,20.79,7,1,1868.285,2.8236,2,0.0,0.0,0.4367,0.85,11.625,0.25,aman
0.0,0.0,0.0,52.07,15.02,7.65,12,0,1850.946,5.3445,0,0.0,0.0,0.5207,0.85,7.821,0.45,aman
7.142,12.72,38.908,86.28,33.3,13.72,6,1,2076.174,7.0779,1,7.142,4.2401,0.8628,0.85,28.727,0.45,waspada
11.204,24.499,97.514,77.27,35.87,32.7,12,0,1865.495,1.0328,0,11.204,8.1665,0.7727,0.85,27.717,0.35,waspada
0.0,0.0,0.0,62.69,13.02,11.52,9,1,1453.415,1.1537,0,0.0,0.0,0.6269,1.0,8.16,0.35,aman
1.46,3.613,11.048,38.25,10.51,20.76,2,0,2213.928,7.5228,2,1.46,1.2042,0.3825,0.55,4.022,0.55,waspada
4.297,7.47,25.914,94.84,35.94,26.23,7,1,1551.925,4.2936,2,4.297,2.49,0.9484,1.0,34.091,0.2,aman
15.066,29.283,61.691,66.87,22.77,1.96,1,0,1866.912,5.4194,1,15.066,9.7609,0.6687,0.75,15.224,0.4,waspada
0.0,0.0,0.0,60.58,36.9,25.83,2,0,954.636,4.3621,2,0.0,0.0,0.6058,1.0,22.356,0.75,aman
0.0,0.0,0.0,59.04,21.79,5.69,1,0,2085.33,9.1895,1,0.0,0.0,0.5904,0.75,12.865,0.35,aman
0.0,0.0,0.0,70.2,31.42,27.27,8,1,1749.602,6.8617,0,0.0,0.0,0.702,0.55,22.058,0.35,waspada
6.834,13.336,32.025,64.27,28.11,12.78,8,1,2404.13,4.829,1,6.834,4.4452,0.6427,1.0,18.067,0.65,aman
112.299,178.065,367.78,46.5,9.78,34.93,12,0,1572.468,6.3885,1,112.299,59.3551,0.465,0.75,4.549,0.2,waspada
6.356,10.613,41.74,66.88,26.93,33.47,5,0,2368.818,5.9929,1,6.356,3.5378,0.6688,0.75,18.011,0.6,waspada
0.0,0.0,0.0,46.55,6.42,14.85,10,0,1605.55,6.5338,1,0.0,0.0,0.4655,0.85,2.987,0.45,aman
23.024,38.778,127.4,87.07,18.16,13.16,4,0,1537.873,7.6831,1,23.024,12.926,0.8707,1.0,15.812,0.45,waspada
0.0,0.0,0.0,66.97,24.87,23.14,3,0,1180.378,8.6562,1,0.0,0.0,0.6697,0.55,16.659,0.2,waspada
60.71,110.908,314.812,37.92,16.49,3.8,3,0,1564.272,3.7141,1,60.71,36.9692,0.3792,0.75,6.252,0.4,waspada
6.265,10.737,26.574,79.8,18.83,25.85,4,0,1676.336,1.2042,1,6.265,3.5791,0.798,0.85,15.031,0.65,waspada
0.0,0.0,0.0,54.31,12.19,33.83,7,1,1954.948,7.8865,0,0.0,0.0,0.5431,0.85,6.621,0.55,aman
0.0,0.0,0.0,69.04,17.04,31.0,5,0,2646.464,1.2594,2,0.0,0.0,0.6904,0.55,11.763,0.8,waspada
0.0,0.0,0.0,42.7,35.9,33.69,3,0,1860.031,3.1583,1,0.0,0.0,0.427,0.35,15.332,0.25,waspada
0.0,0.0,0.0,78.45,35.12,29.42,10,0,1679.533,0.05,0,0.0,0.0,0.7845,1.0,27.551,0.55,aman
0.0,0.0,0.0,80.71,14.36,30.97,11,0,1372.711,7.351,1,0.0,0.0,0.8071,0.55,11.593,0.35,waspada
12.139,27.943,84.588,66.47,25.48,30.29,11,0,1804.885,6.0522,1,12.139,9.3145,0.6647,0.85,16.937,0.8,waspada
0.0,0.0,0.0,65.22,18.41,26.61,2,0,2344.251,6.2793,0,0.0,0.0,0.6522,0.55,12.008,0.25,aman
0.0,0.0,0.0,74.93,35.61,11.97,12,0,2165.609,7.8327,2,0.0,0.0,0.7493,1.0,26.68,0.65,aman
5.833,10.444,48.033,91.44,6.17,33.82,2,0,2219.151,6.5577,0,5.833,3.4813,0.9144,0.75,5.64,0.15,waspada
4.15,10.406,20.912,61.62,33.35,28.76,4,0,1837.156,0.05,0,4.15,3.4687,0.6162,0.85,20.55,0.55,waspada
0.0,0.0,0.0,44.82,7.18,24.93,12,0,2040.733,6.4873,2,0.0,0.0,0.4482,0.75,3.216,0.1,aman
13.348,22.265,77.554,94.79,26.87,26.72,5,0,1439.385,6.1157,0,13.348,7.4216,0.9479,0.75,25.467,0.15,waspada
4.923,13.251,37.822,46.62,22.34,5.24,2,0,1428.013,3.6176,0,4.923,4.4169,0.4662,0.85,10.415,0.15,aman
8.37,18.449,66.883,70.68,36.09,7.01,7,1,1568.16,7.191,0,8.37,6.1498,0.7068,0.75,25.511,0.65,waspada
0.0,0.0,0.0,94.26,18.45,2.57,4,0,1620.93,2.1205,0,0.0,0.0,0.9426,0.85,17.393,0.75,waspada
20.219,39.266,95.093,36.96,14.87,33.94,11,0,1781.311,6.2379,0,20.219,13.0888,0.3696,0.55,5.494,0.65,waspada
0.0,0.0,0.0,82.95,37.61,34.64,9,1,1115.299,5.1785,0,0.0,0.0,0.8295,0.75,31.201,0.4,waspada
0.0,0.0,0.0,57.88,14.96,26.52,1,0,2397.928,8.2895,0,0.0,0.0,0.5788,1.0,8.658,0.45,aman
0.0,0.0,0.0,30.62,22.44,30.13,5,0,1528.163,2.1905,0,0.0,0.0,0.3062,0.85,6.873,0.7,aman
4.991,13.347,46.102,96.17,37.84,4.71,11,0,2009.805,2.8575,0,4.991,4.449,0.9617,0.85,36.387,0.2,waspada
0.0,0.0,0.0,95.78,35.08,1.3,8,1,1931.306,0.05,1,0.0,0.0,0.9578,0.35,33.601,0.3,waspada
23.121,39.003,91.219,51.85,34.79,19.21,2,0,1140.048,7.5079,0,23.121,13.0011,0.5185,0.85,18.035,0.8,waspada
4.675,11.46,36.413,31.59,15.6,8.82,3,0,1584.928,8.6589,1,4.675,3.8202,0.3159,1.0,4.926,0.6,aman
8.067,13.24,41.659,76.9,36.45,23.51,4,0,2579.191,7.5716,1,8.067,4.4135,0.769,0.75,28.027,0.65,waspada
0.0,0.0,0.0,71.62,26.49,6.63,4,0,1694.639,3.7254,0,0.0,0.0,0.7162,0.85,18.974,0.8,waspada
0.0,0.0,0.0,95.31,24.79,11.27,5,0,1239.394,5.8082,1,0.0,0.0,0.9531,0.85,23.628,0.85,waspada
6.474,14.493,39.087,70.76,6.45,29.54,9,1,1776.761,4.9838,0,6.474,4.8311,0.7076,0.75,4.564,0.75,waspada
0.0,0.0,0.0,37.97,5.55,25.78,10,0,987.34,5.6285,0,0.0,0.0,0.3797,0.85,2.109,0.8,aman
7.703,19.938,86.565,33.96,15.55,17.64,8,1,1524.755,9.3526,1,7.703,6.646,0.3396,1.0,5.28,0.4,aman
3.144,6.655,17.617,53.99,36.49,8.82,2,0,2180.429,7.5205,2,3.144,2.2184,0.5399,0.75,19.705,0.9,waspada
124.623,244.963,439.698,92.97,25.56,14.22,3,0,2324.259,5.7573,0,124.623,81.6543,0.9297,0.75,23.76,0.9,siaga
0.0,0.0,0.0,49.04,8.02,13.36,7,1,1916.242,4.4768,0,0.0,0.0,0.4904,1.0,3.935,0.2,aman
0.0,0.0,0.0,66.87,20.28,17.73,7,1,1988.97,5.0097,1,0.0,0.0,0.6687,0.85,13.56,0.25,aman
0.0,0.0,0.0,82.36,17.78,27.28,10,0,2429.457,9.8057,0,0.0,0.0,0.8236,0.85,14.639,0.85,waspada
0.0,0.0,0.0,87.47,25.56,1.4,2,0,1364.848,7.5875,2,0.0,0.0,0.8747,0.75,22.362,0.3,waspada
1.219,2.826,9.539,44.83,4.41,21.91,12,0,1249.89,3.2042,0,1.219,0.9419,0.4483,1.0,1.979,0.15,aman
37.779,89.293,301.453,82.08,33.79,26.29,5,0,2096.461,1.2335,0,37.779,29.7645,0.8208,1.0,27.732,0.3,siaga
3.599,5.578,12.22,80.39,15.81,14.06,2,0,1566.164,3.207,0,3.599,1.8592,0.8039,0.85,12.711,0.85,waspada
2.689,5.875,19.361,65.75,24.15,17.26,7,1,1878.008,1.9428,0,2.689,1.9582,0.6575,0.75,15.879,0.7,waspada
58.425,120.431,322.411,66.02,14.91,12.38,11,0,1269.497,6.1094,1,58.425,40.1436,0.6602,0.75,9.846,0.45,siaga
0.0,0.0,0.0,62.45,9.06,2.05,3,0,1573.517,4.2383,0,0.0,0.0,0.6245,1.0,5.655,0.7,aman
112.408,150.716,327.622,75.86,2.18,33.56,4,0,1493.216,8.0661,1,112.408,50.2385,0.7586,0.55,1.656,0.55,siaga
0.0,0.0,0.0,85.98,17.3,19.43,3,0,2109.724,6.8247,0,0.0,0.0,0.8598,0.85,14.872,0.4,waspada
0.0,0.0,0.0,63.63,3.07,9.98,7,1,2470.656,2.8403,0,0.0,0.0,0.6363,0.55,1.955,0.35,waspada
13.333,30.195,109.692,96.14,3.74,6.11,1,0,2452.717,10.1786,0,13.333,10.0648,0.9614,1.0,3.596,0.1,waspada
0.0,0.0,0.0,63.89,18.42,21.26,10,0,1541.092,9.8291,0,0.0,0.0,0.6389,1.0,11.765,0.8,aman
0.0,0.0,0.0,79.86,21.95,9.0,1,0,1824.4,4.9,3,0.0,0.0,0.7986,0.55,17.53,0.15,waspada
0.0,0.0,0.0,62.79,24.12,19.95,3,0,1703.526,0.1652,0,0.0,0.0,0.6279,0.75,15.145,0.8,waspada
0.0,0.0,0.0,31.22,21.11,9.36,3,0,1851.703,6.8595,0,0.0,0.0,0.3122,0.75,6.591,0.5,aman
7.991,14.872,72.081,49.36,32.58,34.83,2,0,1468.445,4.8945,0,7.991,4.9575,0.4936,1.0,16.083,0.55,aman
0.0,0.0,0.0,70.62,4.94,20.99,5,0,2114.153,7.1994,0,0.0,0.0,0.7062,1.0,3.487,0.15,aman
3.179,8.917,31.633,73.06,30.35,33.97,7,1,1689.371,7.6279,0,3.179,2.9722,0.7306,0.85,22.176,0.4,waspada
0.0,0.0,0.0,72.29,9.87,17.26,1,0,1597.872,9.6244,0,0.0,0.0,0.7229,1.0,7.133,0.65,aman
0.0,0.0,0.0,75.85,6.06,7.91,7,1,1985.926,2.122,1,0.0,0.0,0.7585,1.0,4.596,0.8,aman
15.569,32.259,100.113,84.44,33.19,32.43,6,1,2709.529,8.7882,0,15.569,10.753,0.8444,0.85,28.027,0.2,waspada
0.0,0.0,0.0,53.99,35.94,12.2,3,0,1472.459,4.0719,1,0.0,0.0,0.5399,0.35,19.404,0.45,waspada
0.0,0.0,0.0,43.69,25.27,30.56,1,0,1781.122,5.7849,0,0.0,0.0,0.4369,0.85,11.038,0.4,aman
15.705,26.376,61.829,38.81,36.92,23.63,8,1,1511.17,6.3879,1,15.705,8.7921,0.3881,0.85,14.328,0.55,waspada
5.361,10.834,24.734,39.53,6.04,23.78,5,0,1172.109,6.2684,0,5.361,3.6114,0.3953,1.0,2.386,0.65,aman
6.822,19.042,87.724,73.86,11.49,13.29,12,0,1709.805,8.2484,2,6.822,6.3472,0.7386,1.0,8.484,0.75,waspada
8.907,21.084,72.951,71.97,22.29,13.96,5,0,1599.006,9.1952,0,8.907,7.0279,0.7197,0.85,16.039,0.65,waspada
0.0,0.0,0.0,82.95,32.32,26.58,5,0,2776.308,0.6937,0,0.0,0.0,0.8295,0.35,26.807,0.85,waspada
16.199,28.832,113.601,51.8,37.71,11.63,9,1,1086.148,0.05,1,16.199,9.6105,0.518,0.85,19.533,0.8,waspada
8.195,15.349,36.681,49.61,25.84,12.3,9,1,2320.067,2.9302,1,8.195,5.1163,0.4961,0.85,12.818,0.65,aman
0.0,0.0,0.0,46.05,19.38,26.16,7,1,1221.73,6.8038,2,0.0,0.0,0.4605,0.85,8.922,0.75,aman
10.926,24.206,75.506,67.34,24.83,14.32,11,0,1381.85,5.7023,0,10.926,8.0686,0.6734,0.85,16.721,0.35,waspada
21.359,53.22,169.862,82.04,21.68,18.8,11,0,2124.463,6.3499,1,21.359,17.7401,0.8204,0.75,17.782,0.45,siaga
19.904,42.562,139.487,96.88,27.64,25.08,7,1,1906.095,6.5621,1,19.904,14.1872,0.9688,0.75,26.776,0.8,siaga
23.579,58.763,119.419,90.74,7.86,5.91,9,1,1997.82,7.2887,0,23.579,19.5876,0.9074,0.85,7.133,0.6,siaga
7.688,19.516,66.098,83.91,16.56,32.69,5,0,1587.206,4.1842,1,7.688,6.5054,0.8391,1.0,13.892,0.45,waspada
24.222,37.789,94.6,31.68,35.7,6.63,2,0,1791.944,4.164,0,24.222,12.5963,0.3168,0.55,11.312,0.9,waspada
0.0,0.0,0.0,75.72,2.79,30.71,2,0,1630.228,3.5515,1,0.0,0.0,0.7572,0.85,2.115,0.5,waspada
7.694,18.382,49.82,36.0,11.67,21.19,5,0,2399.105,7.7207,0,7.694,6.1273,0.36,0.55,4.203,0.55,waspada
75.859,118.116,312.717,38.52,22.79,26.52,1,0,1902.265,9.6157,1,75.859,39.372,0.3852,0.85,8.777,0.45,waspada
0.0,0.0,0.0,84.45,25.08,0.56,2,0,2122.117,4.1015,1,0.0,0.0,0.8445,1.0,21.182,0.65,aman
5.32,13.056,35.74,91.16,12.28,22.58,2,0,2101.74,1.5556,0,5.32,4.3519,0.9116,0.75,11.194,0.65,waspada
2.12,6.174,26.129,81.55,20.11,11.79,8,1,1606.636,6.3703,0,2.12,2.058,0.8155,0.85,16.4,0.7,waspada
0.0,0.0,0.0,57.33,11.44,0.99,1,0,1233.329,6.3935,0,0.0,0.0,0.5733,0.75,6.558,0.4,aman
0.0,0.0,0.0,86.99,31.15,25.05,1,0,2371.126,7.9247,1,0.0,0.0,0.8699,0.75,27.096,0.85,waspada
0.579,1.117,2.525,65.83,4.98,11.11,10,0,1651.258,5.0367,1,0.579,0.3725,0.6583,0.75,3.276,0.45,waspada
0.0,0.0,0.0,59.02,30.53,15.63,11,0,1383.676,3.7734,3,0.0,0.0,0.5902,0.75,18.02,0.75,waspada
0.0,0.0,0.0,36.83,20.23,27.96,10,0,1855.402,8.4737,0,0.0,0.0,0.3683,1.0,7.45,0.4,aman
4.666,10.812,24.639,41.31,36.67,10.74,8,1,1600.013,1.7306,0,4.666,3.6039,0.4131,0.75,15.148,0.55,aman
10.963,25.548,84.73,68.5,9.82,9.2,10,0,2369.839,6.8734,0,10.963,8.5161,0.685,0.75,6.725,0.4,waspada
67.517,106.471,349.893,36.99,26.12,14.03,8,1,2405.749,2.5106,1,67.517,35.4904,0.3699,0.85,9.66,0.85,waspada
77.654,125.965,254.494,95.03,36.81,5.96,1,0,2210.148,10.2015,0,77.654,41.9883,0.9503,0.85,34.976,0.6,siaga
0.0,0.0,0.0,64.14,20.39,32.88,8,1,1438.677,5.9631,1,0.0,0.0,0.6414,0.75,13.075,0.9,waspada
4.777,12.943,61.354,80.54,16.34,6.53,5,0,1623.297,7.0572,0,4.777,4.3143,0.8054,0.75,13.163,0.1,waspada
2.251,4.831,15.835,91.49,36.69,9.33,12,0,1853.33,6.0769,3,2.251,1.6103,0.9149,0.75,33.564,0.85,waspada
0.0,0.0,0.0,53.61,32.19,18.23,5,0,1388.686,2.7495,1,0.0,0.0,0.5361,0.85,17.259,0.5,aman
0.0,0.0,0.0,82.11,19.35,22.65,2,0,2416.539,4.9159,0,0.0,0.0,0.8211,0.85,15.892,0.8,waspada
22.109,40.066,147.521,58.76,8.96,23.66,4,0,1406.452,0.05,2,22.109,13.3553,0.5876,0.15,5.268,0.2,siaga
0.0,0.0,0.0,61.8,21.25,26.88,6,1,1874.487,9.6484,0,0.0,0.0,0.618,1.0,13.131,0.6,aman
0.0,0.0,0.0,46.56,20.18,17.76,4,0,2328.53,8.3216,2,0.0,0.0,0.4656,0.55,9.397,0.7,waspada
0.0,0.0,0.0,53.77,8.08,25.47,3,0,1902.056,2.6709,0,0.0,0.0,0.5377,0.85,4.344,0.25,aman
18.259,45.466,108.697,96.05,3.02,33.52,11,0,2280.98,3.9073,0,18.259,15.1554,0.9605,0.55,2.898,0.4,siaga
116.192,196.537,491.209,77.04,5.97,9.26,7,1,2014.046,2.9937,2,116.192,65.5123,0.7704,0.75,4.598,0.65,siaga
0.0,0.0,0.0,83.15,14.51,5.57,6,1,2472.49,7.0072,3,0.0,0.0,0.8315,0.55,12.067,0.6,waspada
0.0,0.0,0.0,39.17,30.92,4.53,4,0,2039.103,2.3587,1,0.0,0.0,0.3917,0.15,12.111,0.1,waspada
4.296,7.707,26.039,63.14,3.25,33.56,7,1,1789.216,7.7143,0,4.296,2.5692,0.6314,1.0,2.054,0.35,aman
0.0,0.0,0.0,57.99,7.35,3.36,5,0,1797.069,4.0322,2,0.0,0.0,0.5799,1.0,4.26,0.3,aman
18.208,31.286,109.361,40.2,12.18,13.8,5,0,2430.808,4.1576,1,18.208,10.4287,0.402,0.75,4.895,0.25,waspada
32.183,49.027,117.813,93.69,5.31,0.18,11,0,1685.48,7.7334,1,32.183,16.3424,0.9369,0.85,4.975,0.35,waspada
0.0,0.0,0.0,33.67,33.53,15.2,4,0,2674.353,5.5596,0,0.0,0.0,0.3367,0.85,11.29,0.2,aman
6.694,13.895,44.485,34.45,12.54,6.02,9,1,1852.97,6.1294,0,6.694,4.6318,0.3445,0.55,4.319,0.65,waspada
0.0,0.0,0.0,68.93,30.21,7.35,6,1,1560.051,2.5631,0,0.0,0.0,0.6893,0.55,20.824,0.4,waspada
3.109,5.031,24.187,94.32,34.63,26.93,11,0,1168.904,0.05,2,3.109,1.6769,0.9432,0.75,32.669,0.25,waspada
0.0,0.0,0.0,87.06,11.01,20.58,12,0,1934.91,3.0751,0,0.0,0.0,0.8706,0.55,9.581,0.2,waspada
0.0,0.0,0.0,53.37,29.26,17.32,11,0,1876.679,5.5908,1,0.0,0.0,0.5337,1.0,15.617,0.4,aman
6.373,10.737,36.715,56.97,26.35,3.56,9,1,1049.516,3.9588,2,6.373,3.5791,0.5697,0.75,15.013,0.6,waspada
96.1,148.056,296.39,48.96,11.06,6.91,6,1,1265.018,7.605,1,96.1,49.352,0.4896,0.75,5.414,0.55,siaga
0.0,0.0,0.0,42.88,17.91,1.61,2,0,1792.061,4.5194,1,0.0,0.0,0.4288,0.55,7.678,0.7,waspada
9.104,22.523,68.498,95.64,18.21,20.63,6,1,1456.759,1.0661,2,9.104,7.5077,0.9564,0.85,17.411,0.15,waspada
23.831,40.429,86.454,93.63,5.81,13.14,3,0,1388.333,0.9846,0,23.831,13.4763,0.9363,0.35,5.438,0.4,siaga
0.0,0.0,0.0,57.74,14.7,29.18,6,1,1685.245,7.2424,3,0.0,0.0,0.5774,0.55,8.487,0.3,waspada
15.24,32.221,93.585,50.94,14.85,1.48,1,0,1675.708,2.1083,1,15.24,10.7402,0.5094,0.15,7.563,0.8,waspada
0.0,0.0,0.0,62.46,12.32,26.1,12,0,1881.531,5.6748,0,0.0,0.0,0.6246,0.75,7.693,0.55,aman
0.0,0.0,0.0,59.06,29.64,19.39,1,0,1168.027,4.0614,0,0.0,0.0,0.5906,0.75,17.505,0.15,aman
0.0,0.0,0.0,36.35,20.96,15.6,8,1,1836.41,10.0236,2,0.0,0.0,0.3635,0.75,7.619,0.45,aman
2.271,5.665,11.651,58.98,35.43,27.89,5,0,1649.659,0.05,0,2.271,1.8883,0.5898,0.85,20.898,0.25,aman
8.25,18.178,36.791,64.75,9.72,30.2,9,1,1904.636,3.6634,0,8.25,6.0594,0.6475,1.0,6.293,0.4,waspada
0.0,0.0,0.0,85.36,13.97,2.51,3,0,1973.15,7.8607,0,0.0,0.0,0.8536,0.75,11.922,0.35,waspada
0.0,0.0,0.0,65.36,28.58,15.46,8,1,1391.869,6.405,1,0.0,0.0,0.6536,0.75,18.678,0.5,waspada
0.0,0.0,0.0,45.15,24.14,34.01,5,0,1881.578,3.1993,1,0.0,0.0,0.4515,0.85,10.9,0.65,aman
17.652,34.267,80.467,62.91,11.39,14.57,6,1,1351.999,4.8936,1,17.652,11.4223,0.6291,1.0,7.164,0.35,waspada
16.647,37.038,109.823,55.72,31.42,16.05,5,0,1869.604,8.3133,0,16.647,12.3459,0.5572,1.0,17.507,0.15,aman
0.0,0.0,0.0,46.98,36.85,13.35,8,1,1816.517,1.4702,0,0.0,0.0,0.4698,0.55,17.314,0.75,waspada
0.0,0.0,0.0,50.06,34.81,32.35,12,0,2751.416,1.0471,1,0.0,0.0,0.5006,0.75,17.426,0.6,aman
1.893,3.442,8.949,48.21,26.67,4.08,7,1,1320.722,7.9463,2,1.893,1.1473,0.4821,0.85,12.858,0.15,aman
0.0,0.0,0.0,46.09,22.81,34.43,11,0,1406.662,0.05,1,0.0,0.0,0.4609,0.85,10.512,0.45,aman
0.0,0.0,0.0,31.19,19.72,22.57,8,1,1792.337,10.2608,1,0.0,0.0,0.3119,0.85,6.152,0.6,aman
0.0,0.0,0.0,82.37,28.92,4.56,11,0,2587.983,6.629,0,0.0,0.0,0.8237,0.75,23.818,0.9,waspada
5.032,8.774,41.404,41.53,30.97,6.93,7,1,1793.43,8.7492,0,5.032,2.9247,0.4153,0.75,12.863,0.8,aman
0.0,0.0,0.0,84.56,22.27,21.09,11,0,1801.994,0.05,3,0.0,0.0,0.8456,1.0,18.833,0.65,waspada
9.552,18.21,49.324,91.85,13.97,28.49,6,1,1499.116,2.5049,2,9.552,6.0701,0.9185,0.75,12.832,0.85,waspada
6.984,18.104,74.513,55.15,37.13,2.81,2,0,1327.609,7.7991,2,6.984,6.0346,0.5515,0.55,20.478,0.75,waspada
94.399,172.844,364.882,62.58,21.08,28.25,6,1,2446.167,11.9354,2,94.399,57.6146,0.6258,0.85,13.189,0.3,siaga
0.0,0.0,0.0,50.13,3.65,22.55,12,0,1795.699,9.5737,1,0.0,0.0,0.5013,0.75,1.829,0.7,aman
0.0,0.0,0.0,34.42,16.74,33.24,9,1,1971.553,5.6736,0,0.0,0.0,0.3442,0.85,5.761,0.6,aman
6.0,16.119,35.508,66.47,22.21,30.97,3,0,1530.535,4.6496,1,6.0,5.3731,0.6647,0.85,14.767,0.2,aman
0.543,1.218,6.012,48.87,7.08,21.24,9,1,1177.74,4.1864,2,0.543,0.4061,0.4887,0.55,3.459,0.25,aman
34.114,53.652,171.373,50.32,13.1,9.52,11,0,2015.277,2.1549,3,34.114,17.884,0.5032,1.0,6.592,0.65,waspada
6.919,15.341,34.375,75.71,15.66,0.26,2,0,1746.667,3.2623,3,6.919,5.1138,0.7571,1.0,11.859,0.15,aman
0.0,0.0,0.0,67.77,5.7,23.95,4,0,1247.114,7.4479,0,0.0,0.0,0.6777,0.75,3.866,0.15,aman
0.0,0.0,0.0,41.03,13.27,33.87,8,1,1512.287,5.2561,0,0.0,0.0,0.4103,0.85,5.446,0.55,aman
0.0,0.0,0.0,76.86,14.13,20.73,7,1,1631.221,6.2238,1,0.0,0.0,0.7686,0.75,10.86,0.65,waspada
0.0,0.0,0.0,67.89,36.97,7.42,1,0,1773.026,2.8193,1,0.0,0.0,0.6789,0.75,25.101,0.45,waspada
74.573,177.444,355.645,76.87,5.49,9.52,6,1,1582.385,0.05,2,74.573,59.1479,0.7687,0.55,4.217,0.25,siaga
1.469,2.22,9.53,52.61,26.45,22.94,5,0,2126.028,2.4241,1,1.469,0.7401,0.5261,0.55,13.915,0.5,waspada
3.601,10.502,37.796,42.17,6.49,33.21,4,0,1916.757,4.1824,2,3.601,3.5008,0.4217,0.75,2.735,0.1,aman
0.0,0.0,0.0,70.33,36.61,31.3,1,0,1798.225,6.0338,1,0.0,0.0,0.7033,1.0,25.751,0.1,aman
0.0,0.0,0.0,64.58,25.8,30.82,11,0,1298.779,2.6269,3,0.0,0.0,0.6458,1.0,16.661,0.9,aman
4.193,7.17,30.48,95.62,27.34,22.75,3,0,1738.368,3.7721,0,4.193,2.3901,0.9562,1.0,26.142,0.7,waspada
17.973,29.846,68.126,48.75,13.65,20.52,5,0,2360.348,1.0687,0,17.973,9.9487,0.4875,1.0,6.652,0.15,waspada
0.0,0.0,0.0,44.1,24.18,32.32,3,0,1827.976,5.9037,1,0.0,0.0,0.441,1.0,10.665,0.65,aman
0.0,0.0,0.0,92.47,24.94,26.25,6,1,1109.388,0.3115,2,0.0,0.0,0.9247,0.55,23.061,0.4,waspada
0.0,0.0,0.0,43.18,34.22,3.83,11,0,2254.646,6.9153,0,0.0,0.0,0.4318,0.55,14.776,0.9,waspada
6.611,10.07,38.565,70.29,9.43,24.11,3,0,2272.814,5.4677,2,6.611,3.3566,0.7029,0.85,6.628,0.4,aman
0.0,0.0,0.0,64.68,12.17,5.7,7,1,1897.198,0.05,0,0.0,0.0,0.6468,0.85,7.872,0.7,waspada
1.533,4.038,12.193,57.47,9.26,6.72,8,1,1422.631,4.6455,0,1.533,1.346,0.5747,0.75,5.322,0.9,aman
0.0,0.0,0.0,48.87,7.92,19.49,7,1,2164.635,2.6025,0,0.0,0.0,0.4887,0.85,3.869,0.5,aman
22.741,35.201,89.015,81.92,13.35,11.56,10,0,1844.356,4.7819,0,22.741,11.7335,0.8192,0.85,10.941,0.7,waspada
2.218,5.425,15.279,95.87,11.2,16.13,8,1,1398.441,5.1133,0,2.218,1.8082,0.9587,0.85,10.734,0.2,waspada
2.639,4.302,8.69,89.16,30.94,20.25,7,1,2094.917,5.3336,0,2.639,1.4339,0.8916,0.85,27.589,0.75,waspada
6.76,17.338,37.26,55.78,24.52,28.8,10,0,1323.243,3.7783,1,6.76,5.7794,0.5578,1.0,13.675,0.2,aman
0.0,0.0,0.0,30.35,18.25,21.67,2,0,1606.573,7.5821,0,0.0,0.0,0.3035,1.0,5.539,0.55,aman
0.0,0.0,0.0,47.16,2.2,7.95,9,1,1709.344,8.6243,0,0.0,0.0,0.4716,1.0,1.036,0.6,aman
3.328,6.309,25.03,62.2,14.0,21.01,9,1,2008.39,6.0849,1,3.328,2.1031,0.622,0.85,8.71,0.65,aman
0.0,0.0,0.0,62.21,3.3,12.75,12,0,1373.792,3.4356,2,0.0,0.0,0.6221,0.55,2.054,0.35,waspada
54.454,99.731,289.285,35.31,26.13,0.62,12,0,1953.109,2.5247,3,54.454,33.2437,0.3531,0.75,9.226,0.4,waspada
0.0,0.0,0.0,80.82,30.66,27.75,12,0,1565.025,0.05,1,0.0,0.0,0.8082,0.75,24.777,0.65,waspada
8.996,14.113,43.138,94.02,11.53,31.37,9,1,2032.622,6.7292,2,8.996,4.7044,0.9402,0.85,10.837,0.4,waspada
143.693,222.691,389.84,64.63,35.52,32.81,12,0,1485.758,5.1909,1,143.693,74.2303,0.6463,0.55,22.953,0.65,siaga
0.0,0.0,0.0,69.43,4.83,2.72,6,1,1842.855,3.1439,1,0.0,0.0,0.6943,0.55,3.352,0.9,waspada
0.0,0.0,0.0,32.09,2.07,16.87,6,1,1255.379,2.6931,1,0.0,0.0,0.3209,0.75,0.664,0.8,aman
112.08,211.745,452.56,41.02,9.08,33.29,8,1,1115.047,7.837,1,112.08,70.5817,0.4102,0.35,3.724,0.2,siaga
0.783,2.201,8.525,84.92,23.08,28.22,7,1,1732.884,7.8744,1,0.783,0.7337,0.8492,0.55,19.602,0.55,waspada
69.001,172.239,592.278,63.33,30.45,28.74,11,0,3032.053,5.0877,0,69.001,57.413,0.6333,0.85,19.287,0.9,siaga
17.058,33.331,66.752,39.48,8.0,0.69,3,0,1566.317,0.05,3,17.058,11.1104,0.3948,0.85,3.157,0.55,waspada
2.432,5.616,22.655,48.13,25.04,18.94,3,0,1850.654,2.2394,2,2.432,1.8721,0.4813,0.55,12.049,0.3,waspada
0.0,0.0,0.0,90.22,24.81,12.78,6,1,1999.919,5.9861,2,0.0,0.0,0.9022,0.75,22.387,0.35,waspada
133.071,216.946,382.29,35.63,4.27,0.75,2,0,2097.367,0.8445,1,133.071,72.3154,0.3563,0.85,1.52,0.9,waspada
0.0,0.0,0.0,41.58,33.65,31.98,5,0,996.205,12.9787,0,0.0,0.0,0.4158,0.55,13.991,0.85,aman
8.989,22.271,76.628,63.07,12.35,33.59,7,1,1375.2,1.3364,0,8.989,7.4237,0.6307,0.75,7.789,0.9,waspada
9.254,18.475,45.452,73.66,12.95,20.42,12,0,2240.334,1.2432,1,9.254,6.1585,0.7366,1.0,9.54,0.7,waspada
2.703,5.303,14.758,70.34,3.03,31.87,4,0,1717.999,1.1339,1,2.703,1.7678,0.7034,0.85,2.133,0.25,aman
0.0,0.0,0.0,96.59,2.42,27.33,1,0,2156.98,0.05,3,0.0,0.0,0.9659,0.85,2.334,0.55,waspada
0.0,0.0,0.0,79.43,27.49,6.89,11,0,1823.837,4.196,1,0.0,0.0,0.7943,0.85,21.835,0.4,aman
6.573,14.166,41.487,96.15,24.07,2.4,7,1,1548.024,3.2792,1,6.573,4.7219,0.9615,0.75,23.143,0.45,waspada
0.0,0.0,0.0,54.55,21.18,6.59,11,0,1781.08,7.8901,1,0.0,0.0,0.5455,0.75,11.551,0.1,aman
0.0,0.0,0.0,70.37,35.28,4.57,12,0,1938.561,4.0757,2,0.0,0.0,0.7037,0.75,24.826,0.85,waspada
19.068,37.884,104.175,87.95,24.08,33.68,10,0,1709.807,4.6843,3,19.068,12.628,0.8795,0.15,21.175,0.85,siaga
0.0,0.0,0.0,55.34,20.5,8.37,4,0,1974.902,4.2173,2,0.0,0.0,0.5534,0.75,11.343,0.8,aman
5.428,12.499,59.915,58.39,28.41,34.94,10,0,1845.235,5.0432,0,5.428,4.1664,0.5839,1.0,16.592,0.2,aman
10.038,19.317,66.137,83.12,15.03,10.06,3,0,1925.707,5.2588,2,10.038,6.4391,0.8312,0.85,12.49,0.7,waspada
0.0,0.0,0.0,63.35,36.29,16.29,8,1,1850.074,2.8225,0,0.0,0.0,0.6335,1.0,22.986,0.5,aman
16.478,39.72,157.896,76.07,17.74,32.75,6,1,1830.758,5.704,2,16.478,13.24,0.7607,0.75,13.495,0.3,waspada
15.372,32.629,121.667,52.72,7.97,13.94,9,1,1677.131,3.134,1,15.372,10.8764,0.5272,0.85,4.2,0.8,waspada
136.941,179.333,335.948,75.64,7.68,14.6,7,1,2164.79,3.5791,1,136.941,59.7778,0.7564,0.55,5.81,0.55,siaga
12.976,23.481,60.262,31.6,30.52,9.21,6,1,2000.78,3.4845,0,12.976,7.8269,0.316,1.0,9.646,0.45,aman
0.0,0.0,0.0,41.51,14.75,23.76,11,0,1836.421,5.0386,2,0.0,0.0,0.4151,1.0,6.124,0.3,aman
0.676,1.554,6.186,71.94,15.21,17.1,1,0,2043.429,6.9314,1,0.676,0.518,0.7194,0.55,10.945,0.75,waspada
3.664,7.044,25.02,59.95,18.03,1.93,4,0,2006.275,2.5535,1,3.664,2.3479,0.5995,1.0,10.81,0.35,aman
0.0,0.0,0.0,43.07,14.01,11.39,10,0,2401.463,0.05,1,0.0,0.0,0.4307,1.0,6.033,0.1,aman
2.321,4.072,18.984,40.9,25.18,13.94,3,0,2171.975,5.2377,0,2.321,1.3574,0.409,1.0,10.301,0.45,aman
0.0,0.0,0.0,34.37,10.88,18.19,9,1,1668.231,0.1735,3,0.0,0.0,0.3437,0.85,3.74,0.7,aman
0.0,0.0,0.0,83.64,22.26,4.92,6,1,1855.421,9.0983,1,0.0,0.0,0.8364,0.85,18.621,0.45,waspada
0.0,0.0,0.0,44.07,3.64,31.08,10,0,1514.004,4.9966,1,0.0,0.0,0.4407,1.0,1.604,0.5,aman
0.0,0.0,0.0,81.36,15.54,9.9,9,1,2239.933,1.8706,0,0.0,0.0,0.8136,0.75,12.642,0.75,waspada
0.0,0.0,0.0,67.57,12.52,7.02,3,0,2611.008,0.05,0,0.0,0.0,0.6757,0.55,8.456,0.85,waspada
0.0,0.0,0.0,89.68,24.55,15.8,3,0,1732.126,4.5753,2,0.0,0.0,0.8968,0.85,22.02,0.7,waspada
18.573,37.789,123.984,47.42,3.81,32.52,5,0,2061.0,3.4212,1,18.573,12.5962,0.4742,0.15,1.805,0.25,siaga
0.0,0.0,0.0,45.94,27.93,11.16,5,0,2275.45,3.7507,2,0.0,0.0,0.4594,1.0,12.831,0.65,aman
20.559,45.061,114.198,80.42,10.3,8.58,11,0,1588.589,4.0955,0,20.559,15.0202,0.8042,0.75,8.283,0.25,waspada
4.806,7.302,32.833,60.33,5.62,28.83,1,0,1442.957,4.7749,0,4.806,2.4339,0.6033,0.85,3.392,0.85,waspada
0.0,0.0,0.0,54.8,5.48,31.46,12,0,1681.238,11.2909,0,0.0,0.0,0.548,0.85,3.003,0.2,aman
0.0,0.0,0.0,91.7,29.99,1.65,3,0,2247.976,0.05,0,0.0,0.0,0.917,0.75,27.501,0.8,waspada
1.666,2.891,6.689,52.24,21.91,0.83,10,0,1604.364,6.0851,1,1.666,0.9637,0.5224,0.35,11.445,0.5,waspada
14.06,24.498,90.592,70.74,34.98,4.6,8,1,1207.996,2.327,0,14.06,8.1661,0.7074,0.85,24.743,0.4,waspada
72.516,134.552,447.62,91.44,17.2,25.18,11,0,1551.297,0.3825,3,72.516,44.8506,0.9144,0.75,15.728,0.45,siaga
12.339,25.278,100.183,89.09,37.89,21.43,9,1,2092.734,8.8074,3,12.339,8.4259,0.8909,0.75,33.755,0.35,waspada
4.411,13.121,56.753,62.81,18.99,6.83,6,1,1931.423,7.0634,0,4.411,4.3735,0.6281,0.55,11.928,0.35,waspada
1.816,3.28,10.438,65.71,9.9,17.06,7,1,1933.888,6.2268,1,1.816,1.0934,0.6571,0.35,6.503,0.3,waspada
5.983,15.057,54.524,69.92,16.76,28.86,1,0,2074.58,2.7889,0,5.983,5.0192,0.6992,0.85,11.719,0.3,waspada
0.0,0.0,0.0,75.58,28.97,5.17,5,0,1897.634,5.8462,1,0.0,0.0,0.7558,0.85,21.898,0.25,aman
2.306,5.822,21.555,90.44,23.66,6.97,8,1,1780.001,2.0998,1,2.306,1.9408,0.9044,0.35,21.4,0.55,siaga
0.0,0.0,0.0,71.75,3.56,8.23,6,1,2209.727,7.1802,1,0.0,0.0,0.7175,1.0,2.555,0.3,aman
21.419,49.534,175.256,55.39,30.8,8.89,1,0,1969.91,6.8204,1,21.419,16.5112,0.5539,0.85,17.059,0.5,waspada
0.0,0.0,0.0,71.98,22.82,26.17,3,0,2022.769,8.8751,0,0.0,0.0,0.7198,0.85,16.425,0.85,aman
0.0,0.0,0.0,89.57,8.06,24.74,7,1,2530.6,5.8001,0,0.0,0.0,0.8957,0.85,7.222,0.4,waspada
0.0,0.0,0.0,92.93,10.79,12.35,12,0,1462.99,9.1305,0,0.0,0.0,0.9293,0.35,10.029,0.15,waspada
0.0,0.0,0.0,97.16,8.14,28.02,10,0,1417.393,3.401,0,0.0,0.0,0.9716,0.85,7.907,0.5,waspada
0.0,0.0,0.0,78.07,25.36,2.4,4,0,1858.813,5.0245,2,0.0,0.0,0.7807,1.0,19.796,0.3,aman
0.0,0.0,0.0,63.27,5.41,5.0,11,0,1549.437,1.7388,0,0.0,0.0,0.6327,1.0,3.425,0.45,aman
4.095,8.935,39.103,61.3,4.71,4.68,6,1,2126.665,2.2287,1,4.095,2.9782,0.613,0.35,2.889,0.35,waspada
0.0,0.0,0.0,80.0,30.02,5.28,1,0,1735.641,6.4169,0,0.0,0.0,0.8,0.85,24.016,0.65,waspada
2.082,4.851,12.251,69.34,11.18,29.83,3,0,1807.939,7.77,0,2.082,1.6169,0.6934,0.85,7.754,0.85,waspada
0.0,0.0,0.0,54.71,32.18,12.32,5,0,1528.027,6.4666,2,0.0,0.0,0.5471,0.75,17.603,0.1,aman
2.559,5.987,12.54,63.37,11.05,28.06,6,1,1708.646,0.1051,1,2.559,1.9957,0.6337,0.75,7.003,0.75,waspada
0.0,0.0,0.0,67.88,22.34,21.25,4,0,1338.308,0.9377,0,0.0,0.0,0.6788,0.75,15.164,0.8,waspada
4.447,8.138,22.747,82.22,31.44,13.01,8,1,1716.285,8.8839,0,4.447,2.7128,0.8222,0.85,25.851,0.55,waspada
0.0,0.0,0.0,54.23,26.88,11.35,3,0,1187.379,2.3151,0,0.0,0.0,0.5423,0.85,14.578,0.45,aman
0.0,0.0,0.0,57.22,18.52,20.52,12,0,1630.718,4.5328,0,0.0,0.0,0.5722,0.85,10.597,0.75,aman
0.0,0.0,0.0,76.2,18.93,25.13,7,1,1936.259,5.9938,1,0.0,0.0,0.762,0.85,14.422,0.55,waspada
40.652,77.176,223.482,37.36,24.12,18.56,7,1,980.523,0.05,1,40.652,25.7253,0.3736,0.75,9.009,0.35,waspada
10.811,16.882,35.158,39.11,32.26,10.9,8,1,2416.835,3.7491,0,10.811,5.6274,0.3911,1.0,12.617,0.35,aman
0.0,0.0,0.0,82.71,19.6,2.56,1,0,1543.048,8.5844,3,0.0,0.0,0.8271,1.0,16.212,0.85,aman
2.971,4.572,14.43,91.26,4.93,22.72,6,1,2561.014,4.5447,1,2.971,1.5242,0.9126,1.0,4.501,0.45,waspada
45.883,88.561,215.538,69.57,3.8,32.74,5,0,2419.22,3.4568,1,45.883,29.5203,0.6957,0.75,2.647,0.45,siaga
0.0,0.0,0.0,48.73,22.3,6.09,7,1,1452.537,3.9603,1,0.0,0.0,0.4873,1.0,10.866,0.15,aman
0.0,0.0,0.0,50.08,25.77,34.42,12,0,2158.599,6.2103,2,0.0,0.0,0.5008,0.75,12.904,0.2,aman
53.531,127.734,262.27,42.28,28.4,3.38,4,0,2409.029,0.9823,1,53.531,42.5781,0.4228,0.75,12.004,0.3,siaga
9.561,15.637,58.622,91.46,25.42,5.09,12,0,1806.999,4.317,0,9.561,5.2124,0.9146,1.0,23.248,0.9,waspada
144.294,202.155,452.845,87.03,24.15,23.5,7,1,1521.659,3.6105,0,144.294,67.3849,0.8703,0.55,21.021,0.85,siaga
7.881,17.302,59.689,97.71,8.29,32.91,1,0,2552.829,2.5012,0,7.881,5.7672,0.9771,0.85,8.097,0.65,waspada
13.487,24.089,90.784,78.69,14.82,33.27,7,1,2123.53,0.1311,1,13.487,8.0295,0.7869,0.85,11.664,0.25,waspada
93.969,165.16,285.471,67.96,11.21,25.52,3,0,2048.391,4.0665,1,93.969,55.0534,0.6796,1.0,7.617,0.2,siaga
14.073,29.972,68.7,79.62,31.7,19.15,4,0,1750.339,2.8874,1,14.073,9.9906,0.7962,0.35,25.238,0.35,siaga
0.98,1.983,8.755,84.56,12.51,30.86,4,0,1497.33,0.05,0,0.98,0.661,0.8456,0.55,10.577,0.5,waspada
0.0,0.0,0.0,92.03,19.55,7.77,4,0,1351.005,4.9235,0,0.0,0.0,0.9203,0.75,17.992,0.7,waspada
0.0,0.0,0.0,73.05,3.55,13.6,11,0,1984.848,4.2238,0,0.0,0.0,0.7305,0.85,2.592,0.3,aman
26.413,51.142,107.62,44.07,29.1,5.57,9,1,2497.168,1.3573,2,26.413,17.0475,0.4407,1.0,12.823,0.65,waspada
13.401,26.634,97.756,76.02,21.1,23.52,5,0,1963.549,4.342,0,13.401,8.8781,0.7602,0.75,16.038,0.75,waspada
2.982,8.057,30.596,45.16,3.88,31.74,3,0,1409.527,4.1081,0,2.982,2.6856,0.4516,1.0,1.754,0.2,aman
0.0,0.0,0.0,31.55,19.59,9.24,6,1,2568.744,5.8002,0,0.0,0.0,0.3155,0.15,6.182,0.45,waspada
21.125,32.764,81.836,85.3,33.12,20.78,1,0,2791.318,3.9232,1,21.125,10.9213,0.853,0.75,28.246,0.65,waspada
4.205,6.712,14.084,97.45,22.83,25.06,10,0,1997.557,8.7946,1,4.205,2.2372,0.9745,0.85,22.25,0.85,waspada
0.0,0.0,0.0,60.03,31.5,24.14,9,1,1742.312,1.3869,1,0.0,0.0,0.6003,0.85,18.912,0.4,aman
0.0,0.0,0.0,42.41,24.6,17.65,10,0,2388.123,10.32,0,0.0,0.0,0.4241,0.75,10.432,0.35,aman
0.0,0.0,0.0,66.67,27.31,2.71,2,0,1447.653,3.947,0,0.0,0.0,0.6667,0.85,18.206,0.45,aman
0.0,0.0,0.0,32.86,8.69,18.56,12,0,1831.632,3.4233,1,0.0,0.0,0.3286,1.0,2.855,0.7,aman
6.56,11.664,27.965,67.08,26.08,23.96,11,0,2234.871,11.5558,2,6.56,3.8879,0.6708,0.75,17.496,0.8,waspada
33.142,53.495,131.436,75.62,12.23,33.49,10,0,1562.089,1.3571,0,33.142,17.8317,0.7562,0.75,9.247,0.65,siaga
4.979,9.513,35.206,51.24,27.89,4.21,12,0,1856.519,5.3702,0,4.979,3.1711,0.5124,1.0,14.293,0.8,aman
0.0,0.0,0.0,66.04,18.84,27.07,3,0,1756.921,5.8556,1,0.0,0.0,0.6604,1.0,12.442,0.3,aman
0.0,0.0,0.0,45.82,33.03,28.6,9,1,2285.129,4.4783,0,0.0,0.0,0.4582,0.85,15.133,0.15,aman
6.057,16.829,43.594,36.04,21.1,21.62,8,1,1884.003,5.0345,0,6.057,5.6095,0.3604,0.85,7.603,0.6,aman
16.794,32.362,106.452,41.8,10.66,17.63,11,0,1391.498,0.05,1,16.794,10.7872,0.418,0.85,4.457,0.45,waspada
11.799,29.272,71.733,45.61,23.66,33.67,8,1,1880.345,5.3161,2,11.799,9.7574,0.4561,1.0,10.79,0.9,waspada
7.709,11.943,24.152,56.33,26.51,26.32,11,0,1760.455,8.8926,0,7.709,3.981,0.5633,0.55,14.932,0.65,waspada
16.437,27.496,84.234,32.13,22.21,29.03,7,1,2143.361,7.4232,0,16.437,9.1654,0.3213,1.0,7.136,0.9,aman
4.684,9.848,22.381,69.35,30.83,1.7,1,0,1640.892,10.4189,2,4.684,3.2827,0.6935,0.85,21.384,0.25,aman
0.0,0.0,0.0,97.57,32.03,19.66,8,1,1427.065,7.9811,1,0.0,0.0,0.9757,1.0,31.251,0.6,waspada
0.0,0.0,0.0,61.32,32.1,9.63,3,0,1610.557,8.3352,3,0.0,0.0,0.6132,1.0,19.684,0.25,aman
0.0,0.0,0.0,95.13,17.85,14.83,10,0,2172.173,6.7964,2,0.0,0.0,0.9513,0.85,16.977,0.85,waspada
4.059,7.372,24.456,65.16,5.86,11.84,4,0,1521.129,7.6777,0,4.059,2.4575,0.6516,1.0,3.821,0.65,aman
31.934,77.296,181.542,54.4,22.51,26.12,8,1,1674.181,4.7401,1,31.934,25.7653,0.544,0.75,12.242,0.4,waspada
0.0,0.0,0.0,58.52,7.35,23.85,8,1,2095.124,3.0592,2,0.0,0.0,0.5852,0.85,4.304,0.5,aman
5.276,14.19,58.964,78.62,7.48,19.37,11,0,2289.168,3.0277,1,5.276,4.7299,0.7862,0.75,5.879,0.2,waspada
1.514,3.917,16.375,81.63,13.4,27.48,2,0,2370.49,3.9007,0,1.514,1.3056,0.8163,0.85,10.936,0.85,waspada
12.347,30.108,88.094,86.12,10.96,18.17,1,0,1648.085,5.136,1,12.347,10.0361,0.8612,0.75,9.437,0.7,waspada
99.097,134.675,280.909,59.95,31.39,10.63,6,1,1512.593,6.8814,1,99.097,44.8917,0.5995,0.55,18.815,0.55,siaga
6.696,16.62,46.216,68.86,6.95,30.94,12,0,1822.31,3.0757,2,6.696,5.5399,0.6886,0.85,4.784,0.35,waspada
1.476,3.193,9.427,36.01,26.06,26.91,9,1,1306.774,6.9839,0,1.476,1.0645,0.3601,0.75,9.383,0.6,aman
20.654,33.691,129.927,51.45,14.64,5.46,11,0,1553.641,3.6651,3,20.654,11.2302,0.5145,0.85,7.531,0.15,waspada
91.14,154.683,372.319,73.62,18.11,30.74,5,0,2230.36,4.8451,2,91.14,51.5612,0.7362,0.75,13.334,0.25,siaga
1.156,3.05,13.509,97.23,23.38,3.91,3,0,1806.41,1.6039,1,1.156,1.0166,0.9723,1.0,22.73,0.6,waspada
11.569,21.177,61.212,53.57,5.9,23.12,9,1,1729.917,3.8956,1,11.569,7.0589,0.5357,0.75,3.16,0.4,waspada
0.0,0.0,0.0,94.32,5.02,33.42,11,0,2197.809,4.8536,2,0.0,0.0,0.9432,0.85,4.736,0.65,waspada
0.0,0.0,0.0,85.45,25.74,1.19,2,0,1898.611,9.1965,2,0.0,0.0,0.8545,1.0,21.996,0.9,waspada
99.292,150.428,266.249,37.31,4.55,4.55,10,0,1624.761,6.6529,1,99.292,50.1425,0.3731,0.85,1.698,0.5,waspada
0.0,0.0,0.0,36.67,14.79,12.23,12,0,1761.249,2.2208,0,0.0,0.0,0.3667,0.75,5.423,0.45,aman
13.683,33.077,80.851,87.72,5.3,15.43,10,0,1364.261,7.5878,2,13.683,11.0258,0.8772,0.75,4.65,0.4,waspada
6.258,16.678,41.684,70.79,10.12,26.85,1,0,1738.534,3.2756,0,6.258,5.5593,0.7079,0.75,7.162,0.7,waspada
0.0,0.0,0.0,84.28,23.36,22.73,1,0,1934.375,1.7547,2,0.0,0.0,0.8428,0.35,19.687,0.45,waspada
0.0,0.0,0.0,68.89,3.83,3.08,5,0,2408.396,6.8663,2,0.0,0.0,0.6889,1.0,2.636,0.55,aman
3.406,5.675,25.51,77.38,23.53,23.28,9,1,2684.039,1.7343,2,3.406,1.8915,0.7738,0.75,18.207,0.15,waspada
0.0,0.0,0.0,47.51,12.42,31.31,2,0,1872.88,6.6454,1,0.0,0.0,0.4751,0.35,5.902,0.5,waspada
0.0,0.0,0.0,61.13,35.44,21.66,11,0,2329.244,8.7563,0,0.0,0.0,0.6113,1.0,21.665,0.35,aman
0.0,0.0,0.0,57.08,37.76,34.01,4,0,1339.18,4.6192,2,0.0,0.0,0.5708,0.75,21.553,0.15,aman
0.0,0.0,0.0,65.81,26.06,6.58,4,0,2119.088,5.5403,0,0.0,0.0,0.6581,0.75,17.15,0.5,waspada
0.0,0.0,0.0,31.81,34.36,27.44,4,0,1846.514,0.05,0,0.0,0.0,0.3181,0.75,10.93,0.65,aman
15.801,29.416,62.423,76.87,6.35,7.6,3,0,1339.638,0.05,0,15.801,9.8053,0.7687,0.55,4.88,0.3,waspada
0.0,0.0,0.0,46.34,20.38,16.2,1,0,1780.904,8.7964,1,0.0,0.0,0.4634,0.55,9.445,0.65,waspada
36.021,87.338,250.528,67.49,20.54,28.66,5,0,1655.17,5.784,1,36.021,29.1127,0.6749,0.85,13.862,0.75,siaga
20.517,36.921,111.014,73.51,21.37,27.23,4,0,1531.447,6.0763,1,20.517,12.3071,0.7351,0.55,15.707,0.75,waspada
12.341,21.184,83.786,80.32,20.62,33.72,5,0,1026.094,6.5715,0,12.341,7.0614,0.8032,0.75,16.564,0.2,waspada
87.724,121.892,284.786,59.78,15.28,20.97,8,1,1695.339,5.704,0,87.724,40.6307,0.5978,1.0,9.136,0.6,waspada
36.463,55.99,182.548,95.61,21.97,13.26,4,0,2309.041,2.4493,1,36.463,18.6634,0.9561,1.0,21.009,0.6,siaga
0.0,0.0,0.0,68.73,32.7,31.51,6,1,1312.082,6.0561,2,0.0,0.0,0.6873,1.0,22.475,0.75,aman
0.0,0.0,0.0,60.18,14.46,8.68,2,0,2263.433,4.3138,2,0.0,0.0,0.6018,0.55,8.703,0.1,waspada
0.0,0.0,0.0,61.48,24.99,7.23,4,0,2712.745,6.2645,3,0.0,0.0,0.6148,0.75,15.364,0.15,aman
0.0,0.0,0.0,92.39,24.2,19.53,7,1,1715.098,1.6921,1,0.0,0.0,0.9239,0.75,22.362,0.75,waspada
122.402,221.913,350.409,65.22,14.01,2.79,1,0,2385.234,9.9565,0,122.402,73.971,0.6522,0.85,9.135,0.55,siaga
0.0,0.0,0.0,57.82,26.99,30.66,9,1,1881.322,6.4097,1,0.0,0.0,0.5782,0.85,15.605,0.15,aman
0.0,0.0,0.0,59.77,26.1,14.62,1,0,1450.144,7.5891,1,0.0,0.0,0.5977,1.0,15.602,0.4,aman
0.0,0.0,0.0,77.88,10.99,29.74,6,1,1483.402,5.1561,0,0.0,0.0,0.7788,0.55,8.561,0.65,waspada
0.0,0.0,0.0,71.04,33.88,22.17,12,0,2614.26,5.7214,1,0.0,0.0,0.7104,0.75,24.067,0.15,aman
124.876,231.854,366.201,52.56,27.91,1.56,12,0,2147.008,0.05,0,124.876,77.2846,0.5256,0.75,14.669,0.75,siaga
79.192,126.566,307.524,53.33,2.12,19.9,2,0,2124.622,5.1201,0,79.192,42.1887,0.5333,0.85,1.128,0.45,siaga
133.774,195.101,375.311,97.9,25.02,6.55,1,0,2445.159,6.4406,0,133.774,65.0336,0.979,0.75,24.494,0.85,siaga
0.0,0.0,0.0,84.01,36.85,4.99,12,0,2183.706,7.2743,0,0.0,0.0,0.8401,0.85,30.957,0.85,waspada
72.272,176.804,599.414,85.83,26.83,22.44,11,0,1997.326,0.0831,1,72.272,58.9347,0.8583,0.85,23.03,0.7,siaga
0.0,0.0,0.0,69.91,9.42,8.95,2,0,942.644,9.0546,0,0.0,0.0,0.6991,0.85,6.586,0.6,aman
0.0,0.0,0.0,43.85,27.83,2.54,4,0,1507.841,8.3432,0,0.0,0.0,0.4385,0.75,12.204,0.8,aman
90.718,125.053,309.632,57.95,26.6,32.07,8,1,1102.809,1.1478,0,90.718,41.6844,0.5795,1.0,15.415,0.5,siaga
0.0,0.0,0.0,57.75,10.03,14.88,9,1,2639.838,4.5935,1,0.0,0.0,0.5775,0.75,5.795,0.3,aman
77.443,170.961,454.641,62.14,17.92,21.29,9,1,1422.141,6.028,1,77.443,56.9871,0.6214,0.55,11.134,0.45,siaga
8.274,13.27,47.387,85.13,7.3,10.57,9,1,1915.707,4.6227,0,8.274,4.4234,0.8513,1.0,6.218,0.2,waspada
17.826,36.117,130.371,30.11,24.69,31.37,9,1,1882.138,3.9176,1,17.826,12.039,0.3011,0.85,7.434,0.9,waspada
12.724,25.341,95.625,86.26,30.39,24.73,8,1,2291.737,7.8181,0,12.724,8.4471,0.8626,0.75,26.218,0.9,waspada
4.416,12.39,45.786,96.53,23.49,17.54,8,1,1706.655,8.9996,1,4.416,4.1301,0.9653,1.0,22.675,0.25,waspada
0.0,0.0,0.0,74.69,22.09,11.41,2,0,1591.323,0.1331,1,0.0,0.0,0.7469,1.0,16.503,0.65,aman
3.386,7.863,20.353,36.79,21.15,28.03,2,0,1763.09,3.8179,3,3.386,2.621,0.3679,0.85,7.779,0.35,aman
4.05,10.112,28.168,88.99,11.02,12.04,11,0,2243.488,4.7802,1,4.05,3.3707,0.8899,1.0,9.808,0.45,waspada
0.0,0.0,0.0,43.3,17.05,2.54,11,0,1082.546,8.1757,1,0.0,0.0,0.433,0.75,7.384,0.3,aman
0.0,0.0,0.0,70.63,30.32,4.67,10,0,2152.753,4.4125,0,0.0,0.0,0.7063,0.85,21.413,0.2,aman
6.632,19.457,55.299,30.3,32.26,12.44,1,0,1415.975,4.8043,0,6.632,6.4857,0.303,1.0,9.778,0.8,aman
4.473,13.246,36.562,72.69,10.13,20.86,12,0,1628.666,4.5504,0,4.473,4.4154,0.7269,0.75,7.363,0.7,waspada
0.0,0.0,0.0,45.1,23.78,11.87,1,0,1514.336,6.2662,2,0.0,0.0,0.451,0.75,10.722,0.6,aman
2.774,5.468,13.106,66.12,25.34,8.86,2,0,1914.933,5.7289,0,2.774,1.8226,0.6612,0.55,16.753,0.55,waspada
48.046,104.533,247.516,47.23,19.71,24.18,4,0,1883.326,3.6521,1,48.046,34.8443,0.4723,0.85,9.307,0.7,waspada
4.0,9.454,38.534,67.31,32.53,19.93,10,0,2135.543,0.5467,1,4.0,3.1513,0.6731,0.85,21.895,0.25,waspada
0.0,0.0,0.0,36.54,24.24,4.87,11,0,2107.14,6.7938,0,0.0,0.0,0.3654,0.55,8.858,0.35,aman
6.246,18.297,76.512,32.54,21.56,29.03,4,0,2131.99,4.2859,0,6.246,6.0991,0.3254,1.0,7.015,0.7,aman
0.0,0.0,0.0,43.97,20.24,4.1,5,0,2030.699,6.2194,0,0.0,0.0,0.4397,0.35,8.9,0.7,waspada
7.792,12.376,45.274,92.28,12.2,1.68,9,1,2846.645,6.2273,0,7.792,4.1253,0.9228,0.55,11.26,0.45,waspada
0.0,0.0,0.0,32.74,5.6,19.92,1,0,1884.184,0.05,3,0.0,0.0,0.3274,1.0,1.834,0.85,aman
3.003,5.66,18.705,77.89,13.73,24.62,12,0,2408.472,3.895,2,3.003,1.8865,0.7789,1.0,10.691,0.55,aman
8.344,16.437,62.317,71.99,34.89,26.0,1,0,2091.84,11.068,0,8.344,5.4789,0.7199,1.0,25.114,0.1,aman
0.0,0.0,0.0,47.67,26.36,12.68,1,0,2128.445,7.2366,0,0.0,0.0,0.4767,0.85,12.566,0.35,aman
0.0,0.0,0.0,51.49,11.22,28.94,11,0,1995.347,2.4835,0,0.0,0.0,0.5149,1.0,5.776,0.1,aman
49.62,75.258,191.207,55.2,26.55,1.91,2,0,1893.353,1.6656,1,49.62,25.0859,0.552,0.85,14.656,0.7,siaga
0.0,0.0,0.0,50.39,30.24,22.32,6,1,1906.445,3.9376,2,0.0,0.0,0.5039,0.75,15.241,0.8,aman
0.0,0.0,0.0,60.1,37.2,6.47,2,0,1662.979,1.8426,2,0.0,0.0,0.601,0.85,22.354,0.4,aman
4.038,7.23,20.262,39.74,36.12,18.48,8,1,1615.751,8.9465,3,4.038,2.4101,0.3974,0.75,14.356,0.5,aman
8.874,17.828,63.236,48.54,37.78,22.78,12,0,1824.123,2.7764,2,8.874,5.9426,0.4854,0.75,18.335,0.4,waspada
45.934,113.436,253.782,61.31,16.87,33.11,1,0,1601.324,4.2722,0,45.934,37.8119,0.6131,1.0,10.341,0.35,waspada
47.353,88.861,283.031,50.93,11.9,31.93,9,1,1720.501,11.8287,1,47.353,29.6204,0.5093,1.0,6.058,0.6,waspada
0.833,1.554,5.605,73.29,24.71,27.45,2,0,1887.635,4.1857,1,0.833,0.518,0.7329,0.85,18.108,0.4,waspada
15.559,31.156,63.259,53.07,6.44,29.73,8,1,2627.788,2.0223,0,15.559,10.3853,0.5307,1.0,3.416,0.65,waspada
0.0,0.0,0.0,62.26,4.09,22.99,10,0,2122.777,1.9353,0,0.0,0.0,0.6226,1.0,2.544,0.7,aman
139.477,180.542,417.054,95.02,25.34,33.33,4,0,1466.021,2.3592,2,139.477,60.1805,0.9502,1.0,24.075,0.35,siaga
0.0,0.0,0.0,95.15,4.52,18.06,10,0,1823.385,6.8093,1,0.0,0.0,0.9515,1.0,4.303,0.75,aman
18.802,47.002,174.232,95.41,18.97,8.03,11,0,1604.792,0.05,1,18.802,15.6674,0.9541,0.75,18.101,0.85,siaga
8.312,13.89,51.573,48.34,7.49,15.25,9,1,1309.806,2.0245,0,8.312,4.6301,0.4834,0.85,3.62,0.4,aman
0.0,0.0,0.0,94.86,25.74,19.21,2,0,1673.049,6.4015,1,0.0,0.0,0.9486,0.75,24.419,0.65,waspada
0.0,0.0,0.0,68.28,21.91,25.9,4,0,1692.244,4.0553,1,0.0,0.0,0.6828,0.55,14.957,0.85,waspada
4.453,13.126,30.304,31.9,10.6,6.34,12,0,2409.796,8.7218,2,4.453,4.3752,0.319,0.75,3.38,0.15,aman
0.0,0.0,0.0,48.84,22.84,2.01,1,0,1677.957,0.05,0,0.0,0.0,0.4884,0.85,11.154,0.2,aman
7.311,18.071,42.891,70.01,21.33,21.1,11,0,1757.3,3.8549,0,7.311,6.0235,0.7001,0.75,14.932,0.45,waspada
0.0,0.0,0.0,65.84,2.83,26.77,8,1,1895.28,4.807,1,0.0,0.0,0.6584,0.55,1.866,0.5,waspada
6.602,17.416,67.848,85.1,34.94,16.86,4,0,1981.404,7.2767,0,6.602,5.8052,0.851,0.75,29.73,0.55,waspada
0.0,0.0,0.0,74.26,6.56,14.49,5,0,567.539,0.426,1,0.0,0.0,0.7426,0.75,4.868,0.45,waspada
79.681,186.276,570.497,93.65,27.92,25.09,6,1,671.135,0.267,3,79.681,62.0919,0.9365,0.75,26.142,0.2,siaga
142.552,175.119,411.47,45.13,31.19,21.34,10,0,633.738,0.058,1,142.552,58.373,0.4513,0.75,14.078,0.15,siaga
2.442,4.704,18.863,57.9,7.88,3.44,1,0,573.904,0.2127,1,2.442,1.5681,0.579,0.55,4.562,0.1,waspada
72.094,160.895,507.507,48.27,28.9,33.19,12,0,1114.792,1.4594,1,72.094,53.6317,0.4827,0.75,13.949,0.7,siaga
2.806,6.543,14.145,81.97,7.4,23.22,4,0,780.739,0.9923,2,2.806,2.1809,0.8197,0.75,6.065,0.85,waspada
0.0,0.0,0.0,84.45,2.23,19.95,11,0,476.295,0.1947,0,0.0,0.0,0.8445,0.85,1.88,0.1,waspada
0.683,1.564,6.979,72.53,5.11,10.5,10,0,570.833,0.4189,0,0.683,0.5213,0.7253,0.85,3.704,0.85,waspada
0.0,0.0,0.0,66.19,35.42,31.65,4,0,536.711,0.3297,2,0.0,0.0,0.6619,0.75,23.448,0.8,waspada
1.722,2.839,10.902,89.61,10.03,34.23,4,0,113.209,0.8218,1,1.722,0.9463,0.8961,0.55,8.988,0.25,waspada
0.0,0.0,0.0,35.56,24.93,30.66,9,1,631.758,1.3591,3,0.0,0.0,0.3556,0.55,8.865,0.65,waspada
6.04,10.777,42.91,85.41,34.01,22.97,8,1,733.429,0.5902,2,6.04,3.5922,0.8541,0.35,29.045,0.75,siaga
32.624,64.609,219.518,30.46,22.37,30.31,12,0,193.187,0.2011,0,32.624,21.5363,0.3046,0.15,6.815,0.2,siaga
3.342,6.354,26.533,62.29,27.39,29.84,6,1,320.072,0.484,1,3.342,2.1179,0.6229,0.55,17.059,0.1,waspada
35.785,80.367,212.057,50.9,9.84,25.29,9,1,385.867,0.879,0,35.785,26.789,0.509,0.75,5.008,0.35,siaga
0.0,0.0,0.0,78.44,13.38,17.16,4,0,412.885,0.05,0,0.0,0.0,0.7844,0.55,10.498,0.9,waspada
0.0,0.0,0.0,75.86,4.32,5.4,12,0,733.226,0.9139,2,0.0,0.0,0.7586,0.55,3.276,0.65,waspada
0.0,0.0,0.0,53.39,32.01,21.3,8,1,855.635,0.292,1,0.0,0.0,0.5339,0.75,17.091,0.6,waspada
0.0,0.0,0.0,59.1,10.33,15.3,2,0,692.523,0.05,0,0.0,0.0,0.591,1.0,6.105,0.45,aman
0.0,0.0,0.0,61.54,8.7,6.57,12,0,501.497,0.1786,0,0.0,0.0,0.6154,0.55,5.353,0.7,waspada
0.0,0.0,0.0,30.15,15.78,7.82,5,0,293.511,0.4938,1,0.0,0.0,0.3015,0.75,4.759,0.8,aman
0.0,0.0,0.0,71.79,11.2,5.65,11,0,273.513,1.2703,0,0.0,0.0,0.7179,0.55,8.039,0.5,waspada
11.312,21.3,60.344,32.83,23.27,19.27,2,0,474.128,1.0866,1,11.312,7.0999,0.3283,0.35,7.64,0.9,waspada
59.001,139.335,410.42,41.9,21.2,12.97,7,1,440.865,1.6132,0,59.001,46.445,0.419,0.55,8.884,0.7,siaga
0.0,0.0,0.0,53.35,18.37,8.17,3,0,644.576,0.7919,2,0.0,0.0,0.5335,0.85,9.8,0.15,aman
0.0,0.0,0.0,90.45,5.13,12.7,3,0,543.923,0.05,2,0.0,0.0,0.9045,0.55,4.645,0.2,waspada
0.0,0.0,0.0,73.8,36.45,25.34,4,0,515.039,0.574,2,0.0,0.0,0.738,0.75,26.898,0.85,waspada
4.12,12.082,25.75,85.07,15.51,15.15,1,0,73.863,1.9323,3,4.12,4.0273,0.8507,0.75,13.191,0.45,waspada
0.0,0.0,0.0,52.19,7.93,25.22,2,0,470.482,1.1707,1,0.0,0.0,0.5219,0.35,4.139,0.3,waspada
15.835,27.691,56.473,39.11,34.61,21.97,7,1,583.26,1.186,3,15.835,9.2303,0.3911,0.75,13.538,0.15,waspada
0.0,0.0,0.0,67.75,28.78,3.56,11,0,529.73,0.05,1,0.0,0.0,0.6775,0.75,19.503,0.25,waspada
0.865,1.384,2.782,96.03,22.74,6.97,9,1,889.89,1.383,1,0.865,0.4614,0.9603,0.75,21.839,0.2,waspada
21.965,33.207,102.349,36.98,34.08,1.52,9,1,368.425,1.7586,1,21.965,11.069,0.3698,0.55,12.603,0.6,waspada
0.0,0.0,0.0,81.06,28.85,14.72,2,0,749.967,0.0789,2,0.0,0.0,0.8106,0.75,23.384,0.2,waspada
7.654,14.573,34.641,81.42,21.1,12.5,8,1,692.739,0.4045,0,7.654,4.8575,0.8142,0.75,17.176,0.6,waspada
18.642,45.589,117.588,84.29,18.28,4.16,8,1,592.254,1.1014,1,18.642,15.1964,0.8429,0.55,15.408,0.2,siaga
0.0,0.0,0.0,34.19,28.88,13.25,7,1,410.726,0.4131,3,0.0,0.0,0.3419,0.75,9.874,0.1,aman
23.893,52.022,192.986,46.86,4.01,6.93,9,1,374.068,1.6888,3,23.893,17.3406,0.4686,0.55,1.878,0.2,waspada
2.187,4.892,18.286,60.04,36.57,17.29,3,0,570.261,0.05,3,2.187,1.6305,0.6004,0.35,21.957,0.3,waspada
0.0,0.0,0.0,60.74,21.45,0.32,4,0,489.688,0.05,0,0.0,0.0,0.6074,0.85,13.03,0.25,aman
7.064,20.239,75.599,96.64,37.79,30.72,12,0,750.467,0.9597,0,7.064,6.7464,0.9664,0.75,36.518,0.8,waspada
18.431,28.411,80.943,97.83,9.92,0.3,2,0,724.002,0.617,2,18.431,9.4705,0.9783,0.75,9.705,0.15,waspada
0.0,0.0,0.0,82.05,5.9,22.29,9,1,273.562,0.336,2,0.0,0.0,0.8205,0.55,4.839,0.85,waspada
149.804,293.0,577.285,79.5,8.64,13.91,5,0,423.271,0.05,2,149.804,97.6666,0.795,0.55,6.867,0.15,siaga
0.0,0.0,0.0,34.64,23.38,7.4,10,0,776.64,0.6659,2,0.0,0.0,0.3464,1.0,8.097,0.25,aman
15.562,35.7,139.437,58.78,7.55,3.69,6,1,749.545,1.6675,2,15.562,11.9001,0.5878,0.55,4.436,0.4,waspada
3.835,9.52,30.578,60.32,23.97,7.46,5,0,822.196,0.05,2,3.835,3.1734,0.6032,0.85,14.461,0.55,waspada
13.222,21.711,54.317,66.65,22.63,33.33,3,0,963.723,0.7729,3,13.222,7.2368,0.6665,0.85,15.085,0.9,waspada
0.0,0.0,0.0,56.16,2.33,1.47,1,0,279.56,0.6404,3,0.0,0.0,0.5616,0.75,1.306,0.6,waspada
2.194,3.494,7.551,52.5,24.19,10.24,8,1,705.383,1.1855,2,2.194,1.1648,0.525,0.75,12.703,0.1,aman
0.0,0.0,0.0,38.16,24.45,32.38,12,0,357.658,1.2389,0,0.0,0.0,0.3816,0.35,9.332,0.9,waspada
112.482,212.231,324.974,48.04,32.03,12.06,12,0,867.292,0.3791,1,112.482,70.7436,0.4804,0.55,15.389,0.25,siaga
2.783,7.502,18.78,61.92,26.9,18.36,10,0,752.935,0.5459,3,2.783,2.5006,0.6192,0.85,16.655,0.45,waspada
0.0,0.0,0.0,62.25,25.93,24.18,10,0,1143.49,0.3202,0,0.0,0.0,0.6225,0.75,16.14,0.3,waspada
2.536,4.45,12.351,36.14,7.25,0.59,8,1,767.62,0.05,2,2.536,1.4833,0.3614,0.55,2.621,0.2,aman
0.707,1.29,4.703,79.4,23.26,29.86,3,0,1046.805,0.601,2,0.707,0.4301,0.794,0.85,18.468,0.8,waspada
0.0,0.0,0.0,79.21,23.29,22.9,12,0,378.955,0.7716,1,0.0,0.0,0.7921,0.75,18.448,0.15,waspada
9.926,18.522,58.092,81.9,11.8,13.83,8,1,412.639,1.0975,1,9.926,6.1739,0.819,0.35,9.661,0.25,waspada
61.168,144.357,491.992,33.48,6.27,16.93,10,0,605.771,0.7545,0,61.168,48.1191,0.3348,0.75,2.099,0.15,waspada
0.0,0.0,0.0,46.4,29.28,19.62,3,0,840.976,0.05,2,0.0,0.0,0.464,0.55,13.585,0.3,aman
0.0,0.0,0.0,33.02,20.97,31.31,3,0,543.284,0.2441,1,0.0,0.0,0.3302,0.75,6.925,0.8,aman
27.899,55.961,181.679,52.23,31.14,14.58,7,1,498.032,1.5863,2,27.899,18.6538,0.5223,0.35,16.266,0.55,siaga
9.586,20.493,80.793,61.93,8.46,14.55,6,1,909.259,1.3171,3,9.586,6.831,0.6193,0.75,5.242,0.4,waspada
8.523,18.607,38.962,81.95,36.42,6.65,9,1,869.105,0.05,1,8.523,6.2023,0.8195,0.75,29.849,0.7,waspada
16.486,33.929,111.815,64.13,13.18,1.89,3,0,667.069,0.9725,1,16.486,11.3097,0.6413,0.85,8.453,0.35,waspada
0.0,0.0,0.0,58.12,5.09,5.35,3,0,12.284,0.987,1,0.0,0.0,0.5812,0.75,2.961,0.35,waspada
0.0,0.0,0.0,92.25,17.93,29.7,11,0,261.071,0.6179,1,0.0,0.0,0.9225,0.35,16.545,0.2,waspada
0.0,0.0,0.0,44.62,23.58,9.19,1,0,543.392,0.5552,1,0.0,0.0,0.4462,0.75,10.519,0.55,aman
0.0,0.0,0.0,75.98,31.87,14.32,1,0,736.07,0.2881,2,0.0,0.0,0.7598,0.35,24.213,0.8,waspada
0.0,0.0,0.0,34.0,19.78,24.14,1,0,648.307,2.0984,3,0.0,0.0,0.34,0.55,6.727,0.85,waspada
0.0,0.0,0.0,37.45,22.24,24.45,3,0,205.778,0.4537,1,0.0,0.0,0.3745,0.75,8.33,0.35,waspada
17.391,42.763,154.338,84.56,23.26,0.55,7,1,510.959,0.4686,0,17.391,14.2543,0.8456,0.75,19.664,0.35,waspada
0.0,0.0,0.0,97.76,23.12,0.88,2,0,528.243,0.4934,1,0.0,0.0,0.9776,0.35,22.603,0.5,waspada
0.0,0.0,0.0,57.59,14.8,22.19,2,0,260.784,0.05,2,0.0,0.0,0.5759,0.75,8.526,0.1,waspada
18.983,39.697,155.13,85.18,14.56,27.15,4,0,422.909,1.5998,3,18.983,13.2324,0.8518,1.0,12.406,0.9,waspada
0.0,0.0,0.0,48.53,23.44,31.35,10,0,305.891,1.2649,2,0.0,0.0,0.4853,0.15,11.377,0.15,waspada
4.009,10.892,38.077,70.11,30.45,17.64,5,0,912.64,0.05,1,4.009,3.6308,0.7011,0.75,21.346,0.9,waspada
14.43,28.769,107.978,83.72,9.11,32.03,5,0,642.092,0.3415,3,14.43,9.5898,0.8372,0.55,7.624,0.55,siaga
7.386,21.269,44.77,68.33,28.15,11.77,2,0,459.521,1.0119,2,7.386,7.0897,0.6833,0.75,19.235,0.45,waspada
5.341,10.862,31.709,59.48,27.46,11.76,10,0,365.816,0.7934,3,5.341,3.6206,0.5948,0.75,16.335,0.25,aman
11.903,21.647,48.579,97.94,6.07,15.83,11,0,79.307,0.05,2,11.903,7.2157,0.9794,0.75,5.943,0.5,siaga
7.176,15.218,58.681,51.49,16.11,32.56,2,0,991.844,1.0921,3,7.176,5.0728,0.5149,0.55,8.293,0.3,waspada
1.418,3.011,6.37,65.42,9.66,1.48,9,1,1205.235,0.05,2,1.418,1.0037,0.6542,0.35,6.32,0.9,waspada
0.0,0.0,0.0,61.51,33.92,28.23,12,0,440.028,0.5249,0,0.0,0.0,0.6151,0.75,20.864,0.5,waspada
12.821,27.808,99.524,82.16,14.55,16.75,1,0,0.0,0.948,0,12.821,9.2694,0.8216,0.55,11.953,0.2,siaga
7.243,21.326,81.049,97.26,11.99,30.52,7,1,439.526,1.1989,1,7.243,7.1086,0.9726,1.0,11.66,0.2,waspada
22.855,46.005,100.512,67.71,6.22,4.87,1,0,582.886,0.6967,1,22.855,15.335,0.6771,0.75,4.215,0.6,waspada
0.0,0.0,0.0,91.12,33.39,3.42,7,1,198.624,0.4914,1,0.0,0.0,0.9112,0.85,30.429,0.6,waspada
22.213,46.603,121.523,50.12,17.84,14.72,6,1,611.141,0.05,2,22.213,15.5344,0.5012,0.75,8.942,0.25,waspada
6.167,15.898,44.554,51.81,37.55,5.54,2,0,745.774,0.05,0,6.167,5.2993,0.5181,0.55,19.451,0.25,waspada
0.0,0.0,0.0,39.57,24.13,32.4,6,1,737.738,1.2299,1,0.0,0.0,0.3957,1.0,9.548,0.7,aman
1.532,3.406,7.191,38.53,20.22,31.13,8,1,599.02,0.4504,0,1.532,1.1353,0.3853,0.35,7.791,0.5,waspada
59.49,101.727,204.32,43.52,4.73,15.53,9,1,520.895,1.1323,3,59.49,33.9089,0.4352,0.55,2.057,0.6,siaga
22.198,34.001,134.01,45.22,8.39,33.8,7,1,832.668,0.816,0,22.198,11.3338,0.4522,1.0,3.795,0.45,aman
0.0,0.0,0.0,34.6,11.0,8.97,2,0,419.161,0.3233,0,0.0,0.0,0.346,0.75,3.807,0.5,aman
22.684,51.812,177.644,91.91,16.43,33.38,6,1,98.561,1.5618,3,22.684,17.2706,0.9191,0.75,15.104,0.9,siaga
0.0,0.0,0.0,34.25,13.91,31.22,9,1,704.224,1.5203,2,0.0,0.0,0.3425,0.75,4.763,0.1,aman
1.881,4.228,15.812,87.45,30.65,17.22,12,0,466.47,0.8157,0,1.881,1.4092,0.8745,1.0,26.801,0.3,aman
15.913,25.78,75.045,55.53,9.08,2.93,4,0,843.174,0.2219,2,15.913,8.5935,0.5553,0.35,5.044,0.3,waspada
109.566,205.483,443.688,91.43,27.41,1.85,5,0,835.93,0.4218,1,109.566,68.4943,0.9143,0.85,25.057,0.1,siaga
0.0,0.0,0.0,75.25,20.11,34.04,8,1,520.796,0.8041,0,0.0,0.0,0.7525,0.85,15.132,0.7,waspada
16.01,33.377,68.45,93.38,2.49,33.66,7,1,966.506,0.05,0,16.01,11.1258,0.9338,0.75,2.324,0.3,waspada
88.474,138.418,245.313,34.56,7.66,8.6,7,1,572.796,0.7757,0,88.474,46.1394,0.3456,0.55,2.646,0.9,siaga
21.109,48.847,156.762,97.47,28.91,12.48,4,0,628.658,0.2661,1,21.109,16.2824,0.9747,0.75,28.178,0.15,siaga
5.487,12.176,45.438,66.68,23.55,2.3,3,0,57.195,1.1378,2,5.487,4.0588,0.6668,0.85,15.706,0.8,waspada
0.0,0.0,0.0,57.52,19.88,5.6,3,0,416.102,0.4204,2,0.0,0.0,0.5752,0.35,11.434,0.8,waspada
1.003,1.855,6.883,59.92,35.26,7.5,3,0,68.311,0.6336,2,1.003,0.6185,0.5992,0.85,21.126,0.8,waspada
9.489,23.674,52.04,67.87,4.97,25.68,11,0,335.02,1.4031,1,9.489,7.8913,0.6787,0.55,3.376,0.25,waspada
0.0,0.0,0.0,56.38,27.9,32.67,5,0,690.655,1.6562,1,0.0,0.0,0.5638,0.75,15.73,0.85,waspada
0.0,0.0,0.0,51.27,18.32,0.35,12,0,770.346,0.3252,2,0.0,0.0,0.5127,0.75,9.393,0.55,waspada
0.0,0.0,0.0,78.33,24.55,25.9,9,1,590.81,0.05,1,0.0,0.0,0.7833,0.35,19.23,0.5,waspada
6.155,9.471,37.696,69.2,13.67,7.12,3,0,1164.581,0.7813,2,6.155,3.1569,0.692,0.55,9.459,0.25,waspada
5.805,16.01,60.337,95.38,3.98,16.34,7,1,538.856,0.8822,1,5.805,5.3368,0.9538,0.35,3.796,0.75,siaga
12.848,24.476,83.344,93.91,8.25,9.25,11,0,843.842,0.2634,1,12.848,8.1586,0.9391,0.75,7.748,0.4,waspada
3.138,6.132,29.003,46.2,22.56,3.23,2,0,373.705,0.6438,3,3.138,2.0439,0.462,0.75,10.424,0.3,waspada
0.0,0.0,0.0,60.74,14.22,11.5,10,0,362.63,1.9081,2,0.0,0.0,0.6074,0.75,8.635,0.45,waspada
12.681,25.194,74.732,49.26,17.52,16.85,6,1,941.842,0.5115,3,12.681,8.398,0.4926,0.75,8.629,0.2,waspada
0.0,0.0,0.0,36.71,7.89,3.22,2,0,598.971,1.6996,1,0.0,0.0,0.3671,0.85,2.898,0.35,aman
22.663,36.083,116.146,34.97,27.76,33.91,2,0,691.822,1.4752,1,22.663,12.0276,0.3497,0.55,9.707,0.65,waspada
7.828,19.001,44.045,33.96,13.24,30.47,7,1,196.82,0.05,1,7.828,6.3337,0.3396,0.75,4.496,0.7,waspada
0.0,0.0,0.0,80.64,5.11,22.46,12,0,572.775,1.2076,1,0.0,0.0,0.8064,0.75,4.123,0.65,waspada
24.258,54.404,109.038,77.19,22.19,13.59,3,0,778.212,0.5898,2,24.258,18.1345,0.7719,0.75,17.125,0.55,waspada
125.33,246.613,421.399,61.12,10.77,17.61,10,0,485.976,1.6112,0,125.33,82.2042,0.6112,0.85,6.582,0.85,siaga
18.89,44.564,173.692,82.99,25.5,15.87,5,0,646.277,1.0573,2,18.89,14.8546,0.8299,0.75,21.164,0.1,waspada
0.0,0.0,0.0,77.54,16.62,7.42,6,1,1025.556,1.5191,2,0.0,0.0,0.7754,0.15,12.885,0.4,waspada
24.712,53.486,164.092,31.38,31.85,7.45,3,0,750.727,0.3695,1,24.712,17.8286,0.3138,1.0,9.995,0.35,waspada
0.0,0.0,0.0,55.64,33.4,32.85,11,0,769.736,2.1058,0,0.0,0.0,0.5564,0.55,18.581,0.9,waspada
6.858,20.059,68.397,68.04,34.36,33.05,1,0,474.972,0.3999,1,6.858,6.6863,0.6804,0.75,23.377,0.1,waspada
0.0,0.0,0.0,34.68,23.81,30.89,7,1,829.442,0.1775,1,0.0,0.0,0.3468,0.35,8.256,0.25,waspada
0.0,0.0,0.0,79.25,14.04,32.93,7,1,52.197,0.1595,3,0.0,0.0,0.7925,0.55,11.128,0.45,waspada
0.624,1.632,4.245,71.35,13.01,5.21,3,0,595.556,2.6045,2,0.624,0.544,0.7135,0.75,9.281,0.9,waspada
0.0,0.0,0.0,81.55,22.59,22.42,7,1,324.489,1.467,1,0.0,0.0,0.8155,0.85,18.423,0.5,waspada
19.08,34.559,117.416,42.32,37.97,10.18,10,0,664.19,0.6037,0,19.08,11.5197,0.4232,0.85,16.069,0.8,waspada
0.0,0.0,0.0,97.22,21.68,18.71,6,1,272.211,1.3363,2,0.0,0.0,0.9722,0.75,21.073,0.75,waspada
5.128,15.029,65.48,55.85,29.25,20.46,12,0,926.989,0.05,0,5.128,5.0095,0.5585,0.85,16.339,0.25,waspada
0.0,0.0,0.0,41.01,20.19,8.18,12,0,671.873,0.3249,1,0.0,0.0,0.4101,1.0,8.28,0.85,aman
1.987,4.346,12.986,32.76,13.05,27.84,5,0,830.294,0.7906,1,1.987,1.4485,0.3276,0.55,4.274,0.4,aman
1.813,4.817,10.111,61.46,30.74,18.99,8,1,535.244,0.4644,1,1.813,1.6055,0.6146,0.75,18.892,0.7,waspada
0.0,0.0,0.0,61.8,29.01,16.48,5,0,948.124,0.05,2,0.0,0.0,0.618,0.75,17.93,0.5,waspada
49.112,96.664,300.403,95.13,36.51,5.97,7,1,142.502,0.3718,1,49.112,32.2213,0.9513,0.75,34.729,0.25,siaga
7.965,17.719,52.04,75.91,23.55,8.65,2,0,671.124,1.2981,2,7.965,5.9063,0.7591,0.75,17.879,0.2,waspada
7.812,15.128,73.794,61.71,33.9,17.83,6,1,120.142,1.6318,1,7.812,5.0426,0.6171,1.0,20.92,0.55,waspada
0.0,0.0,0.0,77.87,34.74,2.73,6,1,773.909,1.465,2,0.0,0.0,0.7787,0.35,27.052,0.65,waspada
0.0,0.0,0.0,71.0,15.08,13.94,9,1,521.177,0.6622,0,0.0,0.0,0.71,0.85,10.707,0.7,waspada
22.45,55.911,180.865,46.32,22.16,21.67,12,0,799.234,0.9958,0,22.45,18.637,0.4632,0.75,10.266,0.15,waspada
56.387,131.861,429.829,47.21,18.77,26.94,8,1,444.63,0.05,2,56.387,43.9538,0.4721,0.85,8.863,0.25,waspada
9.01,16.278,64.673,34.12,15.96,9.83,5,0,308.199,0.05,0,9.01,5.4259,0.3412,0.75,5.447,0.85,waspada
0.0,0.0,0.0,95.32,11.8,18.93,12,0,631.035,0.05,3,0.0,0.0,0.9532,0.35,11.25,0.4,waspada
0.0,0.0,0.0,85.77,11.33,30.84,5,0,631.231,0.4076,0,0.0,0.0,0.8577,0.75,9.716,0.5,waspada
0.0,0.0,0.0,91.1,3.32,1.84,3,0,382.706,0.35,1,0.0,0.0,0.911,0.75,3.028,0.2,waspada
2.03,5.879,18.216,94.93,11.82,33.96,6,1,59.157,1.0853,0,2.03,1.9596,0.9493,0.75,11.224,0.35,waspada
1.836,3.762,12.586,78.02,19.83,7.43,12,0,1044.05,2.2281,1,1.836,1.254,0.7802,0.75,15.475,0.7,waspada
4.172,7.512,29.363,86.11,29.7,8.56,3,0,856.796,1.5002,0,4.172,2.5042,0.8611,0.75,25.575,0.75,waspada
0.0,0.0,0.0,33.83,12.3,24.8,12,0,868.746,1.1111,0,0.0,0.0,0.3383,0.35,4.159,0.55,waspada
119.913,233.438,544.044,53.65,36.15,4.52,9,1,895.776,1.376,1,119.913,77.8127,0.5365,0.75,19.396,0.9,siaga
0.0,0.0,0.0,36.99,25.06,7.47,4,0,268.776,0.3853,2,0.0,0.0,0.3699,0.55,9.272,0.8,waspada
3.576,5.485,16.403,36.22,32.94,19.92,5,0,740.284,1.6338,3,3.576,1.8282,0.3622,0.15,11.931,0.4,waspada
0.0,0.0,0.0,74.09,12.38,8.72,11,0,780.741,0.1752,1,0.0,0.0,0.7409,0.55,9.175,0.5,waspada
3.986,6.11,25.951,61.64,9.21,11.13,2,0,729.113,1.3374,2,3.986,2.0366,0.6164,0.85,5.677,0.5,waspada
0.0,0.0,0.0,71.22,6.85,7.58,12,0,453.725,1.8564,0,0.0,0.0,0.7122,0.75,4.882,0.8,waspada
0.0,0.0,0.0,77.37,27.23,3.02,2,0,1050.574,1.4005,3,0.0,0.0,0.7737,0.35,21.069,0.65,waspada
0.0,0.0,0.0,88.42,6.76,13.35,8,1,550.617,0.2706,3,0.0,0.0,0.8842,0.85,5.98,0.2,waspada
0.0,0.0,0.0,67.43,8.65,4.77,7,1,851.172,0.05,1,0.0,0.0,0.6743,1.0,5.836,0.8,aman
0.0,0.0,0.0,73.71,11.3,8.24,5,0,207.249,1.7087,1,0.0,0.0,0.7371,0.75,8.329,0.9,waspada
63.116,135.415,305.069,53.07,5.24,2.48,2,0,850.271,1.6292,0,63.116,45.1383,0.5307,0.75,2.778,0.7,siaga
0.0,0.0,0.0,57.16,37.02,9.59,9,1,661.42,0.6903,3,0.0,0.0,0.5716,0.75,21.158,0.15,aman
19.273,32.707,127.395,52.6,29.6,6.04,12,0,374.538,0.9071,0,19.273,10.9023,0.526,0.55,15.569,0.3,waspada
30.535,54.763,169.126,31.32,7.89,30.96,6,1,754.837,0.6388,1,30.535,18.2542,0.3132,0.75,2.471,0.85,waspada
138.094,234.419,526.289,30.87,15.86,27.95,10,0,547.233,1.4017,2,138.094,78.1396,0.3087,0.85,4.897,0.85,siaga
0.0,0.0,0.0,91.26,15.74,10.22,8,1,681.358,0.3145,2,0.0,0.0,0.9126,0.75,14.365,0.1,waspada
5.654,12.936,53.165,57.49,31.54,24.63,1,0,683.313,0.4552,2,5.654,4.3119,0.5749,1.0,18.131,0.5,aman
12.681,19.16,41.402,72.32,32.25,0.05,3,0,731.094,1.2215,0,12.681,6.3868,0.7232,0.85,23.321,0.3,waspada
6.35,15.288,37.924,73.59,9.7,31.24,11,0,780.646,0.8325,3,6.35,5.0962,0.7359,0.75,7.137,0.35,waspada
0.0,0.0,0.0,77.73,26.31,1.93,7,1,172.375,0.92,0,0.0,0.0,0.7773,0.75,20.448,0.25,waspada
0.0,0.0,0.0,57.34,20.17,22.05,2,0,108.34,1.2242,2,0.0,0.0,0.5734,0.75,11.564,0.5,waspada
12.839,27.227,68.683,56.86,29.35,28.41,10,0,1142.175,0.5448,1,12.839,9.0757,0.5686,0.85,16.69,0.45,waspada
27.673,68.899,186.452,38.69,3.86,22.39,8,1,862.75,0.2876,2,27.673,22.9662,0.3869,0.55,1.492,0.7,siaga
7.827,20.727,102.991,77.84,31.18,17.07,2,0,527.831,1.0679,1,7.827,6.9091,0.7784,0.15,24.268,0.45,siaga
43.79,87.317,213.902,30.63,32.02,18.28,7,1,639.417,1.3811,1,43.79,29.1056,0.3063,0.15,9.807,0.35,siaga
0.0,0.0,0.0,33.45,16.68,19.52,7,1,626.27,0.2164,0,0.0,0.0,0.3345,0.75,5.579,0.35,aman
0.0,0.0,0.0,69.43,6.13,31.63,12,0,301.49,1.136,2,0.0,0.0,0.6943,0.05,4.259,0.85,siaga
7.885,23.453,53.354,51.0,34.49,7.49,7,1,571.071,0.1592,2,7.885,7.8177,0.51,0.75,17.593,0.7,waspada
6.167,14.27,55.613,62.6,16.77,23.06,1,0,490.91,0.6112,2,6.167,4.7567,0.626,0.55,10.501,0.9,waspada
0.0,0.0,0.0,90.3,29.69,3.96,1,0,611.592,0.7041,1,0.0,0.0,0.903,0.55,26.808,0.3,waspada
0.0,0.0,0.0,95.76,16.34,2.02,5,0,269.848,0.1719,3,0.0,0.0,0.9576,0.75,15.651,0.75,waspada
12.796,30.164,118.731,62.65,26.37,7.59,6,1,867.953,0.6937,3,12.796,10.0546,0.6265,0.75,16.52,0.9,waspada
4.811,10.151,31.045,33.78,30.23,15.17,6,1,462.175,0.8991,3,4.811,3.3836,0.3378,0.85,10.21,0.3,aman
0.0,0.0,0.0,50.81,19.54,17.09,1,0,18.296,0.4337,1,0.0,0.0,0.5081,0.85,9.927,0.65,waspada
0.0,0.0,0.0,67.97,2.8,15.43,1,0,629.591,0.9021,2,0.0,0.0,0.6797,0.35,1.906,0.9,waspada
0.0,0.0,0.0,76.46,28.8,19.01,1,0,215.97,0.05,2,0.0,0.0,0.7646,0.55,22.024,0.9,waspada
0.0,0.0,0.0,46.95,35.56,19.47,11,0,696.468,0.4085,1,0.0,0.0,0.4695,0.75,16.697,0.75,waspada
1.741,3.014,14.413,75.09,37.23,5.36,8,1,608.939,0.5532,1,1.741,1.0048,0.7509,0.55,27.953,0.65,waspada
67.601,134.529,308.167,88.4,6.53,28.1,5,0,835.794,0.1934,2,67.601,44.843,0.884,0.75,5.771,0.7,siaga
40.91,83.379,186.5,38.28,15.12,17.14,11,0,1003.874,1.5954,2,40.91,27.793,0.3828,0.55,5.79,0.25,siaga
69.936,141.791,355.94,87.21,17.09,17.9,3,0,842.304,1.131,1,69.936,47.2636,0.8721,0.55,14.904,0.45,siaga
0.0,0.0,0.0,82.62,35.98,27.21,6,1,601.706,0.6651,0,0.0,0.0,0.8262,0.75,29.727,0.3,waspada
7.632,13.298,29.312,52.83,4.68,32.6,7,1,909.881,0.6001,2,7.632,4.4328,0.5283,0.55,2.472,0.7,waspada
0.0,0.0,0.0,33.67,21.88,25.14,2,0,725.018,0.9407,1,0.0,0.0,0.3367,0.85,7.366,0.9,aman
0.0,0.0,0.0,55.11,6.3,19.23,6,1,508.941,0.6591,0,0.0,0.0,0.5511,0.15,3.474,0.15,waspada
0.0,0.0,0.0,56.53,2.59,13.79,6,1,867.881,0.8847,1,0.0,0.0,0.5653,0.15,1.465,0.3,waspada
0.0,0.0,0.0,77.67,25.82,1.56,4,0,464.641,0.5456,2,0.0,0.0,0.7767,0.75,20.053,0.1,waspada
59.896,122.565,308.702,60.84,12.86,20.99,2,0,820.66,0.7348,1,59.896,40.8549,0.6084,0.85,7.821,0.3,siaga
0.0,0.0,0.0,90.79,37.34,3.55,10,0,631.009,0.7203,1,0.0,0.0,0.9079,0.55,33.9,0.65,waspada
0.0,0.0,0.0,36.15,6.72,4.28,6,1,681.909,0.05,1,0.0,0.0,0.3615,0.85,2.429,0.2,aman
0.0,0.0,0.0,90.69,11.0,23.14,4,0,671.347,0.5731,1,0.0,0.0,0.9069,0.75,9.979,0.85,waspada
0.0,0.0,0.0,32.61,27.9,28.34,11,0,405.755,0.6181,0,0.0,0.0,0.3261,0.75,9.1,0.1,aman
0.0,0.0,0.0,63.48,31.72,23.16,11,0,569.406,0.6767,2,0.0,0.0,0.6348,0.55,20.136,0.6,waspada
0.0,0.0,0.0,85.73,12.35,16.54,9,1,628.341,0.3177,3,0.0,0.0,0.8573,0.75,10.591,0.85,waspada
3.956,6.717,22.772,64.87,24.41,9.95,2,0,453.288,0.206,0,3.956,2.2391,0.6487,0.75,15.836,0.4,waspada
8.564,13.399,52.927,96.33,18.8,33.07,4,0,845.947,0.6768,2,8.564,4.4663,0.9633,0.75,18.108,0.1,waspada
64.126,154.098,390.759,62.19,6.63,12.46,8,1,382.266,0.3242,0,64.126,51.3661,0.6219,0.75,4.122,0.5,siaga
0.0,0.0,0.0,41.98,30.89,3.06,8,1,508.646,1.41,2,0.0,0.0,0.4198,0.55,12.971,0.5,waspada
6.569,10.23,27.577,80.86,10.78,20.88,7,1,604.721,0.198,2,6.569,3.41,0.8086,0.55,8.714,0.4,waspada
0.0,0.0,0.0,83.4,5.71,27.43,6,1,897.291,1.558,2,0.0,0.0,0.834,0.35,4.761,0.6,waspada
0.0,0.0,0.0,39.89,8.1,3.76,5,0,954.192,1.3467,0,0.0,0.0,0.3989,0.35,3.23,0.5,waspada
67.028,137.032,386.722,41.64,28.56,16.15,10,0,736.986,0.9202,1,67.028,45.6775,0.4164,0.35,11.892,0.6,siaga
0.0,0.0,0.0,64.24,31.62,16.45,10,0,297.805,0.6527,2,0.0,0.0,0.6424,0.05,20.314,0.65,waspada
93.188,176.475,300.826,33.78,21.47,25.53,6,1,976.997,0.1773,1,93.188,58.825,0.3378,0.75,7.251,0.2,siaga
12.978,25.861,99.58,47.53,33.94,7.55,1,0,365.741,1.3298,3,12.978,8.6204,0.4753,1.0,16.13,0.35,waspada
0.0,0.0,0.0,97.85,31.49,16.49,7,1,820.641,0.7778,1,0.0,0.0,0.9785,0.35,30.817,0.45,waspada
0.0,0.0,0.0,39.29,28.61,13.17,8,1,0.0,0.7746,1,0.0,0.0,0.3929,0.15,11.241,0.6,waspada
5.057,9.969,48.382,59.68,18.06,10.97,7,1,489.077,0.7093,3,5.057,3.3231,0.5968,0.55,10.777,0.85,waspada
19.147,44.349,116.863,59.49,8.38,29.84,10,0,448.717,1.0067,0,19.147,14.783,0.5949,0.35,4.984,0.7,siaga
4.152,11.921,46.146,33.7,34.03,24.46,5,0,531.187,1.5117,3,4.152,3.9737,0.337,0.15,11.468,0.2,waspada
7.23,12.912,33.081,39.71,23.29,18.96,11,0,733.005,1.9728,1,7.23,4.3039,0.3971,0.85,9.247,0.15,aman
0.0,0.0,0.0,91.64,17.07,7.8,3,0,642.449,1.9654,0,0.0,0.0,0.9164,0.75,15.646,0.25,waspada
0.0,0.0,0.0,75.88,35.5,30.04,1,0,1047.804,1.2946,2,0.0,0.0,0.7588,0.35,26.94,0.1,waspada
0.792,2.229,11.036,94.88,9.93,20.86,1,0,797.019,1.097,1,0.792,0.7429,0.9488,0.75,9.421,0.3,waspada
0.0,0.0,0.0,66.94,4.49,30.47,7,1,978.906,0.4578,3,0.0,0.0,0.6694,0.55,3.006,0.4,waspada
48.633,100.934,255.221,36.06,35.74,1.32,5,0,427.798,0.4617,0,48.633,33.6447,0.3606,0.85,12.888,0.55,waspada
143.205,220.605,347.388,91.77,7.8,7.31,2,0,496.527,0.7269,0,143.205,73.5351,0.9177,1.0,7.16,0.45,siaga
16.941,28.012,69.761,44.29,9.52,28.0,10,0,1012.208,0.0941,1,16.941,9.3372,0.4429,0.35,4.218,0.3,waspada
7.574,13.406,37.287,39.14,36.44,32.48,6,1,511.575,0.9081,1,7.574,4.4685,0.3914,0.75,14.264,0.9,waspada
0.0,0.0,0.0,80.09,12.9,9.49,10,0,678.575,1.0635,2,0.0,0.0,0.8009,1.0,10.331,0.8,waspada
6.455,19.036,46.208,30.41,31.51,16.17,10,0,551.893,2.4502,2,6.455,6.3453,0.3041,0.75,9.583,0.85,waspada
15.82,31.449,112.241,93.65,24.66,8.2,8,1,562.707,0.5644,0,15.82,10.4829,0.9365,0.05,23.096,0.65,siaga
0.0,0.0,0.0,74.65,21.94,1.78,1,0,408.708,0.05,1,0.0,0.0,0.7465,0.75,16.378,0.7,waspada
4.711,12.171,53.991,78.27,11.18,13.85,7,1,101.157,2.1328,1,4.711,4.0571,0.7827,1.0,8.747,0.9,waspada
0.637,1.351,6.012,58.53,15.82,19.55,10,0,820.846,0.5484,2,0.637,0.4503,0.5853,0.85,9.262,0.7,aman
5.255,9.152,23.134,49.18,33.42,25.47,5,0,521.79,0.051,2,5.255,3.0505,0.4918,0.75,16.437,0.35,waspada
6.147,12.365,48.646,60.0,10.83,14.88,8,1,644.785,0.5595,2,6.147,4.1216,0.6,0.85,6.499,0.9,waspada
10.624,23.02,47.749,34.52,37.46,31.31,4,0,812.892,0.6593,1,10.624,7.6735,0.3452,0.55,12.933,0.3,waspada
0.0,0.0,0.0,71.3,25.16,14.15,8,1,794.556,0.1968,1,0.0,0.0,0.713,0.35,17.941,0.4,waspada
13.758,32.405,74.213,34.41,9.46,34.04,3,0,467.878,1.0365,0,13.758,10.8016,0.3441,0.55,3.257,0.2,waspada
0.0,0.0,0.0,33.23,8.16,17.65,3,0,549.659,0.3755,1,0.0,0.0,0.3323,0.15,2.713,0.5,waspada
7.409,17.506,38.301,71.17,6.91,10.96,5,0,707.741,3.0044,2,7.409,5.8353,0.7117,0.75,4.915,0.25,waspada
23.665,57.687,155.599,92.81,15.89,34.47,7,1,800.893,1.5043,0,23.665,19.2291,0.9281,0.75,14.749,0.35,siaga
0.0,0.0,0.0,74.17,14.13,30.23,2,0,511.46,1.5805,0,0.0,0.0,0.7417,0.85,10.48,0.9,waspada
7.462,15.829,45.756,53.23,30.22,33.68,5,0,543.003,0.6089,0,7.462,5.2765,0.5323,0.55,16.088,0.65,waspada
0.0,0.0,0.0,71.97,9.72,31.4,1,0,626.755,1.8629,1,0.0,0.0,0.7197,0.75,6.996,0.1,waspada
6.875,20.063,86.466,95.44,17.15,3.6,4,0,635.43,1.1284,3,6.875,6.6877,0.9544,0.85,16.365,0.4,waspada
0.0,0.0,0.0,77.14,16.24,5.63,7,1,808.355,0.5241,3,0.0,0.0,0.7714,0.85,12.531,0.6,waspada
0.0,0.0,0.0,31.35,13.25,17.66,7,1,140.409,0.8854,1,0.0,0.0,0.3135,0.75,4.153,0.1,aman
2.208,5.582,16.298,75.28,17.81,33.94,2,0,900.798,0.4399,0,2.208,1.8606,0.7528,0.75,13.404,0.1,waspada
0.0,0.0,0.0,82.53,23.82,10.75,2,0,548.283,1.6228,1,0.0,0.0,0.8253,0.75,19.66,0.8,waspada
133.539,195.098,328.608,65.61,14.36,23.22,9,1,391.53,0.9451,0,133.539,65.0325,0.6561,1.0,9.418,0.6,siaga
12.97,31.886,65.38,69.02,9.1,3.47,12,0,600.11,0.3229,2,12.97,10.6288,0.6902,0.75,6.278,0.8,waspada
5.9,13.04,28.751,64.99,26.64,21.29,1,0,320.037,0.4066,2,5.9,4.3467,0.6499,0.85,17.312,0.55,waspada
1.261,2.631,6.703,78.08,3.91,15.97,9,1,560.106,0.05,2,1.261,0.8769,0.7808,0.75,3.05,0.3,waspada
0.0,0.0,0.0,94.78,10.67,32.18,6,1,446.998,0.05,0,0.0,0.0,0.9478,0.75,10.112,0.65,waspada
1.85,4.355,14.409,42.46,11.25,28.8,1,0,991.483,1.7085,2,1.85,1.4516,0.4246,0.75,4.777,0.7,aman
7.45,14.772,68.228,51.35,11.42,30.91,2,0,975.884,0.7592,3,7.45,4.924,0.5135,0.75,5.863,0.7,waspada
23.114,40.731,121.791,44.69,8.69,34.8,9,1,695.58,1.8903,3,23.114,13.577,0.4469,0.55,3.885,0.1,waspada
4.944,8.08,37.526,62.44,2.67,18.51,6,1,617.372,0.6599,0,4.944,2.6933,0.6244,0.75,1.67,0.25,waspada
32.798,58.866,175.922,32.8,36.81,34.91,10,0,717.267,1.8848,2,32.798,19.6221,0.328,0.55,12.073,0.15,waspada
6.755,16.971,45.888,92.04,5.76,8.31,6,1,477.8,0.7,0,6.755,5.6571,0.9204,0.55,5.297,0.4,waspada
1.997,3.729,11.403,90.16,9.45,10.24,1,0,846.51,0.9872,0,1.997,1.2429,0.9016,0.85,8.521,0.8,waspada
2.701,6.207,28.893,89.35,15.42,32.4,7,1,854.908,0.5935,1,2.701,2.069,0.8935,0.85,13.781,0.4,waspada
15.426,35.137,75.863,65.91,11.15,19.82,3,0,802.73,0.3212,0,15.426,11.7124,0.6591,0.75,7.348,0.2,waspada
110.037,190.664,321.925,81.53,10.92,30.32,11,0,681.709,0.2523,2,110.037,63.5545,0.8153,0.55,8.902,0.55,siaga
0.0,0.0,0.0,31.28,8.48,26.0,12,0,904.165,0.9375,3,0.0,0.0,0.3128,0.35,2.654,0.35,waspada
0.0,0.0,0.0,58.75,35.2,11.09,4,0,757.906,1.4029,1,0.0,0.0,0.5875,1.0,20.677,0.35,aman
0.0,0.0,0.0,40.51,26.61,12.19,1,0,536.345,1.1033,0,0.0,0.0,0.4051,0.55,10.782,0.7,waspada
1.955,3.52,8.537,51.7,15.67,14.73,5,0,682.335,1.1176,3,1.955,1.1733,0.517,1.0,8.102,0.4,aman
2.046,4.062,20.168,33.13,11.71,8.24,8,1,537.525,0.9578,1,2.046,1.354,0.3313,0.15,3.878,0.6,waspada
0.0,0.0,0.0,73.03,31.99,28.98,11,0,567.257,1.3713,1,0.0,0.0,0.7303,0.55,23.366,0.15,waspada
11.41,24.354,63.016,53.04,20.87,3.41,8,1,575.78,0.3303,0,11.41,8.1181,0.5304,0.55,11.069,0.5,waspada
0.0,0.0,0.0,74.65,21.73,15.78,6,1,386.196,0.05,1,0.0,0.0,0.7465,1.0,16.223,0.35,aman
4.401,8.779,26.532,57.4,22.6,19.18,3,0,689.586,2.0284,0,4.401,2.9265,0.574,0.15,12.969,0.15,waspada
0.0,0.0,0.0,93.09,37.62,24.28,7,1,658.109,1.209,3,0.0,0.0,0.9309,1.0,35.024,0.45,waspada
0.0,0.0,0.0,51.66,5.35,21.79,7,1,427.073,0.3949,1,0.0,0.0,0.5166,1.0,2.764,0.6,aman
72.817,110.518,232.907,30.16,2.24,3.61,12,0,961.32,1.4189,3,72.817,36.8394,0.3016,0.15,0.676,0.35,siaga
2.785,4.733,22.491,46.66,14.74,16.61,8,1,706.814,0.7951,0,2.785,1.5777,0.4666,0.55,6.876,0.2,waspada
6.274,11.558,34.264,37.0,19.67,28.74,9,1,428.094,1.2157,1,6.274,3.8526,0.37,0.85,7.278,0.65,aman
42.631,89.257,264.517,54.86,36.42,32.55,6,1,739.448,0.7572,1,42.631,29.7522,0.5486,0.75,19.982,0.55,siaga
4.572,11.257,35.059,88.75,23.37,26.68,3,0,307.117,0.1897,2,4.572,3.7524,0.8875,0.55,20.744,0.35,waspada
5.326,14.466,42.937,89.95,6.91,5.08,2,0,246.223,0.05,2,5.326,4.8218,0.8995,0.85,6.219,0.1,waspada
50.562,99.617,222.93,88.39,25.37,18.13,1,0,1034.858,1.5318,0,50.562,33.2057,0.8839,0.55,22.427,0.5,siaga
2.769,5.328,16.292,56.66,4.68,14.45,12,0,559.88,0.4119,2,2.769,1.776,0.5666,0.75,2.654,0.4,aman
20.18,42.234,151.717,85.22,35.46,33.66,5,0,597.136,0.6155,1,20.18,14.0781,0.8522,0.55,30.216,0.2,siaga
24.913,57.508,215.907,84.37,21.33,17.81,11,0,469.072,1.3306,2,24.913,19.1694,0.8437,0.85,17.996,0.15,siaga
0.0,0.0,0.0,50.41,6.77,24.66,6,1,983.388,2.1641,2,0.0,0.0,0.5041,0.85,3.412,0.35,aman
16.242,26.742,65.519,87.62,33.4,16.83,2,0,426.37,0.8299,2,16.242,8.914,0.8762,0.35,29.26,0.4,siaga
0.0,0.0,0.0,78.34,23.44,27.61,7,1,1061.06,1.9818,1,0.0,0.0,0.7834,0.55,18.36,0.1,waspada
7.657,19.247,53.792,92.68,6.74,11.67,3,0,476.655,0.6909,2,7.657,6.4155,0.9268,0.15,6.249,0.3,siaga
11.138,20.615,65.478,89.43,30.93,29.98,6,1,1099.893,0.9569,3,11.138,6.8717,0.8943,1.0,27.66,0.4,waspada
5.15,8.277,38.62,93.58,2.2,18.4,9,1,524.437,0.05,1,5.15,2.7589,0.9358,0.55,2.057,0.75,waspada
20.583,32.304,85.764,70.26,21.25,17.24,9,1,561.37,1.1776,3,20.583,10.768,0.7026,0.35,14.931,0.5,siaga
6.072,17.182,66.593,94.38,27.63,21.6,9,1,166.359,0.7332,1,6.072,5.7275,0.9438,0.55,26.079,0.6,siaga
0.0,0.0,0.0,58.43,27.47,0.69,3,0,290.526,1.2216,1,0.0,0.0,0.5843,0.15,16.048,0.4,waspada
17.75,40.414,132.966,43.36,33.39,0.94,12,0,685.929,0.05,3,17.75,13.4713,0.4336,0.75,14.48,0.25,waspada
21.493,48.755,187.576,78.1,10.81,16.26,6,1,324.419,0.4718,2,21.493,16.2516,0.781,1.0,8.439,0.55,waspada
0.0,0.0,0.0,53.01,37.56,33.26,11,0,873.491,1.4618,1,0.0,0.0,0.5301,0.75,19.912,0.3,aman
7.734,18.775,78.549,51.47,33.38,2.31,7,1,867.894,0.7839,2,7.734,6.2583,0.5147,0.35,17.182,0.45,waspada
13.632,29.285,84.406,58.51,33.87,28.79,7,1,510.275,0.1844,3,13.632,9.7616,0.5851,0.75,19.821,0.1,waspada
2.341,4.966,23.411,75.19,29.37,13.31,6,1,502.798,0.673,2,2.341,1.6554,0.7519,0.85,22.081,0.75,waspada
0.0,0.0,0.0,46.02,22.82,13.78,10,0,160.87,1.1706,0,0.0,0.0,0.4602,0.75,10.504,0.8,waspada
0.0,0.0,0.0,74.4,37.24,22.44,2,0,1016.719,0.05,1,0.0,0.0,0.744,0.85,27.708,0.4,waspada
5.661,16.811,56.448,38.59,27.9,17.45,3,0,1011.311,0.8014,1,5.661,5.6037,0.3859,0.55,10.766,0.3,waspada
21.026,34.628,104.136,41.02,20.09,33.07,4,0,260.758,0.1511,1,21.026,11.5427,0.4102,0.35,8.241,0.8,siaga
0.0,0.0,0.0,87.0,4.64,8.34,3,0,703.991,1.2674,2,0.0,0.0,0.87,0.55,4.033,0.35,waspada
0.0,0.0,0.0,40.3,35.96,20.17,10,0,742.376,0.05,1,0.0,0.0,0.403,0.85,14.489,0.8,aman
0.0,0.0,0.0,36.38,17.78,23.31,1,0,588.412,0.8073,0,0.0,0.0,0.3638,0.35,6.47,0.3,waspada
3.967,10.939,24.305,31.52,30.04,22.96,7,1,362.604,0.7844,2,3.967,3.6462,0.3152,0.55,9.469,0.35,waspada
0.0,0.0,0.0,37.76,24.19,10.15,8,1,1068.048,0.5052,0,0.0,0.0,0.3776,0.85,9.133,0.55,aman
21.381,39.072,79.864,57.23,27.82,3.34,7,1,837.914,1.345,3,21.381,13.024,0.5723,1.0,15.924,0.3,waspada
30.006,68.448,193.448,56.39,9.58,32.63,7,1,350.157,0.8895,1,30.006,22.8159,0.5639,0.75,5.405,0.6,siaga
0.0,0.0,0.0,86.83,27.42,17.74,10,0,711.659,0.9868,1,0.0,0.0,0.8683,1.0,23.813,0.7,waspada
126.498,214.176,352.683,46.08,16.81,1.36,11,0,621.979,0.6144,3,126.498,71.3919,0.4608,1.0,7.747,0.9,siaga
0.0,0.0,0.0,37.8,7.66,34.8,6,1,911.676,2.1043,2,0.0,0.0,0.378,0.85,2.896,0.85,aman
0.0,0.0,0.0,90.4,14.27,8.51,7,1,208.159,0.05,0,0.0,0.0,0.904,0.75,12.898,0.2,waspada
0.0,0.0,0.0,94.01,12.47,16.69,7,1,462.834,0.2003,3,0.0,0.0,0.9401,1.0,11.727,0.75,waspada
0.0,0.0,0.0,58.75,10.88,18.32,7,1,316.411,0.9863,0,0.0,0.0,0.5875,0.85,6.391,0.15,aman
34.433,71.85,244.214,91.52,4.72,28.36,9,1,719.607,0.3765,2,34.433,23.95,0.9152,0.55,4.319,0.85,siaga
14.182,32.596,66.502,49.6,13.11,31.5,12,0,133.409,0.05,1,14.182,10.8653,0.496,1.0,6.505,0.4,waspada
111.018,200.38,344.949,78.24,27.88,26.17,8,1,524.886,0.05,1,111.018,66.7935,0.7824,0.55,21.817,0.8,siaga
14.742,29.791,85.268,72.42,5.99,18.31,5,0,985.248,1.695,3,14.742,9.9305,0.7242,0.75,4.334,0.65,waspada
116.218,177.883,438.086,76.36,8.41,12.91,6,1,1075.662,1.2819,0,116.218,59.2942,0.7636,0.55,6.421,0.2,siaga
7.158,13.937,49.556,73.34,35.93,18.38,1,0,313.061,0.4291,1,7.158,4.6458,0.7334,0.75,26.351,0.65,waspada
33.642,67.886,204.332,78.55,25.18,16.9,3,0,570.554,0.4197,2,33.642,22.6288,0.7855,0.75,19.778,0.2,siaga
0.0,0.0,0.0,38.69,20.31,32.58,4,0,631.898,1.638,1,0.0,0.0,0.3869,0.55,7.859,0.65,waspada
0.0,0.0,0.0,53.13,9.24,6.75,8,1,449.764,0.7573,2,0.0,0.0,0.5313,0.55,4.909,0.3,waspada
24.433,40.145,82.46,48.12,18.16,21.51,6,1,819.203,0.6042,1,24.433,13.3818,0.4812,0.15,8.741,0.3,siaga
61.269,93.691,201.669,76.36,30.54,15.64,3,0,753.446,1.1269,3,61.269,31.2304,0.7636,1.0,23.323,0.2,siaga
0.0,0.0,0.0,91.9,10.72,4.72,2,0,768.901,0.05,1,0.0,0.0,0.919,1.0,9.85,0.35,waspada
14.049,35.069,130.142,69.08,17.01,0.68,5,0,1090.243,0.6511,1,14.049,11.6896,0.6908,0.85,11.748,0.35,waspada
142.926,281.597,447.246,52.42,14.67,28.12,11,0,1039.708,1.401,0,142.926,93.8657,0.5242,1.0,7.691,0.75,siaga
7.064,14.748,46.103,89.39,29.91,15.43,8,1,133.685,1.9363,2,7.064,4.9159,0.8939,0.15,26.732,0.2,siaga
19.222,30.148,70.13,45.79,13.6,6.51,2,0,842.936,0.8658,1,19.222,10.0493,0.4579,0.75,6.229,0.15,waspada
145.39,235.601,377.856,45.19,15.32,20.4,11,0,356.551,1.1758,0,145.39,78.5335,0.4519,0.85,6.924,0.35,siaga
8.676,20.712,66.817,51.5,22.88,17.9,7,1,460.527,0.05,2,8.676,6.904,0.515,0.15,11.786,0.5,siaga
0.0,0.0,0.0,58.8,21.94,17.08,5,0,808.714,0.05,1,0.0,0.0,0.588,0.75,12.902,0.15,aman
0.0,0.0,0.0,94.44,33.52,10.26,4,0,311.769,0.05,2,0.0,0.0,0.9444,0.75,31.661,0.35,waspada
0.0,0.0,0.0,38.72,27.8,11.41,2,0,393.603,0.5336,3,0.0,0.0,0.3872,0.35,10.764,0.85,waspada
0.0,0.0,0.0,52.02,20.98,15.97,9,1,851.244,1.1865,2,0.0,0.0,0.5202,0.75,10.912,0.25,aman
2.822,4.818,10.228,50.02,18.96,14.6,1,0,164.669,1.0941,1,2.822,1.606,0.5002,0.35,9.483,0.6,waspada
0.0,0.0,0.0,82.72,31.64,24.36,11,0,974.318,1.3716,2,0.0,0.0,0.8272,0.85,26.174,0.35,waspada
13.388,27.482,90.319,76.23,32.71,22.55,3,0,740.085,1.3816,1,13.388,9.1608,0.7623,0.75,24.94,0.15,waspada
2.156,3.806,16.665,68.66,8.56,6.11,2,0,952.513,0.05,1,2.156,1.2687,0.6866,0.75,5.88,0.75,waspada
0.0,0.0,0.0,81.81,36.99,9.78,7,1,825.14,0.3913,1,0.0,0.0,0.8181,0.85,30.259,0.2,waspada
60.097,119.155,311.198,39.07,15.85,16.45,5,0,284.28,0.4071,3,60.097,39.7183,0.3907,0.55,6.192,0.1,siaga
0.0,0.0,0.0,89.78,26.92,15.96,8,1,701.526,0.6377,2,0.0,0.0,0.8978,0.15,24.167,0.25,siaga
0.0,0.0,0.0,69.31,29.1,3.71,5,0,573.842,0.6619,2,0.0,0.0,0.6931,0.55,20.17,0.75,waspada
22.892,49.871,192.799,81.9,27.47,3.82,11,0,592.834,0.6602,1,22.892,16.6238,0.819,0.35,22.5,0.9,siaga
79.794,128.54,427.342,60.8,3.86,6.77,12,0,550.689,0.05,3,79.794,42.8466,0.608,0.85,2.345,0.2,siaga
1.596,3.908,9.566,60.46,21.27,15.44,4,0,962.302,1.0399,3,1.596,1.3026,0.6046,1.0,12.862,0.65,aman
0.0,0.0,0.0,51.14,22.8,19.19,10,0,285.967,1.4389,1,0.0,0.0,0.5114,0.75,11.661,0.15,aman
0.0,0.0,0.0,87.77,28.8,32.3,1,0,455.432,0.7749,0,0.0,0.0,0.8777,0.55,25.275,0.3,waspada
3.891,7.776,16.91,77.79,16.21,12.04,8,1,490.116,0.5611,0,3.891,2.5921,0.7779,0.55,12.607,0.25,waspada
24.339,49.689,171.867,48.33,26.67,17.71,5,0,707.002,1.1996,2,24.339,16.5628,0.4833,0.85,12.887,0.15,waspada
0.0,0.0,0.0,57.49,34.32,25.13,1,0,208.218,0.5249,3,0.0,0.0,0.5749,0.75,19.727,0.45,waspada
0.88,1.642,5.655,83.0,36.53,31.95,8,1,238.135,1.7729,1,0.88,0.5475,0.83,0.85,30.323,0.8,waspada
0.0,0.0,0.0,55.01,23.74,7.07,12,0,742.222,1.8821,0,0.0,0.0,0.5501,0.85,13.062,0.5,aman
126.481,211.753,335.143,50.76,32.33,24.71,10,0,274.529,0.6369,3,126.481,70.5843,0.5076,1.0,16.412,0.4,siaga
0.0,0.0,0.0,93.73,33.08,14.55,3,0,673.385,0.2402,0,0.0,0.0,0.9373,0.35,31.007,0.6,waspada
0.0,0.0,0.0,38.36,15.64,28.52,1,0,333.252,0.5591,1,0.0,0.0,0.3836,0.55,6.0,0.6,waspada
6.523,14.158,38.955,95.33,21.05,8.44,11,0,918.389,0.1826,0,6.523,4.7192,0.9533,0.75,20.071,0.9,waspada
0.0,0.0,0.0,54.71,22.81,32.13,12,0,391.561,0.648,0,0.0,0.0,0.5471,0.75,12.482,0.25,aman
4.483,11.031,25.256,44.2,27.94,31.08,8,1,869.737,0.8564,3,4.483,3.6769,0.442,0.75,12.351,0.45,aman
0.0,0.0,0.0,74.04,24.72,5.71,5,0,913.161,0.8076,3,0.0,0.0,0.7404,0.85,18.302,0.9,waspada
0.0,0.0,0.0,43.65,24.99,12.21,2,0,653.924,0.05,1,0.0,0.0,0.4365,0.15,10.908,0.9,waspada
7.897,12.301,58.511,31.85,3.9,31.74,10,0,883.986,1.6747,1,7.897,4.1002,0.3185,0.15,1.242,0.2,waspada
7.292,14.886,57.511,87.88,31.86,22.39,3,0,118.544,0.6363,1,7.292,4.9621,0.8788,0.55,27.996,0.4,siaga
0.0,0.0,0.0,81.65,23.74,15.81,4,0,805.005,0.5709,1,0.0,0.0,0.8165,0.75,19.38,0.65,waspada
6.414,10.956,37.694,75.0,28.36,13.8,10,0,824.812,0.8982,0,6.414,3.652,0.75,0.75,21.27,0.8,waspada
6.38,10.998,28.834,70.63,24.97,6.26,2,0,622.366,1.7524,1,6.38,3.6661,0.7063,0.85,17.637,0.3,waspada
0.0,0.0,0.0,86.6,32.0,22.57,5,0,767.688,0.658,0,0.0,0.0,0.866,0.35,27.707,0.15,waspada
23.545,48.032,101.381,37.99,3.16,32.48,7,1,707.899,1.3379,2,23.545,16.0105,0.3799,0.55,1.201,0.85,waspada
0.0,0.0,0.0,81.11,31.92,34.26,10,0,219.195,0.6685,0,0.0,0.0,0.8111,0.75,25.89,0.75,waspada
0.0,0.0,0.0,49.02,16.63,3.97,9,1,753.808,0.8645,3,0.0,0.0,0.4902,0.85,8.151,0.45,aman
11.639,26.761,55.612,44.04,14.48,20.5,2,0,699.152,0.6135,2,11.639,8.9202,0.4404,0.15,6.378,0.45,waspada
0.0,0.0,0.0,72.52,18.76,20.31,7,1,468.368,0.6797,1,0.0,0.0,0.7252,0.85,13.605,0.4,waspada
23.416,41.932,141.796,60.79,19.72,8.66,3,0,941.689,1.02,2,23.416,13.9773,0.6079,1.0,11.99,0.8,waspada
40.262,70.238,153.524,45.17,11.22,22.48,3,0,412.341,1.1439,0,40.262,23.4126,0.4517,0.75,5.068,0.8,siaga
12.393,24.588,84.968,56.67,2.5,23.15,3,0,473.71,1.2337,0,12.393,8.1961,0.5667,0.75,1.419,0.2,waspada
23.537,44.03,128.987,78.72,2.4,16.22,7,1,691.121,0.6115,1,23.537,14.6766,0.7872,0.35,1.888,0.55,siaga
24.188,39.875,145.224,42.55,33.34,4.17,11,0,643.449,1.4742,2,24.188,13.2916,0.4255,1.0,14.188,0.7,waspada
21.536,38.443,121.127,56.49,26.95,30.12,11,0,929.542,0.5143,3,21.536,12.8144,0.5649,1.0,15.222,0.7,waspada
2.404,4.521,13.585,66.49,21.88,26.21,2,0,645.826,0.05,2,2.404,1.5071,0.6649,0.35,14.548,0.45,waspada
0.0,0.0,0.0,50.18,6.01,7.44,9,1,331.455,0.6133,1,0.0,0.0,0.5018,0.85,3.017,0.25,aman
0.0,0.0,0.0,77.66,21.94,29.53,11,0,423.959,0.0954,0,0.0,0.0,0.7766,0.35,17.042,0.35,waspada
1.809,4.71,17.282,81.1,32.63,27.51,2,0,585.608,0.05,1,1.809,1.5701,0.811,0.85,26.458,0.45,waspada
2.837,5.186,11.479,63.71,37.54,16.1,8,1,738.116,0.05,2,2.837,1.7287,0.6371,0.75,23.915,0.55,waspada
0.0,0.0,0.0,30.61,20.96,20.12,3,0,1040.618,0.5391,2,0.0,0.0,0.3061,0.85,6.415,0.6,aman
0.0,0.0,0.0,87.34,32.46,28.35,8,1,385.643,1.1558,2,0.0,0.0,0.8734,0.75,28.347,0.7,waspada
20.024,33.863,82.102,45.23,31.3,0.88,5,0,479.884,0.7451,1,20.024,11.2877,0.4523,0.35,14.16,0.35,waspada
0.0,0.0,0.0,79.88,13.26,3.51,10,0,731.084,0.998,0,0.0,0.0,0.7988,0.85,10.589,0.45,waspada
0.0,0.0,0.0,76.64,14.54,27.62,10,0,510.167,1.7805,0,0.0,0.0,0.7664,0.75,11.145,0.2,waspada
54.529,124.459,299.304,56.37,6.81,23.92,1,0,876.53,0.5252,0,54.529,41.4862,0.5637,0.35,3.837,0.1,siaga
0.0,0.0,0.0,72.92,22.82,8.11,5,0,594.171,1.602,1,0.0,0.0,0.7292,0.55,16.639,0.8,waspada
4.234,10.687,37.281,56.56,11.87,31.69,6,1,341.282,1.0411,3,4.234,3.5625,0.5656,0.85,6.712,0.6,waspada
0.0,0.0,0.0,74.65,6.72,7.64,5,0,636.89,1.2701,2,0.0,0.0,0.7465,1.0,5.016,0.4,aman
4.081,8.565,31.12,49.07,21.32,0.18,7,1,824.192,1.1398,0,4.081,2.8549,0.4907,0.55,10.461,0.55,waspada
0.0,0.0,0.0,62.26,10.11,4.64,4,0,503.843,1.5026,3,0.0,0.0,0.6226,0.75,6.295,0.5,waspada
0.0,0.0,0.0,85.36,32.1,34.02,9,1,476.125,0.9926,0,0.0,0.0,0.8536,0.55,27.396,0.65,waspada
0.0,0.0,0.0,53.41,17.59,34.56,12,0,319.539,0.1642,3,0.0,0.0,0.5341,0.75,9.397,0.9,waspada
0.0,0.0,0.0,84.46,28.0,15.83,11,0,623.794,0.05,1,0.0,0.0,0.8446,0.75,23.645,0.85,waspada
0.0,0.0,0.0,84.44,2.93,34.42,5,0,454.334,0.8935,3,0.0,0.0,0.8444,0.75,2.474,0.25,waspada
0.0,0.0,0.0,69.11,12.54,23.51,10,0,798.188,0.4377,3,0.0,0.0,0.6911,0.75,8.666,0.5,waspada
4.537,9.161,19.113,31.73,36.85,32.46,5,0,531.911,0.3335,1,4.537,3.0537,0.3173,0.75,11.691,0.1,aman
87.562,171.295,338.858,75.74,4.21,22.68,5,0,546.719,0.7735,2,87.562,57.0984,0.7574,0.75,3.19,0.35,siaga
1.391,3.025,8.233,94.79,25.55,27.16,12,0,605.3,0.472,0,1.391,1.0083,0.9479,0.85,24.218,0.4,waspada
10.132,15.912,62.104,36.33,24.47,19.39,1,0,956.824,0.4737,2,10.132,5.3039,0.3633,1.0,8.889,0.3,aman
0.0,0.0,0.0,46.86,31.88,3.86,3,0,0.0,1.7811,0,0.0,0.0,0.4686,0.55,14.939,0.6,waspada
12.185,22.27,63.819,55.42,14.51,17.08,2,0,628.096,1.2056,0,12.185,7.4235,0.5542,0.75,8.042,0.75,waspada
82.543,110.4,221.798,35.09,5.06,27.34,7,1,287.467,1.0443,0,82.543,36.8001,0.3509,0.85,1.775,0.2,siaga
6.792,18.292,67.049,74.22,10.43,6.41,10,0,582.822,0.7804,3,6.792,6.0973,0.7422,0.55,7.74,0.85,waspada
0.0,0.0,0.0,44.91,9.68,23.95,2,0,395.673,1.6815,2,0.0,0.0,0.4491,0.55,4.35,0.65,waspada
0.0,0.0,0.0,78.86,34.63,28.64,3,0,677.471,0.05,1,0.0,0.0,0.7886,0.55,27.311,0.65,waspada
0.0,0.0,0.0,91.43,36.98,32.16,10,0,467.994,0.6678,1,0.0,0.0,0.9143,0.85,33.81,0.3,waspada
0.589,1.431,4.126,87.85,16.3,15.63,10,0,655.625,0.05,0,0.589,0.4771,0.8785,0.75,14.32,0.6,waspada
1.382,2.846,8.638,54.42,2.68,27.8,4,0,607.997,1.791,3,1.382,0.9486,0.5442,0.75,1.461,0.9,aman
0.0,0.0,0.0,84.05,7.45,32.54,4,0,1002.601,0.6465,2,0.0,0.0,0.8405,0.85,6.265,0.75,waspada
11.993,19.715,64.291,85.4,16.73,0.9,7,1,690.287,1.6864,0,11.993,6.5718,0.854,0.75,14.286,0.7,waspada
99.475,156.244,262.842,72.85,7.34,2.18,3,0,569.049,1.871,2,99.475,52.0815,0.7285,0.75,5.347,0.4,siaga
0.0,0.0,0.0,95.79,33.84,2.01,10,0,282.76,1.3226,0,0.0,0.0,0.9579,0.75,32.411,0.45,waspada
3.912,9.203,31.516,37.42,34.55,28.09,6,1,748.749,1.6824,2,3.912,3.0678,0.3742,0.55,12.931,0.5,aman
24.322,51.213,171.543,62.72,25.44,29.14,6,1,469.102,0.7938,2,24.322,17.0709,0.6272,0.55,15.958,0.65,siaga
0.0,0.0,0.0,57.85,34.3,3.79,12,0,791.95,0.2187,1,0.0,0.0,0.5785,0.85,19.844,0.75,waspada
10.569,21.323,70.332,41.84,24.26,34.85,11,0,783.74,0.5356,0,10.569,7.1078,0.4184,0.75,10.15,0.45,waspada
0.0,0.0,0.0,35.31,4.28,33.83,7,1,775.66,1.3945,1,0.0,0.0,0.3531,0.75,1.511,0.9,aman
0.0,0.0,0.0,38.11,8.55,13.09,3,0,208.475,0.05,2,0.0,0.0,0.3811,0.75,3.258,0.25,waspada
0.0,0.0,0.0,32.64,32.86,23.62,2,0,376.968,1.3175,2,0.0,0.0,0.3264,0.75,10.727,0.9,aman
1.017,2.073,6.947,37.22,21.78,14.94,6,1,525.917,0.05,2,1.017,0.6909,0.3722,0.55,8.105,0.9,waspada
0.0,0.0,0.0,63.51,13.21,20.01,9,1,324.231,0.5625,3,0.0,0.0,0.6351,0.75,8.392,0.2,aman
0.0,0.0,0.0,35.88,6.46,30.13,4,0,774.901,1.3858,1,0.0,0.0,0.3588,0.35,2.318,0.1,waspada
13.625,20.813,78.538,38.67,14.44,8.47,1,0,1184.031,0.7277,2,13.625,6.9377,0.3867,0.75,5.585,0.5,waspada
78.183,179.586,431.187,88.47,7.31,26.85,8,1,852.82,2.1681,3,78.183,59.8618,0.8847,1.0,6.468,0.35,siaga
0.0,0.0,0.0,36.16,18.26,26.66,8,1,801.15,1.1349,0,0.0,0.0,0.3616,0.55,6.603,0.2,aman
0.0,0.0,0.0,80.38,10.06,14.26,12,0,864.851,0.8165,0,0.0,0.0,0.8038,0.55,8.084,0.15,waspada
4.454,11.887,48.917,94.05,3.9,31.48,8,1,678.932,0.3535,2,4.454,3.9625,0.9405,1.0,3.67,0.9,waspada
0.0,0.0,0.0,73.16,28.26,32.17,6,1,474.714,1.5479,2,0.0,0.0,0.7316,0.75,20.671,0.4,waspada
0.0,0.0,0.0,80.63,12.0,15.45,6,1,623.354,0.6047,3,0.0,0.0,0.8063,0.75,9.677,0.3,waspada
47.63,77.091,232.318,78.77,3.0,13.49,7,1,270.474,0.1916,1,47.63,25.6971,0.7877,0.35,2.36,0.35,siaga
8.135,19.864,53.052,66.68,37.81,21.14,7,1,761.779,1.2137,1,8.135,6.6213,0.6668,0.75,25.213,0.75,waspada
7.468,18.459,77.614,72.21,12.74,7.3,12,0,429.366,1.9086,1,7.468,6.153,0.7221,0.35,9.199,0.5,waspada
0.0,0.0,0.0,91.18,11.65,32.37,9,1,845.575,0.8147,2,0.0,0.0,0.9118,0.35,10.622,0.5,waspada
131.915,232.647,384.675,95.89,22.37,16.26,4,0,1063.007,0.602,2,131.915,77.5488,0.9589,0.75,21.453,0.4,siaga
8.672,17.709,38.315,44.84,21.82,27.33,9,1,241.137,1.1134,2,8.672,5.9029,0.4484,0.75,9.784,0.25,waspada
10.499,17.951,40.856,45.16,2.82,11.19,3,0,498.904,0.8685,2,10.499,5.9838,0.4516,0.75,1.274,0.5,waspada
0.0,0.0,0.0,67.86,32.78,0.83,6,1,672.373,0.05,1,0.0,0.0,0.6786,0.75,22.248,0.5,waspada
0.0,0.0,0.0,33.67,13.6,19.55,3,0,542.118,0.3304,1,0.0,0.0,0.3367,0.75,4.579,0.2,aman
0.0,0.0,0.0,58.26,36.16,16.06,12,0,329.008,1.2778,2,0.0,0.0,0.5826,0.85,21.064,0.2,aman
4.303,6.776,30.823,52.74,28.44,31.9,9,1,830.739,0.8746,3,4.303,2.2586,0.5274,0.75,14.999,0.65,aman
0.0,0.0,0.0,83.35,21.46,19.86,10,0,503.346,1.0963,1,0.0,0.0,0.8335,0.55,17.888,0.3,waspada
1.628,3.411,10.147,39.59,32.07,0.16,2,0,752.301,1.7973,3,1.628,1.1372,0.3959,0.85,12.694,0.65,aman
6.123,12.521,40.129,97.27,2.36,22.81,7,1,704.469,0.3163,2,6.123,4.1736,0.9727,0.75,2.293,0.85,waspada
0.0,0.0,0.0,67.59,36.13,4.27,1,0,410.521,1.4974,1,0.0,0.0,0.6759,0.55,24.42,0.4,waspada
0.0,0.0,0.0,38.51,3.23,7.05,1,0,931.397,0.5741,3,0.0,0.0,0.3851,0.85,1.244,0.35,aman
24.956,44.071,159.701,36.93,9.16,9.91,9,1,496.107,0.5272,0,24.956,14.6902,0.3693,0.05,3.384,0.3,siaga
22.425,41.536,88.439,82.54,23.98,4.6,7,1,469.989,0.7507,3,22.425,13.8454,0.8254,0.55,19.794,0.6,siaga
0.0,0.0,0.0,89.74,6.08,8.77,4,0,599.365,0.4309,2,0.0,0.0,0.8974,0.55,5.452,0.45,waspada
0.0,0.0,0.0,38.28,36.02,31.84,8,1,475.467,1.1387,0,0.0,0.0,0.3828,1.0,13.789,0.5,aman
5.562,11.341,53.17,67.3,12.63,14.83,12,0,588.902,0.6933,1,5.562,3.7803,0.673,0.85,8.502,0.35,waspada
0.0,0.0,0.0,44.89,14.14,31.66,10,0,985.769,1.1658,3,0.0,0.0,0.4489,0.55,6.346,0.1,aman
74.424,164.615,419.246,71.37,6.65,32.04,11,0,949.927,0.05,3,74.424,54.8718,0.7137,0.55,4.748,0.8,siaga
14.936,27.651,83.99,54.31,8.34,22.52,1,0,215.593,1.6684,0,14.936,9.2171,0.5431,0.75,4.527,0.6,waspada
8.14,13.973,40.288,83.75,9.45,20.53,11,0,827.675,0.6971,1,8.14,4.6578,0.8375,0.85,7.917,0.85,waspada
0.0,0.0,0.0,36.24,16.28,3.0,1,0,233.658,0.3882,3,0.0,0.0,0.3624,1.0,5.898,0.6,aman
74.145,111.557,269.411,58.53,5.74,15.78,5,0,814.187,1.9346,1,74.145,37.1857,0.5853,0.75,3.361,0.4,siaga
0.0,0.0,0.0,30.62,11.08,6.78,9,1,235.281,1.5739,2,0.0,0.0,0.3062,0.55,3.391,0.5,waspada
14.04,32.384,75.096,79.91,23.16,10.82,4,0,330.089,1.587,0,14.04,10.7947,0.7991,0.85,18.505,0.1,waspada
0.0,0.0,0.0,56.91,5.33,2.47,7,1,519.028,0.7471,1,0.0,0.0,0.5691,0.85,3.033,0.35,aman
4.458,9.063,25.187,64.98,14.01,24.39,2,0,83.424,0.9833,1,4.458,3.0211,0.6498,0.85,9.105,0.8,waspada
2.841,6.928,24.132,77.04,25.54,16.18,8,1,580.2,0.7475,0,2.841,2.3094,0.7704,0.55,19.674,0.8,waspada
1.167,2.251,9.727,72.98,21.45,19.69,10,0,884.051,0.8369,1,1.167,0.7505,0.7298,0.85,15.651,0.35,waspada
5.006,14.651,42.843,49.8,12.76,23.95,5,0,843.535,0.05,1,5.006,4.8838,0.498,0.55,6.356,0.5,waspada
0.0,0.0,0.0,80.15,36.42,24.6,11,0,356.762,0.2486,0,0.0,0.0,0.8015,0.35,29.194,0.35,waspada
21.186,47.068,104.316,96.69,25.25,22.99,8,1,703.116,0.3246,2,21.186,15.6893,0.9669,1.0,24.413,0.35,waspada
10.761,26.116,63.498,65.79,10.5,34.7,11,0,589.672,0.9117,0,10.761,8.7054,0.6579,1.0,6.908,0.65,waspada
0.0,0.0,0.0,49.94,27.44,33.21,8,1,548.145,0.5305,0,0.0,0.0,0.4994,0.75,13.704,0.6,aman
0.0,0.0,0.0,86.17,12.55,20.63,4,0,876.109,1.4612,3,0.0,0.0,0.8617,0.75,10.813,0.45,waspada
0.0,0.0,0.0,74.98,8.47,0.77,5,0,506.542,0.05,1,0.0,0.0,0.7498,0.85,6.348,0.65,waspada
0.0,0.0,0.0,41.04,17.42,2.65,11,0,550.665,0.7661,2,0.0,0.0,0.4104,0.55,7.149,0.5,waspada
4.41,7.582,26.872,32.97,18.59,25.81,9,1,506.49,0.7706,2,4.41,2.5274,0.3297,0.75,6.13,0.4,aman
32.082,59.328,167.692,69.25,18.71,16.89,10,0,373.802,1.3891,2,32.082,19.7759,0.6925,0.75,12.955,0.35,waspada
0.0,0.0,0.0,53.7,23.35,19.94,8,1,797.201,1.7765,1,0.0,0.0,0.537,0.35,12.539,0.85,waspada
120.17,198.282,411.974,49.18,15.49,2.37,4,0,447.968,1.3221,0,120.17,66.0941,0.4918,0.75,7.62,0.75,siaga
0.0,0.0,0.0,84.72,10.91,22.41,3,0,659.789,1.0745,2,0.0,0.0,0.8472,0.75,9.243,0.2,waspada
10.72,21.797,59.96,32.36,13.49,30.52,11,0,515.159,0.6197,1,10.72,7.2656,0.3236,0.35,4.365,0.85,waspada
0.0,0.0,0.0,38.65,15.02,17.57,4,0,0.0,0.4044,1,0.0,0.0,0.3865,0.75,5.806,0.5,waspada
1.335,2.844,9.101,80.45,12.4,30.66,11,0,356.924,0.8319,1,1.335,0.9479,0.8045,0.75,9.976,0.7,waspada
0.0,0.0,0.0,35.71,17.33,27.56,5,0,461.881,0.8186,1,0.0,0.0,0.3571,0.55,6.188,0.4,waspada
0.0,0.0,0.0,53.19,34.4,29.48,11,0,576.111,0.4896,1,0.0,0.0,0.5319,0.75,18.295,0.15,aman
2.485,5.032,19.529,38.17,17.79,1.88,2,0,772.585,0.05,2,2.485,1.6773,0.3817,0.75,6.792,0.7,aman
23.241,56.789,172.708,48.19,27.48,26.72,6,1,321.77,0.4951,2,23.241,18.9297,0.4819,0.55,13.245,0.25,siaga
21.984,36.972,141.083,47.6,12.08,5.63,7,1,582.387,0.8887,1,21.984,12.3241,0.476,0.75,5.75,0.9,waspada
9.43,16.984,46.104,34.11,12.54,14.68,3,0,713.282,0.7711,3,9.43,5.6613,0.3411,0.85,4.279,0.55,aman
3.514,6.054,15.737,77.01,24.49,27.62,4,0,0.0,1.8901,1,3.514,2.0181,0.7701,0.35,18.862,0.3,siaga
0.0,0.0,0.0,30.09,6.94,11.19,1,0,967.04,0.73,1,0.0,0.0,0.3009,0.35,2.089,0.1,waspada
67.501,103.104,240.262,72.43,32.43,15.64,7,1,783.648,0.6014,1,67.501,34.3681,0.7243,0.35,23.49,0.75,siaga
11.819,20.003,56.999,46.48,6.19,18.17,8,1,311.454,1.1035,1,11.819,6.6676,0.4648,1.0,2.877,0.7,waspada
14.354,28.729,83.705,72.1,20.29,33.45,4,0,444.083,0.6413,1,14.354,9.5763,0.721,0.35,14.63,0.85,siaga
13.549,20.912,44.096,73.47,12.22,29.44,2,0,960.847,0.3483,0,13.549,6.9708,0.7347,1.0,8.981,0.65,waspada
0.0,0.0,0.0,86.6,19.09,31.44,5,0,886.345,0.1105,2,0.0,0.0,0.866,0.55,16.532,0.85,waspada
0.0,0.0,0.0,54.4,34.21,1.66,8,1,758.838,0.808,1,0.0,0.0,0.544,0.35,18.61,0.1,waspada
14.755,30.736,107.301,83.08,10.93,33.4,11,0,485.879,1.8086,1,14.755,10.2454,0.8308,0.55,9.08,0.6,siaga
79.158,183.841,587.698,92.09,27.36,17.41,12,0,927.583,0.5488,3,79.158,61.2802,0.9209,0.85,25.193,0.15,siaga
9.518,18.108,51.448,68.82,4.34,18.63,6,1,645.145,0.5472,2,9.518,6.036,0.6882,0.75,2.985,0.15,waspada
0.0,0.0,0.0,63.44,31.92,12.98,8,1,686.892,0.05,0,0.0,0.0,0.6344,0.35,20.25,0.5,waspada
2.42,4.386,10.136,52.8,27.84,14.88,3,0,701.718,0.4303,3,2.42,1.4621,0.528,0.55,14.699,0.7,waspada
2.896,7.181,20.976,32.34,30.46,26.66,9,1,776.843,0.8243,0,2.896,2.3936,0.3234,1.0,9.849,0.75,aman
6.806,15.117,30.943,64.43,11.98,4.69,5,0,0.0,0.3711,1,6.806,5.0391,0.6443,0.35,7.717,0.8,siaga
135.657,242.306,419.201,97.01,11.15,8.88,11,0,603.64,1.882,3,135.657,80.7685,0.9701,0.35,10.817,0.35,awas
0.0,0.0,0.0,31.11,23.3,11.82,12,0,748.779,0.911,3,0.0,0.0,0.3111,0.75,7.248,0.45,aman
2.159,3.587,15.871,64.91,20.17,6.83,5,0,514.166,0.8778,1,2.159,1.1958,0.6491,0.05,13.094,0.4,waspada
2.518,4.104,17.074,49.54,25.22,13.16,5,0,504.645,0.647,2,2.518,1.3681,0.4954,0.35,12.492,0.3,waspada
1.467,3.827,17.4,89.14,10.06,28.02,4,0,705.954,0.2758,2,1.467,1.2756,0.8914,0.85,8.964,0.8,waspada
51.71,77.884,240.204,32.73,16.63,33.17,10,0,378.452,1.1831,1,51.71,25.9613,0.3273,0.35,5.442,0.6,siaga
23.647,55.778,213.983,79.08,36.06,20.88,7,1,171.155,1.0008,2,23.647,18.5927,0.7908,0.35,28.514,0.25,siaga
4.415,9.298,28.725,60.32,30.69,3.48,10,0,724.815,0.7336,2,4.415,3.0992,0.6032,0.35,18.515,0.25,waspada
0.0,0.0,0.0,48.34,15.75,5.46,8,1,767.84,1.2411,0,0.0,0.0,0.4834,0.75,7.615,0.55,aman
22.799,41.366,133.592,61.11,30.37,11.28,9,1,681.049,0.9245,0,22.799,13.7888,0.6111,1.0,18.561,0.4,waspada
6.017,12.776,40.831,35.68,10.36,2.7,6,1,493.32,1.4267,0,6.017,4.2587,0.3568,0.55,3.696,0.5,waspada
6.837,19.652,49.646,87.37,22.83,5.82,7,1,200.735,0.4514,1,6.837,6.5507,0.8737,1.0,19.948,0.45,waspada
0.0,0.0,0.0,76.5,30.67,12.6,5,0,677.214,1.3384,2,0.0,0.0,0.765,0.55,23.465,0.5,waspada
103.211,199.195,316.267,85.24,8.55,23.87,2,0,258.646,0.2779,1,103.211,66.3982,0.8524,0.85,7.287,0.75,siaga
48.482,110.558,336.727,88.75,6.43,9.96,11,0,710.34,0.9797,3,48.482,36.8526,0.8875,0.75,5.704,0.2,siaga
6.849,11.411,47.789,71.01,2.76,34.72,10,0,241.899,0.4445,1,6.849,3.8038,0.7101,0.55,1.962,0.25,waspada
20.591,44.933,106.792,52.28,32.84,27.68,10,0,698.374,1.3241,3,20.591,14.9777,0.5228,0.55,17.171,0.4,waspada
0.0,0.0,0.0,50.03,24.37,30.77,3,0,683.929,0.3139,0,0.0,0.0,0.5003,1.0,12.192,0.3,aman
7.432,21.393,59.387,35.14,13.78,23.9,11,0,426.205,1.4719,1,7.432,7.1309,0.3514,0.35,4.843,0.15,waspada
0.0,0.0,0.0,68.69,10.46,9.48,7,1,466.056,1.2339,2,0.0,0.0,0.6869,0.75,7.187,0.15,aman
0.0,0.0,0.0,36.08,25.81,10.92,9,1,395.74,1.9559,2,0.0,0.0,0.3608,1.0,9.315,0.45,aman
3.189,9.071,30.623,52.12,7.03,29.8,4,0,578.567,0.107,1,3.189,3.0237,0.5212,0.85,3.666,0.9,waspada
0.0,0.0,0.0,91.04,22.86,32.1,10,0,426.729,0.05,1,0.0,0.0,0.9104,0.75,20.81,0.35,waspada
5.598,15.371,49.325,69.32,8.8,7.78,8,1,738.537,1.2999,1,5.598,5.1235,0.6932,0.35,6.101,0.15,waspada
1.467,3.808,17.374,82.85,23.45,10.63,1,0,557.108,1.0753,2,1.467,1.2694,0.8285,0.75,19.43,0.8,waspada
5.686,10.689,45.929,87.56,4.32,13.3,3,0,640.133,0.05,2,5.686,3.5629,0.8756,0.85,3.783,0.6,waspada
45.564,106.82,317.163,32.74,18.38,29.22,4,0,125.19,0.1964,1,45.564,35.6066,0.3274,0.75,6.019,0.15,siaga
3.197,9.001,41.985,89.18,32.83,17.21,4,0,112.663,1.2302,1,3.197,3.0002,0.8918,0.55,29.282,0.8,siaga
45.704,96.222,312.534,30.86,30.08,14.32,12,0,259.909,0.9848,2,45.704,32.0739,0.3086,0.35,9.283,0.15,siaga
17.309,26.416,79.79,44.88,22.26,12.36,12,0,725.644,0.5532,3,17.309,8.8055,0.4488,0.75,9.99,0.65,waspada
17.543,36.967,87.687,30.42,16.85,23.06,8,1,718.512,0.9226,2,17.543,12.3225,0.3042,0.75,5.128,0.1,waspada
17.314,34.187,116.993,87.04,5.68,18.66,8,1,398.961,1.2055,1,17.314,11.3957,0.8704,0.55,4.947,0.1,waspada
4.869,7.646,24.105,93.88,35.19,3.8,9,1,580.538,0.5903,2,4.869,2.5485,0.9388,0.55,33.04,0.35,waspada
0.0,0.0,0.0,97.08,24.78,0.5,11,0,464.29,1.0191,1,0.0,0.0,0.9708,0.35,24.059,0.1,waspada
7.162,11.346,37.529,73.41,36.53,12.87,5,0,626.313,0.949,1,7.162,3.782,0.7341,0.35,26.818,0.25,waspada
0.0,0.0,0.0,33.91,8.14,13.56,9,1,809.989,0.979,0,0.0,0.0,0.3391,0.85,2.76,0.65,aman
0.0,0.0,0.0,89.38,2.76,23.25,1,0,507.285,1.7179,1,0.0,0.0,0.8938,0.75,2.468,0.3,waspada
0.0,0.0,0.0,80.12,10.95,33.28,9,1,799.462,0.05,2,0.0,0.0,0.8012,0.75,8.775,0.2,waspada
0.0,0.0,0.0,40.11,16.49,11.36,1,0,442.146,0.05,2,0.0,0.0,0.4011,0.75,6.615,0.6,aman
64.491,153.675,311.02,64.31,13.11,17.75,8,1,599.197,1.1966,2,64.491,51.225,0.6431,0.05,8.43,0.45,awas
12.004,29.776,99.14,44.25,7.2,17.18,1,0,498.779,1.1209,2,12.004,9.9254,0.4425,0.55,3.186,0.1,waspada
19.993,46.692,182.803,34.88,36.96,11.51,7,1,514.692,0.9099,0,19.993,15.5641,0.3488,0.75,12.889,0.65,waspada
0.0,0.0,0.0,43.57,29.77,30.05,6,1,866.43,1.1633,0,0.0,0.0,0.4357,0.75,12.969,0.15,aman
0.0,0.0,0.0,80.06,8.61,18.9,1,0,379.499,1.7862,3,0.0,0.0,0.8006,0.35,6.889,0.5,waspada
5.653,8.886,23.276,31.82,31.73,26.17,11,0,457.799,0.8598,0,5.653,2.9622,0.3182,0.55,10.094,0.5,waspada
5.649,9.997,38.075,60.94,21.62,31.81,9,1,738.297,0.2051,1,5.649,3.3322,0.6094,0.75,13.175,0.7,waspada
0.0,0.0,0.0,95.88,25.81,11.29,4,0,777.626,0.1708,3,0.0,0.0,0.9588,0.55,24.747,0.5,waspada
2.743,6.322,19.51,67.0,8.35,0.56,8,1,473.027,1.5672,3,2.743,2.1073,0.67,0.55,5.593,0.6,waspada
0.813,2.367,5.862,97.53,3.65,22.1,2,0,145.598,0.05,2,0.813,0.789,0.9753,0.75,3.555,0.2,waspada
0.0,0.0,0.0,31.48,4.97,14.16,4,0,334.785,0.7191,1,0.0,0.0,0.3148,0.85,1.563,0.1,aman
0.726,1.624,3.45,59.82,37.61,14.54,6,1,163.744,1.9656,2,0.726,0.5413,0.5982,0.75,22.499,0.15,waspada
0.0,0.0,0.0,90.06,25.1,7.15,12,0,546.607,0.05,1,0.0,0.0,0.9006,0.55,22.605,0.85,waspada
16.433,39.224,90.812,41.29,34.3,11.41,8,1,793.482,1.627,2,16.433,13.0747,0.4129,0.75,14.161,0.25,waspada
1.501,3.935,18.002,73.13,37.01,11.2,7,1,583.258,0.781,0,1.501,1.3117,0.7313,0.55,27.069,0.6,waspada
34.424,78.19,187.93,90.67,29.92,3.19,5,0,320.591,0.05,0,34.424,26.0633,0.9067,0.15,27.126,0.1,awas
0.0,0.0,0.0,86.75,37.23,13.52,4,0,440.355,1.3791,2,0.0,0.0,0.8675,0.35,32.294,0.55,waspada
0.0,0.0,0.0,51.2,27.4,20.79,1,0,364.722,0.0536,3,0.0,0.0,0.512,0.75,14.028,0.15,aman
2.899,6.94,21.33,57.81,24.06,7.86,11,0,1237.675,0.5496,3,2.899,2.3134,0.5781,0.35,13.908,0.9,waspada
0.0,0.0,0.0,78.37,20.17,30.84,9,1,1041.641,1.6414,1,0.0,0.0,0.7837,0.85,15.806,0.85,waspada
47.145,101.321,263.27,73.78,16.4,32.56,5,0,308.283,0.1786,0,47.145,33.7738,0.7378,0.75,12.096,0.45,siaga
5.858,16.111,33.136,49.46,29.65,25.41,4,0,613.042,0.7952,1,5.858,5.3704,0.4946,0.05,14.663,0.65,waspada
112.097,198.513,299.123,61.16,26.56,31.51,9,1,382.287,1.1631,1,112.097,66.1709,0.6116,0.85,16.246,0.2,siaga
128.649,200.198,409.899,95.59,33.95,12.09,5,0,897.652,2.0388,0,128.649,66.7328,0.9559,0.55,32.457,0.6,awas
3.626,6.078,25.566,69.5,8.98,32.83,8,1,892.151,1.1637,1,3.626,2.0259,0.695,0.75,6.242,0.7,waspada
0.0,0.0,0.0,73.79,28.29,23.05,11,0,471.372,0.1384,1,0.0,0.0,0.7379,0.75,20.877,0.6,waspada
14.717,29.608,105.04,41.89,24.81,15.66,1,0,733.755,0.67,1,14.717,9.8693,0.4189,0.35,10.392,0.35,waspada
0.0,0.0,0.0,95.97,29.12,18.27,10,0,626.754,0.6113,1,0.0,0.0,0.9597,0.55,27.949,0.2,waspada
0.0,0.0,0.0,83.53,26.23,26.56,9,1,570.758,0.3577,2,0.0,0.0,0.8353,1.0,21.91,0.4,waspada
0.0,0.0,0.0,80.4,36.68,12.33,2,0,613.758,0.5111,2,0.0,0.0,0.804,0.75,29.489,0.15,waspada
65.327,140.845,460.078,60.17,28.14,24.97,2,0,289.876,0.1568,2,65.327,46.9482,0.6017,1.0,16.931,0.5,siaga
2.312,4.694,10.497,88.94,9.72,20.23,5,0,671.435,0.2598,3,2.312,1.5646,0.8894,0.75,8.648,0.8,waspada
0.0,0.0,0.0,93.0,34.74,1.49,8,1,289.473,0.0597,2,0.0,0.0,0.93,0.75,32.303,0.2,waspada
4.506,6.944,19.775,41.72,3.74,28.68,8,1,717.135,0.6431,3,4.506,2.3148,0.4172,1.0,1.562,0.9,aman
0.0,0.0,0.0,53.98,14.72,28.71,8,1,388.39,0.7945,1,0.0,0.0,0.5398,0.55,7.947,0.15,waspada
0.0,0.0,0.0,72.84,12.65,19.91,3,0,774.045,1.1016,1,0.0,0.0,0.7284,0.75,9.218,0.45,waspada
0.0,0.0,0.0,55.91,6.11,0.74,8,1,174.58,0.6478,2,0.0,0.0,0.5591,0.85,3.417,0.75,waspada
0.0,0.0,0.0,72.38,3.43,20.61,9,1,597.863,0.6222,1,0.0,0.0,0.7238,0.85,2.486,0.1,waspada
12.441,24.705,60.487,65.73,32.69,29.96,4,0,701.533,1.769,0,12.441,8.2349,0.6573,0.15,21.486,0.6,siaga
0.0,0.0,0.0,61.41,13.92,28.54,9,1,921.048,0.9625,0,0.0,0.0,0.6141,0.75,8.548,0.5,waspada
0.0,0.0,0.0,50.95,23.37,7.84,11,0,645.51,0.7847,2,0.0,0.0,0.5095,0.75,11.909,0.65,aman
0.0,0.0,0.0,32.15,37.18,22.26,8,1,888.132,1.2411,1,0.0,0.0,0.3215,0.85,11.951,0.75,aman
3.217,9.221,21.932,46.29,4.72,0.76,11,0,427.647,0.694,1,3.217,3.0736,0.4629,0.75,2.185,0.7,aman
144.085,250.047,504.834,62.62,18.72,4.14,11,0,1094.049,2.0502,2,144.085,83.3489,0.6262,0.55,11.722,0.8,siaga
0.0,0.0,0.0,39.84,4.71,24.94,1,0,441.564,0.1919,2,0.0,0.0,0.3984,0.75,1.878,0.15,aman
132.319,257.822,467.684,34.68,16.15,11.7,4,0,761.88,0.8865,1,132.319,85.9408,0.3468,0.75,5.601,0.25,waspada
4.843,11.472,56.041,60.27,4.54,13.88,3,0,494.932,0.3551,3,4.843,3.824,0.6027,0.15,2.738,0.25,waspada
0.0,0.0,0.0,32.35,13.84,12.04,5,0,1015.677,1.3082,3,0.0,0.0,0.3235,1.0,4.478,0.45,aman
33.766,78.125,170.912,33.27,35.46,14.19,10,0,508.95,1.2093,2,33.766,26.0418,0.3327,0.85,11.798,0.1,waspada
16.297,26.23,55.083,43.23,2.22,14.62,12,0,537.781,1.0735,2,16.297,8.7434,0.4323,0.55,0.958,0.6,waspada
11.553,27.038,77.599,59.29,9.5,25.32,10,0,540.951,0.2258,1,11.553,9.0128,0.5929,0.75,5.633,0.3,waspada
0.0,0.0,0.0,52.98,34.53,4.2,12,0,898.919,0.134,2,0.0,0.0,0.5298,0.75,18.295,0.85,waspada
0.0,0.0,0.0,33.07,13.07,4.01,3,0,669.807,0.2307,2,0.0,0.0,0.3307,0.55,4.323,0.2,aman
2.101,4.509,17.001,39.22,11.44,1.46,8,1,319.833,1.4711,0,2.101,1.5031,0.3922,0.55,4.487,0.4,aman
0.0,0.0,0.0,46.38,13.32,22.09,5,0,403.763,0.6156,3,0.0,0.0,0.4638,0.85,6.18,0.4,aman
29.984,61.587,129.564,62.82,24.76,23.76,2,0,546.828,1.1184,3,29.984,20.5291,0.6282,0.35,15.555,0.75,siaga
2.91,8.323,18.727,68.02,19.91,11.31,8,1,848.466,1.093,1,2.91,2.7744,0.6802,0.55,13.542,0.7,waspada
5.778,15.369,35.43,74.1,11.68,24.02,4,0,595.398,0.6383,1,5.778,5.1229,0.741,0.75,8.655,0.5,waspada
2.294,6.591,22.05,80.62,35.18,9.95,1,0,1053.554,0.238,2,2.294,2.1971,0.8062,0.75,28.365,0.85,waspada
0.0,0.0,0.0,92.24,25.87,4.67,1,0,1066.052,1.111,3,0.0,0.0,0.9224,0.85,23.864,0.5,waspada
0.0,0.0,0.0,71.85,3.9,31.31,5,0,884.527,2.1096,2,0.0,0.0,0.7185,0.55,2.801,0.75,waspada
7.607,14.918,32.343,59.83,22.52,11.51,8,1,305.077,0.5254,2,7.607,4.9725,0.5983,0.85,13.47,0.7,waspada
2.83,6.673,19.483,39.39,19.85,19.46,1,0,656.337,1.3199,0,2.83,2.2244,0.3939,0.55,7.819,0.7,waspada
3.965,11.441,41.294,38.67,9.49,33.7,10,0,750.514,0.7015,0,3.965,3.8135,0.3867,0.75,3.67,0.15,aman
0.0,0.0,0.0,58.5,17.92,31.66,10,0,451.186,0.3117,2,0.0,0.0,0.585,0.85,10.483,0.35,waspada
0.0,0.0,0.0,36.43,31.15,21.45,1,0,726.62,1.4897,1,0.0,0.0,0.3643,0.85,11.349,0.1,aman
0.0,0.0,0.0,93.31,36.07,9.84,9,1,309.142,0.2891,2,0.0,0.0,0.9331,0.15,33.661,0.35,siaga
0.0,0.0,0.0,87.41,13.01,23.94,7,1,346.848,0.05,1,0.0,0.0,0.8741,0.35,11.368,0.15,waspada
0.945,2.597,6.426,90.75,6.93,1.42,1,0,883.194,2.0184,3,0.945,0.8656,0.9075,0.55,6.29,0.15,waspada
11.159,20.541,67.74,97.76,23.15,2.15,12,0,412.834,1.2391,1,11.159,6.8469,0.9776,0.75,22.631,0.9,waspada
0.0,0.0,0.0,82.75,26.16,24.57,4,0,846.097,1.6884,0,0.0,0.0,0.8275,0.35,21.648,0.85,waspada
45.983,93.445,287.428,48.42,27.22,22.46,8,1,559.176,0.6396,1,45.983,31.1482,0.4842,0.85,13.179,0.45,waspada
22.124,49.848,148.488,78.41,17.44,14.14,11,0,575.198,0.6375,2,22.124,16.616,0.7841,0.55,13.679,0.5,siaga
57.092,102.445,327.333,73.38,19.16,3.29,8,1,971.574,1.2172,2,57.092,34.1482,0.7338,0.85,14.056,0.9,siaga
0.0,0.0,0.0,87.25,20.45,22.66,5,0,728.858,0.6155,1,0.0,0.0,0.8725,1.0,17.846,0.5,waspada
22.498,52.568,112.75,65.68,23.21,10.51,10,0,858.924,2.0642,1,22.498,17.5228,0.6568,0.85,15.246,0.55,waspada
3.738,5.728,22.729,49.22,26.09,28.85,9,1,104.984,0.8748,0,3.738,1.9095,0.4922,0.85,12.839,0.3,waspada
61.486,150.425,507.819,86.44,16.12,26.63,12,0,325.368,0.05,1,61.486,50.1418,0.8644,0.55,13.935,0.35,siaga
0.0,0.0,0.0,54.76,34.68,20.12,11,0,555.342,0.5162,3,0.0,0.0,0.5476,0.75,18.994,0.1,aman
2.804,5.795,16.346,85.79,22.34,19.51,8,1,539.196,1.9322,0,2.804,1.9315,0.8579,0.15,19.161,0.35,siaga
0.0,0.0,0.0,92.45,4.26,2.1,9,1,235.183,0.3185,2,0.0,0.0,0.9245,0.85,3.941,0.6,waspada
22.112,50.791,135.767,59.53,35.76,19.01,2,0,769.962,1.2219,0,22.112,16.9304,0.5953,0.55,21.288,0.55,siaga
0.0,0.0,0.0,38.64,33.66,5.77,10,0,790.931,0.8436,1,0.0,0.0,0.3864,1.0,13.006,0.75,aman
63.339,108.563,240.271,77.74,26.84,11.44,3,0,769.807,0.685,2,63.339,36.1876,0.7774,0.15,20.864,0.25,awas
21.387,48.923,129.851,97.96,31.07,9.84,4,0,499.858,1.6391,0,21.387,16.3076,0.9796,0.35,30.434,0.4,siaga
107.305,190.868,414.031,97.13,15.73,25.39,3,0,837.135,0.7828,3,107.305,63.6228,0.9713,1.0,15.277,0.7,siaga
3.9,6.32,26.577,83.41,10.93,4.27,1,0,941.676,0.8696,1,3.9,2.1065,0.8341,0.75,9.117,0.55,waspada
76.556,185.24,380.531,80.25,37.76,21.77,11,0,715.153,1.161,0,76.556,61.7466,0.8025,0.15,30.301,0.85,awas
0.0,0.0,0.0,33.77,23.68,33.6,12,0,374.057,0.5493,0,0.0,0.0,0.3377,0.75,7.996,0.4,aman
27.35,62.735,212.525,87.44,5.95,34.73,8,1,299.406,1.9297,0,27.35,20.9116,0.8744,0.35,5.203,0.75,siaga
0.0,0.0,0.0,50.8,29.7,15.95,12,0,886.318,0.788,3,0.0,0.0,0.508,0.85,15.087,0.45,aman
1.467,4.302,11.375,80.84,24.03,16.59,6,1,595.45,0.5364,2,1.467,1.434,0.8084,0.55,19.427,0.8,waspada
0.0,0.0,0.0,39.19,31.49,0.95,2,0,513.704,0.7183,1,0.0,0.0,0.3919,0.55,12.34,0.25,aman
0.0,0.0,0.0,82.58,16.11,33.6,3,0,458.819,0.6673,3,0.0,0.0,0.8258,0.75,13.303,0.65,waspada
7.824,23.118,60.672,71.15,17.47,21.61,6,1,593.437,0.2984,2,7.824,7.706,0.7115,0.85,12.432,0.55,waspada
0.0,0.0,0.0,76.19,2.4,30.29,4,0,382.42,1.1877,0,0.0,0.0,0.7619,0.75,1.832,0.35,waspada
0.0,0.0,0.0,59.38,20.68,0.84,8,1,40.901,0.4607,2,0.0,0.0,0.5938,0.75,12.281,0.55,waspada
0.0,0.0,0.0,64.99,33.2,32.2,2,0,863.659,0.7102,2,0.0,0.0,0.6499,0.85,21.575,0.7,waspada
2.012,4.513,10.089,93.55,3.25,0.29,6,1,857.714,1.2936,2,2.012,1.5045,0.9355,0.55,3.044,0.45,waspada
4.458,11.878,35.933,85.07,22.28,15.48,10,0,0.0,1.5853,1,4.458,3.9595,0.8507,1.0,18.954,0.15,waspada
10.904,21.789,48.17,32.4,13.6,20.13,11,0,84.37,1.2207,1,10.904,7.2629,0.324,0.85,4.406,0.35,waspada
5.902,9.442,26.724,65.84,21.42,27.8,12,0,605.633,0.7529,0,5.902,3.1474,0.6584,0.75,14.107,0.75,waspada
0.0,0.0,0.0,37.98,33.09,17.61,6,1,693.445,0.7349,1,0.0,0.0,0.3798,0.85,12.571,0.65,aman
3.126,5.707,28.284,77.62,3.89,1.33,11,0,659.247,0.0873,2,3.126,1.9024,0.7762,0.75,3.023,0.6,waspada
2.146,5.907,17.834,91.81,11.86,11.31,1,0,723.374,1.2232,2,2.146,1.9691,0.9181,0.15,10.892,0.45,siaga
3.258,4.895,17.732,83.99,13.49,14.48,3,0,1122.575,0.9459,2,3.258,1.6318,0.8399,0.85,11.327,0.35,waspada
0.0,0.0,0.0,94.65,18.06,18.08,8,1,957.534,0.2325,2,0.0,0.0,0.9465,0.85,17.093,0.6,waspada
20.668,33.821,102.093,66.26,36.83,17.34,6,1,556.177,0.0776,2,20.668,11.2737,0.6626,0.75,24.407,0.85,waspada
5.843,10.446,23.035,91.87,36.45,34.46,6,1,579.396,0.05,2,5.843,3.482,0.9187,0.75,33.49,0.25,waspada
37.204,76.213,254.464,91.25,33.53,22.55,8,1,73.159,0.05,1,37.204,25.4044,0.9125,0.75,30.6,0.8,awas
10.335,15.757,55.545,41.11,31.19,25.71,2,0,411.845,0.896,0,10.335,5.2524,0.4111,0.55,12.823,0.15,waspada
0.0,0.0,0.0,67.65,8.15,26.72,11,0,813.892,0.9033,0,0.0,0.0,0.6765,0.55,5.512,0.2,waspada
0.0,0.0,0.0,83.92,2.83,25.46,6,1,477.965,0.05,0,0.0,0.0,0.8392,1.0,2.377,0.55,aman
0.0,0.0,0.0,50.68,28.23,24.6,4,0,409.423,1.438,3,0.0,0.0,0.5068,0.75,14.306,0.8,waspada
143.313,276.651,616.199,68.34,14.38,30.09,12,0,471.733,0.0993,2,143.313,92.2171,0.6834,0.85,9.826,0.3,siaga
2.369,5.452,11.35,72.55,11.36,16.41,2,0,1062.517,1.4864,2,2.369,1.8175,0.7255,0.75,8.241,0.7,waspada
0.0,0.0,0.0,60.66,5.38,5.89,6,1,662.818,0.7356,1,0.0,0.0,0.6066,0.75,3.265,0.55,waspada
7.399,18.825,49.273,33.46,29.91,23.06,9,1,780.447,0.5151,0,7.399,6.275,0.3346,0.15,10.007,0.4,waspada
0.0,0.0,0.0,94.64,6.3,26.51,10,0,359.339,0.05,1,0.0,0.0,0.9464,0.15,5.958,0.2,siaga
0.0,0.0,0.0,81.68,36.39,19.46,6,1,829.432,1.029,3,0.0,0.0,0.8168,0.85,29.725,0.6,waspada
59.344,142.453,311.156,71.35,7.18,1.27,3,0,916.15,1.2865,3,59.344,47.4844,0.7135,0.85,5.121,0.75,siaga
14.045,22.567,70.41,53.77,12.85,14.3,11,0,605.453,1.6559,1,14.045,7.5223,0.5377,0.55,6.908,0.65,waspada
6.791,18.215,39.456,80.54,35.42,10.52,9,1,691.126,0.05,2,6.791,6.0717,0.8054,0.85,28.531,0.65,waspada
0.0,0.0,0.0,80.56,2.8,1.31,11,0,827.507,1.4021,0,0.0,0.0,0.8056,0.55,2.253,0.8,waspada
0.0,0.0,0.0,49.16,13.79,2.88,5,0,148.042,0.8581,2,0.0,0.0,0.4916,0.75,6.778,0.25,waspada
0.0,0.0,0.0,38.39,24.45,25.17,6,1,788.942,0.7885,1,0.0,0.0,0.3839,0.85,9.388,0.1,aman
4.835,8.25,38.397,72.45,28.79,29.43,2,0,906.09,0.7095,0,4.835,2.7501,0.7245,0.55,20.86,0.8,waspada
1.523,3.449,13.711,37.61,28.58,16.31,8,1,450.018,1.2338,1,1.523,1.1496,0.3761,1.0,10.75,0.35,aman
19.39,43.258,92.931,79.94,13.62,11.48,3,0,609.255,0.05,2,19.39,14.4192,0.7994,0.85,10.89,0.8,waspada
9.437,21.986,45.625,78.93,34.62,2.96,9,1,757.153,0.5233,1,9.437,7.3288,0.7893,0.75,27.328,0.6,waspada
50.384,116.362,349.977,43.46,36.07,1.31,4,0,505.962,0.05,1,50.384,38.7872,0.4346,0.55,15.677,0.5,siaga
15.633,34.208,94.958,85.35,4.32,3.2,7,1,826.427,0.05,1,15.633,11.4028,0.8535,0.75,3.686,0.2,waspada
2.114,5.056,19.282,41.96,31.06,33.77,12,0,572.652,0.9672,3,2.114,1.6853,0.4196,0.35,13.033,0.9,waspada
0.0,0.0,0.0,40.24,25.98,19.81,10,0,825.122,0.5037,0,0.0,0.0,0.4024,0.85,10.455,0.45,aman
0.0,0.0,0.0,93.47,28.33,8.99,1,0,915.848,0.5509,1,0.0,0.0,0.9347,0.35,26.485,0.65,waspada
70.061,146.811,386.429,56.36,21.08,18.57,6,1,667.665,0.4175,1,70.061,48.9371,0.5636,0.75,11.884,0.1,siaga
0.0,0.0,0.0,92.56,27.15,14.85,8,1,862.856,0.7374,0,0.0,0.0,0.9256,0.85,25.131,0.15,waspada
78.969,175.352,372.976,34.84,28.97,17.2,4,0,315.295,1.1671,0,78.969,58.4506,0.3484,0.75,10.095,0.9,siaga
3.701,7.406,23.604,67.26,23.62,25.01,9,1,722.404,1.2866,1,3.701,2.4688,0.6726,1.0,15.884,0.4,aman
0.0,0.0,0.0,53.13,11.66,21.87,5,0,683.42,0.1408,1,0.0,0.0,0.5313,0.35,6.193,0.5,waspada
7.764,20.157,52.084,93.03,15.13,23.42,6,1,708.594,0.4063,1,7.764,6.7189,0.9303,0.85,14.077,0.5,waspada
72.0,118.872,311.656,42.32,16.6,15.74,2,0,597.783,0.6202,2,72.0,39.6241,0.4232,0.55,7.023,0.5,siaga
0.0,0.0,0.0,45.28,33.96,28.25,12,0,615.384,1.2815,0,0.0,0.0,0.4528,0.75,15.378,0.6,aman
0.0,0.0,0.0,93.87,21.53,20.53,11,0,867.426,2.0638,1,0.0,0.0,0.9387,0.55,20.208,0.3,waspada
0.0,0.0,0.0,46.18,11.07,21.61,1,0,343.623,0.674,0,0.0,0.0,0.4618,1.0,5.111,0.2,aman
0.0,0.0,0.0,31.01,20.78,21.69,12,0,542.721,0.7154,0,0.0,0.0,0.3101,0.75,6.443,0.6,aman
0.0,0.0,0.0,92.83,16.53,0.81,7,1,561.27,0.89,3,0.0,0.0,0.9283,0.55,15.346,0.5,waspada
17.553,27.173,54.496,87.14,5.31,8.67,6,1,301.178,0.4891,2,17.553,9.0577,0.8714,0.35,4.627,0.45,siaga
5.853,14.516,56.639,37.07,6.2,20.69,7,1,531.11,0.6592,1,5.853,4.8387,0.3707,0.35,2.299,0.1,waspada
24.12,51.767,176.631,51.75,37.9,18.07,10,0,382.451,0.5332,0,24.12,17.2558,0.5175,0.85,19.617,0.9,waspada
1.722,3.906,19.208,39.66,3.57,16.35,2,0,358.988,0.7258,0,1.722,1.3021,0.3966,0.75,1.415,0.5,aman
6.888,14.431,46.474,33.09,29.91,27.2,11,0,335.089,1.541,0,6.888,4.8103,0.3309,0.75,9.898,0.7,aman
0.0,0.0,0.0,88.22,9.77,7.67,2,0,1023.451,0.2396,2,0.0,0.0,0.8822,0.35,8.616,0.3,waspada
0.0,0.0,0.0,32.83,2.84,19.28,7,1,338.988,2.1463,0,0.0,0.0,0.3283,0.75,0.931,0.9,aman
0.0,0.0,0.0,85.43,11.06,33.98,7,1,862.933,1.249,1,0.0,0.0,0.8543,0.75,9.445,0.9,waspada
0.0,0.0,0.0,30.16,36.37,8.32,11,0,436.691,0.7146,1,0.0,0.0,0.3016,0.75,10.972,0.5,aman
6.744,10.835,39.374,77.93,29.38,4.2,4,0,268.907,0.05,2,6.744,3.6116,0.7793,0.75,22.896,0.35,waspada
11.736,18.328,67.568,57.4,33.8,18.15,12,0,698.208,1.3156,2,11.736,6.1092,0.574,0.75,19.402,0.75,waspada
21.26,36.396,110.163,63.07,8.7,9.06,5,0,473.422,1.4515,1,21.26,12.132,0.6307,0.85,5.487,0.8,waspada
2.9,5.283,15.596,43.22,31.32,32.42,7,1,229.162,1.2382,1,2.9,1.7609,0.4322,0.75,13.535,0.3,waspada
0.963,1.626,8.033,86.0,15.71,5.17,8,1,996.728,0.4912,1,0.963,0.5419,0.86,0.85,13.512,0.2,waspada
59.223,121.589,332.142,54.2,4.71,9.09,6,1,548.041,0.05,0,59.223,40.5296,0.542,0.85,2.552,0.8,siaga
5.965,11.078,51.793,64.96,29.11,6.87,9,1,604.29,0.05,3,5.965,3.6928,0.6496,0.15,18.91,0.5,waspada
7.494,13.232,43.321,53.18,30.31,19.53,3,0,718.633,1.0111,2,7.494,4.4107,0.5318,0.55,16.121,0.15,waspada
22.589,51.042,143.807,86.88,21.77,2.22,9,1,782.886,2.3131,1,22.589,17.0139,0.8688,0.75,18.912,0.45,waspada
0.0,0.0,0.0,82.42,2.19,26.45,3,0,816.121,1.1647,1,0.0,0.0,0.8242,0.75,1.807,0.85,waspada
0.0,0.0,0.0,68.83,16.55,26.04,4,0,713.226,0.1374,1,0.0,0.0,0.6883,0.85,11.394,0.15,waspada
19.08,42.321,154.778,73.03,24.46,15.29,8,1,917.621,1.2904,0,19.08,14.1069,0.7303,0.55,17.866,0.45,waspada
139.32,213.885,508.169,33.77,3.63,26.87,10,0,235.241,0.1328,2,139.32,71.2951,0.3377,0.75,1.226,0.1,siaga
0.0,0.0,0.0,58.96,20.11,18.59,3,0,821.222,1.1375,1,0.0,0.0,0.5896,0.75,11.857,0.45,waspada
0.0,0.0,0.0,89.07,28.68,26.5,6,1,359.58,0.9507,2,0.0,0.0,0.8907,0.55,25.545,0.5,waspada
100.796,189.183,308.745,53.38,20.05,9.23,9,1,947.648,1.0066,1,100.796,63.0611,0.5338,0.35,10.701,0.7,siaga
0.0,0.0,0.0,33.14,5.79,32.58,1,0,992.143,1.065,3,0.0,0.0,0.3314,1.0,1.92,0.4,aman
0.757,2.19,7.187,86.42,29.91,1.1,8,1,623.437,0.814,1,0.757,0.7301,0.8642,0.55,25.844,0.2,waspada
0.0,0.0,0.0,83.31,4.9,2.4,12,0,492.705,1.355,3,0.0,0.0,0.8331,0.85,4.086,0.5,waspada
0.0,0.0,0.0,41.23,8.84,29.2,3,0,545.428,0.05,2,0.0,0.0,0.4123,0.15,3.647,0.25,waspada
103.228,157.866,266.388,41.19,13.11,27.56,11,0,318.928,0.3631,2,103.228,52.622,0.4119,0.85,5.4,0.35,siaga
19.723,39.219,127.279,56.78,24.76,9.13,12,0,576.515,1.3356,3,19.723,13.073,0.5678,0.55,14.057,0.7,waspada
0.0,0.0,0.0,45.0,16.29,1.64,2,0,449.217,1.032,1,0.0,0.0,0.45,0.85,7.329,0.9,aman
0.0,0.0,0.0,41.12,11.22,3.59,1,0,375.624,0.7771,0,0.0,0.0,0.4112,0.85,4.612,0.8,aman
0.0,0.0,0.0,48.33,37.55,30.28,6,1,530.796,1.2872,1,0.0,0.0,0.4833,0.75,18.15,0.85,aman
0.0,0.0,0.0,30.35,27.84,26.57,7,1,732.74,0.5662,2,0.0,0.0,0.3035,0.75,8.451,0.75,aman
0.0,0.0,0.0,57.64,14.3,23.2,10,0,502.192,1.6389,0,0.0,0.0,0.5764,0.85,8.241,0.7,aman
10.776,25.874,60.191,52.77,2.76,25.46,5,0,828.13,1.7249,2,10.776,8.6246,0.5277,0.75,1.455,0.85,waspada
50.962,82.759,285.374,95.32,29.56,13.75,12,0,641.563,1.3942,2,50.962,27.5863,0.9532,0.35,28.179,0.4,awas
2.353,3.624,14.021,80.93,23.53,33.93,8,1,282.239,0.3215,2,2.353,1.2081,0.8093,0.75,19.044,0.45,waspada
0.0,0.0,0.0,61.18,29.67,3.0,9,1,250.31,0.05,1,0.0,0.0,0.6118,0.75,18.152,0.25,waspada
17.236,35.938,99.988,85.3,14.05,6.25,7,1,490.083,1.7142,2,17.236,11.9792,0.853,0.55,11.984,0.9,siaga
0.0,0.0,0.0,93.13,34.07,16.14,10,0,748.525,0.05,3,0.0,0.0,0.9313,1.0,31.732,0.1,aman
0.0,0.0,0.0,36.86,11.28,12.88,10,0,750.599,0.5879,0,0.0,0.0,0.3686,0.55,4.159,0.5,aman
19.588,43.754,143.346,92.19,13.03,29.79,2,0,534.679,0.6106,1,19.588,14.5847,0.9219,0.75,12.016,0.65,siaga
5.571,12.143,57.895,69.59,18.81,26.21,3,0,755.956,0.5389,1,5.571,4.0476,0.6959,0.75,13.086,0.55,waspada
0.0,0.0,0.0,56.33,23.63,27.21,3,0,826.247,0.8893,2,0.0,0.0,0.5633,0.75,13.31,0.35,aman
5.994,11.44,28.364,55.11,35.38,30.73,11,0,248.923,0.3862,1,5.994,3.8135,0.5511,0.85,19.497,0.85,waspada
0.0,0.0,0.0,59.23,3.19,4.34,5,0,518.496,0.7983,0,0.0,0.0,0.5923,0.75,1.887,0.4,aman
0.0,0.0,0.0,77.54,18.38,33.01,1,0,995.075,1.6285,1,0.0,0.0,0.7754,0.15,14.254,0.25,waspada
53.164,110.963,358.129,43.28,4.16,3.69,6,1,623.497,0.7611,0,53.164,36.9878,0.4328,0.85,1.802,0.15,waspada
0.0,0.0,0.0,89.94,13.1,13.9,6,1,211.881,1.2398,2,0.0,0.0,0.8994,0.35,11.781,0.1,waspada
44.642,106.631,295.671,74.9,19.68,34.19,2,0,430.932,0.2127,2,44.642,35.5437,0.749,0.15,14.738,0.3,awas
0.0,0.0,0.0,84.09,23.03,9.9,9,1,460.815,1.5752,3,0.0,0.0,0.8409,0.75,19.365,0.25,waspada
5.012,9.899,38.093,68.89,34.32,3.66,8,1,403.406,0.666,2,5.012,3.2998,0.6889,0.75,23.645,0.85,waspada
1.881,5.583,14.305,47.26,28.27,3.0,1,0,765.399,1.1516,1,1.881,1.8612,0.4726,0.55,13.359,0.3,waspada
16.121,28.107,58.756,50.48,36.35,4.69,6,1,449.02,1.836,1,16.121,9.3689,0.5048,0.85,18.351,0.75,waspada
2.752,6.944,27.244,44.27,23.25,14.82,8,1,617.069,0.7247,2,2.752,2.3148,0.4427,0.35,10.292,0.9,waspada
7.324,14.889,58.01,45.67,25.3,23.36,10,0,409.432,0.8059,2,7.324,4.9629,0.4567,0.75,11.554,0.1,aman
0.0,0.0,0.0,71.12,34.76,7.84,6,1,460.358,0.6747,1,0.0,0.0,0.7112,0.75,24.717,0.85,waspada
0.0,0.0,0.0,36.83,2.59,34.15,8,1,930.32,1.4437,0,0.0,0.0,0.3683,0.35,0.954,0.45,waspada
0.0,0.0,0.0,34.02,19.33,21.07,8,1,620.006,0.7602,3,0.0,0.0,0.3402,0.55,6.576,0.6,waspada
0.0,0.0,0.0,55.85,37.37,17.79,11,0,547.402,1.6947,2,0.0,0.0,0.5585,0.55,20.875,0.7,waspada
0.0,0.0,0.0,72.5,3.58,20.23,10,0,630.839,0.05,1,0.0,0.0,0.725,0.75,2.596,0.25,waspada
13.352,27.052,100.965,83.14,6.05,31.29,11,0,1.058,0.5886,2,13.352,9.0174,0.8314,0.85,5.027,0.1,siaga
0.0,0.0,0.0,72.05,32.57,18.52,4,0,249.247,1.0205,2,0.0,0.0,0.7205,0.85,23.468,0.4,waspada
0.0,0.0,0.0,86.05,3.12,28.88,4,0,117.092,1.5649,1,0.0,0.0,0.8605,0.75,2.689,0.75,waspada
0.0,0.0,0.0,67.79,10.45,14.97,10,0,669.617,0.7732,2,0.0,0.0,0.6779,0.35,7.084,0.6,waspada
0.0,0.0,0.0,88.69,31.92,17.6,2,0,558.727,1.2247,0,0.0,0.0,0.8869,0.05,28.309,0.5,siaga
0.0,0.0,0.0,78.24,26.92,19.27,12,0,1056.386,0.9521,2,0.0,0.0,0.7824,0.75,21.058,0.7,waspada
0.0,0.0,0.0,68.65,33.19,26.17,11,0,213.081,0.5946,1,0.0,0.0,0.6865,0.35,22.785,0.45,waspada
0.0,0.0,0.0,89.81,16.99,19.96,6,1,590.017,0.6891,2,0.0,0.0,0.8981,0.35,15.255,0.25,waspada
0.0,0.0,0.0,94.31,28.0,5.84,2,0,569.04,0.7566,2,0.0,0.0,0.9431,0.85,26.409,0.7,waspada
0.0,0.0,0.0,82.3,34.43,31.72,8,1,497.067,0.6905,0,0.0,0.0,0.823,0.05,28.338,0.65,siaga
73.131,133.286,393.424,84.37,2.39,3.78,9,1,946.403,0.6809,3,73.131,44.4288,0.8437,0.15,2.013,0.45,awas
0.0,0.0,0.0,31.3,18.62,17.74,12,0,497.304,0.7866,1,0.0,0.0,0.313,0.75,5.829,0.1,aman
0.0,0.0,0.0,77.14,5.06,22.26,4,0,710.291,0.9475,2,0.0,0.0,0.7714,0.15,3.904,0.25,waspada
0.0,0.0,0.0,39.76,20.51,32.72,7,1,1003.303,1.1055,0,0.0,0.0,0.3976,0.35,8.155,0.75,waspada
0.0,0.0,0.0,57.05,3.68,8.87,11,0,487.71,0.4247,0,0.0,0.0,0.5705,0.75,2.1,0.8,waspada
0.0,0.0,0.0,32.74,14.3,3.29,2,0,434.178,0.4147,2,0.0,0.0,0.3274,0.55,4.682,0.4,aman
0.0,0.0,0.0,33.98,8.7,20.05,1,0,845.226,0.3038,0,0.0,0.0,0.3398,0.75,2.956,0.5,aman
6.565,11.302,41.537,78.41,31.47,17.83,10,0,939.011,0.7341,2,6.565,3.7674,0.7841,0.75,24.676,0.45,waspada
3.418,5.976,21.275,83.97,20.46,18.48,11,0,179.308,1.3014,2,3.418,1.992,0.8397,0.85,17.184,0.65,waspada
93.886,121.385,261.679,41.66,37.34,16.31,4,0,666.454,1.3226,0,93.886,40.4616,0.4166,0.55,15.556,0.6,siaga
20.222,50.061,180.313,92.6,4.84,27.96,11,0,543.731,0.9168,1,20.222,16.6871,0.926,1.0,4.479,0.45,waspada
3.134,5.131,11.317,44.58,22.03,6.14,12,0,851.724,0.2574,3,3.134,1.7105,0.4458,0.75,9.822,0.55,aman
0.0,0.0,0.0,86.14,33.4,20.45,1,0,666.798,1.2801,2,0.0,0.0,0.8614,1.0,28.769,0.4,waspada
0.0,0.0,0.0,81.73,34.36,6.15,9,1,631.746,1.1826,1,0.0,0.0,0.8173,0.55,28.079,0.2,waspada
7.22,21.104,104.547,50.1,36.04,21.19,7,1,540.892,0.8462,2,7.22,7.0348,0.501,0.85,18.053,0.35,waspada
6.533,17.598,68.913,46.04,33.46,17.82,1,0,299.351,0.05,1,6.533,5.8661,0.4604,0.75,15.407,0.35,waspada
0.0,0.0,0.0,77.26,15.71,22.84,5,0,306.418,0.3088,3,0.0,0.0,0.7726,0.85,12.134,0.55,waspada
0.0,0.0,0.0,30.25,29.63,10.76,1,0,744.958,1.763,3,0.0,0.0,0.3025,0.35,8.962,0.75,waspada
0.0,0.0,0.0,88.21,37.98,22.89,4,0,558.965,0.2352,2,0.0,0.0,0.8821,1.0,33.503,0.5,waspada
0.0,0.0,0.0,96.81,20.67,0.14,7,1,502.536,0.05,1,0.0,0.0,0.9681,0.55,20.01,0.5,waspada
60.666,124.87,387.714,91.86,16.59,34.85,10,0,587.489,0.2582,0,60.666,41.6234,0.9186,0.85,15.242,0.25,siaga
0.0,0.0,0.0,97.74,23.65,25.34,12,0,1058.914,1.0745,3,0.0,0.0,0.9774,0.85,23.117,0.35,waspada
44.376,69.523,177.718,37.41,18.24,0.19,6,1,433.486,1.2232,2,44.376,23.1742,0.3741,0.75,6.825,0.85,waspada
17.43,32.998,79.755,46.36,23.79,12.27,5,0,320.658,1.2097,1,17.43,10.9992,0.4636,0.75,11.028,0.4,waspada
2.691,5.642,25.814,82.85,29.62,21.34,3,0,533.919,1.5327,2,2.691,1.8805,0.8285,0.75,24.545,0.75,waspada
0.0,0.0,0.0,81.83,36.49,0.5,5,0,926.778,0.091,3,0.0,0.0,0.8183,0.75,29.857,0.25,waspada
0.0,0.0,0.0,33.49,21.79,14.44,5,0,577.738,0.1633,2,0.0,0.0,0.3349,0.75,7.299,0.15,aman
64.668,145.604,368.415,71.56,19.86,33.19,3,0,448.272,0.7823,2,64.668,48.5348,0.7156,0.75,14.211,0.2,siaga
0.0,0.0,0.0,96.69,29.61,18.94,5,0,467.13,3.8164,1,0.0,0.0,0.9669,0.85,28.629,0.3,waspada
18.798,29.565,64.318,66.76,6.27,30.23,7,1,534.782,6.4801,0,18.798,9.8552,0.6676,1.0,4.183,0.45,waspada
0.0,0.0,0.0,58.75,18.03,16.8,10,0,425.684,3.3154,1,0.0,0.0,0.5875,0.55,10.595,0.4,waspada
9.963,16.143,62.622,38.31,29.71,2.21,8,1,152.764,4.8298,0,9.963,5.3811,0.3831,0.85,11.382,0.5,waspada
14.37,31.846,100.399,82.06,12.59,22.26,12,0,163.916,3.5616,0,14.37,10.6155,0.8206,0.85,10.328,0.45,waspada
0.0,0.0,0.0,40.22,21.22,5.44,7,1,302.761,2.5124,0,0.0,0.0,0.4022,0.75,8.533,0.3,aman
0.0,0.0,0.0,70.47,21.15,30.66,6,1,439.602,2.0677,0,0.0,0.0,0.7047,1.0,14.904,0.9,aman
1.63,3.279,15.022,89.4,3.59,3.17,12,0,354.441,3.3615,0,1.63,1.093,0.894,0.85,3.205,0.45,waspada
0.0,0.0,0.0,66.02,21.94,9.98,11,0,249.141,4.0976,1,0.0,0.0,0.6602,1.0,14.486,0.1,aman
5.515,9.017,29.566,44.57,33.38,26.67,11,0,416.972,6.379,0,5.515,3.0057,0.4457,0.75,14.876,0.85,aman
3.118,5.061,20.672,70.62,17.42,1.49,3,0,282.986,8.8978,3,3.118,1.6871,0.7062,0.75,12.301,0.45,waspada
11.545,21.807,80.895,40.42,22.19,8.72,4,0,295.289,4.2471,0,11.545,7.2691,0.4042,0.75,8.969,0.65,waspada
0.0,0.0,0.0,69.78,5.92,15.4,4,0,310.665,2.5665,0,0.0,0.0,0.6978,1.0,4.128,0.1,aman
2.208,4.796,16.204,68.12,5.19,22.42,6,1,350.252,2.4616,2,2.208,1.5988,0.6812,1.0,3.538,0.55,aman
18.503,38.561,131.096,72.89,10.5,13.78,5,0,0.0,3.989,2,18.503,12.8537,0.7289,0.85,7.653,0.85,siaga
0.0,0.0,0.0,71.81,27.13,27.91,4,0,121.024,10.2384,2,0.0,0.0,0.7181,1.0,19.482,0.7,aman
0.0,0.0,0.0,32.58,6.76,18.55,5,0,454.393,1.4453,0,0.0,0.0,0.3258,0.85,2.202,0.85,aman
0.0,0.0,0.0,94.48,10.59,6.27,12,0,0.0,2.3446,0,0.0,0.0,0.9448,0.85,10.007,0.9,waspada
0.0,0.0,0.0,60.78,33.09,23.12,9,1,141.338,0.7077,0,0.0,0.0,0.6078,1.0,20.113,0.65,aman
4.929,11.053,36.816,32.84,27.14,21.32,6,1,555.642,5.7105,1,4.929,3.6844,0.3284,1.0,8.911,0.65,aman
0.0,0.0,0.0,85.4,26.73,15.96,11,0,490.401,4.6136,0,0.0,0.0,0.854,0.55,22.823,0.55,waspada
0.0,0.0,0.0,30.53,31.48,34.12,3,0,496.766,6.0788,2,0.0,0.0,0.3053,0.75,9.612,0.6,aman
13.903,29.437,106.057,35.48,31.95,27.79,4,0,415.227,5.6965,1,13.903,9.8125,0.3548,1.0,11.336,0.1,aman
0.905,2.409,10.49,82.06,6.05,14.39,3,0,202.202,1.3285,1,0.905,0.8031,0.8206,0.75,4.964,0.9,waspada
0.0,0.0,0.0,37.88,3.21,22.0,3,0,321.608,2.014,0,0.0,0.0,0.3788,0.85,1.216,0.35,aman
98.101,134.834,282.993,72.67,28.76,12.23,11,0,171.129,3.253,0,98.101,44.9447,0.7267,0.85,20.902,0.35,siaga
0.0,0.0,0.0,30.52,22.83,17.77,11,0,128.496,3.7181,0,0.0,0.0,0.3052,0.75,6.967,0.9,aman
49.952,121.444,409.963,72.98,17.54,26.56,4,0,513.469,2.2131,2,49.952,40.4813,0.7298,0.75,12.797,0.4,siaga
0.0,0.0,0.0,31.23,20.46,34.29,8,1,349.461,2.576,0,0.0,0.0,0.3123,0.85,6.388,0.75,aman
51.415,97.009,206.72,38.21,9.87,17.95,7,1,538.022,0.6464,0,51.415,32.3364,0.3821,0.85,3.77,0.9,waspada
0.0,0.0,0.0,35.85,30.47,34.02,10,0,349.145,2.7829,2,0.0,0.0,0.3585,1.0,10.922,0.6,aman
6.359,15.006,72.772,53.74,11.47,30.88,12,0,110.828,5.5841,1,6.359,5.0021,0.5374,0.15,6.162,0.2,siaga
6.536,12.093,32.017,84.25,19.13,31.65,8,1,415.057,5.5397,0,6.536,4.0309,0.8425,0.55,16.116,0.2,waspada
47.245,97.544,328.08,37.73,14.91,13.69,7,1,416.948,5.16,1,47.245,32.5146,0.3773,0.75,5.626,0.9,siaga
0.0,0.0,0.0,56.75,22.21,4.13,11,0,587.455,5.7933,0,0.0,0.0,0.5675,0.35,12.606,0.6,waspada
0.0,0.0,0.0,32.12,12.07,5.2,4,0,334.867,6.5942,3,0.0,0.0,0.3212,0.85,3.878,0.55,aman
0.0,0.0,0.0,94.5,25.64,27.35,12,0,299.597,1.1915,0,0.0,0.0,0.945,0.35,24.227,0.85,siaga
0.0,0.0,0.0,89.44,11.42,24.13,12,0,336.49,6.4406,1,0.0,0.0,0.8944,0.85,10.211,0.75,waspada
0.0,0.0,0.0,33.05,14.28,16.41,9,1,270.431,0.05,1,0.0,0.0,0.3305,0.75,4.72,0.1,aman
0.0,0.0,0.0,62.19,37.26,25.32,1,0,494.139,2.9888,0,0.0,0.0,0.6219,1.0,23.174,0.8,aman
0.0,0.0,0.0,63.84,17.43,21.6,6,1,393.677,1.7461,0,0.0,0.0,0.6384,1.0,11.13,0.9,aman
72.637,140.074,378.619,44.49,9.72,14.05,3,0,459.847,3.4838,2,72.637,46.6912,0.4449,0.75,4.326,0.25,siaga
0.0,0.0,0.0,34.29,3.89,20.54,3,0,450.074,3.952,0,0.0,0.0,0.3429,0.85,1.333,0.45,aman
2.089,3.991,9.734,59.68,36.71,8.46,11,0,346.893,9.0266,1,2.089,1.3304,0.5968,0.85,21.908,0.6,aman
0.0,0.0,0.0,63.6,6.13,11.49,3,0,513.478,2.2978,0,0.0,0.0,0.636,0.85,3.9,0.4,aman
0.0,0.0,0.0,67.44,18.54,5.25,5,0,327.071,1.0122,1,0.0,0.0,0.6744,1.0,12.5,0.15,aman
7.148,17.121,34.341,87.1,7.18,16.09,2,0,264.226,0.8855,2,7.148,5.7071,0.871,1.0,6.251,0.85,waspada
2.153,3.929,10.838,83.22,23.14,10.38,6,1,245.926,6.4817,2,2.153,1.3095,0.8322,0.75,19.254,0.4,waspada
38.06,76.459,264.297,93.99,26.7,31.43,2,0,180.331,3.8551,0,38.06,25.4863,0.9399,0.75,25.096,0.55,siaga
22.685,52.671,193.707,71.18,3.67,11.44,12,0,582.221,3.4109,0,22.685,17.5569,0.7118,1.0,2.614,0.2,waspada
2.999,8.634,38.676,34.96,26.21,3.63,3,0,422.573,8.5754,0,2.999,2.878,0.3496,1.0,9.166,0.75,aman
0.0,0.0,0.0,77.53,28.31,27.22,12,0,316.03,6.8048,1,0.0,0.0,0.7753,0.75,21.944,0.3,waspada
0.0,0.0,0.0,37.27,27.22,11.53,6,1,358.911,4.7028,2,0.0,0.0,0.3727,1.0,10.144,0.9,aman
22.676,47.314,150.663,42.05,24.09,29.33,12,0,424.564,0.4613,1,22.676,15.7712,0.4205,1.0,10.13,0.5,waspada
0.0,0.0,0.0,97.75,7.54,16.43,7,1,352.254,3.9069,1,0.0,0.0,0.9775,0.55,7.372,0.65,waspada
63.346,132.176,363.52,57.44,18.1,33.99,4,0,217.174,6.0001,0,63.346,44.0587,0.5744,0.75,10.398,0.15,siaga
7.576,19.725,63.61,86.8,31.22,10.7,5,0,331.143,5.256,2,7.576,6.575,0.868,1.0,27.102,0.3,waspada
0.0,0.0,0.0,33.47,37.75,33.67,11,0,378.168,4.1705,2,0.0,0.0,0.3347,1.0,12.636,0.5,aman
0.0,0.0,0.0,50.74,37.15,25.87,11,0,474.129,7.2361,0,0.0,0.0,0.5074,1.0,18.849,0.9,aman
0.0,0.0,0.0,74.63,33.25,9.79,5,0,488.059,2.3161,0,0.0,0.0,0.7463,0.85,24.812,0.85,waspada
0.0,0.0,0.0,46.34,25.31,19.49,2,0,458.482,5.3416,1,0.0,0.0,0.4634,0.85,11.727,0.8,aman
1.388,2.224,9.952,40.87,23.97,26.21,12,0,540.944,3.9096,2,1.388,0.7415,0.4087,0.85,9.796,0.7,aman
0.0,0.0,0.0,65.33,16.01,21.69,2,0,409.828,3.9584,2,0.0,0.0,0.6533,1.0,10.461,0.9,aman
0.0,0.0,0.0,48.65,15.63,16.82,12,0,198.063,7.1982,1,0.0,0.0,0.4865,0.75,7.602,0.75,waspada
6.967,11.58,29.706,42.09,19.31,9.25,9,1,120.756,1.4962,1,6.967,3.8599,0.4209,1.0,8.126,0.1,waspada
3.378,8.88,24.046,66.64,12.89,13.39,3,0,43.555,6.6101,0,3.378,2.96,0.6664,0.75,8.591,0.85,waspada
5.775,15.747,62.008,61.77,13.12,1.21,6,1,423.024,4.3652,2,5.775,5.2489,0.6177,0.85,8.102,0.5,waspada
0.529,1.265,5.974,74.62,24.65,10.64,5,0,513.872,3.9939,1,0.529,0.4217,0.7462,1.0,18.39,0.35,aman
7.557,16.488,43.828,42.23,35.89,24.38,10,0,546.428,8.6735,0,7.557,5.4959,0.4223,0.85,15.156,0.6,aman
3.046,8.385,30.164,68.43,22.2,1.43,3,0,349.669,5.6708,0,3.046,2.7949,0.6843,0.35,15.191,0.15,waspada
0.0,0.0,0.0,41.21,27.32,13.19,11,0,284.523,0.05,2,0.0,0.0,0.4121,0.75,11.257,0.75,aman
0.0,0.0,0.0,54.02,32.6,0.22,12,0,357.478,7.134,0,0.0,0.0,0.5402,1.0,17.612,0.85,aman
11.269,24.849,66.468,66.12,36.33,3.92,1,0,0.0,3.0079,2,11.269,8.2831,0.6612,0.85,24.024,0.2,waspada
0.0,0.0,0.0,69.67,17.57,6.42,11,0,479.594,3.6372,0,0.0,0.0,0.6967,0.85,12.244,0.9,aman
0.0,0.0,0.0,47.47,11.36,9.89,8,1,233.946,5.3729,0,0.0,0.0,0.4747,0.75,5.395,0.35,aman
118.677,155.072,359.566,37.27,22.53,17.88,11,0,524.953,7.8213,0,118.677,51.6907,0.3727,0.85,8.395,0.75,waspada
0.0,0.0,0.0,31.06,34.31,27.16,12,0,697.802,0.05,0,0.0,0.0,0.3106,0.85,10.657,0.25,aman
5.344,11.107,34.726,75.56,3.31,14.52,2,0,276.519,0.3625,2,5.344,3.7022,0.7556,0.85,2.5,0.9,waspada
0.0,0.0,0.0,56.6,28.44,18.09,11,0,411.876,6.5904,0,0.0,0.0,0.566,0.75,16.099,0.9,aman
0.0,0.0,0.0,72.81,10.7,29.41,9,1,432.06,4.9051,1,0.0,0.0,0.7281,1.0,7.794,0.45,aman
0.0,0.0,0.0,33.13,7.03,25.0,8,1,164.77,6.7577,2,0.0,0.0,0.3313,0.75,2.329,0.5,aman
15.213,33.905,78.944,76.27,11.38,33.33,9,1,576.214,3.4962,1,15.213,11.3018,0.7627,0.75,8.683,0.4,waspada
0.0,0.0,0.0,45.44,30.21,30.37,7,1,464.763,4.0716,1,0.0,0.0,0.4544,0.85,13.727,0.7,aman
6.715,15.879,62.366,96.81,20.76,22.64,1,0,171.865,3.6975,0,6.715,5.2929,0.9681,0.85,20.099,0.2,waspada
6.016,10.827,27.245,92.49,10.85,4.55,3,0,458.149,7.8963,1,6.016,3.609,0.9249,0.85,10.038,0.4,waspada
56.393,87.001,242.949,30.46,3.01,30.96,1,0,265.932,3.4609,0,56.393,29.0003,0.3046,0.85,0.916,0.25,waspada
0.0,0.0,0.0,78.8,31.72,11.08,12,0,149.297,0.8476,0,0.0,0.0,0.788,1.0,24.992,0.85,waspada
7.482,20.883,83.024,92.15,11.19,3.59,4,0,36.921,1.6032,2,7.482,6.961,0.9215,1.0,10.311,0.25,waspada
14.716,33.901,131.223,62.47,27.25,0.3,6,1,258.244,9.217,0,14.716,11.3002,0.6247,1.0,17.022,0.8,waspada
15.04,33.262,90.453,46.4,16.36,3.74,9,1,481.058,3.1459,1,15.04,11.0873,0.464,0.85,7.591,0.15,waspada
0.0,0.0,0.0,78.54,31.9,14.31,7,1,160.943,4.4649,1,0.0,0.0,0.7854,0.75,25.055,0.7,waspada
0.748,1.489,6.454,74.09,12.91,31.55,1,0,387.503,4.029,1,0.748,0.4962,0.7409,0.85,9.568,0.75,waspada
0.0,0.0,0.0,69.34,8.72,25.43,7,1,158.973,4.1326,0,0.0,0.0,0.6934,0.75,6.05,0.6,waspada
4.684,9.614,28.16,38.42,34.23,3.15,10,0,510.038,1.6564,0,4.684,3.2047,0.3842,1.0,13.152,0.15,aman
1.921,2.919,6.943,81.89,3.03,3.68,12,0,563.435,7.2509,0,1.921,0.973,0.8189,0.85,2.485,0.55,waspada
0.0,0.0,0.0,42.68,29.59,22.64,11,0,423.265,6.1797,0,0.0,0.0,0.4268,1.0,12.628,0.7,aman
0.0,0.0,0.0,39.2,37.78,11.7,10,0,469.009,3.3433,0,0.0,0.0,0.392,0.85,14.811,0.3,aman
0.747,1.319,6.342,80.12,36.04,3.49,9,1,275.424,2.0692,1,0.747,0.4396,0.8012,0.75,28.872,0.65,waspada
7.34,12.123,28.368,89.99,37.38,28.63,11,0,549.339,3.3511,2,7.34,4.0409,0.8999,1.0,33.641,0.7,waspada
3.479,9.193,32.037,79.92,34.94,9.84,3,0,367.056,3.2413,1,3.479,3.0643,0.7992,0.85,27.926,0.15,waspada
0.0,0.0,0.0,66.37,16.4,34.69,7,1,390.646,2.9422,2,0.0,0.0,0.6637,0.85,10.883,0.5,aman
0.0,0.0,0.0,53.49,36.3,32.03,9,1,370.13,6.6607,1,0.0,0.0,0.5349,0.85,19.42,0.8,aman
0.0,0.0,0.0,44.41,36.09,10.08,12,0,257.478,0.1543,0,0.0,0.0,0.4441,0.75,16.028,0.8,waspada
0.0,0.0,0.0,37.56,35.59,1.27,3,0,353.854,4.6688,0,0.0,0.0,0.3756,0.75,13.369,0.7,aman
0.0,0.0,0.0,58.75,27.87,4.41,9,1,452.607,0.5454,1,0.0,0.0,0.5875,0.85,16.373,0.85,waspada
19.959,32.694,66.743,33.47,25.24,26.4,12,0,496.063,4.256,2,19.959,10.8979,0.3347,1.0,8.446,0.7,aman
0.0,0.0,0.0,39.89,36.63,10.46,8,1,201.292,0.05,2,0.0,0.0,0.3989,0.85,14.609,0.65,aman
0.0,0.0,0.0,38.74,22.12,2.6,6,1,423.38,8.5275,1,0.0,0.0,0.3874,1.0,8.57,0.5,aman
5.412,15.214,69.075,39.64,30.3,9.39,3,0,308.867,4.8656,0,5.412,5.0715,0.3964,1.0,12.012,0.35,aman
101.635,136.877,275.087,64.73,30.21,12.09,6,1,347.471,2.5159,1,101.635,45.6258,0.6473,1.0,19.556,0.85,siaga
0.0,0.0,0.0,61.62,5.11,17.6,7,1,285.595,4.5737,2,0.0,0.0,0.6162,0.85,3.146,0.45,aman
0.0,0.0,0.0,65.73,17.13,30.66,5,0,399.339,5.1733,0,0.0,0.0,0.6573,0.55,11.262,0.25,waspada
0.0,0.0,0.0,83.97,16.3,30.09,8,1,715.121,4.0168,2,0.0,0.0,0.8397,0.75,13.688,0.25,waspada
5.093,11.963,51.216,84.69,23.92,34.66,2,0,305.206,8.2051,1,5.093,3.9877,0.8469,1.0,20.263,0.9,waspada
0.0,0.0,0.0,30.08,28.23,33.7,8,1,321.458,9.6302,2,0.0,0.0,0.3008,0.75,8.493,0.5,aman
6.135,13.909,55.02,40.12,16.87,15.64,12,0,375.208,2.5542,0,6.135,4.6364,0.4012,1.0,6.77,0.75,aman
0.0,0.0,0.0,36.63,12.04,1.85,10,0,797.573,10.2794,0,0.0,0.0,0.3663,0.85,4.411,0.55,aman
12.046,20.247,47.877,52.16,16.35,18.54,8,1,429.624,2.6191,3,12.046,6.749,0.5216,0.55,8.53,0.75,waspada
3.928,10.782,33.356,42.5,31.67,25.4,11,0,128.106,5.1799,1,3.928,3.594,0.425,0.75,13.458,0.45,waspada
4.312,10.397,36.065,67.65,24.65,6.39,11,0,317.078,4.1317,1,4.312,3.4655,0.6765,0.75,16.676,0.1,waspada
6.337,14.94,31.83,54.96,14.76,26.73,8,1,357.137,3.7419,1,6.337,4.98,0.5496,0.75,8.114,0.2,waspada
0.0,0.0,0.0,87.01,27.17,17.41,8,1,519.797,7.1752,2,0.0,0.0,0.8701,1.0,23.642,0.5,aman
0.0,0.0,0.0,34.94,27.84,18.26,8,1,265.704,0.05,3,0.0,0.0,0.3494,0.85,9.728,0.85,aman
5.577,9.399,42.902,49.3,18.36,11.67,4,0,351.992,5.3593,1,5.577,3.133,0.493,0.55,9.05,0.9,waspada
0.0,0.0,0.0,66.35,26.54,8.23,9,1,27.697,0.1761,0,0.0,0.0,0.6635,0.75,17.611,0.5,waspada
19.763,47.152,118.32,87.2,36.89,14.23,12,0,219.314,2.1537,2,19.763,15.7174,0.872,0.85,32.164,0.5,siaga
1.805,2.768,7.967,40.36,4.75,24.03,11,0,433.142,0.05,1,1.805,0.9227,0.4036,0.75,1.918,0.15,aman
0.0,0.0,0.0,64.46,29.92,17.79,9,1,94.789,1.1948,3,0.0,0.0,0.6446,1.0,19.285,0.75,waspada
4.721,10.445,25.639,50.03,22.7,20.86,11,0,360.708,6.3065,1,4.721,3.4816,0.5003,0.75,11.359,0.5,aman
0.0,0.0,0.0,55.3,13.15,13.21,11,0,166.037,7.0955,2,0.0,0.0,0.553,0.85,7.27,0.65,waspada
101.945,142.654,230.818,78.27,30.86,34.44,4,0,654.862,4.9491,0,101.945,47.5515,0.7827,1.0,24.152,0.7,siaga
0.0,0.0,0.0,51.34,14.46,27.17,10,0,74.261,0.4854,0,0.0,0.0,0.5134,0.85,7.424,0.65,waspada
49.181,80.525,176.717,60.64,28.57,12.21,10,0,216.981,3.2895,2,49.181,26.8417,0.6064,0.85,17.324,0.5,siaga
27.193,59.492,150.607,58.62,24.54,24.66,11,0,299.054,3.865,1,27.193,19.8306,0.5862,1.0,14.385,0.15,waspada
0.0,0.0,0.0,54.15,9.23,28.68,10,0,501.18,7.0205,1,0.0,0.0,0.5415,1.0,4.998,0.1,aman
0.0,0.0,0.0,68.87,32.24,9.37,3,0,374.575,8.0141,3,0.0,0.0,0.6887,1.0,22.202,0.2,aman
3.184,5.758,20.256,65.93,32.12,1.02,10,0,172.676,6.0314,1,3.184,1.9194,0.6593,0.85,21.177,0.1,aman
118.5,151.66,353.894,81.27,6.7,32.89,7,1,238.616,0.05,0,118.5,50.5535,0.8127,1.0,5.443,0.4,siaga
0.0,0.0,0.0,31.39,14.25,13.94,10,0,304.442,6.3996,0,0.0,0.0,0.3139,0.75,4.473,0.3,aman
0.0,0.0,0.0,82.52,9.54,10.27,6,1,86.424,2.8324,0,0.0,0.0,0.8252,0.85,7.871,0.35,waspada
3.896,7.547,33.042,91.23,19.39,26.58,4,0,208.76,0.9202,0,3.896,2.5156,0.9123,0.55,17.694,0.45,waspada
7.635,18.378,77.489,95.21,30.56,33.86,4,0,641.981,5.6319,3,7.635,6.1259,0.9521,1.0,29.097,0.3,waspada
28.794,59.602,132.069,59.15,22.81,13.04,8,1,389.727,6.2331,1,28.794,19.8672,0.5915,0.75,13.492,0.35,waspada
0.0,0.0,0.0,51.98,37.07,34.28,1,0,84.812,8.6052,0,0.0,0.0,0.5198,0.75,19.265,0.7,waspada
14.5,26.503,79.584,84.75,29.49,34.92,11,0,450.45,4.4454,1,14.5,8.8343,0.8475,0.55,24.989,0.75,waspada
0.0,0.0,0.0,34.6,24.07,25.63,1,0,379.382,3.1266,3,0.0,0.0,0.346,1.0,8.331,0.2,aman
46.775,70.819,142.393,92.29,28.22,32.43,2,0,329.288,2.2206,3,46.775,23.6063,0.9229,1.0,26.039,0.15,siaga
0.0,0.0,0.0,55.61,34.52,4.06,10,0,341.075,2.2548,3,0.0,0.0,0.5561,0.85,19.194,0.15,aman
0.0,0.0,0.0,71.59,5.57,6.31,12,0,335.256,4.4498,1,0.0,0.0,0.7159,0.85,3.984,0.6,waspada
3.226,5.596,13.921,76.67,12.78,29.02,1,0,325.863,1.929,1,3.226,1.8653,0.7667,0.35,9.795,0.45,waspada
127.484,218.589,368.423,71.7,24.13,29.09,2,0,345.187,5.5352,1,127.484,72.8629,0.717,0.75,17.3,0.8,siaga
70.141,146.831,317.709,74.52,7.62,8.5,10,0,338.037,1.4991,0,70.141,48.9438,0.7452,1.0,5.677,0.2,siaga
1.774,3.299,14.586,96.96,18.13,26.25,2,0,277.01,9.4348,1,1.774,1.0996,0.9696,1.0,17.582,0.15,waspada
0.0,0.0,0.0,58.49,27.23,6.03,9,1,490.751,5.664,1,0.0,0.0,0.5849,0.55,15.929,0.7,waspada
5.908,9.013,25.035,45.86,29.53,3.86,3,0,25.862,5.7547,1,5.908,3.0045,0.4586,1.0,13.542,0.25,aman
0.0,0.0,0.0,91.94,19.87,15.19,4,0,302.726,3.9478,2,0.0,0.0,0.9194,1.0,18.266,0.75,waspada
1.575,3.381,14.215,86.5,33.85,8.54,12,0,146.354,0.05,0,1.575,1.1271,0.865,0.85,29.277,0.55,waspada
22.594,50.078,139.431,56.68,35.98,14.01,4,0,128.779,6.751,1,22.594,16.6925,0.5668,0.75,20.395,0.15,waspada
1.57,2.377,7.773,32.92,31.83,23.99,11,0,404.339,6.0486,0,1.57,0.7923,0.3292,0.85,10.478,0.45,aman
113.356,203.166,507.39,37.32,20.1,6.83,11,0,582.456,2.0148,1,113.356,67.7219,0.3732,1.0,7.5,0.55,waspada
0.0,0.0,0.0,35.52,33.16,30.63,3,0,436.768,6.7992,0,0.0,0.0,0.3552,0.85,11.78,0.7,aman
20.773,50.618,158.927,86.15,17.8,0.17,3,0,372.167,5.5748,2,20.773,16.8726,0.8615,0.75,15.336,0.4,waspada
12.331,21.192,82.619,36.06,27.4,22.65,11,0,279.763,0.8184,1,12.331,7.0639,0.3606,1.0,9.88,0.5,waspada
107.464,209.713,328.466,31.68,11.43,18.44,7,1,364.349,0.05,3,107.464,69.9043,0.3168,0.85,3.62,0.55,siaga
8.083,12.826,48.297,32.37,6.5,24.3,7,1,411.762,10.855,1,8.083,4.2752,0.3237,0.75,2.103,0.4,aman
0.0,0.0,0.0,84.1,21.55,25.53,7,1,468.895,0.0754,0,0.0,0.0,0.841,0.75,18.126,0.2,waspada
7.266,11.715,48.335,44.64,35.47,25.32,10,0,156.288,4.0525,1,7.266,3.9049,0.4464,0.85,15.835,0.8,waspada
7.097,13.393,39.36,37.8,16.04,31.88,7,1,224.169,5.3022,1,7.097,4.4642,0.378,1.0,6.062,0.85,aman
0.0,0.0,0.0,31.33,7.43,34.79,10,0,207.562,4.0468,2,0.0,0.0,0.3133,1.0,2.329,0.75,aman
0.0,0.0,0.0,62.94,13.03,23.29,1,0,354.703,5.9216,1,0.0,0.0,0.6294,1.0,8.199,0.15,aman
0.0,0.0,0.0,69.84,20.64,10.32,2,0,528.257,1.166,2,0.0,0.0,0.6984,1.0,14.419,0.75,waspada
0.0,0.0,0.0,59.66,31.62,3.1,5,0,476.084,4.9411,2,0.0,0.0,0.5966,0.85,18.863,0.5,aman
14.591,24.512,56.57,90.58,34.27,11.37,8,1,167.086,3.6661,0,14.591,8.1707,0.9058,1.0,31.045,0.1,waspada
39.391,62.166,156.844,76.9,34.58,3.33,11,0,210.473,2.1591,0,39.391,20.7221,0.769,1.0,26.588,0.6,siaga
1.275,1.948,8.953,70.36,13.3,21.4,6,1,28.025,1.4547,1,1.275,0.6495,0.7036,0.55,9.357,0.8,waspada
3.713,6.887,25.031,85.56,37.88,11.16,9,1,249.27,6.4847,0,3.713,2.2958,0.8556,0.55,32.412,0.5,waspada
18.781,28.812,101.401,95.86,5.93,21.07,12,0,363.274,2.2826,0,18.781,9.604,0.9586,1.0,5.681,0.6,waspada
3.305,5.692,22.392,85.59,32.0,16.29,1,0,250.214,7.4709,0,3.305,1.8974,0.8559,1.0,27.389,0.7,waspada
0.0,0.0,0.0,61.57,8.79,16.47,12,0,415.614,0.4551,1,0.0,0.0,0.6157,0.35,5.411,0.6,waspada
2.543,5.16,19.127,52.48,29.28,25.33,11,0,76.873,4.073,2,2.543,1.7201,0.5248,1.0,15.364,0.3,aman
0.0,0.0,0.0,45.13,27.92,9.63,8,1,0.0,0.2355,3,0.0,0.0,0.4513,0.75,12.6,0.25,waspada
0.0,0.0,0.0,47.81,37.67,6.46,11,0,399.721,4.01,0,0.0,0.0,0.4781,1.0,18.01,0.2,aman
0.821,1.246,2.808,69.78,2.62,9.52,12,0,313.073,8.7616,0,0.821,0.4153,0.6978,0.75,1.83,0.25,waspada
21.465,33.938,75.569,81.56,34.01,1.69,2,0,565.244,2.5074,0,21.465,11.3125,0.8156,1.0,27.735,0.85,waspada
0.0,0.0,0.0,43.32,8.03,23.57,2,0,578.085,3.2828,2,0.0,0.0,0.4332,0.75,3.478,0.85,aman
11.723,19.75,60.47,31.86,7.32,12.31,8,1,401.565,4.8208,1,11.723,6.5835,0.3186,1.0,2.332,0.65,aman
23.327,55.084,129.942,38.89,19.94,19.9,3,0,220.037,1.5321,0,23.327,18.3615,0.3889,0.85,7.754,0.7,waspada
4.227,9.588,27.837,88.89,16.66,22.97,4,0,361.599,3.8503,1,4.227,3.1959,0.8889,0.75,14.814,0.75,waspada
0.0,0.0,0.0,67.84,27.37,30.45,3,0,585.413,0.05,2,0.0,0.0,0.6784,1.0,18.568,0.4,aman
6.416,15.798,67.114,53.09,5.82,17.19,2,0,389.946,5.3812,0,6.416,5.2661,0.5309,0.75,3.09,0.4,aman
0.0,0.0,0.0,71.5,37.68,21.74,3,0,280.287,6.8144,1,0.0,0.0,0.715,0.85,26.939,0.65,waspada
0.0,0.0,0.0,38.54,33.33,24.27,1,0,66.215,2.109,0,0.0,0.0,0.3854,0.35,12.845,0.85,waspada
0.0,0.0,0.0,95.42,19.01,22.56,11,0,410.887,0.05,0,0.0,0.0,0.9542,0.75,18.138,0.15,waspada
0.0,0.0,0.0,77.22,3.47,22.15,3,0,324.749,2.5842,2,0.0,0.0,0.7722,1.0,2.676,0.4,aman
83.429,144.289,341.981,57.26,23.4,12.57,8,1,407.743,0.2403,2,83.429,48.0962,0.5726,1.0,13.401,0.2,waspada
0.0,0.0,0.0,60.94,13.21,5.6,10,0,494.442,3.1552,0,0.0,0.0,0.6094,0.75,8.048,0.35,aman
0.0,0.0,0.0,51.09,30.31,5.52,8,1,362.577,5.6197,0,0.0,0.0,0.5109,0.85,15.483,0.85,aman
0.0,0.0,0.0,97.82,28.08,14.81,4,0,378.569,2.663,0,0.0,0.0,0.9782,0.35,27.468,0.9,waspada
7.133,13.753,46.607,68.11,7.14,2.25,5,0,422.306,2.4382,2,7.133,4.5844,0.6811,0.85,4.861,0.25,waspada
15.415,35.768,102.625,63.77,22.88,1.54,1,0,421.659,1.6309,0,15.415,11.9225,0.6377,0.75,14.591,0.4,waspada
40.134,82.066,277.393,62.93,2.54,23.88,1,0,501.879,1.9125,0,40.134,27.3554,0.6293,0.85,1.601,0.15,waspada
0.0,0.0,0.0,77.72,33.85,21.98,8,1,170.245,2.1453,1,0.0,0.0,0.7772,0.35,26.309,0.15,waspada
0.0,0.0,0.0,87.09,10.05,18.4,9,1,142.731,4.7677,1,0.0,0.0,0.8709,0.55,8.756,0.45,waspada
0.0,0.0,0.0,40.27,9.04,19.78,5,0,498.873,9.8269,2,0.0,0.0,0.4027,0.55,3.641,0.45,aman
102.046,194.918,334.883,66.94,32.03,6.4,12,0,203.908,6.9269,0,102.046,64.9725,0.6694,1.0,21.442,0.15,siaga
0.0,0.0,0.0,56.69,32.26,21.06,1,0,180.13,4.8292,3,0.0,0.0,0.5669,0.55,18.29,0.8,waspada
16.884,29.094,70.113,38.3,31.57,14.89,10,0,148.02,0.0589,3,16.884,9.6981,0.383,0.35,12.091,0.5,waspada
105.056,127.16,238.061,57.47,5.2,25.04,4,0,89.588,3.132,0,105.056,42.3865,0.5747,0.55,2.99,0.85,siaga
0.0,0.0,0.0,80.97,28.16,19.23,2,0,693.894,4.1072,0,0.0,0.0,0.8097,0.35,22.803,0.7,waspada
19.456,47.574,129.225,91.2,31.23,0.97,8,1,348.137,4.8468,1,19.456,15.8581,0.912,0.85,28.481,0.1,waspada
0.0,0.0,0.0,87.22,13.04,18.91,5,0,69.514,3.3946,1,0.0,0.0,0.8722,1.0,11.37,0.8,waspada
5.263,9.659,22.636,47.43,18.31,6.63,6,1,415.322,5.759,1,5.263,3.2198,0.4743,1.0,8.684,0.7,aman
0.0,0.0,0.0,45.47,15.22,14.95,11,0,385.951,2.7666,1,0.0,0.0,0.4547,1.0,6.922,0.1,aman
3.52,6.307,13.073,97.42,18.93,3.12,9,1,389.684,0.05,0,3.52,2.1025,0.9742,0.85,18.447,0.3,waspada
148.587,293.035,691.334,93.78,13.83,1.0,8,1,175.773,1.8189,1,148.587,97.6783,0.9378,1.0,12.967,0.7,siaga
0.0,0.0,0.0,82.44,13.02,27.97,3,0,316.151,7.2253,0,0.0,0.0,0.8244,0.15,10.735,0.45,siaga
1.246,2.45,10.679,68.99,33.06,33.01,2,0,423.469,4.8503,2,1.246,0.8166,0.6899,0.85,22.808,0.2,aman
0.0,0.0,0.0,81.6,17.13,6.27,3,0,51.198,5.6338,1,0.0,0.0,0.816,0.75,13.978,0.5,waspada
6.078,10.914,45.073,76.84,17.37,8.42,4,0,261.881,6.8227,0,6.078,3.638,0.7684,1.0,13.347,0.55,waspada
34.224,62.024,187.53,82.25,27.16,3.09,10,0,233.451,8.5582,2,34.224,20.6748,0.8225,0.85,22.34,0.25,siaga
18.318,41.635,132.329,35.5,6.92,31.94,3,0,456.219,3.6209,3,18.318,13.8782,0.355,1.0,2.455,0.8,waspada
4.894,11.472,49.703,31.96,30.99,28.45,2,0,361.329,3.7928,2,4.894,3.824,0.3196,1.0,9.905,0.45,aman
0.0,0.0,0.0,68.03,13.88,26.39,11,0,188.341,3.1148,1,0.0,0.0,0.6803,0.75,9.445,0.35,waspada
0.0,0.0,0.0,37.75,10.85,24.48,10,0,701.67,2.1462,2,0.0,0.0,0.3775,1.0,4.098,0.85,aman
4.75,14.134,59.083,35.69,7.51,18.13,5,0,411.764,1.1309,1,4.75,4.7113,0.3569,0.85,2.679,0.35,aman
0.89,1.774,6.294,89.1,9.28,7.42,11,0,404.375,5.696,0,0.89,0.5912,0.891,0.75,8.265,0.75,waspada
0.838,1.344,5.829,67.2,3.15,33.74,5,0,420.869,6.4571,0,0.838,0.4481,0.672,0.85,2.116,0.9,aman
2.289,6.566,22.705,68.69,37.32,28.85,8,1,338.64,0.378,0,2.289,2.1887,0.6869,0.15,25.633,0.2,siaga
0.0,0.0,0.0,89.06,15.12,25.9,5,0,125.933,4.9244,0,0.0,0.0,0.8906,0.75,13.461,0.4,waspada
0.0,0.0,0.0,37.96,7.24,4.01,4,0,113.334,0.9849,0,0.0,0.0,0.3796,0.15,2.749,0.7,waspada
0.0,0.0,0.0,54.13,16.65,6.73,10,0,252.885,4.6437,0,0.0,0.0,0.5413,0.75,9.012,0.1,aman
0.0,0.0,0.0,73.2,33.08,23.67,2,0,305.554,4.6975,0,0.0,0.0,0.732,0.75,24.211,0.6,waspada
0.0,0.0,0.0,66.42,28.26,20.97,2,0,461.123,5.8268,1,0.0,0.0,0.6642,0.75,18.767,0.35,aman
0.0,0.0,0.0,61.54,7.7,24.5,3,0,306.395,9.1181,1,0.0,0.0,0.6154,0.85,4.741,0.6,aman
0.0,0.0,0.0,42.46,26.53,18.52,8,1,113.275,4.3072,2,0.0,0.0,0.4246,0.55,11.261,0.55,waspada
6.105,12.322,60.774,67.02,7.57,33.17,3,0,157.328,3.2731,0,6.105,4.1072,0.6702,1.0,5.073,0.7,waspada
3.945,6.426,29.705,63.61,35.51,8.08,11,0,538.042,0.2124,2,3.945,2.1419,0.6361,0.55,22.592,0.2,waspada
0.0,0.0,0.0,31.54,26.75,5.47,9,1,489.025,4.76,0,0.0,0.0,0.3154,1.0,8.438,0.45,aman
3.992,6.228,15.686,32.75,30.66,24.46,4,0,573.64,0.05,2,3.992,2.0759,0.3275,1.0,10.042,0.6,aman
1.283,2.258,10.3,82.22,26.88,25.22,10,0,372.118,0.5411,2,1.283,0.7528,0.8222,0.55,22.096,0.2,waspada
0.0,0.0,0.0,44.21,3.25,9.62,2,0,538.723,0.05,2,0.0,0.0,0.4421,0.85,1.435,0.65,aman
3.616,10.714,29.184,37.48,27.78,25.48,10,0,546.719,4.1442,2,3.616,3.5715,0.3748,0.35,10.41,0.25,waspada
0.0,0.0,0.0,55.35,35.42,8.7,2,0,361.7,1.4405,3,0.0,0.0,0.5535,1.0,19.604,0.9,aman
4.475,9.569,37.77,95.69,3.26,31.34,9,1,368.308,2.9571,0,4.475,3.1896,0.9569,0.15,3.116,0.1,siaga
1.654,4.548,10.097,45.18,17.7,19.18,9,1,275.786,3.7819,0,1.654,1.5158,0.4518,0.75,7.997,0.3,aman
3.13,5.874,16.94,81.23,13.97,1.79,4,0,370.653,7.4591,0,3.13,1.9579,0.8123,0.85,11.349,0.9,waspada
5.64,14.839,43.259,63.02,19.47,21.26,3,0,408.422,3.7597,0,5.64,4.9462,0.6302,0.75,12.27,0.75,waspada
12.479,20.325,44.355,42.96,3.42,8.6,2,0,537.278,0.05,1,12.479,6.7749,0.4296,0.75,1.47,0.65,waspada
0.0,0.0,0.0,66.84,7.05,18.7,12,0,262.064,7.1544,0,0.0,0.0,0.6684,1.0,4.713,0.7,aman
0.0,0.0,0.0,73.9,7.7,12.69,4,0,207.214,5.7619,3,0.0,0.0,0.739,0.75,5.689,0.1,waspada
7.72,20.614,52.931,87.21,22.24,22.74,11,0,370.771,6.7436,0,7.72,6.8712,0.8721,0.85,19.391,0.15,waspada
0.0,0.0,0.0,74.87,33.83,1.02,12,0,99.259,3.8862,1,0.0,0.0,0.7487,1.0,25.327,0.85,waspada
24.711,39.512,86.358,94.3,27.91,13.11,1,0,302.853,3.4383,0,24.711,13.1705,0.943,0.75,26.315,0.35,siaga
36.525,62.936,138.022,92.73,37.48,9.85,10,0,191.245,0.9929,0,36.525,20.9788,0.9273,1.0,34.759,0.4,siaga
2.125,5.282,14.675,45.27,7.71,12.06,3,0,338.992,0.05,0,2.125,1.7606,0.4527,1.0,3.492,0.65,aman
0.0,0.0,0.0,45.44,31.94,0.36,11,0,402.511,0.05,0,0.0,0.0,0.4544,0.85,14.517,0.15,aman
7.011,18.019,84.552,87.68,6.47,26.7,10,0,471.719,2.282,3,7.011,6.0063,0.8768,1.0,5.669,0.25,waspada
0.0,0.0,0.0,58.11,23.3,3.12,4,0,375.855,7.4188,0,0.0,0.0,0.5811,0.55,13.538,0.35,waspada
0.0,0.0,0.0,33.98,17.55,23.72,2,0,261.545,2.7202,0,0.0,0.0,0.3398,0.75,5.962,0.4,aman
2.502,4.559,17.297,77.11,16.03,15.56,5,0,533.358,9.9458,3,2.502,1.5196,0.7711,0.85,12.358,0.2,aman
0.0,0.0,0.0,92.14,7.35,26.67,5,0,593.945,6.8766,0,0.0,0.0,0.9214,1.0,6.776,0.2,aman
41.342,71.592,211.567,68.4,8.34,23.4,3,0,220.323,2.4114,2,41.342,23.864,0.684,0.85,5.703,0.75,siaga
3.756,10.178,48.854,76.24,33.96,24.69,4,0,326.369,3.1967,1,3.756,3.3928,0.7624,1.0,25.894,0.25,waspada
21.092,35.786,119.559,63.91,17.24,30.6,7,1,367.498,3.0619,0,21.092,11.9286,0.6391,0.75,11.015,0.75,waspada
0.0,0.0,0.0,87.69,3.06,23.25,9,1,524.856,3.4145,1,0.0,0.0,0.8769,0.55,2.681,0.1,waspada
22.076,39.168,83.514,70.3,32.29,29.76,11,0,292.292,3.5313,0,22.076,13.0561,0.703,0.75,22.703,0.3,waspada
3.722,10.058,45.528,72.24,27.28,0.88,6,1,563.893,6.3406,1,3.722,3.3527,0.7224,0.85,19.709,0.35,waspada
0.0,0.0,0.0,46.5,3.54,31.35,10,0,316.638,3.1856,3,0.0,0.0,0.465,1.0,1.647,0.25,aman
0.0,0.0,0.0,92.28,4.52,0.8,12,0,105.898,6.8756,1,0.0,0.0,0.9228,0.85,4.174,0.2,waspada
0.0,0.0,0.0,90.54,5.64,20.34,7,1,455.911,5.4418,1,0.0,0.0,0.9054,0.85,5.103,0.7,waspada
56.884,92.872,279.687,91.31,8.28,31.26,12,0,174.09,3.0246,2,56.884,30.9574,0.9131,0.75,7.563,0.1,siaga
77.582,165.024,573.811,62.09,26.42,25.09,1,0,542.073,3.5756,0,77.582,55.0078,0.6209,0.75,16.404,0.1,siaga
0.0,0.0,0.0,90.79,25.13,30.73,10,0,156.55,6.0911,2,0.0,0.0,0.9079,0.85,22.818,0.85,waspada
0.0,0.0,0.0,43.9,16.11,11.89,10,0,542.719,10.3129,0,0.0,0.0,0.439,0.35,7.074,0.75,waspada
7.055,20.417,97.702,95.06,3.21,33.27,12,0,226.541,0.05,2,7.055,6.8055,0.9506,0.85,3.052,0.85,waspada
24.381,54.164,122.15,32.51,33.15,34.98,12,0,258.976,0.6965,1,24.381,18.0548,0.3251,0.55,10.778,0.2,waspada
0.0,0.0,0.0,63.38,2.45,6.67,3,0,291.192,2.3648,0,0.0,0.0,0.6338,1.0,1.551,0.3,aman
2.534,3.804,13.712,41.61,32.02,20.69,12,0,437.818,5.7446,0,2.534,1.2681,0.4161,0.85,13.325,0.45,aman
16.295,33.545,106.362,60.18,29.96,28.49,4,0,170.423,7.8715,0,16.295,11.1818,0.6018,0.85,18.029,0.5,waspada
21.163,45.561,126.754,51.98,37.05,23.02,10,0,369.792,0.4797,2,21.163,15.1871,0.5198,0.85,19.258,0.4,waspada
5.66,16.21,57.022,93.13,23.87,26.16,9,1,52.799,4.3324,0,5.66,5.4033,0.9313,0.85,22.235,0.65,waspada
62.714,104.842,263.22,85.69,35.37,5.95,9,1,239.765,0.05,1,62.714,34.9472,0.8569,0.75,30.314,0.3,siaga
21.447,50.123,166.005,85.65,33.13,27.56,6,1,223.81,3.6796,1,21.447,16.7078,0.8565,1.0,28.372,0.75,waspada
7.043,18.549,57.616,58.41,13.2,28.02,7,1,385.299,2.1531,1,7.043,6.1831,0.5841,0.55,7.708,0.9,waspada
121.674,222.776,510.882,74.58,5.19,12.64,10,0,504.32,10.0348,0,121.674,74.2588,0.7458,1.0,3.869,0.3,siaga
0.0,0.0,0.0,90.6,29.58,7.75,7,1,208.889,0.4561,1,0.0,0.0,0.906,0.85,26.794,0.1,waspada
65.076,153.672,341.353,69.16,29.09,33.2,1,0,291.799,5.9889,0,65.076,51.2239,0.6916,1.0,20.12,0.55,siaga
108.912,211.235,370.19,42.94,28.5,33.35,1,0,448.693,0.05,0,108.912,70.4116,0.4294,0.75,12.235,0.55,siaga
1.551,3.103,8.629,52.96,2.18,25.28,4,0,103.36,2.6767,0,1.551,1.0344,0.5296,1.0,1.154,0.5,waspada
114.974,184.419,341.427,42.98,14.87,22.39,10,0,491.644,1.1659,0,114.974,61.473,0.4298,0.35,6.392,0.9,siaga
1.213,1.92,4.872,79.01,35.09,29.05,10,0,144.113,3.2997,0,1.213,0.6399,0.7901,0.85,27.721,0.45,waspada
4.642,10.556,41.849,76.55,17.74,33.64,12,0,16.118,6.3492,0,4.642,3.5187,0.7655,0.85,13.582,0.15,waspada
0.0,0.0,0.0,42.15,31.8,9.5,2,0,423.45,1.5848,3,0.0,0.0,0.4215,0.75,13.402,0.2,aman
8.994,16.897,48.144,96.21,21.18,7.09,7,1,163.663,4.9908,1,8.994,5.6325,0.9621,1.0,20.378,0.45,waspada
7.999,12.51,25.939,82.85,16.17,33.79,2,0,62.483,1.4436,0,7.999,4.1698,0.8285,1.0,13.397,0.85,waspada
0.0,0.0,0.0,31.74,2.9,4.38,5,0,445.596,1.6699,2,0.0,0.0,0.3174,0.85,0.921,0.1,aman
0.0,0.0,0.0,89.92,14.57,12.27,6,1,165.079,3.656,2,0.0,0.0,0.8992,0.85,13.098,0.45,waspada
11.706,24.632,54.067,80.97,7.12,25.54,4,0,105.901,2.4092,1,11.706,8.2106,0.8097,1.0,5.762,0.45,waspada
22.957,40.554,87.519,34.85,34.89,18.67,3,0,207.95,4.3433,1,22.957,13.5182,0.3485,1.0,12.157,0.15,waspada
0.0,0.0,0.0,90.62,13.22,0.49,7,1,234.387,4.0162,1,0.0,0.0,0.9062,1.0,11.98,0.45,waspada
0.0,0.0,0.0,52.44,33.79,10.34,10,0,196.966,0.05,2,0.0,0.0,0.5244,0.85,17.721,0.65,waspada
0.0,0.0,0.0,55.09,25.99,8.09,11,0,437.351,1.9926,2,0.0,0.0,0.5509,0.85,14.319,0.2,aman
7.47,14.295,41.954,53.82,15.76,17.98,5,0,394.941,6.4092,0,7.47,4.765,0.5382,0.85,8.482,0.25,aman
16.687,34.44,69.8,57.61,23.64,6.74,3,0,524.189,4.807,0,16.687,11.4799,0.5761,0.75,13.621,0.35,waspada
0.522,1.529,7.504,31.22,18.69,0.52,5,0,345.821,3.1761,1,0.522,0.5095,0.3122,0.55,5.834,0.35,aman
4.7,7.903,37.876,77.16,15.37,9.33,11,0,144.205,0.05,0,4.7,2.6344,0.7716,0.75,11.863,0.4,waspada
3.791,10.971,35.401,87.94,33.51,9.74,8,1,154.149,5.3946,0,3.791,3.6571,0.8794,0.75,29.471,0.55,waspada
1.324,1.999,8.915,48.95,15.66,28.57,2,0,257.1,4.4536,3,1.324,0.6663,0.4895,0.75,7.666,0.5,waspada
0.0,0.0,0.0,91.87,18.28,15.89,12,0,301.68,0.5389,0,0.0,0.0,0.9187,1.0,16.794,0.1,waspada
2.723,8.105,27.559,40.59,6.96,18.62,2,0,118.79,3.9714,1,2.723,2.7016,0.4059,1.0,2.826,0.45,aman
0.0,0.0,0.0,58.47,35.78,2.58,7,1,263.335,4.8039,3,0.0,0.0,0.5847,0.75,20.925,0.85,waspada
0.0,0.0,0.0,67.22,18.03,31.44,11,0,502.515,5.8552,2,0.0,0.0,0.6722,0.75,12.12,0.65,aman
1.332,2.909,9.653,68.28,26.51,6.9,6,1,361.979,2.6774,3,1.332,0.9697,0.6828,0.75,18.1,0.25,waspada
19.78,42.807,166.569,57.25,26.09,5.54,9,1,299.741,3.5763,1,19.78,14.2691,0.5725,1.0,14.94,0.35,waspada
141.069,234.138,497.949,57.91,20.9,33.64,12,0,393.135,3.7462,2,141.069,78.0461,0.5791,0.75,12.104,0.1,siaga
0.603,1.29,4.016,58.25,34.45,22.43,7,1,561.901,7.472,0,0.603,0.4301,0.5825,1.0,20.069,0.3,aman
0.0,0.0,0.0,49.51,11.66,9.95,10,0,433.793,4.9754,1,0.0,0.0,0.4951,0.75,5.776,0.8,waspada
0.0,0.0,0.0,56.78,31.42,29.0,12,0,403.739,4.2358,1,0.0,0.0,0.5678,0.75,17.838,0.45,aman
3.302,6.454,26.874,43.05,32.47,29.77,12,0,259.693,3.734,2,3.302,2.1513,0.4305,0.55,13.979,0.5,waspada
0.0,0.0,0.0,42.52,23.55,3.09,11,0,106.248,8.1051,2,0.0,0.0,0.4252,0.85,10.014,0.6,aman
0.0,0.0,0.0,40.27,17.76,7.97,12,0,319.85,3.8333,2,0.0,0.0,0.4027,1.0,7.15,0.5,aman
0.534,1.459,5.795,37.43,29.03,28.99,8,1,422.506,3.8796,1,0.534,0.4865,0.3743,0.75,10.864,0.4,aman
0.0,0.0,0.0,47.26,37.84,16.74,11,0,393.283,2.3965,1,0.0,0.0,0.4726,0.75,17.883,0.75,aman
18.627,33.904,130.059,30.47,18.36,20.6,2,0,366.919,8.3824,3,18.627,11.3013,0.3047,0.55,5.593,0.55,waspada
14.393,27.06,103.512,84.52,35.53,8.57,7,1,339.324,5.8446,0,14.393,9.0199,0.8452,0.85,30.026,0.75,waspada
5.641,15.68,32.135,78.77,22.6,2.32,8,1,468.91,4.8245,1,5.641,5.2268,0.7877,0.55,17.804,0.2,waspada
0.0,0.0,0.0,86.96,33.05,5.53,10,0,147.172,0.05,0,0.0,0.0,0.8696,0.55,28.738,0.2,waspada
21.465,39.079,105.409,70.57,24.59,32.31,6,1,241.258,0.2594,0,21.465,13.0265,0.7057,0.55,17.352,0.2,siaga
70.88,112.932,390.174,95.38,37.53,21.14,3,0,0.0,4.4002,1,70.88,37.6439,0.9538,0.75,35.793,0.45,awas
7.675,13.748,38.022,89.4,37.68,31.52,12,0,230.964,0.05,0,7.675,4.5827,0.894,0.85,33.687,0.3,waspada
0.0,0.0,0.0,45.72,2.14,1.87,5,0,20.663,5.137,0,0.0,0.0,0.4572,0.85,0.977,0.55,waspada
7.342,17.608,53.413,43.73,7.64,32.45,4,0,230.492,7.1691,0,7.342,5.8694,0.4373,0.85,3.34,0.75,waspada
12.514,29.366,91.206,35.38,13.04,27.58,10,0,251.035,0.5973,1,12.514,9.7888,0.3538,0.75,4.615,0.55,waspada
4.758,9.521,38.429,61.32,29.91,30.65,12,0,168.758,2.8074,0,4.758,3.1737,0.6132,0.75,18.337,0.65,waspada
2.747,8.12,19.053,96.52,37.39,16.71,10,0,201.939,5.5246,1,2.747,2.7065,0.9652,1.0,36.093,0.7,waspada
0.0,0.0,0.0,94.67,27.11,14.29,7,1,478.734,4.9127,1,0.0,0.0,0.9467,0.85,25.664,0.45,waspada
2.409,5.253,20.767,46.14,19.07,19.51,6,1,248.888,1.8136,1,2.409,1.7511,0.4614,1.0,8.801,0.5,aman
0.0,0.0,0.0,83.77,35.12,3.28,11,0,291.018,4.705,0,0.0,0.0,0.8377,0.85,29.422,0.6,waspada
0.0,0.0,0.0,89.25,14.88,9.02,11,0,400.008,3.4002,3,0.0,0.0,0.8925,1.0,13.284,0.1,aman
6.226,13.811,63.099,66.41,5.24,7.26,12,0,362.121,1.6174,3,6.226,4.6036,0.6641,1.0,3.477,0.85,waspada
0.535,1.453,6.8,39.71,35.65,32.86,7,1,314.625,6.222,2,0.535,0.4845,0.3971,0.55,14.156,0.3,aman
0.0,0.0,0.0,69.89,23.68,9.64,9,1,112.675,4.0619,0,0.0,0.0,0.6989,0.75,16.549,0.3,waspada
0.0,0.0,0.0,33.26,25.06,31.9,4,0,624.811,4.3474,1,0.0,0.0,0.3326,0.85,8.333,0.35,aman
78.257,132.724,458.974,97.16,8.08,28.58,11,0,122.204,3.2897,1,78.257,44.2414,0.9716,0.85,7.846,0.4,siaga
0.0,0.0,0.0,85.71,15.11,25.83,1,0,279.459,3.205,0,0.0,0.0,0.8571,1.0,12.951,0.65,waspada
5.176,15.365,64.471,71.73,12.41,27.94,6,1,193.765,2.173,1,5.176,5.1217,0.7173,1.0,8.902,0.65,waspada
112.307,181.574,355.823,83.77,24.37,12.39,10,0,639.79,0.05,2,112.307,60.5248,0.8377,0.85,20.413,0.55,siaga
24.65,57.669,155.376,45.1,35.06,5.53,10,0,168.822,0.4762,2,24.65,19.2229,0.451,1.0,15.811,0.3,waspada
24.469,42.478,130.706,96.36,14.1,29.93,12,0,221.813,4.5885,1,24.469,14.1593,0.9636,0.75,13.589,0.8,siaga
0.0,0.0,0.0,53.91,30.57,32.72,7,1,149.61,3.4846,2,0.0,0.0,0.5391,0.55,16.48,0.2,waspada
146.609,179.198,293.775,74.37,11.96,23.16,11,0,182.482,8.6973,0,146.609,59.7327,0.7437,1.0,8.895,0.45,siaga
6.147,15.747,35.225,71.91,13.17,6.01,8,1,368.583,4.8306,0,6.147,5.2491,0.7191,0.85,9.468,0.7,waspada
0.67,1.441,4.087,85.03,37.48,22.65,8,1,572.861,5.2376,0,0.67,0.4802,0.8503,1.0,31.872,0.55,aman
11.941,24.57,50.259,37.89,30.4,18.0,8,1,604.751,5.0102,1,11.941,8.1899,0.3789,1.0,11.517,0.55,aman
23.855,44.84,165.562,49.17,2.75,31.22,9,1,429.551,4.8083,1,23.855,14.9468,0.4917,0.75,1.35,0.1,waspada
0.0,0.0,0.0,46.3,27.03,9.77,9,1,406.281,7.8409,1,0.0,0.0,0.463,0.85,12.515,0.15,aman
0.0,0.0,0.0,77.8,24.06,21.11,6,1,258.853,10.0498,1,0.0,0.0,0.778,1.0,18.717,0.6,aman
0.0,0.0,0.0,50.53,21.9,2.35,8,1,180.294,7.2373,0,0.0,0.0,0.5053,1.0,11.066,0.2,aman
16.921,39.724,143.992,94.8,5.95,11.23,9,1,637.923,5.6251,0,16.921,13.2414,0.948,1.0,5.642,0.2,waspada
0.0,0.0,0.0,82.46,10.59,29.14,4,0,246.704,2.4668,1,0.0,0.0,0.8246,1.0,8.735,0.35,waspada
24.51,56.252,192.611,59.17,26.91,5.51,12,0,444.603,7.5216,1,24.51,18.7506,0.5917,0.85,15.925,0.25,waspada
0.0,0.0,0.0,47.12,6.92,12.97,7,1,580.829,7.0406,1,0.0,0.0,0.4712,0.75,3.263,0.55,aman
23.196,41.956,113.091,63.3,32.28,15.99,6,1,345.935,4.4079,0,23.196,13.9853,0.633,0.35,20.435,0.75,siaga
0.0,0.0,0.0,59.07,28.38,22.2,2,0,577.927,8.7877,2,0.0,0.0,0.5907,0.85,16.765,0.9,aman
0.0,0.0,0.0,66.51,5.02,13.58,10,0,568.975,3.5275,0,0.0,0.0,0.6651,1.0,3.34,0.25,aman
6.187,15.394,47.894,41.87,28.76,2.2,5,0,446.999,1.7266,1,6.187,5.1314,0.4187,0.55,12.043,0.35,waspada
0.0,0.0,0.0,48.77,27.28,12.58,2,0,530.103,4.9109,0,0.0,0.0,0.4877,0.55,13.304,0.8,aman
0.0,0.0,0.0,81.64,31.84,21.66,3,0,220.565,5.0371,3,0.0,0.0,0.8164,1.0,25.997,0.75,waspada
22.823,46.696,116.797,80.22,22.04,21.47,9,1,559.658,0.9902,0,22.823,15.5652,0.8022,1.0,17.681,0.4,waspada
6.092,12.632,25.513,38.69,14.94,27.33,12,0,287.232,5.3784,1,6.092,4.2108,0.3869,0.75,5.781,0.3,aman
0.0,0.0,0.0,72.36,13.65,25.84,4,0,175.906,6.6663,2,0.0,0.0,0.7236,1.0,9.877,0.55,aman
0.0,0.0,0.0,68.86,5.78,29.86,12,0,499.074,0.05,3,0.0,0.0,0.6886,1.0,3.979,0.85,aman
21.234,38.944,95.551,96.55,35.29,9.73,4,0,177.62,7.1134,0,21.234,12.9813,0.9655,0.85,34.076,0.55,siaga
20.146,47.682,141.756,41.64,12.99,8.13,4,0,519.844,4.2618,0,20.146,15.894,0.4164,0.75,5.411,0.2,waspada
3.787,5.734,18.746,92.86,19.2,1.59,9,1,264.468,5.7745,3,3.787,1.9114,0.9286,1.0,17.831,0.75,waspada
26.429,63.976,214.192,66.01,27.0,18.48,7,1,94.661,1.6078,2,26.429,21.3252,0.6601,0.75,17.825,0.85,siaga
0.0,0.0,0.0,78.35,13.33,18.49,8,1,140.654,2.0902,1,0.0,0.0,0.7835,0.85,10.444,0.3,waspada
0.0,0.0,0.0,48.14,9.39,31.8,9,1,224.803,4.3623,1,0.0,0.0,0.4814,0.55,4.522,0.65,waspada
11.146,22.584,73.856,78.54,3.09,2.14,7,1,489.707,5.1644,0,11.146,7.5281,0.7854,0.85,2.426,0.15,waspada
118.47,170.738,420.491,70.23,15.59,18.51,4,0,341.829,2.5654,2,118.47,56.9126,0.7023,0.85,10.951,0.3,siaga
55.316,109.61,343.116,32.15,12.0,6.13,11,0,388.345,2.7507,0,55.316,36.5367,0.3215,0.55,3.858,0.65,siaga
69.275,170.598,370.788,57.97,26.39,13.67,6,1,287.651,5.9585,0,69.275,56.866,0.5797,0.85,15.299,0.25,siaga
0.0,0.0,0.0,83.83,28.25,5.67,8,1,288.784,4.0579,1,0.0,0.0,0.8383,0.85,23.679,0.35,waspada
4.317,12.239,32.876,36.24,10.24,5.74,5,0,382.693,1.8882,1,4.317,4.0796,0.3624,1.0,3.712,0.35,aman
0.0,0.0,0.0,55.14,4.86,12.12,9,1,375.577,3.8281,0,0.0,0.0,0.5514,1.0,2.678,0.75,aman
0.0,0.0,0.0,67.96,16.55,11.85,10,0,87.957,8.196,0,0.0,0.0,0.6796,0.75,11.244,0.55,waspada
3.1,6.227,23.405,56.45,33.25,25.22,9,1,373.246,6.2912,0,3.1,2.0757,0.5645,0.75,18.769,0.55,aman
7.516,21.426,98.714,57.45,28.34,4.29,6,1,579.749,4.5243,2,7.516,7.1419,0.5745,1.0,16.283,0.15,aman
13.248,22.234,50.678,30.5,33.1,18.08,9,1,434.471,3.3216,2,13.248,7.4115,0.305,0.75,10.097,0.5,aman
70.967,152.786,404.572,56.3,30.05,16.77,7,1,382.545,3.9028,3,70.967,50.9286,0.563,0.75,16.92,0.7,siaga
0.0,0.0,0.0,59.92,19.3,11.65,10,0,542.954,7.2293,2,0.0,0.0,0.5992,1.0,11.562,0.15,aman
5.455,13.207,37.983,64.66,36.11,25.21,6,1,325.354,3.3415,1,5.455,4.4023,0.6466,0.85,23.347,0.6,waspada
20.794,31.951,126.41,34.74,27.74,30.17,3,0,366.204,5.6526,1,20.794,10.6503,0.3474,0.85,9.639,0.35,waspada
0.0,0.0,0.0,43.39,27.65,17.28,4,0,562.346,0.05,3,0.0,0.0,0.4339,0.75,11.998,0.65,aman
0.0,0.0,0.0,86.55,11.33,2.17,11,0,144.827,2.5794,0,0.0,0.0,0.8655,0.85,9.803,0.25,waspada
1.968,5.801,25.401,73.43,34.2,11.59,5,0,283.106,3.2421,2,1.968,1.9337,0.7343,1.0,25.109,0.9,waspada
8.363,19.142,65.262,93.9,22.27,12.75,3,0,364.995,3.6137,1,8.363,6.3807,0.939,0.85,20.907,0.8,waspada
7.733,22.496,63.245,65.96,2.3,31.35,6,1,556.221,1.999,1,7.733,7.4987,0.6596,0.75,1.52,0.25,waspada
86.87,110.951,270.001,97.38,21.77,29.07,10,0,511.825,0.7246,0,86.87,36.9838,0.9738,0.85,21.196,0.5,siaga
0.0,0.0,0.0,37.91,30.65,25.56,12,0,431.452,2.9201,0,0.0,0.0,0.3791,0.75,11.619,0.85,aman
2.582,4.357,19.969,93.3,19.11,9.11,1,0,241.43,0.05,0,2.582,1.4524,0.933,0.55,17.827,0.75,siaga
6.658,19.46,39.688,46.47,14.67,3.87,2,0,462.05,4.6301,0,6.658,6.4867,0.4647,0.75,6.816,0.1,aman
14.906,26.441,74.259,35.36,34.86,16.6,3,0,412.322,2.9147,1,14.906,8.8138,0.3536,0.85,12.328,0.75,waspada
7.905,13.319,66.548,35.7,23.99,1.2,3,0,571.655,2.2295,2,7.905,4.4396,0.357,1.0,8.564,0.4,aman
1.335,2.043,9.644,50.48,36.42,15.66,8,1,398.948,10.0633,0,1.335,0.6809,0.5048,1.0,18.383,0.8,aman
85.343,151.866,345.128,73.24,16.41,28.35,7,1,612.043,4.5768,3,85.343,50.6221,0.7324,1.0,12.018,0.15,waspada
0.0,0.0,0.0,89.08,37.8,8.72,10,0,331.944,3.3614,0,0.0,0.0,0.8908,0.85,33.671,0.25,waspada
0.0,0.0,0.0,44.4,29.44,18.78,10,0,401.897,0.4089,1,0.0,0.0,0.444,0.75,13.074,0.9,aman
0.0,0.0,0.0,52.84,3.53,17.7,3,0,591.846,4.288,2,0.0,0.0,0.5284,0.75,1.863,0.8,aman
0.0,0.0,0.0,65.85,20.09,17.75,2,0,384.908,2.4646,1,0.0,0.0,0.6585,0.75,13.227,0.5,waspada
3.249,6.058,21.581,60.7,13.99,21.05,5,0,278.866,5.9759,1,3.249,2.0193,0.607,0.75,8.491,0.75,waspada
0.0,0.0,0.0,97.91,30.3,6.93,9,1,368.53,6.0798,2,0.0,0.0,0.9791,0.75,29.67,0.6,waspada
1.567,2.501,5.097,78.02,22.31,23.55,11,0,453.071,6.3897,3,1.567,0.8336,0.7802,0.55,17.408,0.25,waspada
75.685,157.663,436.796,58.44,36.2,17.71,6,1,366.413,7.6909,2,75.685,52.5542,0.5844,0.85,21.153,0.15,waspada
130.856,207.882,328.686,35.78,11.69,15.97,7,1,376.084,5.5751,0,130.856,69.294,0.3578,0.55,4.183,0.9,siaga
3.679,7.168,25.544,91.22,28.36,8.93,12,0,227.126,0.05,0,3.679,2.3892,0.9122,1.0,25.874,0.2,waspada
0.539,0.847,3.801,85.9,24.0,11.7,6,1,327.981,4.3471,0,0.539,0.2824,0.859,1.0,20.619,0.25,aman
0.0,0.0,0.0,42.55,10.46,21.76,10,0,173.516,6.617,3,0.0,0.0,0.4255,1.0,4.452,0.75,aman
4.7,8.75,24.017,80.47,26.08,4.71,7,1,313.454,0.913,0,4.7,2.9166,0.8047,1.0,20.987,0.55,waspada
0.0,0.0,0.0,73.65,2.25,17.92,4,0,419.965,8.766,0,0.0,0.0,0.7365,0.75,1.655,0.35,aman
0.0,0.0,0.0,74.39,5.6,20.9,4,0,200.138,6.3689,2,0.0,0.0,0.7439,1.0,4.163,0.5,aman
9.917,15.379,55.09,92.86,25.37,34.15,11,0,449.731,2.8698,1,9.917,5.1264,0.9286,0.55,23.558,0.25,waspada
0.0,0.0,0.0,67.92,23.96,0.24,3,0,206.575,5.9702,0,0.0,0.0,0.6792,1.0,16.274,0.1,aman
51.82,125.384,362.293,63.91,9.8,26.15,1,0,514.552,0.05,1,51.82,41.7946,0.6391,0.75,6.265,0.3,siaga
0.0,0.0,0.0,75.13,30.18,8.27,7,1,638.181,7.093,2,0.0,0.0,0.7513,0.85,22.672,0.65,waspada
0.0,0.0,0.0,40.26,25.13,19.19,3,0,94.017,2.4828,0,0.0,0.0,0.4026,1.0,10.12,0.6,aman
22.569,38.967,84.137,65.44,25.16,20.55,9,1,249.403,5.3167,3,22.569,12.9889,0.6544,0.85,16.461,0.65,waspada
0.0,0.0,0.0,41.25,26.55,19.35,3,0,161.612,2.6251,1,0.0,0.0,0.4125,0.75,10.953,0.9,waspada
0.0,0.0,0.0,88.91,12.68,23.97,11,0,248.257,6.113,0,0.0,0.0,0.8891,0.85,11.274,0.2,waspada
149.433,236.971,489.016,60.07,30.48,23.86,4,0,444.496,2.2748,2,149.433,78.9903,0.6007,1.0,18.308,0.8,siaga
0.0,0.0,0.0,31.93,20.08,12.63,6,1,602.672,3.0077,0,0.0,0.0,0.3193,1.0,6.41,0.5,aman
76.355,158.302,431.501,36.19,7.03,10.74,5,0,590.596,3.5547,0,76.355,52.7673,0.3619,1.0,2.543,0.75,waspada
18.729,40.656,101.372,40.77,10.42,3.2,1,0,172.089,3.4516,1,18.729,13.552,0.4077,0.75,4.25,0.8,waspada
0.0,0.0,0.0,35.17,28.38,29.82,7,1,463.734,5.0688,0,0.0,0.0,0.3517,1.0,9.982,0.9,aman
18.114,45.021,116.06,93.23,23.26,7.01,6,1,537.287,2.867,0,18.114,15.0071,0.9323,0.85,21.688,0.35,waspada
12.973,21.662,50.636,79.64,36.75,26.64,5,0,425.461,5.7107,1,12.973,7.2206,0.7964,0.85,29.264,0.1,waspada
20.305,31.685,103.924,73.07,24.98,24.85,4,0,471.576,1.1511,0,20.305,10.5617,0.7307,1.0,18.256,0.55,waspada
3.067,5.337,12.245,56.71,26.29,28.27,3,0,554.202,2.7619,1,3.067,1.7789,0.5671,1.0,14.91,0.3,aman
0.0,0.0,0.0,92.04,4.79,10.93,4,0,453.299,9.43,1,0.0,0.0,0.9204,0.75,4.405,0.8,waspada
0.0,0.0,0.0,84.56,22.52,12.51,12,0,515.407,5.6965,0,0.0,0.0,0.8456,0.85,19.043,0.75,waspada
0.0,0.0,0.0,97.9,28.94,2.6,7,1,584.148,0.7574,0,0.0,0.0,0.979,1.0,28.332,0.35,waspada
18.97,38.012,108.701,64.08,3.15,33.12,7,1,360.488,8.2453,0,18.97,12.6705,0.6408,1.0,2.02,0.3,waspada
17.79,35.52,139.97,67.28,29.4,26.95,3,0,585.866,5.6285,2,17.79,11.8399,0.6728,1.0,19.783,0.7,waspada
4.394,11.819,37.457,67.79,8.28,21.29,10,0,424.471,2.3728,0,4.394,3.9397,0.6779,1.0,5.614,0.15,aman
38.844,69.774,177.824,73.31,13.88,15.22,8,1,88.778,1.5439,1,38.844,23.258,0.7331,1.0,10.174,0.65,siaga
34.886,59.924,147.052,41.93,16.41,30.87,2,0,194.854,0.7107,0,34.886,19.9747,0.4193,1.0,6.882,0.25,waspada
20.519,33.256,88.153,81.89,6.27,11.13,6,1,0.0,3.9127,0,20.519,11.0855,0.8189,0.75,5.137,0.7,siaga
0.0,0.0,0.0,63.87,10.44,19.4,1,0,128.218,6.0877,1,0.0,0.0,0.6387,1.0,6.667,0.25,aman
3.047,7.931,22.864,36.05,21.71,5.57,10,0,336.698,10.2799,3,3.047,2.6435,0.3605,0.85,7.829,0.2,aman
15.463,23.806,91.056,78.53,6.03,4.39,6,1,458.964,1.0334,1,15.463,7.9354,0.7853,0.85,4.734,0.6,waspada
7.659,15.755,76.104,96.3,26.69,19.58,7,1,116.049,7.4202,0,7.659,5.2517,0.963,0.85,25.704,0.8,waspada
16.562,35.915,89.053,88.6,2.07,8.8,7,1,110.933,1.7064,2,16.562,11.9716,0.886,1.0,1.833,0.7,waspada
21.223,50.014,183.415,90.3,3.27,21.16,1,0,318.551,1.6567,1,21.223,16.6712,0.903,0.75,2.955,0.7,siaga
2.223,3.402,7.398,75.97,7.17,6.05,11,0,260.256,0.05,2,2.223,1.1339,0.7597,0.75,5.446,0.15,waspada
0.0,0.0,0.0,45.22,19.19,0.5,8,1,512.348,1.7844,0,0.0,0.0,0.4522,0.75,8.678,0.8,aman
16.248,40.032,132.521,67.82,31.17,28.47,12,0,107.753,1.9559,1,16.248,13.3439,0.6782,1.0,21.144,0.75,waspada
41.854,73.419,197.489,53.89,21.53,5.67,10,0,126.334,3.5426,1,41.854,24.4731,0.5389,0.55,11.604,0.15,siaga
6.15,18.021,58.272,84.5,33.16,34.82,6,1,168.658,7.0277,2,6.15,6.007,0.845,1.0,28.016,0.5,waspada
43.865,73.768,250.175,44.2,23.29,27.87,10,0,337.415,8.87,0,43.865,24.5892,0.442,0.75,10.291,0.45,waspada
0.0,0.0,0.0,70.62,6.11,25.07,4,0,435.525,5.4888,1,0.0,0.0,0.7062,0.85,4.314,0.25,aman
5.608,16.501,54.318,36.77,10.87,32.75,2,0,68.883,6.4172,0,5.608,5.5003,0.3677,0.75,3.997,0.35,waspada
40.151,69.966,209.437,35.61,11.24,28.18,1,0,319.552,10.1259,1,40.151,23.3219,0.3561,1.0,4.001,0.15,waspada
0.0,0.0,0.0,31.82,9.65,22.83,8,1,248.32,8.5253,0,0.0,0.0,0.3182,0.75,3.071,0.1,aman
11.087,18.039,65.986,76.33,6.91,18.37,12,0,397.066,3.2826,0,11.087,6.0131,0.7633,0.75,5.278,0.75,waspada
4.643,12.22,61.069,41.45,21.0,10.44,11,0,440.65,6.3388,1,4.643,4.0735,0.4145,0.85,8.703,0.7,aman
4.723,9.323,46.284,59.12,10.9,17.75,8,1,527.805,1.4999,1,4.723,3.1076,0.5912,1.0,6.442,0.25,aman
0.0,0.0,0.0,33.42,21.0,22.61,10,0,212.815,3.7108,0,0.0,0.0,0.3342,1.0,7.017,0.65,aman
0.0,0.0,0.0,65.53,11.7,12.74,4,0,464.67,2.3486,2,0.0,0.0,0.6553,1.0,7.667,0.55,aman
58.497,110.389,383.858,78.61,30.08,33.77,9,1,575.384,0.2009,1,58.497,36.7965,0.7861,0.75,23.647,0.8,siaga
0.0,0.0,0.0,45.34,15.98,34.58,3,0,249.606,2.7849,3,0.0,0.0,0.4534,0.75,7.246,0.8,waspada
23.986,44.03,161.095,30.83,15.36,2.92,6,1,242.097,0.2961,0,23.986,14.6765,0.3083,0.85,4.736,0.8,waspada
3.068,6.465,22.108,78.28,16.6,11.96,1,0,215.758,2.372,2,3.068,2.1548,0.7828,1.0,12.994,0.35,waspada
7.57,19.912,68.546,57.87,20.38,5.54,9,1,292.285,7.2066,0,7.57,6.6373,0.5787,0.85,11.791,0.7,waspada
44.442,92.197,226.687,55.02,10.59,17.04,12,0,397.397,0.05,1,44.442,30.7325,0.5502,1.0,5.828,0.8,siaga
8.035,15.906,43.614,48.2,37.67,6.09,4,0,312.158,2.6301,2,8.035,5.3021,0.482,0.85,18.157,0.1,aman
6.14,15.936,70.621,89.36,4.59,19.27,12,0,175.441,4.1206,1,6.14,5.3121,0.8936,0.55,4.102,0.4,waspada
0.0,0.0,0.0,54.38,19.24,16.67,10,0,252.24,7.2721,1,0.0,0.0,0.5438,0.75,10.461,0.4,aman
24.423,43.961,122.749,38.21,3.07,18.09,4,0,428.836,6.362,0,24.423,14.6535,0.3821,1.0,1.173,0.55,waspada
0.0,0.0,0.0,90.66,25.22,8.37,11,0,86.646,3.496,2,0.0,0.0,0.9066,1.0,22.865,0.3,waspada
6.068,15.444,37.642,52.75,29.8,20.3,12,0,427.023,3.9796,3,6.068,5.1482,0.5275,0.75,15.718,0.85,waspada
0.0,0.0,0.0,42.68,37.63,11.38,1,0,300.296,2.1754,2,0.0,0.0,0.4268,0.85,16.061,0.6,aman
4.64,10.249,36.988,45.42,29.29,8.75,12,0,290.118,3.9666,2,4.64,3.4163,0.4542,0.85,13.303,0.7,aman
0.0,0.0,0.0,87.66,33.64,9.96,4,0,307.334,3.5474,2,0.0,0.0,0.8766,0.75,29.49,0.85,waspada
0.0,0.0,0.0,40.16,14.81,21.58,12,0,454.492,7.6094,0,0.0,0.0,0.4016,0.75,5.948,0.2,aman
0.0,0.0,0.0,61.39,29.83,30.43,7,1,246.904,4.3326,1,0.0,0.0,0.6139,1.0,18.309,0.5,aman
1.915,4.459,10.261,83.88,4.98,5.75,3,0,147.932,3.1633,1,1.915,1.4864,0.8388,1.0,4.176,0.6,waspada
149.033,261.467,503.264,47.6,9.05,34.07,3,0,411.352,5.8132,3,149.033,87.1558,0.476,0.75,4.307,0.55,siaga
6.605,14.876,70.485,73.35,37.92,34.76,8,1,697.747,6.405,0,6.605,4.9586,0.7335,0.35,27.817,0.2,waspada
65.446,140.027,410.096,38.64,17.55,21.45,11,0,278.185,1.2595,0,65.446,46.6756,0.3864,1.0,6.781,0.5,waspada
22.656,44.982,166.607,52.87,23.45,27.94,1,0,412.378,4.4367,1,22.656,14.9941,0.5287,1.0,12.401,0.25,waspada
7.866,23.502,114.285,73.69,28.41,5.16,10,0,225.361,6.4892,1,7.866,7.8341,0.7369,1.0,20.932,0.6,waspada
21.696,41.086,116.813,36.54,33.43,13.87,4,0,177.481,2.3157,2,21.696,13.6952,0.3654,0.85,12.215,0.7,waspada
2.992,5.502,12.229,36.02,37.09,15.71,10,0,365.484,2.2894,1,2.992,1.8339,0.3602,1.0,13.362,0.8,aman
8.104,19.681,48.85,54.62,18.41,5.65,12,0,233.58,4.7569,1,8.104,6.5603,0.5462,0.85,10.054,0.8,waspada
0.0,0.0,0.0,97.03,4.42,16.7,10,0,222.438,9.3706,1,0.0,0.0,0.9703,1.0,4.292,0.25,waspada
0.0,0.0,0.0,66.69,19.0,15.57,10,0,281.288,2.1589,0,0.0,0.0,0.6669,0.75,12.671,0.7,waspada
0.0,0.0,0.0,60.15,9.86,17.27,7,1,444.938,0.05,0,0.0,0.0,0.6015,1.0,5.931,0.8,aman
0.0,0.0,0.0,61.01,15.07,31.87,9,1,111.043,4.5102,1,0.0,0.0,0.6101,1.0,9.193,0.15,aman
6.978,13.796,59.107,61.06,11.16,32.15,9,1,289.954,1.9328,1,6.978,4.5986,0.6106,0.55,6.816,0.55,waspada
21.818,45.976,111.796,80.44,20.57,19.35,6,1,133.328,3.0618,0,21.818,15.3252,0.8044,1.0,16.549,0.1,waspada
0.0,0.0,0.0,43.23,15.17,19.46,6,1,221.917,1.5404,1,0.0,0.0,0.4323,0.75,6.559,0.85,waspada
0.0,0.0,0.0,30.6,36.91,26.66,2,0,365.785,1.4862,2,0.0,0.0,0.306,1.0,11.293,0.5,aman
110.506,212.972,371.142,70.29,34.4,8.42,11,0,534.422,1.3523,1,110.506,70.9906,0.7029,1.0,24.179,0.4,siaga
46.787,80.765,264.081,50.27,26.25,21.02,11,0,346.628,2.9701,0,46.787,26.9217,0.5027,0.85,13.196,0.25,siaga
0.0,0.0,0.0,71.21,23.49,17.31,11,0,195.901,2.1422,1,0.0,0.0,0.7121,0.75,16.729,0.45,waspada
7.559,12.675,37.197,60.78,35.91,22.04,8,1,370.582,3.8439,0,7.559,4.225,0.6078,0.75,21.826,0.65,waspada
25.187,53.677,113.248,67.8,29.33,21.94,11,0,326.696,0.7942,1,25.187,17.8922,0.678,1.0,19.887,0.6,waspada
0.0,0.0,0.0,93.95,30.0,13.61,12,0,633.024,4.1938,0,0.0,0.0,0.9395,1.0,28.185,0.25,aman
14.511,27.23,91.28,95.81,27.61,32.17,8,1,474.428,6.5227,0,14.511,9.0766,0.9581,0.85,26.452,0.3,waspada
0.0,0.0,0.0,35.99,31.0,24.85,7,1,117.259,2.3751,1,0.0,0.0,0.3599,0.85,11.156,0.65,aman
0.0,0.0,0.0,52.82,7.67,16.18,5,0,159.845,5.8959,1,0.0,0.0,0.5282,1.0,4.051,0.65,aman
0.0,0.0,0.0,73.82,4.63,23.55,3,0,228.23,5.1286,0,0.0,0.0,0.7382,1.0,3.416,0.35,aman
0.0,0.0,0.0,40.05,29.42,13.24,11,0,304.377,4.3666,0,0.0,0.0,0.4005,0.85,11.783,0.25,aman
12.19,22.219,50.35,72.47,20.59,7.72,5,0,82.911,5.1797,3,12.19,7.4064,0.7247,0.55,14.919,0.85,siaga
58.896,141.095,412.744,53.39,22.49,3.67,6,1,558.633,0.05,0,58.896,47.0316,0.5339,1.0,12.006,0.85,siaga
23.838,35.981,122.25,66.89,37.95,22.72,11,0,533.456,3.1805,0,23.838,11.9935,0.6689,1.0,25.388,0.8,waspada
93.547,173.312,396.182,87.74,21.33,30.0,1,0,385.303,2.6449,1,93.547,57.7707,0.8774,0.85,18.718,0.65,siaga
23.338,53.818,180.72,63.73,26.44,31.22,8,1,354.002,2.7997,2,23.338,17.9392,0.6373,1.0,16.849,0.55,waspada
0.0,0.0,0.0,46.74,33.02,12.84,11,0,438.447,0.05,0,0.0,0.0,0.4674,1.0,15.433,0.6,aman
0.0,0.0,0.0,49.0,33.53,32.38,10,0,172.142,4.7864,0,0.0,0.0,0.49,1.0,16.428,0.1,aman
1.94,5.806,20.835,31.54,34.15,1.42,6,1,487.533,4.7379,2,1.94,1.9353,0.3154,0.75,10.771,0.9,aman
5.706,16.99,62.278,83.8,29.5,14.2,11,0,180.42,1.189,0,5.706,5.6635,0.838,1.0,24.724,0.45,waspada
0.684,1.546,5.933,36.52,2.19,1.75,7,1,474.042,0.05,0,0.684,0.5155,0.3652,1.0,0.8,0.8,aman
6.766,18.912,50.382,47.58,13.73,6.81,1,0,423.521,6.308,3,6.766,6.3041,0.4758,0.55,6.532,0.8,waspada
78.78,157.746,510.25,79.34,29.32,28.94,2,0,323.229,4.8695,2,78.78,52.5818,0.7934,1.0,23.263,0.25,siaga
0.0,0.0,0.0,70.68,29.06,20.18,11,0,410.209,9.3592,1,0.0,0.0,0.7068,0.85,20.539,0.7,waspada
0.0,0.0,0.0,65.4,24.58,10.55,7,1,443.131,3.5031,1,0.0,0.0,0.654,0.55,16.076,0.4,waspada
66.899,148.578,510.776,81.32,27.87,30.1,12,0,183.69,4.3928,0,66.899,49.5259,0.8132,0.85,22.664,0.1,siaga
3.059,5.528,13.674,54.92,26.59,8.5,7,1,305.396,0.7735,0,3.059,1.8428,0.5492,1.0,14.605,0.25,aman
53.011,126.621,428.752,44.39,17.76,21.67,3,0,384.185,3.6156,0,53.011,42.2069,0.4439,0.85,7.884,0.85,waspada
0.0,0.0,0.0,84.23,26.62,22.37,2,0,275.114,2.2651,0,0.0,0.0,0.8423,1.0,22.423,0.6,waspada
2.0,4.191,20.491,60.72,24.88,21.5,2,0,321.368,4.964,2,2.0,1.397,0.6072,0.75,15.108,0.75,waspada
0.0,0.0,0.0,41.35,34.33,28.24,4,0,230.446,2.6629,0,0.0,0.0,0.4135,0.75,14.196,0.4,aman
0.0,0.0,0.0,67.12,15.86,33.0,12,0,330.391,0.05,0,0.0,0.0,0.6712,1.0,10.642,0.65,waspada
78.693,185.227,491.565,36.47,13.31,22.03,10,0,425.897,6.9389,0,78.693,61.7424,0.3647,0.75,4.855,0.5,siaga
7.032,16.484,75.557,35.91,28.03,5.47,11,0,317.852,6.6872,1,7.032,5.4948,0.3591,1.0,10.067,0.45,aman
0.0,0.0,0.0,50.93,20.46,8.99,5,0,539.318,5.4581,0,0.0,0.0,0.5093,1.0,10.419,0.65,aman
0.0,0.0,0.0,38.69,13.93,29.88,10,0,436.175,0.6938,1,0.0,0.0,0.3869,1.0,5.387,0.75,aman
68.587,123.937,347.465,76.07,34.9,5.18,6,1,245.619,1.3424,2,68.587,41.3122,0.7607,0.35,26.547,0.25,awas
0.0,0.0,0.0,64.35,22.24,25.65,6,1,273.294,4.8137,2,0.0,0.0,0.6435,1.0,14.311,0.25,aman
0.0,0.0,0.0,48.21,25.42,17.92,12,0,761.135,3.751,3,0.0,0.0,0.4821,1.0,12.256,0.7,aman
0.0,0.0,0.0,47.25,25.12,23.45,4,0,295.112,3.6584,1,0.0,0.0,0.4725,1.0,11.873,0.8,aman
23.854,57.969,187.781,94.15,32.12,23.95,8,1,278.446,1.6161,1,23.854,19.3229,0.9415,1.0,30.241,0.75,siaga
3.815,8.796,21.328,52.53,11.57,9.79,8,1,530.239,0.522,3,3.815,2.9319,0.5253,0.75,6.079,0.8,waspada
3.046,8.574,36.599,38.83,21.15,33.64,4,0,215.902,8.8873,0,3.046,2.8579,0.3883,0.85,8.212,0.45,aman
25.469,45.41,107.621,59.73,22.42,13.84,1,0,454.53,4.8925,3,25.469,15.1366,0.5973,1.0,13.393,0.7,waspada
6.51,17.053,35.81,94.22,8.2,10.7,7,1,261.96,3.8215,0,6.51,5.6844,0.9422,1.0,7.722,0.55,waspada
0.0,0.0,0.0,59.89,29.41,31.29,7,1,311.07,5.0816,1,0.0,0.0,0.5989,0.85,17.614,0.5,aman
1.603,4.702,21.924,42.72,16.08,17.17,10,0,489.378,3.7685,3,1.603,1.5672,0.4272,1.0,6.87,0.65,aman
9.541,21.942,57.025,65.42,2.02,31.76,11,0,295.686,1.6858,2,9.541,7.314,0.6542,0.85,1.319,0.15,waspada
140.016,210.596,368.546,38.49,22.11,22.47,7,1,0.0,0.9989,2,140.016,70.1985,0.3849,0.55,8.51,0.65,siaga
4.55,7.094,34.213,54.11,23.77,26.4,5,0,194.843,5.938,0,4.55,2.3648,0.5411,0.85,12.86,0.55,waspada
0.0,0.0,0.0,81.64,13.63,23.92,1,0,356.442,0.05,0,0.0,0.0,0.8164,0.85,11.125,0.25,waspada
3.807,9.398,30.349,70.99,13.2,15.48,11,0,372.99,5.9403,1,3.807,3.1325,0.7099,0.55,9.368,0.75,waspada
2.802,5.366,19.248,55.91,25.02,14.7,7,1,227.783,4.8398,3,2.802,1.7887,0.5591,0.75,13.989,0.25,waspada
0.0,0.0,0.0,75.14,29.3,8.15,10,0,421.141,6.6119,0,0.0,0.0,0.7514,0.75,22.014,0.8,waspada
0.0,0.0,0.0,74.9,29.04,18.58,6,1,263.223,2.284,1,0.0,0.0,0.749,0.85,21.75,0.25,waspada
70.323,142.868,424.845,65.88,10.78,26.78,12,0,326.838,0.0787,1,70.323,47.6228,0.6588,0.85,7.101,0.85,siaga
61.314,95.841,324.508,69.68,35.09,32.27,6,1,71.375,6.7735,1,61.314,31.947,0.6968,1.0,24.448,0.25,siaga
0.0,0.0,0.0,81.85,5.99,18.66,12,0,301.864,0.8959,0,0.0,0.0,0.8185,0.75,4.9,0.65,waspada
1.659,4.805,18.939,55.61,36.19,19.33,6,1,309.359,4.3673,0,1.659,1.6018,0.5561,0.55,20.126,0.75,waspada
3.428,9.68,29.288,81.96,31.3,22.12,11,0,319.92,4.7948,1,3.428,3.2268,0.8196,0.55,25.657,0.5,waspada
0.0,0.0,0.0,57.15,13.1,16.27,7,1,385.768,2.708,0,0.0,0.0,0.5715,1.0,7.488,0.8,aman
0.0,0.0,0.0,81.71,15.02,7.53,11,0,574.069,3.8005,0,0.0,0.0,0.8171,0.85,12.276,0.55,waspada
0.0,0.0,0.0,58.24,15.3,27.7,12,0,551.483,4.738,1,0.0,0.0,0.5824,0.75,8.913,0.6,waspada
0.0,0.0,0.0,81.88,19.91,12.14,10,0,387.829,3.1337,1,0.0,0.0,0.8188,0.35,16.3,0.2,waspada
0.0,0.0,0.0,40.63,15.39,23.8,9,1,273.176,1.9635,3,0.0,0.0,0.4063,0.75,6.253,0.25,aman
0.0,0.0,0.0,75.46,21.5,33.92,12,0,420.4,3.5931,1,0.0,0.0,0.7546,1.0,16.22,0.45,aman
149.385,246.187,549.343,59.4,23.2,27.08,3,0,210.023,4.0553,2,149.385,82.0623,0.594,0.35,13.779,0.5,siaga
0.0,0.0,0.0,92.31,16.5,0.54,5,0,344.307,3.4493,1,0.0,0.0,0.9231,0.75,15.231,0.35,waspada
0.0,0.0,0.0,74.94,22.44,9.58,5,0,602.09,0.05,0,0.0,0.0,0.7494,1.0,16.818,0.2,aman
132.919,247.206,455.173,40.03,11.48,15.76,11,0,320.446,3.9984,1,132.919,82.402,0.4003,0.55,4.596,0.8,siaga
0.0,0.0,0.0,62.38,25.33,24.17,2,0,324.61,5.4644,1,0.0,0.0,0.6238,1.0,15.8,0.2,aman
4.97,9.182,28.365,66.9,34.2,26.68,6,1,209.041,2.8025,0,4.97,3.0607,0.669,0.75,22.879,0.25,waspada
0.0,0.0,0.0,34.82,22.45,25.65,3,0,196.677,4.5437,1,0.0,0.0,0.3482,1.0,7.816,0.45,aman
101.533,136.312,208.881,57.3,24.42,16.47,6,1,433.39,4.4956,0,101.533,45.4374,0.573,0.85,13.992,0.4,siaga
0.0,0.0,0.0,96.83,29.08,20.77,9,1,350.846,4.9154,1,0.0,0.0,0.9683,0.75,28.159,0.2,waspada
133.31,176.262,325.047,69.61,13.35,9.63,6,1,408.316,1.2815,0,133.31,58.7538,0.6961,0.75,9.294,0.65,siaga
20.79,39.909,149.494,42.57,29.48,3.6,1,0,359.003,0.05,0,20.79,13.3031,0.4257,1.0,12.55,0.2,waspada
7.171,15.57,58.515,46.0,14.95,28.58,8,1,364.729,5.4991,0,7.171,5.19,0.46,1.0,6.875,0.1,aman
0.0,0.0,0.0,44.3,13.41,34.0,8,1,416.84,1.3851,0,0.0,0.0,0.443,1.0,5.94,0.2,aman
0.0,0.0,0.0,44.07,14.69,15.4,8,1,367.412,3.8916,2,0.0,0.0,0.4407,1.0,6.476,0.3,aman
3.043,7.407,29.892,49.53,36.23,33.49,9,1,635.547,4.5836,1,3.043,2.4691,0.4953,0.75,17.947,0.65,aman
5.821,12.644,30.415,50.45,36.08,19.26,3,0,267.701,2.6759,0,5.821,4.2145,0.5045,1.0,18.201,0.65,aman
24.385,53.736,125.672,94.36,7.41,26.11,1,0,329.762,5.7951,2,24.385,17.912,0.9436,0.85,6.988,0.25,siaga
20.715,47.97,146.403,87.99,27.14,2.06,7,1,524.883,2.3555,0,20.715,15.9899,0.8799,1.0,23.883,0.35,waspada
0.0,0.0,0.0,45.62,6.17,0.49,4,0,646.078,5.3675,0,0.0,0.0,0.4562,0.85,2.813,0.75,aman
0.0,0.0,0.0,68.18,13.51,16.66,3,0,234.733,5.7179,0,0.0,0.0,0.6818,0.75,9.215,0.25,waspada
0.0,0.0,0.0,47.91,36.49,11.91,5,0,283.328,2.8749,1,0.0,0.0,0.4791,0.85,17.479,0.2,aman
0.0,0.0,0.0,58.61,16.66,11.45,6,1,206.261,3.164,0,0.0,0.0,0.5861,0.85,9.764,0.9,waspada
10.079,17.565,60.023,69.31,13.47,29.31,7,1,447.348,5.96,0,10.079,5.8549,0.6931,1.0,9.334,0.35,aman
0.0,0.0,0.0,59.43,37.33,7.68,4,0,285.478,3.2138,1,0.0,0.0,0.5943,1.0,22.183,0.65,aman
0.0,0.0,0.0,41.73,4.22,4.91,11,0,463.705,6.6926,2,0.0,0.0,0.4173,0.55,1.761,0.25,aman
5.449,14.29,61.853,41.53,4.78,8.68,2,0,76.83,4.2379,2,5.449,4.7632,0.4153,1.0,1.984,0.55,waspada
18.098,44.624,142.532,67.27,34.22,7.51,10,0,478.128,3.5254,3,18.098,14.8745,0.6727,0.85,23.024,0.9,waspada
20.244,31.095,117.459,79.74,2.59,25.35,7,1,418.545,0.05,1,20.244,10.365,0.7974,1.0,2.069,0.9,waspada
0.0,0.0,0.0,42.35,2.11,26.19,10,0,441.686,4.8591,1,0.0,0.0,0.4235,0.85,0.892,0.1,aman
0.0,0.0,0.0,60.91,27.04,14.63,5,0,79.834,1.2834,1,0.0,0.0,0.6091,0.75,16.473,0.3,waspada
8.085,13.491,42.516,91.13,29.72,26.74,10,0,493.143,11.1183,1,8.085,4.4971,0.9113,1.0,27.081,0.85,waspada
0.0,0.0,0.0,80.48,28.43,7.47,6,1,266.519,4.4329,0,0.0,0.0,0.8048,0.55,22.878,0.45,waspada
23.65,44.679,153.151,41.3,15.99,13.78,6,1,392.307,3.5503,0,23.65,14.8931,0.413,0.75,6.604,0.75,waspada
0.0,0.0,0.0,40.05,12.09,19.86,9,1,311.881,4.9802,0,0.0,0.0,0.4005,0.85,4.841,0.3,aman
5.093,9.269,28.67,77.89,14.01,5.95,5,0,655.431,4.2495,0,5.093,3.0897,0.7789,0.75,10.911,0.4,waspada
0.0,0.0,0.0,96.39,17.71,22.74,4,0,403.637,5.9887,1,0.0,0.0,0.9639,0.85,17.065,0.9,waspada
0.926,2.492,6.952,30.08,37.09,5.32,9,1,104.467,2.5678,1,0.926,0.8308,0.3008,0.85,11.156,0.6,aman
26.988,55.864,163.162,42.73,27.6,15.31,5,0,427.144,1.3059,0,26.988,18.6214,0.4273,1.0,11.794,0.1,waspada
49.825,102.94,259.132,67.73,10.55,18.6,3,0,492.298,6.4575,0,49.825,34.3133,0.6773,0.75,7.148,0.9,siaga
0.0,0.0,0.0,52.78,4.76,2.08,7,1,213.014,7.3872,2,0.0,0.0,0.5278,0.55,2.511,0.55,waspada
0.0,0.0,0.0,41.89,24.03,27.34,9,1,408.165,3.9658,1,0.0,0.0,0.4189,0.75,10.064,0.85,aman
0.0,0.0,0.0,45.7,30.62,14.03,8,1,538.828,2.3044,2,0.0,0.0,0.457,1.0,13.993,0.2,aman
7.879,15.918,62.254,52.12,30.24,14.21,3,0,179.242,1.7129,2,7.879,5.306,0.5212,1.0,15.759,0.9,waspada
0.0,0.0,0.0,39.16,17.95,18.11,10,0,396.862,2.8933,2,0.0,0.0,0.3916,0.75,7.029,0.3,aman
0.0,0.0,0.0,73.07,28.23,3.57,11,0,549.228,5.0232,0,0.0,0.0,0.7307,1.0,20.627,0.45,aman
13.122,30.368,113.039,31.41,9.9,9.99,2,0,181.361,0.91,2,13.122,10.1228,0.3141,0.85,3.109,0.85,waspada
24.884,60.897,153.317,95.54,35.12,13.17,3,0,261.897,5.8327,1,24.884,20.2989,0.9554,0.85,33.548,0.9,siaga
0.0,0.0,0.0,91.3,14.49,23.84,10,0,480.311,5.1869,0,0.0,0.0,0.913,0.85,13.226,0.8,waspada
0.0,0.0,0.0,82.37,31.15,30.95,11,0,376.943,6.5594,2,0.0,0.0,0.8237,0.85,25.659,0.65,waspada
0.0,0.0,0.0,31.97,10.68,23.17,11,0,160.362,1.4181,2,0.0,0.0,0.3197,0.85,3.414,0.35,aman
10.867,22.123,64.493,95.02,37.1,25.0,1,0,552.476,0.05,2,10.867,7.3743,0.9502,0.75,35.256,0.6,waspada
0.0,0.0,0.0,78.06,14.73,25.08,4,0,448.094,4.1797,0,0.0,0.0,0.7806,0.75,11.503,0.35,waspada
2.54,4.09,17.065,30.07,5.22,13.66,8,1,165.871,3.7616,0,2.54,1.3634,0.3007,0.85,1.57,0.3,aman
6.751,13.342,27.791,32.44,27.59,12.29,9,1,171.677,3.5022,1,6.751,4.4473,0.3244,1.0,8.95,0.7,aman
6.409,11.032,52.542,97.69,24.28,7.79,7,1,270.871,5.7636,1,6.409,3.6774,0.9769,0.75,23.721,0.75,waspada
146.504,275.317,545.725,66.14,18.61,31.47,6,1,320.148,0.05,1,146.504,91.7723,0.6614,0.55,12.308,0.1,siaga
6.843,19.092,89.045,57.78,26.49,29.17,8,1,227.954,4.5671,0,6.843,6.3642,0.5778,0.85,15.306,0.3,waspada
6.653,10.119,41.525,45.27,13.18,27.51,2,0,401.895,7.9826,0,6.653,3.373,0.4527,0.85,5.968,0.5,aman
38.384,94.221,203.186,30.98,4.3,32.93,8,1,0.0,4.0555,2,38.384,31.407,0.3098,1.0,1.333,0.8,siaga
0.0,0.0,0.0,38.85,36.52,2.26,2,0,191.336,3.7991,0,0.0,0.0,0.3885,0.85,14.187,0.25,aman
11.944,26.354,74.169,36.09,2.38,23.83,3,0,109.945,2.7816,0,11.944,8.7848,0.3609,1.0,0.86,0.2,waspada
22.912,55.432,211.822,83.94,13.19,26.39,6,1,257.044,0.553,1,22.912,18.4774,0.8394,0.85,11.071,0.4,siaga
0.0,0.0,0.0,66.78,24.78,9.66,2,0,58.677,2.8686,3,0.0,0.0,0.6678,1.0,16.546,0.2,waspada
13.765,30.13,94.049,34.07,4.0,14.1,2,0,435.855,3.4526,0,13.765,10.0434,0.3407,0.85,1.363,0.6,waspada
0.0,0.0,0.0,75.63,23.85,23.98,9,1,264.014,3.046,1,0.0,0.0,0.7563,1.0,18.035,0.9,waspada
1.559,3.274,15.201,72.52,5.01,13.05,3,0,409.86,7.2524,1,1.559,1.0914,0.7252,0.75,3.631,0.55,waspada
0.825,2.178,4.658,81.08,17.25,5.41,6,1,481.017,6.7685,2,0.825,0.726,0.8108,0.85,13.987,0.75,waspada
1.57,3.962,11.545,91.9,20.04,19.13,3,0,207.432,0.0973,0,1.57,1.3205,0.919,0.75,18.417,0.6,waspada
0.0,0.0,0.0,54.43,5.66,12.24,11,0,268.731,8.3023,0,0.0,0.0,0.5443,0.85,3.083,0.6,aman
0.0,0.0,0.0,95.58,36.8,33.1,5,0,212.709,7.2936,0,0.0,0.0,0.9558,0.85,35.175,0.4,waspada
7.957,19.664,58.164,51.34,25.14,15.1,8,1,235.263,1.1811,0,7.957,6.5547,0.5134,1.0,12.908,0.7,waspada
0.0,0.0,0.0,68.92,24.36,3.5,6,1,427.03,0.8378,2,0.0,0.0,0.6892,1.0,16.788,0.35,aman
12.401,19.043,55.62,76.07,16.21,16.64,7,1,272.771,7.3451,2,12.401,6.3477,0.7607,0.55,12.334,0.75,waspada
1.386,3.118,15.2,63.76,36.9,11.71,9,1,611.578,5.141,0,1.386,1.0395,0.6376,0.75,23.528,0.4,aman
7.129,18.18,65.857,65.31,14.0,14.35,10,0,293.335,2.4014,0,7.129,6.0601,0.6531,0.75,9.143,0.75,waspada
2.329,3.951,11.143,30.59,24.59,17.68,2,0,152.941,6.9474,2,2.329,1.317,0.3059,0.55,7.522,0.25,aman
0.0,0.0,0.0,64.66,8.39,11.28,8,1,375.677,2.7298,2,0.0,0.0,0.6466,0.55,5.424,0.45,waspada
17.565,43.846,133.925,82.65,21.81,7.08,3,0,113.934,3.243,0,17.565,14.6153,0.8265,1.0,18.026,0.5,siaga
16.542,34.21,120.972,67.28,27.3,29.24,9,1,11.192,0.05,0,16.542,11.4033,0.6728,1.0,18.368,0.75,siaga
24.447,52.339,159.764,42.57,9.71,2.56,1,0,619.294,6.6531,1,24.447,17.4462,0.4257,0.55,4.135,0.4,waspada
17.664,32.994,127.504,63.3,29.27,3.44,10,0,361.699,5.2256,0,17.664,10.9978,0.633,1.0,18.532,0.6,waspada
0.0,0.0,0.0,39.34,17.9,29.85,8,1,429.133,1.7996,3,0.0,0.0,0.3934,0.75,7.044,0.75,aman
0.0,0.0,0.0,47.06,18.38,7.22,6,1,536.249,5.6592,1,0.0,0.0,0.4706,0.85,8.65,0.65,aman
14.224,24.291,94.741,85.81,24.66,30.75,4,0,550.329,6.8546,2,14.224,8.0971,0.8581,0.85,21.164,0.2,waspada
0.0,0.0,0.0,63.63,34.93,0.56,2,0,581.227,4.3742,1,0.0,0.0,0.6363,0.85,22.23,0.25,aman
0.0,0.0,0.0,57.51,9.17,30.75,12,0,246.169,1.3879,1,0.0,0.0,0.5751,0.85,5.273,0.25,aman
0.0,0.0,0.0,88.94,27.11,10.95,10,0,345.772,9.233,1,0.0,0.0,0.8894,1.0,24.116,0.2,aman
3.156,5.831,28.839,81.43,15.84,3.52,2,0,293.173,2.8298,2,3.156,1.9436,0.8143,1.0,12.897,0.25,aman
0.0,0.0,0.0,62.54,3.9,23.0,3,0,391.31,2.1676,0,0.0,0.0,0.6254,0.85,2.439,0.8,aman
57.053,110.064,314.181,33.49,16.06,25.2,2,0,143.976,6.9305,0,57.053,36.6879,0.3349,0.75,5.377,0.85,siaga
51.953,78.225,223.433,32.22,30.01,17.2,11,0,263.393,7.9929,0,51.953,26.0749,0.3222,1.0,9.669,0.55,waspada
0.0,0.0,0.0,63.43,18.04,3.72,5,0,399.576,2.0769,2,0.0,0.0,0.6343,0.85,11.442,0.9,waspada
18.291,41.682,151.66,59.88,22.56,6.31,3,0,608.302,4.1936,2,18.291,13.894,0.5988,0.85,13.509,0.15,waspada
0.0,0.0,0.0,35.84,29.89,7.63,3,0,464.18,5.322,0,0.0,0.0,0.3584,1.0,10.714,0.7,aman
0.0,0.0,0.0,83.76,18.96,29.5,8,1,493.022,6.5672,0,0.0,0.0,0.8376,1.0,15.882,0.55,waspada
0.0,0.0,0.0,88.74,21.63,20.0,8,1,250.254,1.3921,2,0.0,0.0,0.8874,0.85,19.198,0.8,waspada
0.0,0.0,0.0,51.66,16.62,22.35,8,1,96.029,4.1456,0,0.0,0.0,0.5166,0.75,8.589,0.6,waspada
0.0,0.0,0.0,47.72,24.61,10.04,11,0,133.697,2.0701,0,0.0,0.0,0.4772,0.85,11.744,0.5,aman
0.0,0.0,0.0,91.75,6.75,7.66,1,0,235.497,2.3902,0,0.0,0.0,0.9175,0.75,6.19,0.55,waspada
3.317,6.924,20.363,92.58,35.46,7.13,10,0,117.306,5.2585,2,3.317,2.3081,0.9258,0.55,32.826,0.75,waspada
0.0,0.0,0.0,34.51,33.64,11.38,3,0,280.035,3.2235,2,0.0,0.0,0.3451,0.75,11.608,0.6,aman
0.0,0.0,0.0,64.37,33.24,13.42,7,1,390.762,5.685,1,0.0,0.0,0.6437,0.75,21.396,0.3,aman
22.633,46.701,100.494,67.22,28.82,9.37,7,1,601.214,4.7305,2,22.633,15.567,0.6722,0.85,19.371,0.6,waspada
36.764,75.354,226.908,59.67,9.41,1.21,4,0,199.793,1.383,2,36.764,25.1182,0.5967,0.85,5.616,0.45,siaga
0.657,1.947,5.317,39.52,13.51,0.46,3,0,190.653,6.6884,2,0.657,0.649,0.3952,0.85,5.339,0.3,aman
1.966,4.739,12.449,49.34,33.47,10.17,12,0,260.442,4.1413,1,1.966,1.5796,0.4934,1.0,16.516,0.65,aman
27.961,63.939,127.959,35.88,32.4,12.66,6,1,449.851,6.0283,1,27.961,21.3129,0.3588,0.75,11.624,0.6,waspada
72.084,167.324,533.8,61.54,24.49,29.68,5,0,552.192,7.0266,0,72.084,55.7746,0.6154,1.0,15.071,0.25,waspada
7.744,16.35,74.83,93.29,30.01,28.75,9,1,535.859,0.05,2,7.744,5.4498,0.9329,0.75,27.997,0.7,waspada
18.41,39.892,89.789,42.57,21.7,13.13,9,1,392.725,6.1492,0,18.41,13.2974,0.4257,0.85,9.237,0.2,waspada
19.247,39.831,157.244,77.26,16.45,7.76,4,0,334.517,5.2942,3,19.247,13.2771,0.7726,0.75,12.708,0.9,waspada
16.125,38.404,129.064,75.43,22.02,19.53,3,0,676.46,4.823,2,16.125,12.8012,0.7543,1.0,16.606,0.9,waspada
0.0,0.0,0.0,52.53,6.75,9.56,9,1,606.927,6.1359,0,0.0,0.0,0.5253,1.0,3.546,0.25,aman
0.0,0.0,0.0,71.87,13.48,25.57,2,0,610.074,1.1731,2,0.0,0.0,0.7187,1.0,9.685,0.1,aman
0.0,0.0,0.0,61.08,25.65,32.63,11,0,204.949,3.5163,1,0.0,0.0,0.6108,0.75,15.667,0.1,waspada
73.779,128.323,258.911,79.37,29.5,19.57,11,0,695.266,4.03,2,73.779,42.7742,0.7937,1.0,23.415,0.1,waspada
0.0,0.0,0.0,79.01,31.01,9.8,3,0,381.255,3.7529,2,0.0,0.0,0.7901,1.0,24.503,0.9,aman
7.563,18.914,63.804,84.23,9.39,20.69,6,1,369.766,0.05,1,7.563,6.3046,0.8423,0.85,7.909,0.45,waspada
0.0,0.0,0.0,61.59,8.25,15.5,9,1,411.708,0.922,0,0.0,0.0,0.6159,0.75,5.081,0.45,waspada
32.092,51.364,148.481,68.77,28.48,30.89,4,0,253.837,2.1242,2,32.092,17.1214,0.6877,1.0,19.583,0.8,waspada
0.0,0.0,0.0,76.16,34.34,30.14,2,0,269.563,4.2143,1,0.0,0.0,0.7616,1.0,26.15,0.9,waspada
0.0,0.0,0.0,36.52,33.08,0.55,4,0,729.618,1.8793,3,0.0,0.0,0.3652,0.75,12.081,0.35,aman
6.564,14.012,58.99,70.94,26.55,19.05,6,1,323.323,6.3554,1,6.564,4.6706,0.7094,1.0,18.834,0.5,waspada
0.0,0.0,0.0,54.81,32.59,27.29,12,0,383.427,1.2544,2,0.0,0.0,0.5481,1.0,17.862,0.7,aman
2.423,6.607,15.943,55.42,30.28,12.31,6,1,268.916,4.6131,0,2.423,2.2022,0.5542,1.0,16.783,0.4,aman
74.709,161.669,338.867,68.32,2.88,19.04,3,0,238.417,3.8795,2,74.709,53.8897,0.6832,0.85,1.965,0.3,siaga
0.0,0.0,0.0,41.32,9.83,16.45,10,0,391.4,0.05,2,0.0,0.0,0.4132,1.0,4.06,0.65,aman
0.0,0.0,0.0,53.01,16.82,31.84,4,0,535.224,2.4101,0,0.0,0.0,0.5301,0.75,8.915,0.5,aman
19.036,36.516,82.738,59.2,23.01,24.3,12,0,184.28,2.8207,0,19.036,12.1722,0.592,0.85,13.621,0.3,waspada
0.632,1.118,4.854,40.93,19.05,4.92,12,0,393.308,1.753,1,0.632,0.3725,0.4093,0.75,7.799,0.15,aman
74.034,124.827,388.464,61.32,23.13,6.36,7,1,283.27,9.1056,1,74.034,41.6091,0.6132,0.75,14.183,0.45,siaga
14.02,34.115,100.933,37.47,21.48,18.79,10,0,413.859,0.1996,1,14.02,11.3716,0.3747,0.75,8.048,0.5,waspada
0.0,0.0,0.0,50.61,33.7,16.69,3,0,274.613,6.8102,0,0.0,0.0,0.5061,1.0,17.056,0.2,aman
144.168,234.154,381.377,60.54,31.08,34.88,5,0,335.521,1.7177,0,144.168,78.0514,0.6054,0.75,18.813,0.5,siaga
5.349,12.777,34.814,93.21,30.95,26.83,8,1,425.872,2.941,1,5.349,4.259,0.9321,0.75,28.848,0.8,waspada
0.0,0.0,0.0,91.98,13.09,11.82,6,1,294.0,3.108,1,0.0,0.0,0.9198,0.85,12.038,0.35,waspada
15.02,31.426,101.748,74.44,35.96,1.43,7,1,291.951,0.05,0,15.02,10.4754,0.7444,0.55,26.766,0.4,siaga
1.446,3.236,7.149,38.87,29.68,0.98,6,1,271.008,7.4264,0,1.446,1.0786,0.3887,1.0,11.535,0.6,aman
12.491,26.958,99.632,50.02,13.16,34.69,2,0,106.844,2.3425,0,12.491,8.9859,0.5002,0.75,6.585,0.25,waspada
35.921,68.384,159.473,97.57,24.19,17.83,6,1,617.563,8.4584,2,35.921,22.7947,0.9757,1.0,23.605,0.9,siaga
0.0,0.0,0.0,78.82,24.93,13.76,1,0,310.734,0.05,2,0.0,0.0,0.7882,0.35,19.648,0.35,waspada
0.0,0.0,0.0,85.32,4.59,21.63,9,1,227.005,0.4006,0,0.0,0.0,0.8532,0.75,3.92,0.65,waspada
5.624,13.674,47.005,46.81,36.01,23.29,10,0,384.063,6.1875,3,5.624,4.558,0.4681,1.0,16.855,0.1,aman
0.0,0.0,0.0,36.54,14.51,4.36,7,1,424.344,5.4117,0,0.0,0.0,0.3654,0.85,5.301,0.25,aman
0.0,0.0,0.0,74.4,14.71,34.79,9,1,385.161,8.1073,1,0.0,0.0,0.744,0.75,10.942,0.25,waspada
0.0,0.0,0.0,78.07,9.33,8.4,6,1,225.082,2.0476,1,0.0,0.0,0.7807,0.85,7.284,0.3,waspada
23.841,57.428,170.055,91.78,14.13,20.61,12,0,299.892,3.5974,1,23.841,19.1426,0.9178,1.0,12.971,0.8,siaga
17.096,31.023,75.013,81.98,23.47,1.8,10,0,458.291,3.9717,0,17.096,10.3409,0.8198,0.75,19.239,0.75,waspada
5.613,8.86,23.551,30.98,19.19,18.8,6,1,0.0,3.6542,1,5.613,2.9533,0.3098,1.0,5.945,0.45,aman
0.0,0.0,0.0,62.49,24.21,18.03,7,1,221.69,5.3119,0,0.0,0.0,0.6249,0.85,15.125,0.9,waspada
0.0,0.0,0.0,33.89,25.1,14.82,5,0,496.194,0.853,0,0.0,0.0,0.3389,0.55,8.506,0.55,aman
118.903,177.612,353.129,31.92,31.55,1.32,6,1,308.191,1.0576,0,118.903,59.204,0.3192,0.85,10.071,0.6,siaga
5.139,8.689,27.71,53.14,25.36,32.95,10,0,183.346,2.3961,2,5.139,2.8963,0.5314,0.85,13.476,0.85,waspada
24.5,58.419,129.653,54.39,34.18,28.73,12,0,285.324,4.4037,1,24.5,19.473,0.5439,0.75,18.591,0.35,waspada
0.0,0.0,0.0,64.04,31.95,28.19,6,1,332.327,4.1647,2,0.0,0.0,0.6404,0.85,20.459,0.55,aman
0.0,0.0,0.0,81.7,8.02,12.08,2,0,486.247,4.7092,0,0.0,0.0,0.817,0.75,6.556,0.15,waspada
3.851,7.334,24.374,93.22,17.55,17.58,2,0,237.375,6.1829,1,3.851,2.4446,0.9322,1.0,16.356,0.9,waspada
0.0,0.0,0.0,31.78,32.55,10.08,6,1,216.786,4.3698,0,0.0,0.0,0.3178,0.85,10.344,0.55,aman
5.581,16.018,61.618,44.23,30.22,3.96,9,1,450.581,5.6221,2,5.581,5.3393,0.4423,1.0,13.367,0.7,aman
0.0,0.0,0.0,87.59,14.66,33.67,6,1,400.443,2.4322,0,0.0,0.0,0.8759,0.55,12.837,0.55,waspada
19.634,42.187,150.725,46.75,13.72,24.84,2,0,182.461,0.6332,0,19.634,14.0622,0.4675,1.0,6.413,0.8,waspada
5.149,9.889,23.617,70.05,22.23,14.97,9,1,405.031,4.8082,0,5.149,3.2963,0.7005,1.0,15.574,0.6,aman
0.0,0.0,0.0,88.01,6.75,4.04,5,0,516.137,0.7386,1,0.0,0.0,0.8801,0.85,5.938,0.5,waspada
0.0,0.0,0.0,36.06,24.09,32.04,12,0,147.191,5.557,0,0.0,0.0,0.3606,0.85,8.685,0.35,aman
2.992,4.58,19.56,57.68,35.43,30.02,9,1,399.556,2.2734,3,2.992,1.5267,0.5768,0.75,20.433,0.4,waspada
0.0,0.0,0.0,41.04,18.48,3.66,8,1,526.227,5.3655,0,0.0,0.0,0.4104,0.85,7.585,0.7,aman
7.49,22.022,49.63,94.35,21.01,8.77,11,0,630.783,4.4349,1,7.49,7.3406,0.9435,0.75,19.825,0.4,waspada
0.0,0.0,0.0,52.29,16.21,20.9,11,0,87.138,1.8892,1,0.0,0.0,0.5229,0.35,8.474,0.5,waspada
1.669,3.961,13.336,34.32,27.3,13.8,10,0,385.313,2.2927,0,1.669,1.3204,0.3432,1.0,9.368,0.7,aman
0.0,0.0,0.0,52.85,12.39,5.51,11,0,198.27,7.798,3,0.0,0.0,0.5285,1.0,6.549,0.85,aman
8.983,18.029,36.131,80.01,25.34,1.26,4,0,388.902,1.201,3,8.983,6.0098,0.8001,0.85,20.276,0.5,waspada
0.0,0.0,0.0,85.37,22.76,21.3,11,0,101.306,4.4151,0,0.0,0.0,0.8537,1.0,19.429,0.4,waspada
0.0,0.0,0.0,35.85,32.58,4.63,6,1,275.055,2.0674,1,0.0,0.0,0.3585,0.55,11.677,0.75,waspada
0.0,0.0,0.0,57.84,19.31,30.69,10,0,226.188,3.5048,2,0.0,0.0,0.5784,0.85,11.171,0.85,waspada
15.264,23.694,78.702,96.66,26.96,33.51,3,0,642.258,2.851,0,15.264,7.8981,0.9666,0.75,26.058,0.7,waspada
1.22,3.076,13.615,90.1,2.52,28.32,8,1,263.562,5.8003,2,1.22,1.0253,0.901,1.0,2.267,0.6,waspada
0.0,0.0,0.0,92.67,36.5,8.7,2,0,360.616,0.343,3,0.0,0.0,0.9267,0.85,33.824,0.55,waspada
0.0,0.0,0.0,96.88,29.19,2.37,12,0,468.042,4.9155,3,0.0,0.0,0.9688,1.0,28.283,0.8,waspada
10.13,17.227,44.286,48.79,27.54,17.81,11,0,328.279,1.6043,0,10.13,5.7423,0.4879,0.85,13.439,0.55,waspada
0.0,0.0,0.0,97.44,27.72,34.02,12,0,527.693,7.7526,2,0.0,0.0,0.9744,1.0,27.007,0.9,waspada
87.985,131.963,255.173,77.56,16.48,2.39,2,0,356.349,5.2562,0,87.985,43.9876,0.7756,0.85,12.78,0.45,siaga
0.0,0.0,0.0,94.25,14.13,23.73,9,1,516.266,7.9354,2,0.0,0.0,0.9425,1.0,13.315,0.85,waspada
0.0,0.0,0.0,71.15,20.16,28.54,1,0,339.527,0.6627,0,0.0,0.0,0.7115,0.85,14.343,0.45,waspada
12.113,23.68,77.762,51.2,6.66,3.45,8,1,710.253,6.2221,0,12.113,7.8934,0.512,0.85,3.408,0.65,waspada
6.733,11.477,25.568,41.29,2.31,20.08,3,0,181.095,3.3724,1,6.733,3.8258,0.4129,0.75,0.953,0.25,waspada
0.0,0.0,0.0,65.44,14.42,6.13,11,0,191.707,5.1819,0,0.0,0.0,0.6544,1.0,9.437,0.9,waspada
0.0,0.0,0.0,31.11,22.72,22.47,2,0,345.846,0.6775,1,0.0,0.0,0.3111,0.75,7.069,0.7,aman
0.0,0.0,0.0,81.85,15.1,8.93,6,1,484.953,2.9653,0,0.0,0.0,0.8185,0.85,12.361,0.7,waspada
0.0,0.0,0.0,44.14,4.87,31.04,12,0,174.625,4.6663,0,0.0,0.0,0.4414,0.75,2.151,0.3,aman
0.0,0.0,0.0,75.86,3.56,13.97,10,0,618.213,4.1373,0,0.0,0.0,0.7586,1.0,2.701,0.55,aman
0.0,0.0,0.0,82.38,13.34,1.18,4,0,187.183,2.1341,2,0.0,0.0,0.8238,0.85,10.987,0.5,waspada
6.189,12.622,45.822,48.97,25.66,27.74,11,0,535.019,5.1957,0,6.189,4.2072,0.4897,0.15,12.565,0.45,waspada
11.336,17.811,58.856,58.02,16.99,5.89,10,0,413.248,2.2499,0,11.336,5.937,0.5802,0.75,9.856,0.55,waspada
13.347,20.022,51.569,74.8,30.23,12.8,2,0,288.117,4.9157,0,13.347,6.6739,0.748,0.55,22.615,0.35,waspada
0.0,0.0,0.0,42.6,32.51,10.96,2,0,307.578,5.4607,1,0.0,0.0,0.426,0.85,13.849,0.35,aman
6.594,10.322,45.84,96.12,18.28,31.41,10,0,447.299,3.6374,1,6.594,3.4406,0.9612,0.85,17.567,0.1,waspada
9.165,19.428,56.36,44.72,29.5,5.68,6,1,209.251,4.2851,0,9.165,6.4759,0.4472,0.85,13.193,0.25,aman
29.862,45.0,136.487,49.79,2.24,2.05,3,0,142.821,3.7623,0,29.862,15.0001,0.4979,0.75,1.117,0.2,waspada
0.0,0.0,0.0,67.65,26.32,11.84,8,1,411.938,3.1007,2,0.0,0.0,0.6765,1.0,17.804,0.1,aman
0.0,0.0,0.0,87.41,16.43,23.8,3,0,171.11,8.1382,1,0.0,0.0,0.8741,1.0,14.358,0.55,waspada
1.681,4.754,17.558,35.29,35.0,6.23,4,0,472.213,3.3939,0,1.681,1.5847,0.3529,0.15,12.35,0.1,waspada
3.176,7.529,33.051,37.51,20.81,18.18,7,1,373.189,0.8633,1,3.176,2.5097,0.3751,0.55,7.806,0.5,waspada
13.956,31.399,74.496,91.06,18.26,2.88,3,0,354.185,4.1377,0,13.956,10.4664,0.9106,0.85,16.628,0.1,waspada
7.637,12.69,32.544,30.28,7.73,28.24,8,1,321.998,5.9212,0,7.637,4.2301,0.3028,0.85,2.341,0.35,aman
4.581,8.717,25.396,81.01,33.86,10.58,3,0,275.117,5.3939,3,4.581,2.9057,0.8101,0.55,27.431,0.1,waspada
0.0,0.0,0.0,48.2,6.82,24.03,2,0,286.353,4.3816,3,0.0,0.0,0.482,0.75,3.286,0.85,aman
0.0,0.0,0.0,71.94,19.84,14.21,1,0,328.245,1.8638,0,0.0,0.0,0.7194,1.0,14.275,0.5,aman
22.441,54.548,205.759,63.63,16.24,30.17,8,1,401.509,4.6647,2,22.441,18.1826,0.6363,0.55,10.333,0.65,siaga
5.663,12.897,56.052,59.46,31.8,17.68,11,0,252.724,6.8278,1,5.663,4.2989,0.5946,0.85,18.907,0.75,waspada
0.0,0.0,0.0,64.94,28.86,6.85,9,1,617.233,2.6905,0,0.0,0.0,0.6494,1.0,18.74,0.2,aman
4.756,7.32,23.395,63.47,11.39,5.23,5,0,200.896,1.1183,0,4.756,2.4398,0.6347,1.0,7.233,0.25,waspada
23.184,51.702,143.307,65.58,28.78,6.54,6,1,431.714,3.4896,0,23.184,17.234,0.6558,0.75,18.876,0.7,waspada
0.0,0.0,0.0,73.3,19.46,9.81,10,0,129.899,3.614,0,0.0,0.0,0.733,0.85,14.263,0.45,waspada
145.245,261.109,480.79,75.22,17.77,6.32,7,1,462.54,4.4597,1,145.245,87.0363,0.7522,1.0,13.364,0.65,siaga
3.315,8.706,34.764,81.79,17.25,23.89,10,0,420.442,0.05,1,3.315,2.9019,0.8179,0.85,14.112,0.2,waspada
81.443,103.788,234.589,76.76,25.29,10.96,10,0,342.165,3.6064,0,81.443,34.5958,0.7676,0.85,19.41,0.3,siaga
7.495,14.593,42.241,83.4,9.51,25.57,6,1,490.812,0.5375,0,7.495,4.8644,0.834,0.85,7.932,0.15,waspada
0.0,0.0,0.0,74.92,3.03,26.68,6,1,128.386,6.5784,0,0.0,0.0,0.7492,1.0,2.272,0.5,waspada
0.0,0.0,0.0,67.49,2.66,17.12,11,0,233.321,4.1324,1,0.0,0.0,0.6749,0.85,1.798,0.4,waspada
0.0,0.0,0.0,33.76,11.86,13.83,10,0,597.619,3.2323,1,0.0,0.0,0.3376,0.75,4.004,0.7,aman
4.074,6.677,31.774,82.71,33.14,26.85,4,0,371.725,1.1864,3,4.074,2.2257,0.8271,1.0,27.412,0.2,waspada
24.185,54.644,212.832,69.07,32.99,17.54,6,1,496.713,3.5677,1,24.185,18.2148,0.6907,0.35,22.788,0.3,siaga
0.0,0.0,0.0,90.62,9.85,31.07,4,0,244.09,4.0316,0,0.0,0.0,0.9062,0.75,8.93,0.85,waspada
0.0,0.0,0.0,87.07,22.14,5.46,11,0,331.455,3.6694,1,0.0,0.0,0.8707,0.85,19.279,0.25,waspada
7.169,16.003,70.846,48.56,15.38,33.83,9,1,230.814,6.9983,2,7.169,5.3345,0.4856,1.0,7.467,0.4,aman
7.6,20.536,58.331,37.86,23.95,8.88,1,0,317.393,7.96,0,7.6,6.8453,0.3786,0.85,9.068,0.45,aman
0.0,0.0,0.0,66.87,32.28,14.79,11,0,251.984,4.6719,0,0.0,0.0,0.6687,0.85,21.589,0.9,waspada
0.0,0.0,0.0,59.48,22.44,16.98,2,0,333.881,5.1834,1,0.0,0.0,0.5948,0.75,13.349,0.25,aman
0.0,0.0,0.0,93.16,37.09,33.47,6,1,406.457,6.7581,1,0.0,0.0,0.9316,0.75,34.554,0.35,waspada
0.0,0.0,0.0,67.62,18.26,25.99,11,0,541.257,2.6103,1,0.0,0.0,0.6762,0.75,12.351,0.45,waspada
78.273,152.71,381.463,69.87,7.63,0.76,12,0,543.259,2.347,0,78.273,50.9034,0.6987,0.55,5.332,0.25,siaga
0.0,0.0,0.0,30.81,9.25,30.42,7,1,399.468,1.889,1,0.0,0.0,0.3081,0.85,2.851,0.55,aman
49.45,76.28,248.105,39.56,29.1,8.36,10,0,378.603,3.7153,0,49.45,25.4265,0.3956,0.35,11.512,0.8,siaga
0.0,0.0,0.0,60.87,7.49,33.62,2,0,864.077,6.8517,0,0.0,0.0,0.6087,0.75,4.559,0.4,aman
50.403,125.191,288.631,86.89,36.32,21.39,7,1,243.041,3.7111,0,50.403,41.7303,0.8689,1.0,31.56,0.3,siaga
0.0,0.0,0.0,93.47,30.55,1.42,1,0,211.444,3.8788,1,0.0,0.0,0.9347,0.75,28.553,0.15,waspada
0.0,0.0,0.0,41.74,21.2,0.94,4,0,296.601,3.1616,1,0.0,0.0,0.4174,0.85,8.851,0.5,aman
0.0,0.0,0.0,88.81,34.86,12.82,2,0,482.623,3.8963,1,0.0,0.0,0.8881,0.85,30.958,0.25,waspada
0.0,0.0,0.0,71.03,10.97,11.11,6,1,443.19,3.4845,1,0.0,0.0,0.7103,0.85,7.788,0.4,aman
0.0,0.0,0.0,45.16,34.6,28.98,4,0,510.523,3.4844,2,0.0,0.0,0.4516,0.75,15.626,0.25,aman
0.0,0.0,0.0,87.21,22.56,13.72,6,1,309.408,2.4296,0,0.0,0.0,0.8721,0.55,19.676,0.55,waspada
15.855,39.136,89.987,79.3,33.11,17.26,1,0,540.102,2.4243,0,15.855,13.0454,0.793,1.0,26.257,0.6,waspada
0.0,0.0,0.0,84.77,20.44,18.17,10,0,329.026,2.7563,0,0.0,0.0,0.8477,1.0,17.325,0.65,aman
55.212,103.765,270.482,39.38,14.02,3.82,11,0,375.197,4.0473,1,55.212,34.5883,0.3938,0.75,5.52,0.4,waspada
0.0,0.0,0.0,64.26,26.63,25.6,7,1,381.257,5.492,1,0.0,0.0,0.6426,0.85,17.112,0.4,aman
3.097,6.886,25.089,94.33,32.48,15.56,6,1,279.986,8.2144,3,3.097,2.2953,0.9433,0.85,30.64,0.55,waspada
0.0,0.0,0.0,52.04,33.68,29.06,11,0,413.262,3.1646,2,0.0,0.0,0.5204,1.0,17.528,0.1,aman
11.875,18.105,69.381,84.53,13.92,33.82,12,0,470.908,0.05,0,11.875,6.0349,0.8453,1.0,11.769,0.35,waspada
85.186,120.751,181.832,42.97,11.85,13.25,9,1,368.464,4.669,0,85.186,40.2504,0.4297,0.85,5.091,0.45,waspada
6.875,10.962,34.572,84.0,12.98,17.1,1,0,517.4,5.4014,1,6.875,3.6539,0.84,1.0,10.902,0.15,aman
0.0,0.0,0.0,55.08,6.76,12.12,4,0,319.038,3.2469,3,0.0,0.0,0.5508,0.85,3.724,0.1,aman
6.607,17.108,78.624,79.32,9.35,7.33,4,0,444.401,2.7879,0,6.607,5.7027,0.7932,0.15,7.419,0.2,siaga
49.469,97.638,325.937,95.6,8.62,13.0,6,1,121.37,4.4928,0,49.469,32.5459,0.956,0.75,8.244,0.7,siaga
3.717,11.041,43.717,76.2,22.37,4.73,8,1,408.917,6.2052,1,3.717,3.6805,0.762,0.75,17.043,0.1,waspada
0.0,0.0,0.0,56.96,33.35,29.4,8,1,534.403,5.799,1,0.0,0.0,0.5696,0.75,18.995,0.2,aman
23.199,55.624,119.575,80.97,25.87,6.81,4,0,396.299,5.0307,1,23.199,18.5413,0.8097,0.85,20.946,0.1,waspada
3.011,8.467,20.905,65.63,35.81,18.63,5,0,370.753,1.2381,1,3.011,2.8222,0.6563,0.75,23.503,0.25,waspada
0.0,0.0,0.0,71.21,34.21,25.07,5,0,420.726,1.5511,1,0.0,0.0,0.7121,0.85,24.36,0.75,waspada
0.0,0.0,0.0,54.35,10.21,29.76,7,1,195.835,7.7618,0,0.0,0.0,0.5435,1.0,5.549,0.65,aman
42.659,64.132,145.74,78.44,12.33,27.98,4,0,192.261,0.05,0,42.659,21.3774,0.7844,0.85,9.673,0.45,siaga
0.0,0.0,0.0,38.65,18.03,31.03,7,1,637.897,2.3185,2,0.0,0.0,0.3865,0.35,6.969,0.45,waspada
0.0,0.0,0.0,77.63,32.57,17.62,1,0,196.289,2.8295,2,0.0,0.0,0.7763,1.0,25.282,0.4,aman
11.416,21.395,77.528,46.27,5.82,31.68,8,1,294.568,2.4822,2,11.416,7.1316,0.4627,1.0,2.692,0.5,aman
0.82,2.066,7.514,85.32,12.0,27.33,5,0,307.073,8.4651,3,0.82,0.6886,0.8532,1.0,10.238,0.8,waspada
0.0,0.0,0.0,37.67,26.67,30.64,1,0,574.728,1.5036,0,0.0,0.0,0.3767,0.85,10.045,0.6,aman
103.452,127.918,270.465,50.62,24.61,6.05,4,0,586.632,1.1256,0,103.452,42.6393,0.5062,1.0,12.455,0.9,siaga
6.041,12.718,33.964,86.66,25.82,1.48,9,1,324.046,3.3484,0,6.041,4.2392,0.8666,0.85,22.371,0.6,waspada
0.0,0.0,0.0,64.56,26.91,24.63,4,0,279.741,2.9698,3,0.0,0.0,0.6456,0.85,17.37,0.35,aman
0.0,0.0,0.0,46.78,13.7,33.45,3,0,267.784,6.7817,0,0.0,0.0,0.4678,0.75,6.411,0.7,aman
0.0,0.0,0.0,37.84,6.72,4.51,7,1,291.71,4.0095,0,0.0,0.0,0.3784,1.0,2.544,0.2,aman
111.212,188.767,342.283,88.75,4.96,9.3,10,0,346.527,6.9914,0,111.212,62.9222,0.8875,1.0,4.404,0.45,siaga
0.0,0.0,0.0,62.04,15.03,32.74,2,0,93.561,6.2297,2,0.0,0.0,0.6204,1.0,9.327,0.4,aman
3.404,9.969,46.84,88.5,22.32,31.8,6,1,366.834,2.961,0,3.404,3.3231,0.885,0.75,19.75,0.2,waspada
6.343,14.156,45.39,66.06,11.44,9.36,6,1,302.71,3.0001,0,6.343,4.7186,0.6606,0.85,7.557,0.8,waspada
0.0,0.0,0.0,64.78,20.57,3.45,6,1,315.041,6.9936,2,0.0,0.0,0.6478,0.85,13.326,0.8,waspada
0.0,0.0,0.0,79.95,20.84,29.82,11,0,439.803,2.3623,3,0.0,0.0,0.7995,1.0,16.663,0.5,aman
0.0,0.0,0.0,66.47,14.26,30.05,2,0,469.524,0.05,0,0.0,0.0,0.6647,0.85,9.479,0.5,aman
5.307,13.866,69.084,89.75,7.57,29.89,11,0,611.457,1.2538,2,5.307,4.6219,0.8975,0.85,6.792,0.45,waspada
0.0,0.0,0.0,78.0,3.44,33.18,9,1,78.538,5.9665,0,0.0,0.0,0.78,1.0,2.684,0.7,waspada
0.0,0.0,0.0,70.83,32.29,7.8,7,1,422.178,1.3939,2,0.0,0.0,0.7083,1.0,22.873,0.45,aman
8.102,12.735,36.765,74.56,2.55,1.35,9,1,299.036,3.3006,0,8.102,4.245,0.7456,0.75,1.903,0.1,waspada
0.0,0.0,0.0,71.91,34.05,34.64,2,0,356.411,2.0847,0,0.0,0.0,0.7191,0.85,24.487,0.8,waspada
18.113,30.268,63.389,42.82,23.37,13.69,11,0,500.572,0.5756,1,18.113,10.0895,0.4282,1.0,10.007,0.45,aman
95.58,190.159,419.817,62.77,21.4,8.37,10,0,290.713,4.948,2,95.58,63.3864,0.6277,1.0,13.434,0.75,siaga
20.533,33.053,67.73,34.28,16.74,25.4,4,0,204.377,7.1735,2,20.533,11.0176,0.3428,0.55,5.739,0.25,waspada
0.0,0.0,0.0,80.12,23.05,34.43,11,0,365.379,4.5971,1,0.0,0.0,0.8012,0.75,18.465,0.25,waspada
0.0,0.0,0.0,85.78,4.15,7.02,5,0,419.323,1.1276,0,0.0,0.0,0.8578,0.85,3.563,0.5,waspada
0.0,0.0,0.0,71.78,19.24,25.48,8,1,282.851,1.4417,2,0.0,0.0,0.7178,0.85,13.813,0.9,waspada
0.0,0.0,0.0,72.59,15.59,31.19,12,0,646.212,8.5319,0,0.0,0.0,0.7259,1.0,11.314,0.8,aman
0.0,0.0,0.0,80.76,29.0,3.75,8,1,404.933,1.3185,1,0.0,0.0,0.8076,0.75,23.42,0.9,waspada
0.0,0.0,0.0,61.29,35.0,32.56,3,0,626.564,3.1413,2,0.0,0.0,0.6129,0.85,21.451,0.8,aman
86.532,105.363,239.604,53.54,3.96,19.17,12,0,602.309,2.3507,1,86.532,35.121,0.5354,0.85,2.119,0.15,siaga
16.191,27.526,82.979,74.0,27.93,22.1,3,0,20.783,0.4324,0,16.191,9.1752,0.74,0.75,20.67,0.4,waspada
18.628,46.526,130.034,44.81,14.32,13.88,4,0,540.855,6.2643,0,18.628,15.5086,0.4481,0.85,6.418,0.6,waspada
0.0,0.0,0.0,66.59,34.62,31.59,6,1,374.327,9.5831,1,0.0,0.0,0.6659,0.85,23.056,0.15,aman
8.993,13.895,49.541,90.16,10.85,12.35,4,0,371.413,0.3797,1,8.993,4.6318,0.9016,0.55,9.782,0.15,waspada
1.141,2.972,13.236,31.4,33.08,7.26,4,0,201.582,6.359,1,1.141,0.9907,0.314,1.0,10.388,0.5,aman
2.37,6.373,15.574,35.58,28.85,32.49,6,1,201.594,3.0978,0,2.37,2.1243,0.3558,1.0,10.264,0.15,aman
3.283,9.432,44.004,64.32,23.39,16.19,1,0,267.037,4.0409,2,3.283,3.144,0.6432,1.0,15.041,0.45,waspada
3.066,6.559,29.114,50.39,35.99,6.91,7,1,504.652,7.505,1,3.066,2.1864,0.5039,0.75,18.137,0.9,waspada
18.761,28.304,89.721,50.27,15.59,11.01,6,1,453.617,4.7649,0,18.761,9.4346,0.5027,0.75,7.839,0.3,waspada
0.0,0.0,0.0,70.33,10.73,5.77,4,0,344.473,5.17,0,0.0,0.0,0.7033,0.85,7.549,0.55,aman
22.393,46.305,97.438,87.36,17.46,0.43,4,0,379.74,4.4061,2,22.393,15.435,0.8736,1.0,15.256,0.55,waspada
9.649,22.466,87.148,53.32,20.4,28.29,3,0,467.591,1.5283,0,9.649,7.4885,0.5332,1.0,10.877,0.6,aman
6.196,13.243,28.023,65.1,2.82,6.2,9,1,0.0,1.9967,0,6.196,4.4143,0.651,0.35,1.838,0.15,siaga
0.0,0.0,0.0,34.93,24.59,26.07,12,0,300.209,8.9015,0,0.0,0.0,0.3493,1.0,8.589,0.75,aman
0.728,1.694,6.812,52.62,34.33,15.05,8,1,241.383,5.359,0,0.728,0.5647,0.5262,0.55,18.061,0.85,waspada
0.0,0.0,0.0,50.14,17.19,21.58,12,0,340.958,1.3517,3,0.0,0.0,0.5014,1.0,8.62,0.55,aman
0.0,0.0,0.0,83.36,32.98,1.14,11,0,191.305,7.4608,0,0.0,0.0,0.8336,1.0,27.494,0.15,waspada
3.485,6.161,13.65,91.82,26.18,0.44,5,0,247.987,6.2788,2,3.485,2.0535,0.9182,0.85,24.04,0.5,waspada
0.0,0.0,0.0,88.09,33.92,15.22,1,0,170.017,3.3728,2,0.0,0.0,0.8809,0.85,29.875,0.25,waspada
1.831,3.44,13.171,88.72,30.69,15.91,11,0,381.519,3.8951,0,1.831,1.1468,0.8872,0.35,27.228,0.45,waspada
3.429,8.354,39.16,79.58,11.59,7.04,3,0,307.707,6.1097,0,3.429,2.7846,0.7958,0.75,9.225,0.4,waspada
27.517,53.566,132.294,97.19,33.77,13.09,11,0,253.509,1.8008,2,27.517,17.8554,0.9719,0.75,32.819,0.45,siaga
0.0,0.0,0.0,91.65,32.76,24.54,12,0,501.743,4.0781,2,0.0,0.0,0.9165,1.0,30.024,0.7,waspada
93.621,128.94,298.817,52.66,21.12,18.47,10,0,501.315,4.4278,0,93.621,42.98,0.5266,0.55,11.12,0.1,siaga
7.096,16.896,70.371,34.18,16.69,31.18,8,1,352.909,4.9658,0,7.096,5.6322,0.3418,1.0,5.704,0.25,aman
136.386,269.534,657.369,62.42,10.86,12.14,5,0,155.671,0.4031,0,136.386,89.8448,0.6242,0.85,6.776,0.7,siaga
18.854,42.163,140.394,69.88,24.28,21.18,9,1,318.556,2.8677,1,18.854,14.0545,0.6988,0.85,16.97,0.5,waspada
6.21,11.255,51.394,44.96,29.05,33.03,6,1,406.555,0.6726,1,6.21,3.7515,0.4496,0.85,13.061,0.6,aman
10.162,19.948,72.445,69.38,26.33,15.18,9,1,221.311,1.44,2,10.162,6.6493,0.6938,0.75,18.265,0.25,waspada
17.535,40.674,112.118,79.55,13.39,25.28,7,1,405.607,1.2538,0,17.535,13.5579,0.7955,0.85,10.655,0.75,waspada
19.86,34.301,89.616,61.07,22.89,21.76,4,0,122.948,4.8554,1,19.86,11.4338,0.6107,1.0,13.978,0.35,waspada
0.0,0.0,0.0,67.27,26.87,21.03,3,0,443.153,2.8947,1,0.0,0.0,0.6727,1.0,18.077,0.65,aman
14.4,35.812,98.73,89.7,22.81,17.78,3,0,201.108,2.2258,0,14.4,11.9372,0.897,1.0,20.462,0.5,waspada
0.781,1.304,4.205,43.26,20.09,18.5,4,0,485.029,1.2903,1,0.781,0.4348,0.4326,1.0,8.689,0.25,aman
0.0,0.0,0.0,90.85,28.64,21.64,12,0,266.344,2.9481,0,0.0,0.0,0.9085,1.0,26.022,0.65,waspada
0.0,0.0,0.0,43.74,14.64,9.35,5,0,379.298,6.565,2,0.0,0.0,0.4374,0.85,6.402,0.45,aman
0.0,0.0,0.0,54.17,12.92,28.68,10,0,311.2,5.58,2,0.0,0.0,0.5417,0.75,6.999,0.4,aman
5.827,12.884,54.601,94.23,33.5,4.76,11,0,235.765,4.4165,2,5.827,4.2945,0.9423,0.85,31.563,0.2,waspada
23.329,45.949,99.332,44.53,35.44,22.81,1,0,347.352,3.0071,0,23.329,15.3165,0.4453,0.75,15.783,0.45,waspada
0.0,0.0,0.0,82.98,16.3,22.17,7,1,259.213,5.5766,0,0.0,0.0,0.8298,0.75,13.528,0.4,waspada
24.64,38.235,84.881,52.12,27.9,7.66,4,0,517.525,4.8139,1,24.64,12.7451,0.5212,1.0,14.541,0.6,waspada
0.0,0.0,0.0,46.83,18.66,10.26,4,0,635.035,3.6056,0,0.0,0.0,0.4683,1.0,8.74,0.9,aman
0.0,0.0,0.0,51.21,14.22,18.05,6,1,438.599,9.6454,0,0.0,0.0,0.5121,0.75,7.283,0.3,aman
0.0,0.0,0.0,79.88,30.18,17.21,8,1,409.307,8.5779,1,0.0,0.0,0.7988,1.0,24.111,0.4,aman
3.804,6.464,13.993,43.79,15.25,16.01,3,0,354.691,3.0233,0,3.804,2.1548,0.4379,0.75,6.679,0.2,aman
0.0,0.0,0.0,63.25,27.29,7.0,5,0,211.015,3.9406,0,0.0,0.0,0.6325,0.85,17.26,0.6,waspada
5.016,11.887,25.686,61.19,16.28,33.34,10,0,450.037,6.3892,1,5.016,3.9624,0.6119,0.75,9.962,0.85,waspada
0.0,0.0,0.0,85.56,19.59,33.76,3,0,278.404,2.078,1,0.0,0.0,0.8556,0.75,16.764,0.55,waspada
4.791,11.795,41.391,34.92,32.75,11.79,12,0,186.709,2.1429,2,4.791,3.9317,0.3492,1.0,11.438,0.2,aman
0.0,0.0,0.0,32.36,11.38,21.88,10,0,230.93,4.6373,1,0.0,0.0,0.3236,0.75,3.682,0.75,aman
0.94,1.617,6.654,84.35,22.33,21.59,9,1,330.839,4.9982,0,0.94,0.539,0.8435,0.75,18.833,0.7,waspada
0.0,0.0,0.0,32.46,16.71,26.6,6,1,315.771,7.2097,1,0.0,0.0,0.3246,0.75,5.426,0.9,aman
0.0,0.0,0.0,46.31,30.64,2.08,11,0,246.048,4.1872,2,0.0,0.0,0.4631,0.55,14.189,0.1,aman
0.0,0.0,0.0,80.5,4.44,34.45,9,1,240.686,1.7092,0,0.0,0.0,0.805,0.75,3.573,0.35,waspada
0.0,0.0,0.0,36.96,31.19,31.65,5,0,290.572,7.4786,1,0.0,0.0,0.3696,0.85,11.529,0.8,aman
0.0,0.0,0.0,41.23,25.78,9.4,7,1,134.2,2.7172,0,0.0,0.0,0.4123,1.0,10.627,0.85,aman
0.0,0.0,0.0,76.99,27.3,25.32,2,0,328.31,2.4267,0,0.0,0.0,0.7699,1.0,21.022,0.6,aman
5.11,13.483,31.284,65.64,33.85,28.87,1,0,359.671,1.5944,0,5.11,4.4942,0.6564,0.85,22.22,0.25,waspada
0.0,0.0,0.0,79.87,31.15,27.38,8,1,277.379,2.214,3,0.0,0.0,0.7987,1.0,24.881,0.35,aman
2.333,6.035,27.109,86.46,17.03,27.35,8,1,301.492,6.78,3,2.333,2.0116,0.8646,0.75,14.722,0.9,waspada
0.0,0.0,0.0,82.96,6.19,28.31,8,1,359.078,4.3914,2,0.0,0.0,0.8296,1.0,5.136,0.55,waspada
0.0,0.0,0.0,47.84,32.17,4.99,6,1,331.454,3.3046,3,0.0,0.0,0.4784,0.75,15.389,0.3,aman
4.272,7.275,16.381,54.5,23.22,0.28,5,0,451.974,4.3221,1,4.272,2.4251,0.545,1.0,12.653,0.75,aman
2.978,7.07,16.159,41.97,31.32,10.96,11,0,615.965,0.05,2,2.978,2.3567,0.4197,0.35,13.145,0.55,waspada
0.0,0.0,0.0,34.33,14.31,1.84,7,1,550.94,4.636,0,0.0,0.0,0.3433,0.75,4.914,0.15,aman
0.0,0.0,0.0,75.5,24.43,6.21,1,0,531.805,9.9811,0,0.0,0.0,0.755,0.75,18.444,0.15,waspada
4.797,7.203,31.581,67.67,4.53,5.52,11,0,618.97,1.153,2,4.797,2.4009,0.6767,1.0,3.065,0.5,waspada
0.0,0.0,0.0,67.42,5.17,21.03,11,0,778.603,5.15,0,0.0,0.0,0.6742,0.35,3.483,0.65,waspada
4.891,12.41,60.095,48.1,20.29,30.07,5,0,456.745,2.162,3,4.891,4.1367,0.481,1.0,9.757,0.85,aman
0.0,0.0,0.0,73.29,35.89,25.42,12,0,222.769,4.2344,1,0.0,0.0,0.7329,0.75,26.307,0.25,waspada
0.0,0.0,0.0,75.99,2.57,20.98,11,0,307.983,8.7398,2,0.0,0.0,0.7599,0.55,1.954,0.35,waspada
24.081,37.402,95.149,56.68,20.31,18.06,2,0,227.366,3.2205,1,24.081,12.4674,0.5668,0.75,11.512,0.25,waspada
3.202,7.741,29.633,39.18,3.9,19.58,5,0,356.788,1.2555,1,3.202,2.5803,0.3918,1.0,1.53,0.3,aman
0.983,2.115,5.947,38.15,28.29,14.26,2,0,789.963,6.725,2,0.983,0.7051,0.3815,0.55,10.791,0.3,aman
16.89,26.339,61.557,68.18,15.06,14.11,2,0,428.787,6.052,2,16.89,8.7796,0.6818,0.75,10.268,0.1,waspada
0.0,0.0,0.0,61.0,26.83,27.35,5,0,237.374,6.339,2,0.0,0.0,0.61,0.75,16.364,0.1,waspada
0.0,0.0,0.0,93.19,13.35,3.63,7,1,257.299,1.5836,2,0.0,0.0,0.9319,0.85,12.44,0.65,waspada
11.88,28.864,78.662,56.54,30.64,28.98,12,0,484.473,3.9095,1,11.88,9.6213,0.5654,0.75,17.32,0.9,waspada
57.728,143.424,460.562,76.02,37.04,30.64,8,1,485.688,6.9757,2,57.728,47.8078,0.7602,0.85,28.16,0.35,siaga
0.0,0.0,0.0,91.87,23.58,20.93,10,0,422.398,4.0142,0,0.0,0.0,0.9187,0.85,21.663,0.35,waspada
0.0,0.0,0.0,72.45,33.76,7.03,3,0,443.375,2.1122,2,0.0,0.0,0.7245,0.75,24.46,0.25,aman
0.0,0.0,0.0,63.29,35.94,31.59,12,0,262.56,4.1295,0,0.0,0.0,0.6329,0.85,22.743,0.25,aman
2.303,5.549,27.332,82.93,21.52,20.97,4,0,209.637,5.7886,0,2.303,1.8498,0.8293,1.0,17.848,0.1,waspada
1.46,3.391,13.736,43.81,10.0,29.03,5,0,369.345,5.1443,1,1.46,1.1304,0.4381,0.85,4.382,0.45,aman
6.277,18.414,46.162,78.37,6.18,10.53,10,0,189.15,5.8785,1,6.277,6.1381,0.7837,1.0,4.845,0.1,waspada
0.0,0.0,0.0,72.3,34.08,12.26,10,0,513.635,6.5123,2,0.0,0.0,0.723,1.0,24.638,0.3,aman
0.0,0.0,0.0,92.85,8.79,8.69,4,0,343.361,8.396,1,0.0,0.0,0.9285,1.0,8.161,0.1,waspada
0.0,0.0,0.0,83.6,19.83,26.97,2,0,273.817,3.1467,0,0.0,0.0,0.836,0.85,16.577,0.25,waspada
5.809,11.939,33.027,72.04,8.82,20.86,1,0,491.247,6.3141,0,5.809,3.9798,0.7204,0.75,6.356,0.3,waspada
65.772,119.8,361.187,35.73,9.5,30.74,5,0,505.271,6.0645,0,65.772,39.9334,0.3573,0.75,3.394,0.3,waspada
0.0,0.0,0.0,76.11,29.82,1.69,11,0,192.984,1.4884,2,0.0,0.0,0.7611,0.75,22.697,0.65,waspada
0.0,0.0,0.0,33.85,4.06,25.53,10,0,591.72,6.3718,0,0.0,0.0,0.3385,0.15,1.374,0.1,waspada
0.0,0.0,0.0,34.16,21.03,17.54,4,0,690.308,0.8444,0,0.0,0.0,0.3416,0.75,7.184,0.6,aman
6.341,18.353,55.286,70.93,15.12,5.3,2,0,146.091,9.3138,1,6.341,6.1178,0.7093,1.0,10.722,0.65,waspada
0.0,0.0,0.0,58.69,14.52,17.0,7,1,226.926,1.2013,0,0.0,0.0,0.5869,1.0,8.524,0.85,aman
0.687,1.783,5.488,46.79,5.78,29.58,9,1,299.612,4.6604,0,0.687,0.5945,0.4679,0.85,2.703,0.25,aman
0.0,0.0,0.0,58.33,21.19,8.79,6,1,313.802,6.7724,3,0.0,0.0,0.5833,0.55,12.357,0.4,waspada
0.0,0.0,0.0,32.25,37.28,1.24,9,1,583.338,4.9814,0,0.0,0.0,0.3225,0.85,12.021,0.75,aman
0.0,0.0,0.0,63.21,19.42,28.09,11,0,269.345,2.0277,1,0.0,0.0,0.6321,1.0,12.279,0.3,aman
38.008,88.016,188.484,32.71,5.54,7.46,11,0,290.955,3.5737,0,38.008,29.3387,0.3271,0.75,1.811,0.25,waspada
93.328,161.294,350.41,76.15,13.27,2.01,2,0,403.141,4.0496,1,93.328,53.7646,0.7615,1.0,10.104,0.55,siaga
7.633,13.068,59.49,75.7,17.1,12.2,4,0,456.044,1.3907,0,7.633,4.356,0.757,0.85,12.942,0.2,waspada
75.042,148.048,305.775,63.34,7.09,30.17,5,0,683.973,7.676,0,75.042,49.3493,0.6334,1.0,4.492,0.15,waspada
20.445,38.315,126.247,88.66,26.8,33.87,12,0,448.809,8.9499,1,20.445,12.7717,0.8866,0.75,23.756,0.55,siaga
0.0,0.0,0.0,70.73,24.14,13.5,9,1,42.218,7.0006,2,0.0,0.0,0.7073,1.0,17.074,0.85,waspada
33.746,81.288,163.569,34.29,28.2,9.79,8,1,311.786,1.8982,0,33.746,27.0961,0.3429,1.0,9.669,0.75,waspada
0.0,0.0,0.0,58.61,27.33,23.51,1,0,525.139,6.7661,3,0.0,0.0,0.5861,1.0,16.019,0.2,aman
0.0,0.0,0.0,84.39,19.51,2.78,8,1,217.601,5.4241,1,0.0,0.0,0.8439,0.85,16.462,0.85,waspada
59.779,109.52,279.296,35.95,22.24,12.3,5,0,663.538,2.5689,0,59.779,36.5068,0.3595,0.75,7.996,0.4,waspada
18.963,37.912,123.411,33.07,19.54,33.68,7,1,552.103,3.0222,0,18.963,12.6373,0.3307,1.0,6.461,0.9,waspada
3.923,6.106,22.292,49.21,14.91,32.03,12,0,594.51,6.0473,3,3.923,2.0354,0.4921,0.85,7.337,0.25,aman
37.778,64.478,194.263,74.46,21.48,21.91,9,1,281.692,9.8854,3,37.778,21.4926,0.7446,0.75,15.996,0.3,siaga
118.558,171.609,331.538,78.29,27.23,2.25,8,1,286.171,0.9057,2,118.558,57.2031,0.7829,0.85,21.317,0.4,siaga
94.669,152.635,260.52,32.84,7.25,12.6,6,1,229.274,3.2469,1,94.669,50.8784,0.3284,1.0,2.38,0.5,waspada
0.761,2.149,8.413,40.0,8.97,34.58,1,0,255.188,2.9198,1,0.761,0.7164,0.4,0.85,3.587,0.15,aman
5.298,11.541,35.999,95.03,5.01,31.47,8,1,370.783,6.1988,2,5.298,3.8471,0.9503,0.85,4.761,0.7,waspada
4.002,6.758,21.506,47.9,20.45,19.98,1,0,542.495,7.1474,1,4.002,2.2526,0.479,0.75,9.796,0.4,aman
0.0,0.0,0.0,84.89,10.66,8.12,10,0,386.032,7.3231,2,0.0,0.0,0.8489,1.0,9.052,0.5,aman
5.002,12.228,33.524,68.09,23.73,28.65,11,0,410.222,6.4314,0,5.002,4.076,0.6809,0.75,16.158,0.2,waspada
0.0,0.0,0.0,79.3,30.81,33.32,2,0,440.053,0.0664,0,0.0,0.0,0.793,0.15,24.433,0.35,siaga
0.909,1.888,7.378,42.82,27.04,17.03,2,0,393.975,0.5531,1,0.909,0.6294,0.4282,0.85,11.579,0.6,aman
0.0,0.0,0.0,70.88,6.95,2.55,6,1,234.176,7.701,1,0.0,0.0,0.7088,0.75,4.929,0.3,waspada
18.233,33.396,105.75,93.67,21.76,34.42,6,1,240.404,6.0235,0,18.233,11.1321,0.9367,0.85,20.386,0.45,waspada
0.0,0.0,0.0,57.19,32.19,20.49,2,0,387.659,4.6656,1,0.0,0.0,0.5719,0.75,18.409,0.8,waspada
6.383,13.185,61.997,81.46,22.95,26.88,8,1,422.372,1.4902,1,6.383,4.3949,0.8146,0.85,18.692,0.5,waspada
0.0,0.0,0.0,54.83,36.3,9.37,9,1,359.766,2.0679,0,0.0,0.0,0.5483,0.75,19.904,0.2,waspada
24.07,60.076,199.963,79.83,25.38,12.01,7,1,312.921,1.1619,1,24.07,20.0252,0.7983,1.0,20.262,0.45,siaga
1.989,3.327,12.346,74.78,30.79,0.15,7,1,433.462,0.05,0,1.989,1.1089,0.7478,0.75,23.025,0.5,waspada
0.0,0.0,0.0,87.49,12.93,23.97,11,0,582.264,6.7809,0,0.0,0.0,0.8749,0.55,11.309,0.8,waspada
0.0,0.0,0.0,73.81,7.05,24.95,1,0,340.295,3.3341,1,0.0,0.0,0.7381,0.75,5.207,0.6,waspada
0.0,0.0,0.0,35.08,35.67,9.78,2,0,179.728,3.5008,2,0.0,0.0,0.3508,1.0,12.513,0.3,aman
0.0,0.0,0.0,76.31,32.1,11.1,11,0,271.985,3.5322,1,0.0,0.0,0.7631,0.85,24.496,0.3,waspada
0.0,0.0,0.0,64.69,32.17,25.07,9,1,306.055,6.9922,0,0.0,0.0,0.6469,1.0,20.81,0.2,aman
30.409,47.055,156.976,71.89,24.37,0.04,3,0,204.784,2.5729,0,30.409,15.6849,0.7189,0.85,17.524,0.45,waspada
1.744,4.334,15.531,72.86,18.52,27.58,5,0,325.564,8.7348,0,1.744,1.4447,0.7286,1.0,13.493,0.1,aman
8.515,16.357,43.823,69.17,10.84,32.85,10,0,357.702,4.784,0,8.515,5.4522,0.6917,0.75,7.495,0.75,waspada
0.0,0.0,0.0,88.63,6.8,9.39,7,1,213.268,8.166,1,0.0,0.0,0.8863,0.55,6.028,0.75,waspada
17.169,33.832,93.276,45.51,5.46,3.7,2,0,673.739,1.2746,2,17.169,11.2772,0.4551,0.85,2.486,0.2,waspada
18.297,34.897,86.359,38.79,6.88,25.11,3,0,501.972,10.162,3,18.297,11.6323,0.3879,1.0,2.67,0.5,aman
7.599,22.168,81.892,74.41,10.55,0.53,4,0,358.565,1.4014,3,7.599,7.3893,0.7441,0.85,7.851,0.9,waspada
1.253,2.365,8.163,92.39,5.94,8.73,2,0,63.88,1.1687,1,1.253,0.7885,0.9239,0.55,5.487,0.3,siaga
0.0,0.0,0.0,71.66,14.03,11.24,7,1,107.449,0.281,1,0.0,0.0,0.7166,0.85,10.054,0.8,waspada
0.0,0.0,0.0,84.12,26.29,31.63,1,0,267.097,1.8524,2,0.0,0.0,0.8412,0.75,22.118,0.8,waspada
9.435,17.216,51.665,84.15,36.29,3.51,6,1,95.261,2.4416,1,9.435,5.7387,0.8415,0.55,30.542,0.6,siaga
4.691,13.364,38.665,83.77,10.97,33.38,5,0,61.572,1.3273,3,4.691,4.4547,0.8377,1.0,9.19,0.85,waspada
24.519,40.166,108.88,34.52,10.06,4.87,3,0,100.389,1.5394,2,24.519,13.3886,0.3452,0.75,3.473,0.25,waspada
0.0,0.0,0.0,77.18,31.84,17.65,10,0,113.964,1.6037,1,0.0,0.0,0.7718,0.75,24.575,0.1,waspada
103.126,180.682,271.41,67.94,16.01,9.03,4,0,135.33,0.5177,2,103.126,60.2274,0.6794,0.15,10.877,0.4,awas
0.0,0.0,0.0,35.93,6.83,21.6,7,1,73.845,0.4216,2,0.0,0.0,0.3593,0.75,2.453,0.8,waspada
7.755,12.132,56.715,81.95,20.48,25.71,1,0,44.845,2.1828,1,7.755,4.0441,0.8195,0.75,16.781,0.7,waspada
7.643,18.38,40.669,40.85,13.37,2.8,3,0,36.201,1.7148,1,7.643,6.1267,0.4085,0.75,5.463,0.85,waspada
0.0,0.0,0.0,77.03,5.66,10.29,7,1,113.797,0.05,1,0.0,0.0,0.7703,0.75,4.358,0.5,waspada
6.409,11.053,34.497,86.75,23.38,34.3,8,1,183.17,1.1062,0,6.409,3.6845,0.8675,0.35,20.284,0.45,siaga
0.0,0.0,0.0,76.31,14.27,20.68,1,0,0.0,0.2266,1,0.0,0.0,0.7631,0.55,10.886,0.8,siaga
0.0,0.0,0.0,35.69,16.75,4.07,6,1,27.752,1.0309,2,0.0,0.0,0.3569,0.75,5.98,0.45,waspada
7.485,21.035,84.711,60.16,37.11,18.33,9,1,0.0,0.05,3,7.485,7.0118,0.6016,0.55,22.327,0.2,siaga
0.0,0.0,0.0,77.37,23.15,30.58,10,0,7.824,1.2367,3,0.0,0.0,0.7737,1.0,17.913,0.35,waspada
0.0,0.0,0.0,30.8,6.04,16.56,5,0,0.0,0.9148,1,0.0,0.0,0.308,1.0,1.859,0.45,aman
117.512,217.302,527.562,94.56,21.71,17.64,10,0,97.627,2.4782,1,117.512,72.434,0.9456,0.55,20.527,0.85,awas
0.0,0.0,0.0,48.69,5.79,5.76,10,0,97.628,2.0773,1,0.0,0.0,0.4869,0.75,2.818,0.6,waspada
4.572,10.449,34.625,69.16,6.19,6.59,6,1,75.303,0.2426,3,4.572,3.4831,0.6916,0.75,4.278,0.5,waspada
0.0,0.0,0.0,49.65,18.2,6.09,9,1,27.333,2.7171,2,0.0,0.0,0.4965,0.15,9.034,0.1,waspada
0.0,0.0,0.0,45.89,2.44,31.56,5,0,145.232,1.2702,3,0.0,0.0,0.4589,0.75,1.119,0.85,waspada
0.0,0.0,0.0,47.31,36.55,5.45,11,0,29.921,3.2278,1,0.0,0.0,0.4731,0.75,17.293,0.55,waspada
6.237,16.71,42.497,84.25,11.69,26.9,12,0,71.285,1.2032,2,6.237,5.57,0.8425,0.75,9.852,0.1,waspada
8.265,16.708,36.436,59.4,27.99,29.43,4,0,90.585,2.6536,2,8.265,5.5692,0.594,0.85,16.628,0.8,waspada
0.0,0.0,0.0,79.12,13.17,18.14,5,0,58.497,1.7831,1,0.0,0.0,0.7912,0.75,10.421,0.85,waspada
0.0,0.0,0.0,49.46,14.75,22.08,9,1,35.793,2.2589,3,0.0,0.0,0.4946,0.75,7.294,0.8,waspada
0.0,0.0,0.0,76.15,17.48,33.78,6,1,197.468,1.5864,0,0.0,0.0,0.7615,0.85,13.311,0.45,waspada
105.268,159.95,251.35,43.75,16.51,27.79,5,0,87.013,1.3258,2,105.268,53.3167,0.4375,0.35,7.222,0.3,siaga
7.888,18.286,58.429,82.94,11.83,5.97,12,0,0.0,1.2252,1,7.888,6.0953,0.8294,0.35,9.809,0.85,siaga
0.0,0.0,0.0,50.54,36.29,22.21,4,0,9.378,1.9438,2,0.0,0.0,0.5054,0.55,18.338,0.5,waspada
0.0,0.0,0.0,96.06,12.54,30.96,10,0,0.0,0.5286,1,0.0,0.0,0.9606,0.55,12.043,0.4,siaga
3.783,6.325,23.47,80.43,21.68,8.4,5,0,115.706,0.6187,1,3.783,2.1084,0.8043,0.75,17.441,0.5,waspada
6.57,18.045,64.971,96.36,30.21,29.23,7,1,0.0,0.9753,1,6.57,6.015,0.9636,0.35,29.113,0.4,siaga
0.0,0.0,0.0,60.24,25.23,1.75,12,0,0.0,1.7543,3,0.0,0.0,0.6024,0.75,15.198,0.3,waspada
21.22,41.507,148.843,96.15,20.3,1.31,6,1,97.708,0.4051,2,21.22,13.8358,0.9615,0.75,19.519,0.25,siaga
0.0,0.0,0.0,97.02,5.25,4.41,2,0,69.277,1.432,2,0.0,0.0,0.9702,0.55,5.091,0.45,siaga
0.0,0.0,0.0,57.48,37.13,22.03,12,0,82.726,1.6063,0,0.0,0.0,0.5748,0.55,21.342,0.1,waspada
0.0,0.0,0.0,73.35,10.26,8.94,11,0,40.524,0.79,1,0.0,0.0,0.7335,0.55,7.523,0.85,waspada
1.196,1.886,4.671,49.91,4.44,12.02,11,0,108.872,1.9793,1,1.196,0.6287,0.4991,0.55,2.217,0.5,waspada
0.0,0.0,0.0,56.85,24.15,14.78,6,1,48.142,2.5164,2,0.0,0.0,0.5685,0.85,13.729,0.15,waspada
0.0,0.0,0.0,36.78,21.84,30.19,4,0,16.626,0.05,3,0.0,0.0,0.3678,0.15,8.032,0.8,siaga
2.087,4.561,10.351,78.2,32.49,6.82,9,1,52.001,1.7581,0,2.087,1.5205,0.782,0.75,25.409,0.25,waspada
0.0,0.0,0.0,84.52,28.69,10.24,8,1,98.637,1.3326,2,0.0,0.0,0.8452,0.75,24.251,0.35,waspada
19.046,39.008,99.805,54.79,6.36,19.88,9,1,106.732,0.05,1,19.046,13.0026,0.5479,0.75,3.484,0.75,waspada
0.0,0.0,0.0,56.14,22.75,33.1,7,1,106.479,0.7356,1,0.0,0.0,0.5614,0.55,12.773,0.65,waspada
0.0,0.0,0.0,83.8,27.69,23.91,3,0,118.302,0.3423,3,0.0,0.0,0.838,0.75,23.203,0.35,waspada
88.007,164.046,268.982,59.06,33.8,23.69,1,0,65.196,1.7031,0,88.007,54.6821,0.5906,0.75,19.96,0.2,siaga
0.0,0.0,0.0,81.58,37.39,30.59,4,0,153.274,0.556,1,0.0,0.0,0.8158,0.75,30.498,0.4,waspada
6.475,12.077,43.677,47.18,18.87,22.99,12,0,130.073,2.4307,1,6.475,4.0257,0.4718,0.55,8.904,0.9,waspada
4.88,8.461,37.865,91.8,21.96,13.68,10,0,154.62,1.9821,3,4.88,2.8203,0.918,0.55,20.161,0.55,siaga
0.0,0.0,0.0,51.18,7.37,34.91,2,0,66.679,3.1931,2,0.0,0.0,0.5118,0.35,3.773,0.75,waspada
0.0,0.0,0.0,76.93,23.02,7.87,6,1,0.0,0.7384,0,0.0,0.0,0.7693,0.55,17.705,0.5,waspada
24.446,48.268,181.045,80.24,3.29,32.68,10,0,210.192,3.2835,2,24.446,16.0892,0.8024,0.75,2.637,0.65,siaga
0.0,0.0,0.0,42.46,5.57,5.38,7,1,128.187,1.3782,0,0.0,0.0,0.4246,0.55,2.364,0.15,waspada
0.0,0.0,0.0,31.57,31.52,15.56,7,1,103.747,0.3389,1,0.0,0.0,0.3157,0.75,9.952,0.25,waspada
0.0,0.0,0.0,91.6,13.65,22.45,1,0,28.323,1.4677,0,0.0,0.0,0.916,0.85,12.503,0.85,waspada
4.544,6.897,34.041,65.84,27.31,8.76,10,0,92.047,1.6174,1,4.544,2.299,0.6584,0.55,17.98,0.55,waspada
0.0,0.0,0.0,74.34,9.1,17.79,8,1,130.331,1.3375,2,0.0,0.0,0.7434,0.35,6.766,0.4,waspada
0.0,0.0,0.0,71.35,31.48,2.43,7,1,63.915,0.5849,1,0.0,0.0,0.7135,0.75,22.462,0.1,waspada
0.0,0.0,0.0,57.26,24.75,27.33,10,0,32.188,2.6109,3,0.0,0.0,0.5726,0.55,14.171,0.35,waspada
0.0,0.0,0.0,54.24,35.77,13.11,12,0,193.922,1.328,2,0.0,0.0,0.5424,0.85,19.402,0.8,waspada
1.123,2.077,8.575,30.52,24.33,20.8,12,0,128.461,0.776,2,1.123,0.6923,0.3052,0.35,7.426,0.75,waspada
7.68,13.133,40.62,32.73,30.22,6.32,11,0,56.985,0.05,2,7.68,4.3778,0.3273,0.75,9.893,0.8,waspada
0.0,0.0,0.0,72.9,26.2,5.63,5,0,35.217,0.05,3,0.0,0.0,0.729,0.75,19.098,0.6,waspada
119.482,178.651,277.339,92.11,19.23,7.9,10,0,143.19,0.5647,0,119.482,59.5505,0.9211,0.35,17.712,0.65,awas
0.0,0.0,0.0,97.74,29.99,26.93,12,0,3.309,1.1524,0,0.0,0.0,0.9774,0.75,29.316,0.55,waspada
0.0,0.0,0.0,60.59,19.97,31.61,11,0,127.616,1.6403,1,0.0,0.0,0.6059,0.55,12.097,0.7,waspada
0.0,0.0,0.0,48.5,26.29,17.9,11,0,1.517,2.0611,1,0.0,0.0,0.485,0.85,12.749,0.5,waspada
2.317,6.637,26.015,76.68,25.21,11.21,11,0,18.733,0.6064,2,2.317,2.2124,0.7668,1.0,19.332,0.85,waspada
1.966,2.964,7.437,97.39,26.32,6.44,5,0,71.822,0.05,2,1.966,0.988,0.9739,0.75,25.638,0.75,siaga
3.13,9.19,44.599,93.76,4.97,15.46,3,0,84.772,0.6939,3,3.13,3.0635,0.9376,0.35,4.66,0.55,siaga
118.268,180.566,405.235,32.73,19.93,30.46,4,0,14.415,1.951,1,118.268,60.1888,0.3273,0.75,6.523,0.8,siaga
10.97,18.072,45.01,55.52,17.05,34.55,2,0,170.093,1.2846,0,10.97,6.0239,0.5552,0.55,9.465,0.2,waspada
0.0,0.0,0.0,82.1,28.22,4.6,10,0,155.269,0.05,3,0.0,0.0,0.821,0.85,23.171,0.6,waspada
0.0,0.0,0.0,54.56,7.53,12.12,5,0,128.162,1.8027,1,0.0,0.0,0.5456,0.35,4.11,0.7,waspada
0.0,0.0,0.0,63.38,10.13,33.23,6,1,104.194,3.3279,1,0.0,0.0,0.6338,0.55,6.421,0.85,waspada
6.632,11.034,42.211,73.59,15.37,6.32,11,0,106.022,0.8442,2,6.632,3.678,0.7359,0.55,11.314,0.1,waspada
10.367,23.435,49.128,37.75,19.85,33.39,3,0,0.0,1.3813,1,10.367,7.8117,0.3775,0.35,7.492,0.5,waspada
58.722,127.268,348.557,54.2,30.94,3.38,8,1,125.271,0.05,1,58.722,42.4226,0.542,0.75,16.769,0.9,siaga
4.788,8.212,34.908,39.86,36.88,26.71,10,0,65.517,1.9774,2,4.788,2.7374,0.3986,0.55,14.7,0.8,waspada
62.107,100.295,349.199,37.78,30.5,29.3,6,1,100.109,1.3817,1,62.107,33.4316,0.3778,0.75,11.523,0.2,siaga
6.127,13.335,58.318,49.9,25.34,21.53,4,0,27.855,0.593,2,6.127,4.4452,0.499,0.75,12.648,0.9,waspada
0.895,2.078,10.101,39.9,21.97,13.29,9,1,71.214,2.1016,2,0.895,0.6927,0.399,0.85,8.767,0.3,waspada
0.0,0.0,0.0,50.02,3.84,3.2,3,0,0.0,2.303,1,0.0,0.0,0.5002,0.75,1.923,0.8,waspada
77.643,141.844,367.57,82.81,11.66,30.3,5,0,78.778,1.3827,2,77.643,47.2812,0.8281,0.35,9.659,0.45,awas
5.981,17.539,42.43,36.52,27.15,11.84,10,0,0.0,1.7558,2,5.981,5.8462,0.3652,0.75,9.917,0.2,waspada
0.0,0.0,0.0,65.38,31.46,5.92,10,0,73.75,0.8792,1,0.0,0.0,0.6538,0.85,20.568,0.65,waspada
57.171,139.683,388.976,70.41,36.92,13.05,11,0,69.498,2.1065,3,57.171,46.5612,0.7041,0.85,26.0,0.35,siaga
0.0,0.0,0.0,78.85,26.3,0.98,6,1,41.459,1.0202,1,0.0,0.0,0.7885,0.55,20.739,0.6,waspada
0.0,0.0,0.0,96.82,11.51,15.68,1,0,248.592,1.0222,1,0.0,0.0,0.9682,0.75,11.141,0.1,waspada
0.0,0.0,0.0,73.66,18.04,6.09,10,0,136.632,1.6328,1,0.0,0.0,0.7366,0.75,13.287,0.7,waspada
0.0,0.0,0.0,51.61,18.55,10.5,1,0,84.859,2.2092,2,0.0,0.0,0.5161,0.35,9.573,0.85,waspada
3.43,7.027,31.344,43.64,6.55,32.64,7,1,0.0,1.5013,1,3.43,2.3422,0.4364,0.35,2.858,0.1,waspada
0.0,0.0,0.0,91.88,30.15,28.94,8,1,56.048,1.3907,1,0.0,0.0,0.9188,0.85,27.699,0.45,waspada
1.83,3.145,9.016,47.19,30.34,24.53,1,0,0.0,1.2113,1,1.83,1.0482,0.4719,0.85,14.319,0.6,waspada
5.379,12.539,32.506,42.54,15.73,9.48,7,1,5.95,0.5101,3,5.379,4.1797,0.4254,0.75,6.691,0.75,waspada
0.0,0.0,0.0,35.21,27.22,10.05,3,0,79.985,1.3328,2,0.0,0.0,0.3521,0.75,9.586,0.35,waspada
0.0,0.0,0.0,31.69,23.14,13.76,4,0,106.349,2.0691,3,0.0,0.0,0.3169,0.55,7.332,0.8,waspada
93.112,170.974,279.322,96.7,34.08,29.1,3,0,0.0,2.3955,2,93.112,56.9915,0.967,0.75,32.952,0.55,awas
0.0,0.0,0.0,78.67,35.95,8.29,5,0,137.955,2.1665,0,0.0,0.0,0.7867,0.85,28.283,0.4,waspada
16.996,41.062,103.947,77.32,19.17,29.86,9,1,29.361,0.2208,1,16.996,13.6873,0.7732,0.85,14.823,0.4,siaga
45.893,85.105,256.109,85.12,14.84,19.96,2,0,39.039,1.9911,2,45.893,28.3682,0.8512,0.85,12.627,0.4,siaga
1.964,3.404,7.654,96.03,36.1,26.09,2,0,190.194,1.5249,1,1.964,1.1348,0.9603,0.75,34.666,0.3,waspada
11.498,20.03,51.864,90.54,34.34,5.51,1,0,3.284,1.2997,3,11.498,6.6766,0.9054,0.75,31.086,0.5,siaga
16.372,38.659,125.005,53.73,37.45,24.95,1,0,128.836,1.6153,1,16.372,12.8865,0.5373,1.0,20.118,0.55,waspada
0.0,0.0,0.0,56.7,34.31,7.85,11,0,124.505,3.1103,1,0.0,0.0,0.567,0.75,19.453,0.4,waspada
22.696,36.863,120.62,72.54,6.84,16.06,11,0,0.0,2.6687,3,22.696,12.2875,0.7254,0.55,4.963,0.5,siaga
61.191,146.015,394.586,85.04,26.11,14.83,11,0,0.0,1.285,0,61.191,48.6717,0.8504,0.75,22.207,0.75,awas
0.0,0.0,0.0,87.8,16.51,16.71,5,0,110.236,2.4486,1,0.0,0.0,0.878,0.85,14.495,0.8,waspada
5.007,9.499,23.495,47.79,16.45,14.39,3,0,47.406,2.5582,3,5.007,3.1665,0.4779,0.75,7.862,0.9,waspada
2.436,6.18,16.037,61.47,7.0,15.66,4,0,7.206,1.1986,2,2.436,2.0599,0.6147,0.15,4.303,0.15,siaga
0.0,0.0,0.0,31.58,33.27,8.8,5,0,44.08,0.2979,3,0.0,0.0,0.3158,0.75,10.509,0.35,aman
5.73,14.36,63.268,59.75,17.19,2.9,1,0,2.179,2.7218,1,5.73,4.7866,0.5975,0.35,10.274,0.5,waspada
57.391,134.416,441.324,97.29,25.26,7.57,7,1,119.316,2.7456,1,57.391,44.8053,0.9729,0.35,24.573,0.1,awas
66.621,121.586,261.094,76.11,18.73,23.13,6,1,44.16,0.127,0,66.621,40.5287,0.7611,0.85,14.254,0.85,siaga
0.899,1.927,6.603,58.84,3.52,24.79,1,0,156.8,0.1646,2,0.899,0.6422,0.5884,0.35,2.073,0.25,waspada
4.553,11.657,39.813,35.9,37.82,30.22,7,1,75.264,1.8116,2,4.553,3.8856,0.359,0.55,13.577,0.85,waspada
0.0,0.0,0.0,72.63,32.21,15.34,7,1,49.854,1.9918,2,0.0,0.0,0.7263,0.35,23.395,0.4,waspada
4.096,7.513,31.278,74.72,22.56,3.61,4,0,90.798,0.05,0,4.096,2.5043,0.7472,0.75,16.855,0.4,waspada
71.475,167.52,361.883,57.04,2.2,19.85,6,1,7.4,1.5228,3,71.475,55.8401,0.5704,0.15,1.256,0.15,awas
3.961,6.686,30.518,96.82,8.49,29.57,4,0,41.99,2.419,1,3.961,2.2286,0.9682,0.55,8.219,0.1,waspada
2.662,7.85,31.528,41.09,32.72,21.94,3,0,0.0,2.4795,1,2.662,2.6166,0.4109,0.75,13.447,0.65,waspada
0.0,0.0,0.0,80.31,32.44,15.72,7,1,83.788,1.826,3,0.0,0.0,0.8031,0.85,26.054,0.9,waspada
7.147,12.814,59.381,32.71,9.76,24.82,6,1,147.477,0.05,2,7.147,4.2712,0.3271,0.35,3.191,0.55,waspada
2.458,3.803,11.885,61.18,29.84,32.62,12,0,21.469,1.6296,3,2.458,1.2678,0.6118,0.55,18.256,0.1,waspada
0.0,0.0,0.0,57.81,8.75,33.39,11,0,122.471,1.6945,0,0.0,0.0,0.5781,0.55,5.061,0.6,waspada
17.323,34.708,80.54,65.26,37.98,13.22,10,0,7.371,1.6675,1,17.323,11.5694,0.6526,0.85,24.787,0.2,waspada
0.0,0.0,0.0,50.78,23.83,13.62,10,0,129.335,2.0515,1,0.0,0.0,0.5078,1.0,12.103,0.8,aman
5.718,14.575,69.919,58.84,8.27,4.74,2,0,99.645,0.6385,3,5.718,4.8584,0.5884,0.15,4.867,0.35,siaga
139.49,249.034,598.594,48.93,24.87,30.24,3,0,107.43,2.7585,2,139.49,83.0114,0.4893,0.75,12.167,0.25,siaga
0.0,0.0,0.0,57.38,11.09,26.62,6,1,76.86,0.6881,3,0.0,0.0,0.5738,0.75,6.36,0.35,waspada
54.723,113.64,318.039,58.3,11.89,19.29,7,1,83.73,0.7221,1,54.723,37.88,0.583,0.85,6.932,0.45,siaga
4.257,6.851,22.117,31.86,19.29,18.9,9,1,69.624,2.0677,1,4.257,2.2837,0.3186,0.75,6.146,0.7,waspada
5.548,10.961,36.943,52.64,11.57,2.19,7,1,36.184,0.05,1,5.548,3.6535,0.5264,0.85,6.089,0.25,waspada
8.945,14.008,55.613,32.51,9.81,30.26,7,1,47.381,2.4884,3,8.945,4.6693,0.3251,0.85,3.188,0.4,waspada
0.0,0.0,0.0,96.8,25.6,9.74,11,0,120.876,2.2189,2,0.0,0.0,0.968,0.75,24.783,0.5,waspada
0.0,0.0,0.0,74.36,27.81,23.45,2,0,75.249,0.05,2,0.0,0.0,0.7436,0.75,20.675,0.55,waspada
0.0,0.0,0.0,78.19,24.56,31.08,6,1,135.438,0.0968,2,0.0,0.0,0.7819,0.55,19.205,0.2,waspada
0.0,0.0,0.0,70.56,13.16,1.93,4,0,136.543,1.5916,2,0.0,0.0,0.7056,0.15,9.285,0.3,siaga
0.0,0.0,0.0,36.14,31.26,27.34,6,1,146.436,1.1088,2,0.0,0.0,0.3614,0.55,11.298,0.15,waspada
0.0,0.0,0.0,77.7,8.31,27.76,3,0,92.317,2.0054,2,0.0,0.0,0.777,0.85,6.456,0.3,waspada
0.0,0.0,0.0,82.76,22.23,5.7,5,0,0.0,0.2657,3,0.0,0.0,0.8276,0.75,18.394,0.35,waspada
2.946,7.564,30.826,42.88,14.93,1.66,7,1,151.202,4.1143,2,2.946,2.5215,0.4288,0.55,6.402,0.9,waspada
3.276,8.333,22.067,53.14,27.66,5.71,1,0,121.227,2.7913,2,3.276,2.7776,0.5314,0.55,14.697,0.35,waspada
0.0,0.0,0.0,36.26,12.77,22.63,9,1,59.175,1.2368,2,0.0,0.0,0.3626,0.35,4.63,0.6,waspada
31.494,53.902,123.224,56.3,13.47,23.17,12,0,195.349,1.7593,1,31.494,17.9672,0.563,0.75,7.585,0.6,siaga
0.0,0.0,0.0,87.61,22.96,27.07,11,0,24.047,3.0583,3,0.0,0.0,0.8761,0.75,20.117,0.15,waspada
0.0,0.0,0.0,33.47,9.9,3.64,5,0,61.436,2.194,0,0.0,0.0,0.3347,0.55,3.315,0.7,waspada
0.0,0.0,0.0,81.06,13.21,6.14,5,0,63.512,2.5275,1,0.0,0.0,0.8106,0.85,10.704,0.15,waspada
13.432,32.367,71.847,56.83,6.61,21.94,10,0,15.198,0.05,2,13.432,10.7891,0.5683,0.15,3.757,0.4,siaga
16.357,29.27,85.278,35.87,28.47,26.39,4,0,11.405,2.839,3,16.357,9.7567,0.3587,0.55,10.212,0.5,waspada
6.362,9.57,45.854,81.25,4.35,11.72,9,1,0.0,0.345,2,6.362,3.1899,0.8125,0.75,3.532,0.9,waspada
11.432,20.925,80.581,30.04,13.39,16.98,12,0,81.815,0.7005,2,11.432,6.9749,0.3004,0.75,4.023,0.8,waspada
0.0,0.0,0.0,38.17,6.41,27.01,11,0,0.0,0.05,2,0.0,0.0,0.3817,0.35,2.445,0.35,waspada
109.605,166.128,363.25,70.58,2.79,2.47,12,0,45.465,1.2643,2,109.605,55.3761,0.7058,0.55,1.967,0.7,awas
4.55,10.494,48.918,36.72,13.52,12.14,3,0,159.248,0.7608,3,4.55,3.4979,0.3672,0.55,4.963,0.7,waspada
42.886,103.601,317.149,93.76,11.14,25.62,1,0,94.593,1.5752,1,42.886,34.5338,0.9376,0.55,10.441,0.4,awas
8.145,20.085,54.557,80.56,34.0,8.36,1,0,6.508,0.9946,2,8.145,6.695,0.8056,0.85,27.386,0.2,waspada
0.0,0.0,0.0,44.99,4.54,2.88,9,1,80.097,2.4178,1,0.0,0.0,0.4499,0.35,2.043,0.4,waspada
0.0,0.0,0.0,83.89,22.38,20.32,9,1,119.617,1.9356,2,0.0,0.0,0.8389,0.55,18.773,0.1,waspada
0.0,0.0,0.0,95.92,24.31,9.9,3,0,0.0,2.8576,0,0.0,0.0,0.9592,0.75,23.317,0.65,waspada
0.0,0.0,0.0,81.68,9.39,20.9,4,0,101.536,0.2088,3,0.0,0.0,0.8168,0.75,7.668,0.1,waspada
5.071,11.311,46.797,57.63,35.28,13.28,9,1,156.036,3.8833,1,5.071,3.7705,0.5763,0.55,20.333,0.6,waspada
6.156,12.805,38.053,90.64,28.22,25.19,10,0,29.857,1.3506,1,6.156,4.2682,0.9064,1.0,25.577,0.55,waspada
0.0,0.0,0.0,53.35,29.46,10.96,6,1,31.294,1.678,2,0.0,0.0,0.5335,1.0,15.715,0.8,waspada
7.338,15.978,55.745,50.83,31.52,5.0,8,1,0.0,2.1141,2,7.338,5.3258,0.5083,0.55,16.025,0.35,waspada
0.0,0.0,0.0,31.12,18.65,12.46,12,0,0.0,3.2598,2,0.0,0.0,0.3112,0.75,5.804,0.5,aman
6.406,16.487,51.055,66.95,5.97,0.69,6,1,97.383,1.1149,1,6.406,5.4957,0.6695,0.55,3.998,0.2,waspada
6.898,14.592,54.627,39.04,22.8,13.65,2,0,68.507,1.9791,1,6.898,4.864,0.3904,0.55,8.902,0.1,waspada
135.527,263.135,479.359,95.38,25.78,24.62,10,0,43.275,0.05,2,135.527,87.7118,0.9538,0.35,24.592,0.2,awas
0.0,0.0,0.0,35.74,28.95,4.04,1,0,149.525,2.9719,1,0.0,0.0,0.3574,0.55,10.346,0.25,waspada
0.0,0.0,0.0,41.61,35.83,6.61,5,0,71.976,3.7732,1,0.0,0.0,0.4161,0.35,14.907,0.5,waspada
2.656,4.022,8.855,34.14,20.0,32.3,3,0,67.48,0.4756,2,2.656,1.3407,0.3414,0.75,6.827,0.4,waspada
0.0,0.0,0.0,73.73,35.34,16.83,8,1,37.404,2.4617,2,0.0,0.0,0.7373,0.85,26.055,0.5,waspada
19.474,43.75,140.29,47.14,6.41,4.28,11,0,67.576,1.7754,2,19.474,14.5835,0.4714,0.75,3.02,0.15,waspada
41.574,102.699,341.297,42.61,5.06,16.03,6,1,59.063,3.1382,0,41.574,34.2331,0.4261,1.0,2.156,0.1,waspada
0.0,0.0,0.0,33.11,5.79,27.43,4,0,84.701,1.2468,0,0.0,0.0,0.3311,0.75,1.917,0.85,waspada
0.0,0.0,0.0,88.64,6.59,16.05,12,0,191.491,1.461,3,0.0,0.0,0.8864,0.85,5.843,0.65,waspada
6.511,17.767,37.287,34.17,34.74,17.37,12,0,83.937,0.5227,3,6.511,5.9222,0.3417,0.85,11.869,0.4,waspada
0.0,0.0,0.0,89.08,22.03,18.94,11,0,65.616,1.7693,3,0.0,0.0,0.8908,0.75,19.625,0.25,waspada
113.805,169.722,384.379,93.02,14.42,8.47,6,1,40.631,2.8155,2,113.805,56.5741,0.9302,0.15,13.417,0.45,awas
0.0,0.0,0.0,76.71,24.86,25.39,11,0,29.16,0.4225,1,0.0,0.0,0.7671,0.85,19.067,0.25,waspada
0.0,0.0,0.0,43.26,23.53,34.41,8,1,159.145,1.4678,2,0.0,0.0,0.4326,0.85,10.178,0.9,aman
0.0,0.0,0.0,64.02,4.76,8.56,12,0,0.0,1.2722,1,0.0,0.0,0.6402,0.75,3.047,0.3,waspada
0.0,0.0,0.0,39.82,29.36,7.97,4,0,54.989,1.3512,2,0.0,0.0,0.3982,0.75,11.69,0.55,waspada
0.0,0.0,0.0,84.92,37.47,4.26,7,1,112.933,1.1262,2,0.0,0.0,0.8492,1.0,31.818,0.9,waspada
0.813,2.243,9.792,56.81,33.87,23.64,12,0,135.096,3.0356,0,0.813,0.7475,0.5681,0.75,19.243,0.45,waspada
16.583,28.401,74.641,89.84,31.81,34.39,12,0,18.718,0.9015,1,16.583,9.467,0.8984,0.55,28.579,0.4,siaga
0.0,0.0,0.0,64.02,25.44,21.31,10,0,9.596,2.0564,2,0.0,0.0,0.6402,0.75,16.286,0.65,waspada
6.178,13.074,36.001,77.9,7.01,20.22,7,1,48.504,2.9462,2,6.178,4.358,0.779,0.85,5.46,0.3,waspada
0.0,0.0,0.0,76.11,2.37,8.08,6,1,132.201,1.6891,2,0.0,0.0,0.7611,0.35,1.803,0.45,siaga
17.329,28.531,91.468,35.05,25.88,3.87,11,0,46.952,2.0113,2,17.329,9.5104,0.3505,0.55,9.07,0.85,waspada
5.924,10.964,50.149,96.42,21.19,16.86,12,0,109.138,2.1187,1,5.924,3.6547,0.9642,0.75,20.435,0.8,waspada
0.799,1.805,6.983,93.98,13.56,5.73,9,1,52.813,1.271,3,0.799,0.6015,0.9398,0.15,12.748,0.45,siaga
0.0,0.0,0.0,50.14,22.17,14.6,12,0,146.129,2.9639,1,0.0,0.0,0.5014,0.75,11.115,0.15,waspada
15.547,35.484,130.689,54.93,29.56,20.47,8,1,179.13,2.903,0,15.547,11.828,0.5493,0.55,16.241,0.35,waspada
0.0,0.0,0.0,69.88,20.78,12.36,4,0,125.349,0.9376,2,0.0,0.0,0.6988,0.75,14.52,0.25,waspada
6.492,18.391,62.67,65.51,14.92,11.07,12,0,8.369,0.5773,2,6.492,6.1305,0.6551,0.85,9.776,0.9,waspada
95.146,188.229,461.206,34.71,2.73,2.8,11,0,67.01,1.6121,1,95.146,62.7429,0.3471,0.75,0.947,0.5,siaga
24.188,48.95,113.635,62.99,10.82,14.21,5,0,0.0,3.0194,1,24.188,16.3168,0.6299,0.75,6.817,0.9,siaga
4.94,12.917,47.585,41.09,27.68,32.53,11,0,50.462,1.6769,1,4.94,4.3057,0.4109,0.55,11.373,0.85,waspada
21.309,45.995,105.232,42.21,36.23,16.96,9,1,62.995,2.4746,1,21.309,15.3316,0.4221,0.75,15.294,0.2,waspada
0.0,0.0,0.0,31.38,8.08,14.94,7,1,76.427,2.5312,1,0.0,0.0,0.3138,0.75,2.536,0.3,aman
0.0,0.0,0.0,91.52,22.67,26.21,9,1,60.214,2.5056,1,0.0,0.0,0.9152,0.75,20.748,0.1,waspada
0.0,0.0,0.0,74.62,23.36,34.81,6,1,76.926,0.05,2,0.0,0.0,0.7462,0.55,17.435,0.65,waspada
0.0,0.0,0.0,34.35,31.23,21.03,5,0,98.167,1.78,2,0.0,0.0,0.3435,0.55,10.728,0.7,waspada
0.0,0.0,0.0,53.07,15.05,16.07,2,0,73.624,2.5065,3,0.0,0.0,0.5307,0.75,7.987,0.65,waspada
15.446,34.664,80.783,75.19,22.71,24.14,8,1,0.0,1.7651,0,15.446,11.5547,0.7519,1.0,17.074,0.7,waspada
6.765,10.82,28.679,90.49,22.61,7.61,6,1,108.641,0.05,3,6.765,3.6067,0.9049,0.85,20.459,0.8,waspada
0.0,0.0,0.0,52.63,22.91,32.0,9,1,36.327,1.0936,0,0.0,0.0,0.5263,0.85,12.054,0.1,waspada
0.0,0.0,0.0,78.24,17.69,23.73,6,1,140.665,2.6118,3,0.0,0.0,0.7824,0.55,13.845,0.1,waspada
26.507,62.989,147.639,43.63,25.12,25.88,3,0,41.872,0.05,1,26.507,20.9962,0.4363,0.85,10.958,0.8,siaga
0.0,0.0,0.0,45.74,13.46,26.56,11,0,72.214,2.7139,3,0.0,0.0,0.4574,0.75,6.154,0.15,waspada
0.0,0.0,0.0,47.94,8.78,2.95,7,1,192.246,2.1358,2,0.0,0.0,0.4794,0.75,4.21,0.5,waspada
0.0,0.0,0.0,77.05,8.34,2.63,4,0,23.871,1.0535,2,0.0,0.0,0.7705,0.55,6.423,0.25,waspada
0.0,0.0,0.0,47.51,34.48,34.59,5,0,144.705,1.195,1,0.0,0.0,0.4751,0.75,16.383,0.1,waspada
2.994,7.919,22.272,33.78,36.56,20.74,4,0,0.0,2.7134,2,2.994,2.6396,0.3378,0.55,12.349,0.25,waspada
0.0,0.0,0.0,65.27,15.54,32.15,1,0,94.085,0.05,2,0.0,0.0,0.6527,0.75,10.145,0.8,waspada
0.0,0.0,0.0,78.55,7.41,6.34,12,0,29.666,3.8367,2,0.0,0.0,0.7855,0.55,5.821,0.9,waspada
0.0,0.0,0.0,57.42,9.94,11.48,10,0,80.37,1.7167,2,0.0,0.0,0.5742,0.55,5.71,0.35,waspada
56.035,91.598,297.996,78.68,7.69,24.06,6,1,54.536,2.5474,3,56.035,30.5327,0.7868,0.75,6.053,0.4,siaga
41.352,80.866,271.74,69.46,22.48,11.46,7,1,42.057,2.5253,2,41.352,26.9552,0.6946,0.55,15.618,0.45,awas
98.813,159.034,332.368,93.69,15.52,14.79,11,0,97.267,0.0511,3,98.813,53.0113,0.9369,0.75,14.544,0.65,awas
0.0,0.0,0.0,72.95,8.83,1.13,2,0,0.47,0.4961,1,0.0,0.0,0.7295,0.75,6.441,0.7,waspada
0.0,0.0,0.0,48.65,24.78,3.84,5,0,80.484,1.7038,2,0.0,0.0,0.4865,0.85,12.055,0.85,waspada
38.758,93.777,252.138,83.73,32.68,25.05,12,0,75.082,0.2936,1,38.758,31.2589,0.8373,0.85,27.365,0.6,siaga
0.0,0.0,0.0,54.37,26.14,28.72,6,1,155.616,1.7462,2,0.0,0.0,0.5437,0.75,14.21,0.85,waspada
19.757,31.933,89.082,38.14,18.14,17.48,5,0,150.706,2.0482,2,19.757,10.6442,0.3814,0.85,6.92,0.8,waspada
7.962,16.505,37.464,74.93,13.19,33.79,3,0,90.545,1.4503,3,7.962,5.5015,0.7493,0.75,9.881,0.7,waspada
125.392,229.422,378.165,89.98,28.91,5.73,6,1,131.774,1.8414,1,125.392,76.474,0.8998,0.75,26.016,0.85,awas
0.0,0.0,0.0,73.06,8.48,22.52,12,0,0.0,2.2281,1,0.0,0.0,0.7306,0.75,6.196,0.85,waspada
0.0,0.0,0.0,66.86,16.85,16.67,1,0,84.788,2.1128,3,0.0,0.0,0.6686,0.35,11.268,0.85,waspada
0.757,1.822,8.165,41.28,32.79,22.48,11,0,105.623,1.7052,2,0.757,0.6074,0.4128,0.55,13.536,0.2,waspada
0.0,0.0,0.0,48.91,3.18,6.61,12,0,22.492,0.3485,2,0.0,0.0,0.4891,0.15,1.553,0.2,waspada
21.352,34.998,91.735,38.21,15.03,29.23,5,0,79.027,1.0167,3,21.352,11.666,0.3821,0.85,5.743,0.35,waspada
4.038,9.531,42.872,66.16,27.49,28.18,4,0,67.246,1.9255,1,4.038,3.177,0.6616,0.85,18.184,0.25,waspada
58.594,130.211,355.45,45.39,34.84,8.63,8,1,219.431,1.2505,1,58.594,43.4037,0.4539,1.0,15.815,0.1,siaga
0.0,0.0,0.0,52.06,8.28,33.9,5,0,0.0,2.3509,0,0.0,0.0,0.5206,0.55,4.309,0.15,waspada
0.0,0.0,0.0,48.99,6.96,18.34,12,0,41.823,0.05,1,0.0,0.0,0.4899,0.75,3.41,0.2,waspada
7.532,15.747,70.017,70.59,31.76,3.82,2,0,99.086,0.05,1,7.532,5.2489,0.7059,0.75,22.421,0.65,waspada
27.903,65.983,219.294,39.26,31.01,28.47,11,0,0.0,0.7924,0,27.903,21.9945,0.3926,0.35,12.175,0.75,siaga
0.0,0.0,0.0,41.11,9.81,34.49,12,0,32.536,2.2987,0,0.0,0.0,0.4111,0.75,4.032,0.2,waspada
0.0,0.0,0.0,84.94,9.12,0.42,11,0,65.962,1.4235,2,0.0,0.0,0.8494,1.0,7.743,0.6,waspada
3.002,6.036,24.872,91.42,11.22,1.91,9,1,132.345,2.762,3,3.002,2.012,0.9142,0.75,10.257,0.4,waspada
0.0,0.0,0.0,58.57,35.2,26.24,2,0,85.903,1.1738,2,0.0,0.0,0.5857,0.55,20.618,0.15,waspada
15.318,31.318,83.091,65.51,26.25,17.55,7,1,145.542,2.7076,0,15.318,10.4393,0.6551,0.55,17.197,0.55,siaga
15.869,33.556,124.815,41.93,10.23,32.18,10,0,127.784,1.2293,0,15.869,11.1853,0.4193,0.75,4.288,0.5,waspada
1.735,4.125,17.391,65.82,5.15,13.15,11,0,4.627,1.8294,1,1.735,1.375,0.6582,0.75,3.39,0.75,waspada
22.433,41.312,162.529,69.78,2.51,10.36,2,0,0.0,2.4009,2,22.433,13.7706,0.6978,0.05,1.748,0.75,awas
19.929,47.699,126.167,52.42,33.67,30.06,10,0,71.321,2.9664,3,19.929,15.8997,0.5242,0.35,17.652,0.55,siaga
55.836,101.628,242.497,41.05,10.3,30.18,2,0,207.333,2.463,0,55.836,33.8761,0.4105,1.0,4.227,0.2,waspada
0.0,0.0,0.0,75.91,9.03,19.76,3,0,64.561,1.6295,3,0.0,0.0,0.7591,0.55,6.857,0.6,waspada
0.0,0.0,0.0,81.34,25.89,33.06,7,1,92.018,3.2992,2,0.0,0.0,0.8134,0.75,21.06,0.35,waspada
12.121,21.015,78.303,80.95,25.6,12.0,9,1,75.881,3.1603,0,12.121,7.0049,0.8095,0.35,20.72,0.7,siaga
101.271,152.302,230.85,66.13,24.72,34.67,4,0,0.0,3.4291,0,101.271,50.7673,0.6613,0.85,16.352,0.55,siaga
3.153,6.29,18.299,62.99,17.71,16.1,3,0,103.033,1.186,1,3.153,2.0966,0.6299,0.55,11.153,0.5,waspada
0.0,0.0,0.0,54.27,28.33,14.79,1,0,128.024,0.4375,3,0.0,0.0,0.5427,0.75,15.373,0.45,waspada
0.0,0.0,0.0,87.88,23.98,12.47,5,0,15.918,2.1232,2,0.0,0.0,0.8788,0.85,21.071,0.55,waspada
23.253,41.783,165.176,31.59,11.9,9.86,5,0,129.933,0.1638,2,23.253,13.9277,0.3159,0.55,3.76,0.25,waspada
20.68,35.763,84.47,90.74,24.78,1.53,1,0,140.869,1.1841,2,20.68,11.921,0.9074,1.0,22.484,0.7,siaga
0.0,0.0,0.0,44.73,12.26,30.64,6,1,141.476,0.9635,1,0.0,0.0,0.4473,0.75,5.484,0.9,waspada
1.792,4.112,14.238,96.77,37.57,27.06,3,0,0.0,1.9318,2,1.792,1.3705,0.9677,0.55,36.361,0.2,siaga
0.0,0.0,0.0,39.81,26.52,1.01,11,0,63.317,3.8315,1,0.0,0.0,0.3981,0.35,10.556,0.15,waspada
0.0,0.0,0.0,54.33,34.95,22.69,9,1,248.383,0.05,1,0.0,0.0,0.5433,1.0,18.987,0.4,aman
0.0,0.0,0.0,97.4,30.4,24.84,1,0,100.0,1.6417,0,0.0,0.0,0.974,0.55,29.608,0.9,siaga
24.867,58.35,147.851,62.4,27.27,30.31,3,0,4.054,1.4781,0,24.867,19.4501,0.624,0.35,17.013,0.45,siaga
7.556,12.398,27.785,40.46,15.08,16.71,12,0,24.035,2.1588,0,7.556,4.1327,0.4046,0.55,6.103,0.9,waspada
23.448,38.584,77.367,92.45,25.8,16.65,12,0,148.989,1.8189,3,23.448,12.8613,0.9245,1.0,23.849,0.15,waspada
0.0,0.0,0.0,44.88,37.31,28.88,3,0,62.963,1.135,2,0.0,0.0,0.4488,0.55,16.745,0.65,waspada
0.0,0.0,0.0,63.19,22.19,7.05,12,0,44.48,0.5615,2,0.0,0.0,0.6319,1.0,14.022,0.6,waspada
0.0,0.0,0.0,60.96,22.1,13.78,8,1,16.245,1.1333,2,0.0,0.0,0.6096,0.75,13.472,0.9,waspada
0.0,0.0,0.0,50.08,30.9,29.73,9,1,126.263,1.1058,3,0.0,0.0,0.5008,0.85,15.473,0.25,waspada
0.0,0.0,0.0,80.46,6.92,3.93,10,0,128.679,1.8041,1,0.0,0.0,0.8046,0.75,5.566,0.45,waspada
0.0,0.0,0.0,47.5,27.93,34.92,7,1,23.941,0.3716,3,0.0,0.0,0.475,0.75,13.269,0.6,waspada
3.418,9.209,20.332,56.44,13.48,18.88,6,1,0.0,2.7152,2,3.418,3.0697,0.5644,0.85,7.607,0.85,waspada
10.579,17.306,38.356,52.06,11.23,4.23,4,0,144.027,2.4699,3,10.579,5.7687,0.5206,0.55,5.846,0.2,waspada
8.351,17.945,39.246,38.84,26.93,25.18,6,1,71.489,2.3258,3,8.351,5.9816,0.3884,0.35,10.46,0.65,waspada
0.0,0.0,0.0,43.47,28.19,32.83,1,0,136.251,1.6239,3,0.0,0.0,0.4347,1.0,12.253,0.3,aman
0.0,0.0,0.0,67.08,8.4,28.09,5,0,59.575,1.7294,2,0.0,0.0,0.6708,0.35,5.637,0.6,siaga
2.973,4.62,22.093,77.9,26.24,11.05,1,0,181.83,2.3736,3,2.973,1.5401,0.779,1.0,20.443,0.85,waspada
53.337,114.42,367.245,52.31,34.68,1.54,4,0,0.0,1.0119,0,53.337,38.14,0.5231,0.35,18.139,0.85,awas
1.027,2.226,9.711,63.83,33.44,23.89,4,0,102.291,0.3725,2,1.027,0.7421,0.6383,0.55,21.343,0.9,waspada
0.0,0.0,0.0,61.56,24.75,25.07,12,0,111.863,0.05,1,0.0,0.0,0.6156,0.85,15.237,0.7,waspada
116.965,189.492,381.935,54.95,15.67,13.51,11,0,95.692,2.5143,1,116.965,63.1639,0.5495,1.0,8.61,0.55,siaga
0.0,0.0,0.0,32.7,11.7,15.56,9,1,92.225,1.013,2,0.0,0.0,0.327,0.55,3.826,0.55,waspada
0.0,0.0,0.0,92.12,28.46,34.27,1,0,107.738,0.05,0,0.0,0.0,0.9212,0.75,26.222,0.75,waspada
0.697,1.451,5.057,38.99,6.75,26.69,3,0,0.0,1.0782,1,0.697,0.4837,0.3899,1.0,2.631,0.75,waspada
0.0,0.0,0.0,56.52,17.94,21.71,11,0,49.915,1.5772,1,0.0,0.0,0.5652,1.0,10.141,0.7,waspada
14.95,24.697,90.605,97.92,14.74,29.43,6,1,113.154,0.05,3,14.95,8.2324,0.9792,1.0,14.438,0.45,waspada
5.707,17.074,62.044,91.03,4.42,18.87,1,0,46.677,3.5585,1,5.707,5.6914,0.9103,0.55,4.024,0.4,siaga
8.4,16.409,36.002,83.35,24.01,24.32,8,1,127.642,1.1287,1,8.4,5.4697,0.8335,0.75,20.014,0.45,waspada
0.0,0.0,0.0,60.63,9.23,1.0,4,0,143.888,0.852,1,0.0,0.0,0.6063,1.0,5.599,0.35,waspada
0.0,0.0,0.0,97.95,2.6,10.55,4,0,50.125,1.8388,0,0.0,0.0,0.9795,1.0,2.547,0.7,waspada
127.311,220.875,332.965,30.29,34.42,2.52,7,1,152.0,2.9749,2,127.311,73.6251,0.3029,0.85,10.425,0.55,siaga
3.236,8.862,40.797,64.86,34.03,4.06,3,0,28.257,0.6047,1,3.236,2.9539,0.6486,0.55,22.072,0.6,waspada
17.771,34.609,116.151,57.33,32.53,26.4,12,0,80.697,0.2004,2,17.771,11.5362,0.5733,0.55,18.65,0.55,siaga
0.0,0.0,0.0,30.87,29.61,5.18,4,0,25.869,2.0476,2,0.0,0.0,0.3087,0.75,9.141,0.9,waspada
2.074,3.618,16.621,51.0,17.81,30.69,5,0,127.112,0.0838,0,2.074,1.2059,0.51,0.35,9.084,0.25,waspada
116.552,217.151,437.194,59.77,11.63,33.77,4,0,0.0,0.3249,3,116.552,72.3838,0.5977,0.75,6.948,0.2,siaga
0.0,0.0,0.0,48.67,20.09,2.01,3,0,86.75,0.9422,1,0.0,0.0,0.4867,0.85,9.776,0.15,waspada
18.454,30.414,83.071,52.23,11.96,32.58,10,0,82.793,1.2139,0,18.454,10.1379,0.5223,0.55,6.245,0.75,siaga
9.526,16.148,53.596,63.07,7.75,21.74,10,0,74.25,2.1053,3,9.526,5.3826,0.6307,0.75,4.888,0.65,waspada
0.0,0.0,0.0,38.19,24.9,11.95,5,0,113.14,1.8373,2,0.0,0.0,0.3819,0.85,9.508,0.6,waspada
3.597,6.252,24.03,54.49,29.87,9.55,3,0,89.323,1.4196,2,3.597,2.084,0.5449,0.75,16.275,0.35,waspada
0.0,0.0,0.0,49.39,19.71,25.67,6,1,47.529,4.157,3,0.0,0.0,0.4939,0.35,9.733,0.3,waspada
0.0,0.0,0.0,47.32,19.19,6.63,7,1,15.051,1.5708,0,0.0,0.0,0.4732,0.75,9.08,0.5,waspada
6.556,15.407,74.196,45.8,4.24,30.4,3,0,123.387,0.7802,1,6.556,5.1357,0.458,0.55,1.943,0.6,waspada
0.0,0.0,0.0,51.67,22.35,31.86,7,1,18.426,2.4351,2,0.0,0.0,0.5167,0.75,11.549,0.8,waspada
1.97,3.126,9.75,36.05,30.39,29.86,12,0,88.036,1.7442,2,1.97,1.042,0.3605,0.85,10.958,0.85,waspada
46.41,70.194,158.193,51.07,26.87,31.9,12,0,69.974,2.2067,1,46.41,23.3981,0.5107,1.0,13.72,0.85,siaga
28.904,51.29,178.986,32.75,27.51,29.41,11,0,96.421,0.4908,1,28.904,17.0966,0.3275,0.85,9.008,0.55,waspada
0.0,0.0,0.0,47.44,21.5,2.73,7,1,1.758,2.5205,0,0.0,0.0,0.4744,0.75,10.198,0.8,waspada
0.0,0.0,0.0,73.25,31.88,24.23,7,1,85.809,1.4178,3,0.0,0.0,0.7325,1.0,23.353,0.2,waspada
0.0,0.0,0.0,96.5,5.98,5.64,1,0,123.223,2.1636,3,0.0,0.0,0.965,1.0,5.767,0.85,waspada
19.68,40.134,145.839,67.12,4.06,3.66,9,1,138.742,2.933,1,19.68,13.3779,0.6712,0.35,2.726,0.5,siaga
14.823,28.376,77.177,82.76,6.25,24.29,12,0,0.0,1.4392,1,14.823,9.4588,0.8276,1.0,5.169,0.65,waspada
5.806,10.867,27.468,51.19,6.6,9.2,7,1,50.121,2.163,2,5.806,3.6223,0.5119,0.85,3.38,0.1,waspada
100.886,131.995,268.972,55.96,24.79,24.53,7,1,41.867,2.1323,3,100.886,43.9982,0.5596,0.35,13.871,0.8,awas
0.0,0.0,0.0,53.17,27.8,28.27,5,0,151.954,1.4575,2,0.0,0.0,0.5317,0.55,14.785,0.4,waspada
0.0,0.0,0.0,50.18,13.43,4.02,2,0,199.384,0.963,1,0.0,0.0,0.5018,0.75,6.739,0.5,waspada
1.41,4.167,10.013,83.97,35.56,26.5,12,0,27.984,2.4186,3,1.41,1.389,0.8397,0.55,29.861,0.8,siaga
0.0,0.0,0.0,35.97,31.16,30.05,9,1,89.044,3.477,2,0.0,0.0,0.3597,0.75,11.208,0.1,aman
67.048,165.658,387.889,72.35,6.0,24.82,5,0,120.32,3.1823,2,67.048,55.2193,0.7235,1.0,4.339,0.3,siaga
0.0,0.0,0.0,56.95,24.29,22.37,12,0,84.96,0.941,2,0.0,0.0,0.5695,0.75,13.833,0.5,waspada
0.0,0.0,0.0,52.67,26.6,22.09,8,1,127.318,0.7825,2,0.0,0.0,0.5267,0.75,14.009,0.45,waspada
0.0,0.0,0.0,69.8,32.66,0.82,12,0,141.844,0.3961,1,0.0,0.0,0.698,0.35,22.797,0.1,waspada
0.0,0.0,0.0,56.94,30.73,33.24,6,1,16.299,0.2212,1,0.0,0.0,0.5694,0.75,17.498,0.25,waspada
0.0,0.0,0.0,89.59,8.0,12.58,6,1,38.044,1.2969,2,0.0,0.0,0.8959,0.55,7.167,0.85,siaga
15.465,25.27,76.796,89.1,8.44,21.91,12,0,103.354,0.8753,2,15.465,8.4234,0.891,0.75,7.524,0.3,siaga
4.926,14.662,59.316,43.75,14.57,11.14,6,1,149.735,1.9234,2,4.926,4.8872,0.4375,0.75,6.375,0.25,waspada
0.0,0.0,0.0,78.07,20.94,6.23,3,0,67.938,2.7576,1,0.0,0.0,0.7807,0.35,16.347,0.85,siaga
1.367,2.253,8.608,31.14,5.28,19.25,12,0,33.166,0.8458,1,1.367,0.751,0.3114,0.75,1.643,0.25,waspada
62.194,108.485,364.741,41.49,15.04,13.14,2,0,9.584,1.8843,0,62.194,36.1615,0.4149,0.35,6.238,0.55,awas
43.44,92.357,205.325,32.47,9.12,19.27,11,0,138.042,2.2987,1,43.44,30.7855,0.3247,0.55,2.961,0.5,siaga
58.303,142.25,321.143,75.51,33.41,18.77,4,0,151.477,0.5165,2,58.303,47.4168,0.7551,0.55,25.224,0.5,siaga
21.5,37.339,108.038,38.09,22.25,30.61,3,0,127.96,0.1905,2,21.5,12.4465,0.3809,0.05,8.474,0.9,siaga
0.0,0.0,0.0,33.75,18.21,2.48,2,0,86.437,0.8695,3,0.0,0.0,0.3375,0.75,6.145,0.3,waspada
7.757,17.092,43.029,60.72,20.97,19.13,7,1,37.308,1.9796,2,7.757,5.6975,0.6072,0.35,12.732,0.7,siaga
0.0,0.0,0.0,37.17,35.83,13.44,8,1,61.13,1.1414,3,0.0,0.0,0.3717,0.35,13.317,0.45,waspada
0.0,0.0,0.0,58.42,8.82,1.98,11,0,12.87,1.6883,0,0.0,0.0,0.5842,0.15,5.152,0.75,siaga
12.203,28.871,88.703,90.34,13.13,1.92,9,1,152.45,1.9843,3,12.203,9.6237,0.9034,0.85,11.863,0.15,waspada
2.275,4.505,12.897,48.07,36.13,11.18,5,0,70.81,0.05,2,2.275,1.5015,0.4807,0.35,17.37,0.9,waspada
19.007,42.979,167.486,61.44,9.37,33.69,7,1,69.372,2.5546,1,19.007,14.3262,0.6144,0.55,5.756,0.55,siaga
0.0,0.0,0.0,50.62,36.22,32.26,6,1,9.806,3.3359,3,0.0,0.0,0.5062,0.55,18.335,0.35,waspada
20.081,49.825,120.697,79.61,32.39,18.34,6,1,26.947,2.4288,1,20.081,16.6083,0.7961,0.75,25.783,0.9,siaga
0.0,0.0,0.0,76.37,27.31,29.97,4,0,153.105,1.8753,2,0.0,0.0,0.7637,0.75,20.861,0.85,waspada
3.308,5.383,23.025,85.94,13.06,3.32,6,1,64.723,0.9068,1,3.308,1.7945,0.8594,0.75,11.22,0.45,waspada
41.489,73.074,206.083,50.98,18.96,21.87,3,0,98.26,1.7571,1,41.489,24.358,0.5098,0.35,9.668,0.25,siaga
22.697,53.059,177.759,69.67,33.93,21.36,8,1,42.437,1.8384,2,22.697,17.6862,0.6967,0.55,23.639,0.25,siaga
31.956,61.404,134.635,40.14,4.45,1.61,7,1,30.843,2.6569,2,31.956,20.4681,0.4014,0.55,1.785,0.3,siaga
6.556,14.39,63.176,52.1,35.86,0.32,1,0,102.93,0.5929,2,6.556,4.7968,0.521,0.55,18.681,0.15,waspada
16.674,30.959,108.235,53.0,37.17,1.87,6,1,62.668,0.7009,2,16.674,10.3196,0.53,0.55,19.696,0.65,siaga
0.0,0.0,0.0,34.29,21.9,3.16,1,0,135.815,0.05,1,0.0,0.0,0.3429,0.75,7.51,0.25,waspada
0.649,1.728,7.581,37.56,10.51,29.52,12,0,27.167,2.2304,0,0.649,0.5759,0.3756,0.15,3.949,0.4,waspada
10.11,16.946,53.07,32.27,2.52,22.72,2,0,207.047,1.0992,0,10.11,5.6487,0.3227,0.75,0.814,0.85,waspada
4.534,8.61,33.715,41.59,24.55,5.63,10,0,227.343,1.9533,2,4.534,2.87,0.4159,0.55,10.213,0.65,waspada
3.302,5.253,25.736,96.5,25.69,18.23,12,0,138.905,0.3326,2,3.302,1.7509,0.965,0.75,24.792,0.6,waspada
19.618,47.81,170.955,44.29,31.67,3.24,5,0,20.589,1.8691,1,19.618,15.9368,0.4429,0.15,14.026,0.9,siaga
0.0,0.0,0.0,69.74,12.5,21.71,10,0,60.83,2.4477,2,0.0,0.0,0.6974,0.75,8.717,0.4,waspada
134.211,191.579,359.61,41.33,17.74,24.39,8,1,81.332,0.05,2,134.211,63.8598,0.4133,0.55,7.332,0.3,siaga
7.195,16.656,71.142,84.83,27.06,1.79,11,0,41.649,0.9839,1,7.195,5.5521,0.8483,0.75,22.958,0.85,siaga
7.328,13.857,68.28,97.78,24.77,26.26,12,0,33.789,0.5875,2,7.328,4.6191,0.9778,0.85,24.219,0.35,waspada
0.939,1.799,8.703,84.44,19.45,13.03,8,1,84.874,0.05,2,0.939,0.5996,0.8444,0.55,16.427,0.75,waspada
14.523,30.704,66.694,55.86,17.15,20.71,3,0,72.493,1.643,0,14.523,10.2345,0.5586,0.75,9.578,0.45,waspada
2.354,5.672,18.701,49.42,31.09,10.37,12,0,123.993,2.4834,1,2.354,1.8906,0.4942,0.15,15.367,0.25,waspada
22.314,48.972,181.419,96.34,2.73,15.83,8,1,126.962,0.9883,1,22.314,16.324,0.9634,0.75,2.633,0.55,siaga
2.636,5.849,28.987,71.93,15.2,10.45,4,0,17.86,1.111,3,2.636,1.9495,0.7193,0.35,10.933,0.25,siaga
0.0,0.0,0.0,90.76,12.61,8.69,4,0,69.984,1.2765,2,0.0,0.0,0.9076,0.75,11.447,0.85,waspada
0.0,0.0,0.0,57.51,19.01,32.74,6,1,106.616,0.8084,1,0.0,0.0,0.5751,0.55,10.932,0.6,waspada
0.0,0.0,0.0,82.17,36.51,22.43,11,0,50.875,1.775,1,0.0,0.0,0.8217,1.0,30.003,0.45,waspada
18.05,35.559,76.131,53.47,27.06,12.94,6,1,88.894,0.6102,2,18.05,11.8529,0.5347,0.35,14.468,0.3,siaga
0.0,0.0,0.0,73.41,10.81,21.56,6,1,176.122,2.7041,1,0.0,0.0,0.7341,0.55,7.938,0.7,waspada
2.684,7.475,18.675,72.41,9.47,29.97,9,1,96.203,1.8935,2,2.684,2.4916,0.7241,0.85,6.855,0.7,waspada
13.887,21.279,60.797,90.34,25.81,30.67,8,1,44.437,0.5706,0,13.887,7.0931,0.9034,0.75,23.321,0.3,siaga
147.107,288.319,610.649,54.27,13.14,33.62,7,1,38.912,1.3716,2,147.107,96.1064,0.5427,0.35,7.132,0.25,siaga
23.062,38.667,148.456,79.89,3.36,25.98,6,1,41.894,1.1788,2,23.062,12.8891,0.7989,0.55,2.686,0.2,siaga
0.0,0.0,0.0,64.66,30.13,30.94,2,0,158.299,0.8865,2,0.0,0.0,0.6466,0.55,19.482,0.65,waspada
1.277,3.578,15.466,74.98,16.15,14.03,9,1,74.174,1.1075,1,1.277,1.1926,0.7498,0.75,12.109,0.55,waspada
0.0,0.0,0.0,41.62,10.66,13.7,3,0,26.438,0.5772,1,0.0,0.0,0.4162,0.75,4.437,0.75,waspada
0.0,0.0,0.0,51.19,13.48,34.0,2,0,82.195,1.5401,1,0.0,0.0,0.5119,0.55,6.903,0.75,waspada
7.386,21.303,83.802,85.6,12.72,29.58,8,1,75.589,1.3842,2,7.386,7.1009,0.856,0.55,10.886,0.5,siaga
24.451,41.141,101.788,63.17,22.66,34.76,6,1,59.205,1.5486,1,24.451,13.7138,0.6317,0.85,14.313,0.7,waspada
0.0,0.0,0.0,61.55,6.94,28.1,5,0,69.933,2.4064,1,0.0,0.0,0.6155,0.75,4.272,0.9,waspada
13.071,28.683,104.411,55.67,5.27,26.4,8,1,54.647,0.05,1,13.071,9.5609,0.5567,0.75,2.933,0.55,waspada
6.731,16.011,45.052,67.13,13.77,6.45,8,1,73.57,1.6983,2,6.731,5.3372,0.6713,0.55,9.245,0.65,waspada
0.0,0.0,0.0,61.25,23.84,5.26,1,0,3.751,0.05,2,0.0,0.0,0.6125,0.35,14.602,0.9,siaga
0.0,0.0,0.0,48.33,32.22,19.36,1,0,43.903,0.3135,3,0.0,0.0,0.4833,0.75,15.571,0.65,waspada
0.0,0.0,0.0,76.95,10.41,15.05,12,0,102.284,3.3806,0,0.0,0.0,0.7695,0.55,8.008,0.9,waspada
19.685,38.553,146.548,80.0,33.66,1.48,1,0,93.708,2.0891,0,19.685,12.8509,0.8,0.55,26.929,0.5,siaga
0.0,0.0,0.0,58.03,19.04,15.12,7,1,160.376,1.5091,2,0.0,0.0,0.5803,0.55,11.05,0.65,waspada
0.0,0.0,0.0,50.42,20.15,31.06,9,1,0.0,3.6028,0,0.0,0.0,0.5042,0.05,10.161,0.65,siaga
0.0,0.0,0.0,97.04,14.4,2.03,2,0,120.226,0.9565,0,0.0,0.0,0.9704,0.55,13.977,0.9,siaga
0.0,0.0,0.0,56.96,20.74,32.59,7,1,24.678,1.5052,3,0.0,0.0,0.5696,0.75,11.815,0.2,waspada
1.498,4.406,15.009,85.96,35.03,33.29,4,0,61.336,0.858,3,1.498,1.4687,0.8596,1.0,30.111,0.45,waspada
0.0,0.0,0.0,55.0,29.93,2.26,1,0,73.26,0.9577,1,0.0,0.0,0.55,0.75,16.46,0.75,waspada
0.0,0.0,0.0,53.14,16.16,1.7,4,0,0.0,1.6487,2,0.0,0.0,0.5314,0.55,8.589,0.75,waspada
0.0,0.0,0.0,61.53,13.82,13.07,8,1,16.201,1.9249,2,0.0,0.0,0.6153,1.0,8.505,0.9,waspada
6.665,15.432,56.013,36.28,10.56,5.19,3,0,117.45,0.4274,2,6.665,5.144,0.3628,0.75,3.83,0.65,waspada
0.0,0.0,0.0,89.38,24.51,30.75,2,0,0.0,1.5158,2,0.0,0.0,0.8938,0.75,21.906,0.35,waspada
0.0,0.0,0.0,75.88,11.52,26.46,8,1,48.815,3.0142,1,0.0,0.0,0.7588,0.85,8.745,0.6,waspada
13.42,21.143,52.214,73.87,35.06,10.67,9,1,135.002,1.215,2,13.42,7.0476,0.7387,1.0,25.901,0.4,waspada
0.0,0.0,0.0,85.28,37.05,26.09,10,0,48.671,0.729,3,0.0,0.0,0.8528,0.85,31.594,0.65,waspada
17.84,36.26,84.861,91.45,12.1,31.03,5,0,0.0,1.1385,1,17.84,12.0868,0.9145,0.85,11.063,0.9,siaga
16.244,35.683,85.702,39.58,36.17,22.04,9,1,92.393,2.076,2,16.244,11.8943,0.3958,0.85,14.316,0.45,waspada
67.896,161.849,360.068,83.85,7.1,28.62,2,0,0.0,3.7907,2,67.896,53.9498,0.8385,0.75,5.95,0.45,awas
2.8,7.606,19.911,92.42,7.51,20.95,11,0,55.295,0.4402,3,2.8,2.5353,0.9242,1.0,6.937,0.9,waspada
0.0,0.0,0.0,72.04,28.71,22.37,5,0,85.061,2.4721,2,0.0,0.0,0.7204,0.55,20.68,0.65,waspada
18.631,39.601,98.986,44.64,33.16,4.48,1,0,0.0,1.688,3,18.631,13.2002,0.4464,0.75,14.801,0.8,waspada
0.0,0.0,0.0,60.11,17.51,6.78,12,0,85.597,2.8199,2,0.0,0.0,0.6011,0.75,10.528,0.85,waspada
1.954,3.63,16.981,39.75,17.3,34.05,7,1,94.045,0.9478,2,1.954,1.2101,0.3975,0.75,6.876,0.35,waspada
0.0,0.0,0.0,81.61,4.8,23.66,12,0,86.642,2.4131,2,0.0,0.0,0.8161,0.85,3.915,0.65,waspada
0.0,0.0,0.0,49.2,12.14,27.77,10,0,115.346,1.744,3,0.0,0.0,0.492,0.75,5.974,0.35,waspada
3.555,8.781,29.334,59.22,3.8,32.92,2,0,66.522,2.2134,3,3.555,2.9271,0.5922,0.75,2.25,0.2,waspada
1.763,5.074,10.931,42.57,31.89,28.0,11,0,92.19,2.8028,1,1.763,1.6914,0.4257,0.35,13.575,0.45,waspada
18.748,31.357,69.681,80.27,12.67,21.54,9,1,81.393,0.8515,2,18.748,10.4524,0.8027,0.75,10.174,0.15,siaga
20.219,41.716,90.018,77.83,12.05,33.76,3,0,47.135,0.933,2,20.219,13.9053,0.7783,0.55,9.38,0.7,siaga
0.0,0.0,0.0,45.02,36.71,1.78,11,0,164.024,2.9622,1,0.0,0.0,0.4502,0.75,16.528,0.3,waspada
8.1,13.613,29.626,57.34,6.55,7.96,6,1,105.393,2.1291,0,8.1,4.5378,0.5734,0.55,3.754,0.45,waspada
26.471,48.974,144.269,69.61,33.14,2.38,3,0,43.576,1.2237,2,26.471,16.3247,0.6961,0.35,23.066,0.8,siaga
0.0,0.0,0.0,41.36,23.59,17.18,7,1,63.175,1.2891,3,0.0,0.0,0.4136,0.75,9.755,0.25,waspada
0.0,0.0,0.0,52.51,22.05,14.39,12,0,151.812,1.1606,2,0.0,0.0,0.5251,0.85,11.58,0.8,waspada
13.764,29.397,73.988,38.69,2.68,26.4,6,1,0.0,0.9678,2,13.764,9.799,0.3869,0.55,1.037,0.15,waspada
0.0,0.0,0.0,44.85,32.72,8.09,9,1,104.984,0.5694,3,0.0,0.0,0.4485,1.0,14.675,0.15,aman
5.412,10.579,37.386,95.61,15.13,16.44,12,0,59.585,0.8774,2,5.412,3.5263,0.9561,0.75,14.469,0.55,siaga
46.386,71.061,175.889,94.44,23.09,11.8,8,1,0.0,0.05,1,46.386,23.687,0.9444,0.85,21.804,0.25,siaga
0.0,0.0,0.0,62.16,14.57,23.24,4,0,0.0,1.4737,3,0.0,0.0,0.6216,0.75,9.06,0.2,waspada
63.525,146.636,403.305,79.99,18.76,9.48,5,0,121.268,0.9365,1,63.525,48.8785,0.7999,0.35,15.008,0.9,awas
0.0,0.0,0.0,97.79,35.15,17.27,9,1,73.784,2.1655,0,0.0,0.0,0.9779,0.75,34.371,0.9,siaga
0.0,0.0,0.0,67.9,33.05,5.89,1,0,170.166,0.1957,2,0.0,0.0,0.679,1.0,22.443,0.55,waspada
0.0,0.0,0.0,59.67,6.27,6.55,4,0,114.682,1.4368,1,0.0,0.0,0.5967,0.85,3.742,0.9,waspada
0.0,0.0,0.0,57.25,35.53,10.49,4,0,99.394,3.3894,2,0.0,0.0,0.5725,0.75,20.338,0.6,waspada
0.0,0.0,0.0,46.87,28.46,24.77,5,0,63.325,0.876,1,0.0,0.0,0.4687,0.85,13.342,0.4,waspada
0.0,0.0,0.0,78.55,22.92,27.33,7,1,110.02,0.05,3,0.0,0.0,0.7855,0.85,18.006,0.55,waspada
0.0,0.0,0.0,69.59,3.49,1.01,8,1,54.366,2.0023,1,0.0,0.0,0.6959,0.55,2.428,0.45,waspada
0.0,0.0,0.0,50.32,30.84,27.04,12,0,147.984,1.7898,2,0.0,0.0,0.5032,0.05,15.515,0.75,siaga
0.0,0.0,0.0,74.83,7.29,5.08,9,1,218.902,0.2656,2,0.0,0.0,0.7483,0.75,5.456,0.85,waspada
0.0,0.0,0.0,37.26,5.35,5.24,7,1,34.575,1.717,2,0.0,0.0,0.3726,0.55,1.993,0.75,waspada
0.0,0.0,0.0,78.67,18.35,29.83,11,0,13.546,0.7843,1,0.0,0.0,0.7867,0.55,14.432,0.55,waspada
0.0,0.0,0.0,73.63,8.05,33.93,10,0,21.785,2.0608,1,0.0,0.0,0.7363,0.55,5.928,0.9,waspada
0.0,0.0,0.0,47.14,16.0,21.65,7,1,4.453,1.1064,0,0.0,0.0,0.4714,0.35,7.542,0.4,waspada
0.0,0.0,0.0,65.85,7.94,21.1,4,0,18.83,0.8521,2,0.0,0.0,0.6585,0.35,5.226,0.9,siaga
75.064,138.127,372.869,67.97,5.87,8.97,6,1,0.0,1.1497,3,75.064,46.0422,0.6797,1.0,3.99,0.3,siaga
6.821,10.782,37.65,80.19,5.9,13.74,10,0,79.742,0.4854,3,6.821,3.594,0.8019,0.75,4.727,0.1,waspada
6.824,16.858,51.177,41.85,36.72,23.63,1,0,84.493,1.9225,3,6.824,5.6193,0.4185,0.75,15.366,0.75,waspada
0.0,0.0,0.0,93.8,37.74,29.64,10,0,133.926,1.5939,1,0.0,0.0,0.938,0.75,35.406,0.2,waspada
140.793,236.493,507.975,57.04,6.39,34.0,3,0,49.676,0.9197,1,140.793,78.8311,0.5704,0.85,3.644,0.15,siaga
6.676,17.259,46.833,65.25,31.77,6.31,10,0,55.395,1.5348,2,6.676,5.753,0.6525,1.0,20.732,0.1,waspada
23.148,49.406,191.186,55.97,31.84,31.79,6,1,66.953,1.3092,1,23.148,16.4685,0.5597,0.55,17.822,0.75,siaga
0.0,0.0,0.0,54.17,21.29,11.41,7,1,84.974,0.5986,1,0.0,0.0,0.5417,0.55,11.532,0.6,waspada
0.0,0.0,0.0,82.21,8.18,18.7,11,0,86.425,2.6458,3,0.0,0.0,0.8221,0.85,6.723,0.7,waspada
0.0,0.0,0.0,83.97,23.52,24.31,12,0,145.275,1.7845,1,0.0,0.0,0.8397,0.55,19.747,0.85,waspada
0.0,0.0,0.0,89.98,25.29,1.69,12,0,141.347,0.3906,3,0.0,0.0,0.8998,0.85,22.759,0.6,waspada
0.0,0.0,0.0,74.64,26.95,33.42,2,0,134.713,0.05,2,0.0,0.0,0.7464,0.75,20.112,0.15,waspada
3.661,9.066,39.203,40.65,20.18,10.47,6,1,155.493,0.05,3,3.661,3.0221,0.4065,0.75,8.203,0.75,waspada
0.0,0.0,0.0,33.13,32.39,8.13,11,0,78.612,1.5379,1,0.0,0.0,0.3313,1.0,10.731,0.65,aman
97.946,186.38,299.666,44.26,6.65,34.37,1,0,60.541,0.2837,1,97.946,62.1267,0.4426,0.75,2.943,0.85,siaga
54.44,106.875,222.694,94.59,10.73,13.66,12,0,63.945,1.2553,2,54.44,35.625,0.9459,0.75,10.145,0.25,awas
0.0,0.0,0.0,59.2,24.05,19.06,6,1,98.04,1.5795,2,0.0,0.0,0.592,0.35,14.235,0.1,waspada
0.0,0.0,0.0,96.44,17.6,21.81,8,1,27.968,2.3604,3,0.0,0.0,0.9644,0.75,16.977,0.2,waspada
4.691,12.82,63.834,95.98,16.25,25.47,3,0,17.777,0.7105,2,4.691,4.2735,0.9598,0.75,15.599,0.5,siaga
13.894,21.574,61.395,66.8,34.91,3.28,7,1,8.053,2.7664,2,13.894,7.1913,0.668,0.55,23.321,0.35,siaga
35.359,61.467,164.628,95.74,27.87,6.64,4,0,85.541,0.6512,3,35.359,20.4888,0.9574,0.55,26.683,0.75,awas
0.0,0.0,0.0,97.76,31.55,31.78,7,1,195.846,2.1345,0,0.0,0.0,0.9776,0.75,30.847,0.65,waspada
0.0,0.0,0.0,86.64,20.14,9.71,9,1,7.174,2.714,1,0.0,0.0,0.8664,0.55,17.452,0.45,waspada
10.825,20.397,71.143,52.29,29.57,6.08,2,0,104.867,1.8223,2,10.825,6.7989,0.5229,0.85,15.46,0.2,waspada
0.0,0.0,0.0,54.19,3.94,8.3,12,0,125.105,1.2955,1,0.0,0.0,0.5419,0.55,2.138,0.7,waspada
54.892,126.211,352.233,41.03,7.97,20.36,2,0,49.033,2.8345,2,54.892,42.0704,0.4103,0.55,3.269,0.75,siaga
0.0,0.0,0.0,36.63,9.93,31.66,8,1,0.911,1.4753,1,0.0,0.0,0.3663,0.85,3.636,0.8,waspada
0.0,0.0,0.0,74.84,33.74,3.66,11,0,56.3,0.6693,2,0.0,0.0,0.7484,0.35,25.252,0.9,siaga
3.65,10.486,25.752,40.26,29.58,13.25,3,0,206.913,2.9691,3,3.65,3.4952,0.4026,0.55,11.907,0.2,waspada
0.0,0.0,0.0,88.62,28.91,23.12,4,0,28.856,1.4638,3,0.0,0.0,0.8862,0.75,25.621,0.75,waspada
9.544,20.433,56.955,33.16,22.62,4.83,9,1,133.898,0.6549,3,9.544,6.811,0.3316,0.85,7.502,0.75,waspada
0.0,0.0,0.0,55.93,34.93,28.7,10,0,37.122,0.8323,1,0.0,0.0,0.5593,0.85,19.533,0.85,waspada
0.0,0.0,0.0,72.01,17.42,30.43,12,0,144.133,1.8532,2,0.0,0.0,0.7201,0.75,12.547,0.25,waspada
0.0,0.0,0.0,43.97,17.75,7.04,11,0,125.95,1.2819,3,0.0,0.0,0.4397,0.55,7.806,0.45,waspada
7.33,16.884,66.81,74.03,25.51,10.31,8,1,71.008,0.05,2,7.33,5.6279,0.7403,1.0,18.883,0.2,waspada
0.0,0.0,0.0,77.39,27.96,21.97,3,0,152.428,1.3009,1,0.0,0.0,0.7739,0.35,21.639,0.7,waspada
101.898,167.871,305.25,97.01,24.88,21.39,11,0,111.681,3.6255,2,101.898,55.957,0.9701,0.75,24.136,0.25,siaga
0.0,0.0,0.0,79.18,10.45,18.7,7,1,71.363,1.6301,0,0.0,0.0,0.7918,0.55,8.27,0.25,waspada
0.0,0.0,0.0,43.85,37.04,26.35,2,0,132.537,2.7145,1,0.0,0.0,0.4385,0.55,16.242,0.4,waspada
2.466,5.287,15.394,66.98,5.36,30.67,10,0,0.0,2.5328,3,2.466,1.7622,0.6698,0.55,3.592,0.75,waspada
6.775,13.353,40.969,97.1,9.11,28.47,1,0,112.47,0.6227,2,6.775,4.451,0.971,0.75,8.843,0.45,waspada
0.0,0.0,0.0,71.08,22.41,26.76,3,0,157.998,0.5407,2,0.0,0.0,0.7108,0.85,15.927,0.25,waspada
4.56,7.039,16.715,72.56,28.69,4.47,11,0,185.416,4.4866,1,4.56,2.3463,0.7256,0.55,20.816,0.4,waspada
4.266,7.197,32.877,83.06,28.17,26.85,9,1,0.0,0.7931,1,4.266,2.3991,0.8306,1.0,23.403,0.2,waspada
0.0,0.0,0.0,55.09,36.84,16.81,11,0,134.365,1.5566,3,0.0,0.0,0.5509,0.55,20.295,0.1,waspada
2.671,4.244,14.167,93.01,13.71,15.03,2,0,130.707,1.7903,1,2.671,1.4146,0.9301,0.85,12.749,0.2,waspada
3.697,6.651,22.209,87.65,21.36,29.41,10,0,45.616,3.4927,1,3.697,2.2169,0.8765,1.0,18.721,0.4,waspada
19.733,38.089,100.433,63.02,33.67,12.16,6,1,130.157,1.787,3,19.733,12.6963,0.6302,0.35,21.215,0.25,siaga
12.359,18.793,47.02,76.14,23.62,16.14,6,1,70.436,2.4597,1,12.359,6.2645,0.7614,0.75,17.985,0.6,waspada
0.0,0.0,0.0,65.27,12.23,14.43,3,0,0.0,2.254,2,0.0,0.0,0.6527,1.0,7.985,0.8,waspada
0.0,0.0,0.0,91.02,36.98,20.09,11,0,36.279,2.707,2,0.0,0.0,0.9102,0.35,33.661,0.55,siaga
6.081,11.503,43.06,44.88,26.17,29.18,1,0,0.0,2.0687,2,6.081,3.8342,0.4488,0.05,11.746,0.85,siaga
0.0,0.0,0.0,54.74,36.91,14.33,11,0,174.857,0.9633,1,0.0,0.0,0.5474,0.55,20.204,0.85,waspada
0.0,0.0,0.0,39.93,3.5,9.01,9,1,41.894,0.9223,2,0.0,0.0,0.3993,0.35,1.399,0.6,waspada
27.072,48.412,163.813,36.7,28.34,25.9,10,0,82.6,1.9556,2,27.072,16.1374,0.367,0.55,10.403,0.55,siaga
6.503,15.244,41.782,57.21,26.78,15.92,1,0,200.479,2.9835,2,6.503,5.0813,0.5721,0.55,15.324,0.4,waspada
20.314,37.619,150.297,76.85,8.75,18.17,4,0,189.033,1.9258,2,20.314,12.5398,0.7685,0.55,6.725,0.5,siaga
1.766,3.979,19.68,43.22,35.54,24.99,8,1,56.152,0.05,2,1.766,1.3263,0.4322,0.85,15.36,0.2,waspada
0.0,0.0,0.0,74.59,28.26,19.91,5,0,164.863,1.501,3,0.0,0.0,0.7459,0.15,21.078,0.75,siaga
81.471,142.112,322.487,57.63,12.29,12.94,6,1,0.0,0.05,3,81.471,47.3707,0.5763,0.75,7.081,0.55,siaga
0.0,0.0,0.0,31.03,29.81,26.7,2,0,55.549,0.38,1,0.0,0.0,0.3103,0.75,9.249,0.75,waspada
6.609,19.388,94.019,83.02,19.77,19.28,8,1,71.935,1.7353,2,6.609,6.4626,0.8302,0.85,16.412,0.3,waspada
0.0,0.0,0.0,39.72,28.8,16.76,3,0,62.255,1.6532,3,0.0,0.0,0.3972,0.55,11.439,0.75,waspada
2.5,6.61,19.131,74.46,32.17,21.26,12,0,74.195,0.1429,2,2.5,2.2032,0.7446,0.35,23.956,0.85,siaga
0.0,0.0,0.0,78.77,11.22,17.49,8,1,6.952,0.5567,3,0.0,0.0,0.7877,0.75,8.837,0.2,waspada
0.0,0.0,0.0,41.98,12.53,9.83,4,0,56.283,1.5178,3,0.0,0.0,0.4198,0.85,5.261,0.8,waspada
0.0,0.0,0.0,68.16,12.45,22.67,8,1,128.374,1.3732,3,0.0,0.0,0.6816,0.75,8.483,0.9,waspada
2.642,7.868,22.651,56.71,16.23,6.1,1,0,141.785,3.1581,1,2.642,2.6228,0.5671,0.75,9.204,0.65,waspada
25.94,42.308,93.258,43.06,9.28,8.9,4,0,83.42,0.05,2,25.94,14.1027,0.4306,0.75,3.994,0.25,waspada
4.653,11.504,37.141,89.54,18.79,28.19,3,0,72.327,1.1406,2,4.653,3.8348,0.8954,0.85,16.822,0.3,waspada
2.924,5.373,24.063,89.35,17.22,3.15,7,1,116.48,0.7036,3,2.924,1.7911,0.8935,0.75,15.382,0.15,waspada
0.0,0.0,0.0,49.35,21.08,14.38,8,1,30.865,0.7455,2,0.0,0.0,0.4935,0.75,10.403,0.5,waspada
49.109,85.718,245.061,69.44,17.39,10.62,10,0,113.032,4.4014,3,49.109,28.5728,0.6944,0.75,12.076,0.6,siaga
0.0,0.0,0.0,97.13,16.12,32.49,7,1,0.0,3.3768,1,0.0,0.0,0.9713,0.75,15.659,0.7,waspada
9.49,17.6,35.33,52.69,17.43,32.47,10,0,142.991,1.5701,2,9.49,5.8667,0.5269,0.55,9.184,0.65,waspada
8.651,20.63,78.033,71.42,13.25,0.2,2,0,137.248,1.5777,1,8.651,6.8766,0.7142,0.85,9.46,0.35,waspada
14.568,27.671,90.484,44.77,31.01,16.77,8,1,104.375,2.8748,2,14.568,9.2235,0.4477,0.75,13.885,0.2,waspada
1.282,3.112,12.668,85.21,21.09,31.67,4,0,73.255,1.1904,1,1.282,1.0373,0.8521,0.55,17.97,0.35,siaga
0.0,0.0,0.0,65.35,36.28,8.94,4,0,94.633,1.288,2,0.0,0.0,0.6535,0.55,23.712,0.85,waspada
79.532,179.4,468.067,85.29,7.85,21.64,2,0,54.784,0.1618,3,79.532,59.7999,0.8529,0.75,6.699,0.8,awas
3.723,5.746,24.393,69.2,24.62,9.91,12,0,32.885,3.0402,0,3.723,1.9155,0.692,0.15,17.041,0.1,waspada
0.0,0.0,0.0,50.69,27.05,0.82,8,1,125.595,1.2688,3,0.0,0.0,0.5069,0.15,13.712,0.85,siaga
73.072,166.175,496.195,35.4,17.42,32.78,10,0,92.831,0.05,2,73.072,55.3918,0.354,1.0,6.165,0.6,siaga
62.137,105.84,230.447,72.04,26.35,15.97,1,0,125.096,3.2771,2,62.137,35.2801,0.7204,0.75,18.983,0.6,siaga
0.634,1.506,5.321,39.75,36.82,24.09,2,0,0.0,0.8308,1,0.634,0.5018,0.3975,0.15,14.636,0.35,waspada
0.0,0.0,0.0,77.34,14.56,11.95,5,0,69.694,1.2584,1,0.0,0.0,0.7734,1.0,11.26,0.75,waspada
0.0,0.0,0.0,70.93,24.48,22.7,1,0,59.43,0.936,1,0.0,0.0,0.7093,0.75,17.362,0.4,waspada
0.0,0.0,0.0,30.65,35.67,3.57,3,0,0.0,1.8986,1,0.0,0.0,0.3065,0.55,10.932,0.2,waspada
0.0,0.0,0.0,87.96,36.43,2.36,3,0,212.801,2.3756,1,0.0,0.0,0.8796,0.75,32.044,0.65,waspada
12.303,26.356,65.063,60.91,20.7,13.88,1,0,107.897,2.5722,0,12.303,8.7852,0.6091,0.75,12.608,0.5,waspada
75.25,175.878,598.959,76.5,21.12,20.72,7,1,31.484,2.3972,2,75.25,58.626,0.765,0.35,16.16,0.15,awas
0.0,0.0,0.0,49.33,17.42,17.29,5,0,116.867,1.0965,3,0.0,0.0,0.4933,0.55,8.592,0.6,waspada
14.004,22.337,83.223,47.72,35.16,2.84,11,0,86.372,1.4108,2,14.004,7.4457,0.4772,0.55,16.781,0.85,waspada
16.134,30.784,106.624,49.86,20.05,19.43,6,1,161.335,1.2887,2,16.134,10.2612,0.4986,0.85,9.995,0.65,waspada
5.019,11.278,48.472,31.54,17.92,13.78,12,0,98.709,1.8441,2,5.019,3.7593,0.3154,0.55,5.651,0.75,waspada
0.0,0.0,0.0,71.76,37.29,26.62,11,0,169.475,0.9897,0,0.0,0.0,0.7176,0.75,26.759,0.2,waspada
2.17,6.06,21.792,85.13,23.8,33.61,1,0,10.469,1.1236,1,2.17,2.02,0.8513,0.55,20.261,0.75,siaga
10.254,22.126,55.01,36.56,14.42,31.91,11,0,72.819,1.1719,2,10.254,7.3753,0.3656,0.85,5.273,0.15,waspada
0.0,0.0,0.0,90.48,34.02,12.42,11,0,0.0,0.3898,2,0.0,0.0,0.9048,0.35,30.782,0.1,siaga
133.951,205.783,347.82,74.62,31.59,30.25,6,1,145.8,1.0244,2,133.951,68.5942,0.7462,1.0,23.572,0.3,siaga
35.483,77.013,206.082,96.93,21.28,29.31,5,0,83.292,1.2999,2,35.483,25.6711,0.9693,0.35,20.629,0.15,awas
5.581,12.512,56.237,83.08,23.74,10.06,2,0,0.016,1.4666,2,5.581,4.1708,0.8308,0.75,19.719,0.85,siaga
0.0,0.0,0.0,33.72,22.34,2.46,9,1,0.0,1.6389,2,0.0,0.0,0.3372,0.75,7.533,0.85,waspada
0.0,0.0,0.0,78.05,28.86,10.55,6,1,0.0,0.7733,3,0.0,0.0,0.7805,0.15,22.524,0.35,siaga
14.8,33.312,113.629,61.0,7.85,27.32,8,1,164.875,2.2396,1,14.8,11.104,0.61,0.55,4.79,0.9,siaga
0.0,0.0,0.0,43.2,28.89,18.98,7,1,77.18,2.0553,1,0.0,0.0,0.432,0.35,12.48,0.1,waspada
4.141,10.552,52.404,93.1,27.21,23.86,3,0,210.362,1.7032,2,4.141,3.5172,0.931,0.55,25.333,0.2,waspada
27.288,46.8,107.833,45.87,16.16,21.81,10,0,77.8,0.9702,0,27.288,15.5999,0.4587,1.0,7.413,0.4,waspada
0.0,0.0,0.0,83.7,6.53,21.11,12,0,0.0,2.5922,2,0.0,0.0,0.837,0.75,5.464,0.3,waspada
6.963,13.218,50.299,91.28,16.47,19.87,9,1,108.262,0.9734,3,6.963,4.4059,0.9128,1.0,15.033,0.85,waspada
0.0,0.0,0.0,71.4,9.5,9.39,12,0,177.588,1.8029,1,0.0,0.0,0.714,0.35,6.78,0.1,waspada
0.0,0.0,0.0,52.84,28.65,13.67,1,0,203.369,0.3917,1,0.0,0.0,0.5284,0.75,15.138,0.9,waspada
0.0,0.0,0.0,84.76,12.43,7.07,5,0,161.929,1.0319,2,0.0,0.0,0.8476,0.75,10.531,0.15,waspada
3.017,4.907,10.944,62.56,11.4,22.09,10,0,94.165,1.5086,2,3.017,1.6355,0.6256,1.0,7.132,0.7,waspada
2.051,3.394,15.956,74.97,18.92,27.79,7,1,34.857,1.3314,0,2.051,1.1312,0.7497,0.75,14.181,0.85,waspada
6.025,11.579,51.554,75.3,7.32,24.49,8,1,143.622,1.1128,2,6.025,3.8596,0.753,0.75,5.512,0.8,waspada
16.473,37.736,111.802,38.33,7.21,25.88,3,0,55.952,0.05,2,16.473,12.5788,0.3833,1.0,2.764,0.45,waspada
0.0,0.0,0.0,72.12,23.12,25.65,12,0,182.127,0.1046,0,0.0,0.0,0.7212,0.55,16.677,0.45,waspada
0.0,0.0,0.0,77.79,36.85,18.76,6,1,142.479,1.3307,1,0.0,0.0,0.7779,0.75,28.664,0.75,waspada
0.0,0.0,0.0,85.57,14.71,22.84,7,1,63.984,3.0241,1,0.0,0.0,0.8557,0.55,12.589,0.5,waspada
0.0,0.0,0.0,48.86,22.39,2.51,3,0,50.157,0.05,0,0.0,0.0,0.4886,0.55,10.937,0.65,waspada
0.0,0.0,0.0,75.27,5.05,24.33,6,1,218.175,2.0818,3,0.0,0.0,0.7527,0.75,3.798,0.55,waspada
0.0,0.0,0.0,35.09,22.06,27.0,10,0,175.342,2.0881,2,0.0,0.0,0.3509,0.35,7.742,0.5,waspada
0.0,0.0,0.0,38.24,9.85,33.94,11,0,47.375,1.5444,1,0.0,0.0,0.3824,0.75,3.766,0.8,waspada
0.0,0.0,0.0,59.02,7.87,34.45,4,0,0.0,1.2817,2,0.0,0.0,0.5902,0.55,4.645,0.75,waspada
14.596,25.691,73.027,91.42,30.43,25.61,1,0,62.104,0.05,1,14.596,8.5636,0.9142,1.0,27.823,0.1,waspada
20.636,43.588,123.861,69.1,20.24,30.05,10,0,66.177,0.1035,0,20.636,14.5293,0.691,0.75,13.989,0.2,siaga
4.471,10.641,48.554,33.58,4.6,22.14,9,1,185.067,0.9049,1,4.471,3.5469,0.3358,0.85,1.544,0.85,waspada
4.523,13.382,40.694,86.57,24.69,16.86,10,0,99.607,2.4584,1,4.523,4.4608,0.8657,0.85,21.371,0.25,waspada
74.785,179.531,519.128,88.47,10.54,5.48,11,0,105.425,1.7809,0,74.785,59.8437,0.8847,0.85,9.326,0.7,awas
3.145,4.964,21.869,88.95,11.9,28.51,2,0,97.638,0.4835,1,3.145,1.6546,0.8895,0.35,10.582,0.2,siaga
3.036,7.984,32.308,57.82,29.78,10.72,1,0,139.215,0.216,2,3.036,2.6614,0.5782,1.0,17.221,0.15,waspada
21.415,39.981,108.598,84.27,28.48,29.66,7,1,63.429,0.059,2,21.415,13.3269,0.8427,0.75,23.995,0.8,siaga
115.747,177.522,317.534,47.28,34.24,18.49,3,0,0.0,3.1963,2,115.747,59.174,0.4728,0.75,16.188,0.9,siaga
5.357,10.546,37.807,50.48,22.03,1.13,8,1,156.784,0.6699,1,5.357,3.5152,0.5048,0.55,11.12,0.35,waspada
0.0,0.0,0.0,35.68,31.17,23.59,10,0,191.024,0.05,3,0.0,0.0,0.3568,0.75,11.122,0.35,waspada
0.0,0.0,0.0,45.28,4.15,8.56,4,0,162.703,1.396,1,0.0,0.0,0.4528,0.35,1.879,0.85,waspada
7.012,20.713,45.893,30.3,30.87,26.02,4,0,113.21,2.2117,2,7.012,6.9045,0.303,0.75,9.353,0.2,waspada
20.567,39.377,93.347,76.2,7.05,8.85,4,0,135.125,0.6387,2,20.567,13.1255,0.762,0.35,5.374,0.45,siaga
0.0,0.0,0.0,48.96,22.59,4.62,12,0,160.443,2.5262,2,0.0,0.0,0.4896,0.35,11.061,0.2,waspada
22.124,33.371,84.39,48.37,16.57,15.86,3,0,83.354,2.4759,0,22.124,11.1237,0.4837,0.55,8.013,0.15,waspada
0.0,0.0,0.0,38.09,21.77,17.3,6,1,20.493,2.6811,1,0.0,0.0,0.3809,0.55,8.293,0.8,waspada
0.0,0.0,0.0,77.31,12.58,27.7,12,0,141.318,0.05,3,0.0,0.0,0.7731,0.35,9.729,0.5,siaga
3.03,6.146,18.966,34.98,37.14,27.61,9,1,100.936,1.8279,3,3.03,2.0487,0.3498,0.85,12.992,0.7,waspada
1.651,2.605,10.723,79.83,33.81,22.52,5,0,36.613,2.1573,2,1.651,0.8683,0.7983,0.55,26.99,0.3,waspada
0.0,0.0,0.0,83.72,29.4,34.83,9,1,0.0,1.0355,3,0.0,0.0,0.8372,0.55,24.616,0.75,siaga
0.0,0.0,0.0,93.77,21.22,3.96,9,1,8.212,0.2236,3,0.0,0.0,0.9377,0.75,19.898,0.5,waspada
0.0,0.0,0.0,44.25,7.98,28.08,2,0,55.976,1.2989,0,0.0,0.0,0.4425,0.15,3.532,0.75,siaga
11.597,20.456,57.826,68.87,30.37,1.9,7,1,163.445,1.4832,2,11.597,6.8187,0.6887,0.55,20.918,0.6,waspada
14.407,34.406,90.614,90.04,32.42,16.73,3,0,56.555,0.7979,3,14.407,11.4688,0.9004,0.75,29.194,0.6,siaga
0.0,0.0,0.0,69.09,33.8,30.9,3,0,156.412,1.1221,2,0.0,0.0,0.6909,0.55,23.355,0.5,waspada
138.613,196.834,480.809,42.04,36.5,15.74,6,1,63.288,0.4229,0,138.613,65.6115,0.4204,0.55,15.347,0.15,siaga
0.0,0.0,0.0,70.19,26.6,21.46,11,0,62.517,4.2561,3,0.0,0.0,0.7019,0.35,18.669,0.2,waspada
0.0,0.0,0.0,52.49,25.56,16.84,12,0,27.936,1.4999,3,0.0,0.0,0.5249,0.75,13.417,0.1,waspada
13.107,22.125,55.985,61.48,16.41,23.92,8,1,61.739,1.283,2,13.107,7.3751,0.6148,0.35,10.087,0.9,siaga
18.411,38.737,132.295,44.39,6.88,16.39,10,0,148.954,2.5785,1,18.411,12.9123,0.4439,0.15,3.053,0.25,siaga
80.604,126.815,210.633,91.16,34.11,0.43,4,0,0.0,0.2107,0,80.604,42.2718,0.9116,0.55,31.097,0.5,awas
0.0,0.0,0.0,62.84,25.79,7.48,3,0,184.463,1.575,3,0.0,0.0,0.6284,0.75,16.207,0.15,waspada
3.269,6.771,32.903,40.43,18.48,0.95,6,1,111.074,1.3162,2,3.269,2.2571,0.4043,0.85,7.473,0.35,waspada
0.0,0.0,0.0,33.11,6.95,9.82,5,0,40.045,1.8259,2,0.0,0.0,0.3311,0.75,2.301,0.25,aman
6.995,20.017,78.288,30.5,24.42,9.4,12,0,59.496,2.0001,1,6.995,6.6725,0.305,1.0,7.449,0.55,waspada
0.0,0.0,0.0,51.0,14.9,16.72,11,0,101.297,1.0206,1,0.0,0.0,0.51,0.35,7.599,0.25,waspada
11.275,17.389,39.697,54.16,30.86,13.34,8,1,38.084,1.4732,0,11.275,5.7964,0.5416,0.75,16.713,0.15,waspada
0.0,0.0,0.0,67.0,17.75,31.9,10,0,100.507,1.3529,1,0.0,0.0,0.67,0.35,11.891,0.35,waspada
6.443,17.014,77.153,49.7,17.69,33.12,1,0,59.547,1.0571,1,6.443,5.6713,0.497,0.55,8.793,0.4,waspada
6.562,14.862,45.331,88.43,12.55,20.33,8,1,16.679,0.5926,3,6.562,4.9541,0.8843,0.75,11.096,0.85,siaga
11.385,24.799,59.46,88.21,21.63,34.9,3,0,137.216,2.4175,2,11.385,8.2663,0.8821,0.85,19.084,0.5,waspada
4.433,9.311,30.677,88.45,35.03,8.11,4,0,100.478,1.2589,0,4.433,3.1035,0.8845,0.75,30.981,0.6,waspada
7.205,16.833,81.359,65.16,15.81,13.41,11,0,0.0,1.5953,2,7.205,5.6111,0.6516,0.35,10.3,0.25,siaga
0.0,0.0,0.0,86.78,18.23,32.25,4,0,36.416,3.597,2,0.0,0.0,0.8678,0.85,15.823,0.1,waspada
4.47,10.773,46.185,89.92,2.75,33.73,10,0,68.272,2.3034,3,4.47,3.5909,0.8992,0.85,2.474,0.4,waspada
4.135,8.977,18.117,97.6,15.32,20.94,4,0,92.73,3.4016,1,4.135,2.9924,0.976,0.75,14.956,0.6,waspada
0.0,0.0,0.0,67.55,2.16,6.49,2,0,120.573,2.5608,2,0.0,0.0,0.6755,0.35,1.459,0.65,siaga
5.197,8.377,34.507,70.51,27.86,3.3,11,0,119.936,2.5643,0,5.197,2.7922,0.7051,0.75,19.643,0.1,waspada
0.0,0.0,0.0,68.6,11.76,34.43,8,1,162.543,1.8057,1,0.0,0.0,0.686,0.55,8.064,0.1,waspada
4.479,7.883,36.718,59.0,30.97,33.34,4,0,15.038,1.9917,2,4.479,2.6276,0.59,0.85,18.27,0.25,waspada
4.648,11.36,41.31,76.94,4.73,34.01,9,1,47.915,2.1338,2,4.648,3.7867,0.7694,0.55,3.643,0.9,siaga
3.513,8.987,44.744,30.3,32.94,30.91,9,1,101.512,0.05,2,3.513,2.9957,0.303,0.75,9.98,0.3,waspada
1.989,3.562,12.461,43.37,23.64,3.19,12,0,143.891,1.1128,1,1.989,1.1874,0.4337,0.35,10.254,0.15,waspada
0.0,0.0,0.0,33.35,33.91,28.26,2,0,69.864,3.4275,2,0.0,0.0,0.3335,0.75,11.309,0.5,waspada
0.0,0.0,0.0,93.64,12.46,20.02,1,0,133.486,1.807,1,0.0,0.0,0.9364,0.55,11.664,0.15,waspada
5.142,8.634,26.006,95.44,36.74,18.5,3,0,56.393,0.7466,3,5.142,2.878,0.9544,0.85,35.064,0.75,waspada
16.843,29.716,101.027,35.85,33.88,10.62,4,0,36.452,2.2755,0,16.843,9.9054,0.3585,0.75,12.147,0.45,waspada
0.0,0.0,0.0,56.5,27.7,7.97,9,1,98.103,0.8717,0,0.0,0.0,0.565,0.85,15.652,0.35,waspada
6.352,9.568,37.252,40.69,30.68,21.1,3,0,121.957,1.3041,1,6.352,3.1894,0.4069,1.0,12.483,0.3,aman
0.0,0.0,0.0,36.27,27.02,15.14,5,0,31.706,2.5419,1,0.0,0.0,0.3627,0.85,9.802,0.9,waspada
25.134,62.706,166.394,90.87,37.85,28.5,2,0,79.774,1.6158,3,25.134,20.902,0.9087,0.75,34.395,0.9,siaga
10.943,19.894,73.811,95.46,26.5,0.82,11,0,60.328,3.1468,1,10.943,6.6313,0.9546,0.75,25.293,0.85,siaga
60.598,130.083,348.525,74.26,10.56,2.84,8,1,41.647,1.7459,2,60.598,43.361,0.7426,0.15,7.84,0.4,awas
121.738,193.281,390.615,76.23,35.51,34.36,11,0,66.25,0.2304,2,121.738,64.4269,0.7623,0.75,27.069,0.55,siaga
22.144,43.595,111.018,30.97,34.75,18.93,8,1,6.442,2.8072,2,22.144,14.5317,0.3097,0.55,10.764,0.75,waspada
70.113,121.872,285.64,96.01,27.21,20.21,6,1,189.256,2.0134,2,70.113,40.6239,0.9601,0.55,26.124,0.9,awas
0.0,0.0,0.0,41.9,28.07,31.95,4,0,30.341,0.0606,1,0.0,0.0,0.419,0.55,11.762,0.45,waspada
6.313,15.943,34.069,65.61,3.3,0.7,10,0,49.584,0.1954,0,6.313,5.3142,0.6561,0.75,2.164,0.6,waspada
0.782,1.466,7.267,37.62,3.14,3.03,8,1,156.764,2.0891,2,0.782,0.4885,0.3762,0.75,1.183,0.4,aman
0.0,0.0,0.0,40.17,10.16,2.96,10,0,9.399,0.7775,0,0.0,0.0,0.4017,0.85,4.08,0.5,waspada
0.0,0.0,0.0,47.08,4.61,26.86,8,1,95.021,1.8739,3,0.0,0.0,0.4708,0.85,2.171,0.9,waspada
3.638,8.852,26.379,40.43,2.07,4.21,10,0,115.86,2.2126,1,3.638,2.9506,0.4043,0.75,0.836,0.75,waspada
15.957,32.301,80.995,93.76,7.19,3.35,5,0,60.183,0.9952,2,15.957,10.7671,0.9376,0.55,6.74,0.55,siaga
6.777,16.16,53.866,97.79,2.78,1.71,9,1,26.033,0.6804,1,6.777,5.3865,0.9779,0.75,2.717,0.75,siaga
0.0,0.0,0.0,30.95,6.46,6.72,10,0,16.973,1.2624,2,0.0,0.0,0.3095,0.35,1.999,0.8,waspada
0.0,0.0,0.0,31.21,27.28,2.99,2,0,18.52,3.2809,1,0.0,0.0,0.3121,0.55,8.515,0.65,waspada
0.0,0.0,0.0,63.81,11.62,2.79,7,1,74.317,1.3514,3,0.0,0.0,0.6381,0.85,7.418,0.6,waspada
0.0,0.0,0.0,51.83,30.14,25.02,12,0,134.732,2.6463,1,0.0,0.0,0.5183,0.75,15.622,0.55,waspada
0.0,0.0,0.0,54.24,35.48,18.55,1,0,10.318,2.0114,0,0.0,0.0,0.5424,0.75,19.243,0.3,waspada
0.0,0.0,0.0,92.91,37.03,10.6,11,0,153.273,0.6373,1,0.0,0.0,0.9291,0.75,34.408,0.15,waspada
43.217,91.324,274.731,81.24,36.05,27.45,3,0,89.604,2.2401,2,43.217,30.4414,0.8124,1.0,29.286,0.35,siaga
41.123,78.997,276.055,55.26,15.35,20.95,8,1,132.999,2.4497,1,41.123,26.3324,0.5526,0.35,8.482,0.7,siaga
2.816,5.425,18.482,35.28,10.55,19.0,11,0,141.535,1.2766,3,2.816,1.8084,0.3528,0.75,3.722,0.9,waspada
0.0,0.0,0.0,45.75,31.85,20.06,3,0,102.928,1.6058,3,0.0,0.0,0.4575,0.55,14.573,0.2,waspada
0.0,0.0,0.0,58.59,30.28,29.81,10,0,88.201,1.8184,2,0.0,0.0,0.5859,0.75,17.738,0.6,waspada
23.119,39.896,157.441,44.38,14.27,18.99,12,0,0.0,0.05,1,23.119,13.2985,0.4438,0.55,6.331,0.6,siaga
0.0,0.0,0.0,82.58,23.99,21.15,5,0,88.612,2.4455,1,0.0,0.0,0.8258,0.55,19.813,0.7,waspada
0.0,0.0,0.0,94.3,21.27,7.91,3,0,9.29,0.8103,1,0.0,0.0,0.943,1.0,20.062,0.25,waspada
2.996,4.58,15.149,81.49,35.82,10.89,7,1,186.825,0.4009,1,2.996,1.5267,0.8149,0.35,29.192,0.5,siaga
42.803,68.244,200.898,57.38,10.76,25.74,9,1,133.018,1.4457,1,42.803,22.7479,0.5738,0.55,6.174,0.75,siaga
0.0,0.0,0.0,32.05,32.99,13.74,1,0,25.169,1.9426,2,0.0,0.0,0.3205,0.85,10.575,0.3,waspada
18.826,39.925,126.878,91.99,37.11,32.2,8,1,126.085,1.5953,2,18.826,13.3082,0.9199,0.75,34.135,0.6,siaga
4.248,7.744,36.646,90.72,7.86,6.94,9,1,17.895,0.8493,2,4.248,2.5814,0.9072,0.55,7.129,0.65,siaga
102.984,180.288,372.975,87.52,35.64,20.01,11,0,29.611,1.7459,3,102.984,60.0958,0.8752,1.0,31.196,0.7,siaga
0.0,0.0,0.0,31.43,37.39,16.05,1,0,17.507,0.9894,1,0.0,0.0,0.3143,0.75,11.752,0.35,waspada
1.808,3.467,13.12,65.84,8.36,11.05,6,1,114.42,0.5461,2,1.808,1.1556,0.6584,0.85,5.501,0.25,waspada
17.962,34.314,117.033,96.55,36.53,28.53,8,1,74.361,1.7601,0,17.962,11.4381,0.9655,0.55,35.271,0.2,siaga
0.0,0.0,0.0,56.74,7.52,32.1,3,0,121.401,3.4504,1,0.0,0.0,0.5674,0.75,4.269,0.35,aman
0.0,0.0,0.0,44.9,31.31,20.99,11,0,148.419,1.0438,1,0.0,0.0,0.449,0.55,14.06,0.5,waspada
3.988,9.865,36.782,77.1,34.52,10.62,2,0,140.534,2.3753,3,3.988,3.2884,0.771,0.55,26.616,0.4,waspada
7.346,20.374,87.853,56.44,34.04,23.24,1,0,28.429,0.993,2,7.346,6.7913,0.5644,0.75,19.21,0.2,waspada
19.33,37.192,86.389,68.25,30.06,16.74,5,0,95.478,0.2654,1,19.33,12.3972,0.6825,0.85,20.52,0.25,waspada
0.0,0.0,0.0,45.64,24.99,31.37,9,1,213.191,0.5308,0,0.0,0.0,0.4564,0.55,11.406,0.85,waspada
0.0,0.0,0.0,79.42,34.19,8.68,6,1,98.4,0.9802,3,0.0,0.0,0.7942,0.85,27.153,0.25,waspada
2.507,5.958,25.47,44.8,5.2,1.53,11,0,31.23,2.3593,1,2.507,1.9859,0.448,0.55,2.329,0.65,waspada
12.836,25.499,82.239,49.15,4.1,28.08,9,1,48.785,2.4782,2,12.836,8.4996,0.4915,1.0,2.017,0.25,waspada
0.0,0.0,0.0,41.18,32.24,24.87,5,0,88.329,1.9293,2,0.0,0.0,0.4118,0.55,13.275,0.3,waspada
0.0,0.0,0.0,40.67,13.63,11.77,12,0,141.984,1.2707,2,0.0,0.0,0.4067,0.75,5.543,0.35,aman
62.777,105.583,348.086,35.86,12.53,29.45,5,0,56.36,1.1916,2,62.777,35.1945,0.3586,0.85,4.494,0.8,siaga
21.499,45.104,90.399,69.33,29.35,15.83,1,0,127.245,2.7149,0,21.499,15.0346,0.6933,0.75,20.349,0.5,waspada
74.223,119.291,308.134,84.19,14.45,1.52,3,0,67.964,0.05,3,74.223,39.7637,0.8419,0.75,12.168,0.45,siaga
1.468,2.451,10.353,63.55,11.73,19.94,5,0,40.413,0.581,1,1.468,0.8169,0.6355,0.75,7.453,0.25,waspada
16.075,27.642,77.312,60.45,32.74,34.47,12,0,133.015,1.6339,1,16.075,9.2139,0.6045,0.85,19.79,0.45,waspada
17.351,34.663,84.94,75.2,34.85,22.84,5,0,57.244,3.2473,2,17.351,11.5542,0.752,0.75,26.21,0.6,siaga
20.864,36.061,73.522,87.69,6.23,26.95,8,1,45.957,1.7724,2,20.864,12.0205,0.8769,0.75,5.467,0.65,siaga
4.438,10.645,26.992,88.88,29.19,6.1,7,1,45.193,1.4744,2,4.438,3.5483,0.8888,0.55,25.94,0.8,siaga
2.865,5.676,15.073,42.94,21.15,28.77,2,0,147.214,3.7299,1,2.865,1.8919,0.4294,0.75,9.083,0.6,waspada
0.0,0.0,0.0,57.97,4.38,6.45,8,1,145.047,1.9718,2,0.0,0.0,0.5797,0.35,2.542,0.75,waspada
0.0,0.0,0.0,49.97,37.74,30.1,8,1,69.236,0.8672,2,0.0,0.0,0.4997,0.75,18.861,0.55,waspada
0.0,0.0,0.0,54.19,29.79,32.58,5,0,0.0,0.1182,2,0.0,0.0,0.5419,0.75,16.146,0.55,waspada
0.0,0.0,0.0,46.27,2.36,27.07,6,1,93.625,1.3319,3,0.0,0.0,0.4627,1.0,1.092,0.85,aman
0.0,0.0,0.0,86.31,35.37,6.14,8,1,96.009,0.0907,2,0.0,0.0,0.8631,0.35,30.528,0.8,siaga
10.897,18.78,57.072,85.48,19.73,32.5,11,0,46.655,0.05,3,10.897,6.26,0.8548,0.55,16.864,0.4,siaga
0.0,0.0,0.0,83.12,24.14,29.38,9,1,132.215,1.8501,2,0.0,0.0,0.8312,0.55,20.066,0.9,waspada
0.0,0.0,0.0,38.5,13.99,19.93,9,1,52.446,3.0149,1,0.0,0.0,0.385,0.85,5.385,0.45,aman
6.929,10.913,45.604,77.14,28.1,1.1,1,0,93.945,1.5095,2,6.929,3.6376,0.7714,0.85,21.676,0.3,waspada
10.599,23.493,80.418,72.33,21.04,11.06,10,0,0.0,1.0084,2,10.599,7.8309,0.7233,0.75,15.218,0.1,waspada
0.0,0.0,0.0,77.11,34.99,7.08,12,0,94.595,1.0515,3,0.0,0.0,0.7711,0.35,26.979,0.25,waspada
0.0,0.0,0.0,89.77,27.1,17.08,8,1,67.494,1.3283,2,0.0,0.0,0.8977,0.75,24.324,0.3,waspada
0.0,0.0,0.0,36.97,21.06,23.04,9,1,25.624,1.4099,1,0.0,0.0,0.3697,0.55,7.787,0.65,waspada
0.987,2.168,4.361,32.88,31.53,27.35,11,0,0.827,0.9343,2,0.987,0.7228,0.3288,0.75,10.369,0.4,waspada
0.0,0.0,0.0,37.81,24.57,31.12,3,0,206.865,1.4189,2,0.0,0.0,0.3781,0.35,9.288,0.55,waspada
0.0,0.0,0.0,52.64,28.52,5.64,1,0,107.438,2.5027,2,0.0,0.0,0.5264,0.75,15.014,0.25,waspada
0.0,0.0,0.0,42.58,20.01,15.92,2,0,118.848,3.0073,2,0.0,0.0,0.4258,0.85,8.52,0.85,aman
0.0,0.0,0.0,41.61,14.94,15.63,2,0,168.475,2.4763,1,0.0,0.0,0.4161,0.85,6.217,0.2,aman
110.89,210.514,401.101,53.57,31.34,29.01,3,0,0.0,1.7395,3,110.89,70.1714,0.5357,0.75,16.787,0.4,siaga
55.616,108.543,361.868,73.04,16.25,12.6,9,1,36.237,2.8645,0,55.616,36.1811,0.7304,1.0,11.867,0.8,siaga
0.0,0.0,0.0,32.72,17.19,16.95,11,0,159.529,0.05,1,0.0,0.0,0.3272,0.75,5.625,0.15,aman
1.302,3.79,9.122,63.7,10.84,8.79,9,1,197.202,1.9194,3,1.302,1.2633,0.637,0.55,6.902,0.15,waspada
142.329,194.048,475.081,70.1,21.69,6.88,5,0,56.67,2.1165,0,142.329,64.6825,0.701,0.35,15.203,0.4,awas
20.399,38.195,116.026,79.13,34.02,13.87,7,1,0.0,3.3913,0,20.399,12.7317,0.7913,0.75,26.923,0.45,siaga
0.0,0.0,0.0,32.79,9.38,32.77,9,1,152.186,1.5262,2,0.0,0.0,0.3279,0.35,3.075,0.65,waspada
8.437,15.861,32.34,77.99,8.09,13.46,5,0,93.87,1.3042,1,8.437,5.2871,0.7799,0.15,6.307,0.6,siaga
6.157,14.213,37.95,59.89,19.84,31.49,11,0,153.974,1.5449,2,6.157,4.7378,0.5989,0.15,11.881,0.8,siaga
7.388,17.368,80.785,58.32,12.85,17.02,5,0,34.536,1.7935,1,7.388,5.7894,0.5832,1.0,7.493,0.75,waspada
0.0,0.0,0.0,68.07,7.24,17.98,3,0,61.472,2.1096,3,0.0,0.0,0.6807,1.0,4.929,0.75,waspada
0.0,0.0,0.0,75.09,21.47,5.46,9,1,72.317,3.4589,1,0.0,0.0,0.7509,0.85,16.124,0.15,waspada
19.028,45.952,125.565,37.68,10.92,19.16,9,1,169.115,1.3687,2,19.028,15.3174,0.3768,0.55,4.117,0.65,siaga
14.864,36.867,109.216,66.52,16.4,14.88,6,1,117.521,1.9913,2,14.864,12.2892,0.6652,0.75,10.909,0.75,waspada
0.0,0.0,0.0,51.42,22.34,25.4,10,0,119.284,0.05,2,0.0,0.0,0.5142,0.75,11.487,0.75,waspada
7.175,17.029,50.003,45.94,25.31,33.72,1,0,99.721,1.7935,2,7.175,5.6762,0.4594,0.55,11.627,0.55,waspada
8.134,18.925,43.249,38.72,7.87,21.41,1,0,0.0,1.4613,1,8.134,6.3084,0.3872,0.15,3.045,0.3,siaga
7.168,15.023,68.239,63.48,31.21,22.08,12,0,27.452,2.0369,2,7.168,5.0078,0.6348,0.75,19.812,0.85,waspada
0.0,0.0,0.0,89.49,37.12,23.92,1,0,106.848,0.5889,3,0.0,0.0,0.8949,0.15,33.221,0.25,siaga
14.565,31.095,82.005,33.43,9.96,1.01,8,1,92.866,0.6369,0,14.565,10.3649,0.3343,0.75,3.331,0.55,waspada
0.0,0.0,0.0,90.24,15.45,2.82,12,0,0.0,1.5197,2,0.0,0.0,0.9024,0.85,13.945,0.35,waspada
2.153,4.424,11.05,40.96,12.89,15.56,8,1,126.929,0.4377,1,2.153,1.4748,0.4096,0.75,5.279,0.5,waspada
11.346,20.783,55.191,68.03,36.56,23.76,12,0,42.142,2.599,3,11.346,6.9278,0.6803,0.85,24.872,0.25,waspada
0.0,0.0,0.0,39.4,31.04,16.7,9,1,109.556,1.7862,1,0.0,0.0,0.394,0.75,12.229,0.35,waspada
0.0,0.0,0.0,36.08,13.05,8.39,6,1,125.394,3.326,3,0.0,0.0,0.3608,0.75,4.71,0.5,aman
3.241,5.346,17.717,62.13,30.94,16.04,4,0,113.231,1.6864,2,3.241,1.7818,0.6213,0.75,19.221,0.4,waspada
0.0,0.0,0.0,78.16,26.11,8.12,11,0,170.59,2.5834,1,0.0,0.0,0.7816,0.85,20.411,0.2,waspada
0.0,0.0,0.0,64.11,31.21,33.1,11,0,22.254,3.2901,3,0.0,0.0,0.6411,0.75,20.005,0.75,waspada
0.0,0.0,0.0,73.54,29.1,26.09,2,0,99.02,2.1186,3,0.0,0.0,0.7354,0.55,21.398,0.1,waspada
0.0,0.0,0.0,62.8,23.56,21.41,2,0,0.0,0.0933,0,0.0,0.0,0.628,0.85,14.794,0.1,waspada
8.722,15.607,52.209,82.47,7.81,5.36,9,1,102.911,2.6271,3,8.722,5.2022,0.8247,0.75,6.442,0.1,waspada
79.392,147.31,441.875,60.45,11.01,5.73,11,0,68.423,1.4759,2,79.392,49.1033,0.6045,0.75,6.653,0.1,siaga
58.175,105.103,320.988,54.55,27.64,21.2,7,1,16.767,1.7667,2,58.175,35.0344,0.5455,0.35,15.078,0.9,awas
5.227,13.36,39.716,53.0,10.63,27.93,6,1,220.328,2.1477,2,5.227,4.4533,0.53,0.75,5.632,0.9,waspada
2.521,5.692,12.178,91.63,11.94,13.34,10,0,92.942,1.9304,1,2.521,1.8973,0.9163,0.75,10.936,0.8,waspada
0.0,0.0,0.0,58.78,23.09,32.31,10,0,91.958,1.8203,3,0.0,0.0,0.5878,0.55,13.575,0.1,waspada
0.0,0.0,0.0,66.2,17.28,28.72,4,0,160.612,1.5597,1,0.0,0.0,0.662,0.75,11.44,0.35,waspada
15.668,32.176,101.824,63.86,7.95,14.72,12,0,0.0,0.7339,2,15.668,10.7253,0.6386,0.55,5.077,0.1,siaga
0.0,0.0,0.0,49.97,18.13,31.3,3,0,109.602,0.05,2,0.0,0.0,0.4997,0.35,9.059,0.4,waspada
141.973,192.45,434.463,59.96,6.41,9.85,7,1,80.716,0.05,2,141.973,64.1501,0.5996,1.0,3.841,0.75,siaga
0.0,0.0,0.0,64.88,9.37,20.79,6,1,67.125,0.658,2,0.0,0.0,0.6488,0.35,6.078,0.85,siaga
0.0,0.0,0.0,93.86,5.85,24.77,3,0,0.0,2.4954,2,0.0,0.0,0.9386,0.75,5.489,0.45,waspada
2.186,6.329,28.386,52.42,31.51,30.36,8,1,103.358,0.05,2,2.186,2.1096,0.5242,0.55,16.518,0.45,waspada
0.0,0.0,0.0,47.11,2.25,24.73,4,0,92.951,1.7096,3,0.0,0.0,0.4711,0.75,1.061,0.8,waspada
5.837,16.576,76.012,54.9,28.98,34.59,6,1,205.123,0.3513,2,5.837,5.5253,0.549,0.75,15.912,0.4,waspada
0.0,0.0,0.0,39.09,12.82,25.51,7,1,19.133,0.2955,2,0.0,0.0,0.3909,1.0,5.012,0.5,aman
5.331,12.388,30.138,65.22,11.98,8.98,10,0,157.36,3.4843,0,5.331,4.1293,0.6522,0.55,7.813,0.45,waspada
119.835,200.203,390.049,52.1,35.41,12.34,12,0,184.889,1.4262,1,119.835,66.7343,0.521,0.55,18.45,0.6,siaga
0.0,0.0,0.0,46.16,35.4,32.39,12,0,92.013,2.7183,1,0.0,0.0,0.4616,0.75,16.339,0.75,waspada
0.0,0.0,0.0,79.25,37.72,19.61,3,0,106.86,3.0121,1,0.0,0.0,0.7925,0.55,29.895,0.9,waspada
0.0,0.0,0.0,51.47,23.5,9.16,7,1,37.712,0.05,1,0.0,0.0,0.5147,0.15,12.095,0.4,siaga
24.831,38.325,114.954,53.03,12.24,17.56,7,1,156.942,2.2121,2,24.831,12.7749,0.5303,0.15,6.491,0.3,siaga
0.0,0.0,0.0,51.24,3.5,12.52,10,0,139.862,2.8945,0,0.0,0.0,0.5124,0.55,1.792,0.2,waspada
0.0,0.0,0.0,48.88,32.57,32.53,9,1,170.887,1.1783,1,0.0,0.0,0.4888,0.75,15.919,0.6,waspada
0.0,0.0,0.0,82.17,30.21,21.71,11,0,150.754,0.2336,1,0.0,0.0,0.8217,0.75,24.826,0.5,waspada
11.201,20.584,82.095,74.28,18.39,32.7,9,1,146.72,0.7672,2,11.201,6.8615,0.7428,1.0,13.662,0.75,waspada
0.0,0.0,0.0,82.52,27.51,25.37,3,0,17.733,1.8973,3,0.0,0.0,0.8252,0.55,22.7,0.6,waspada
0.0,0.0,0.0,31.6,21.51,9.4,3,0,31.218,1.6137,0,0.0,0.0,0.316,0.75,6.796,0.7,waspada
0.0,0.0,0.0,67.18,31.92,21.96,10,0,42.529,2.3137,1,0.0,0.0,0.6718,0.35,21.442,0.7,waspada
0.0,0.0,0.0,86.59,16.61,5.94,12,0,0.0,0.7258,3,0.0,0.0,0.8659,0.75,14.381,0.55,waspada
7.879,16.126,59.324,56.19,2.4,9.38,10,0,150.853,3.0315,0,7.879,5.3755,0.5619,0.75,1.35,0.8,waspada
4.311,12.132,41.504,50.45,13.11,2.78,12,0,107.119,1.6078,1,4.311,4.0439,0.5045,0.75,6.612,0.8,waspada
0.0,0.0,0.0,67.15,27.93,13.12,4,0,31.157,2.5499,3,0.0,0.0,0.6715,0.85,18.755,0.2,waspada
10.187,23.508,50.304,68.28,8.63,5.17,7,1,16.286,0.1682,3,10.187,7.836,0.6828,0.75,5.891,0.35,waspada
2.445,5.086,19.309,33.23,2.15,25.14,12,0,34.397,2.0743,2,2.445,1.6954,0.3323,0.75,0.715,0.4,waspada
3.109,6.041,17.65,35.32,37.43,9.8,9,1,112.554,0.9764,2,3.109,2.0137,0.3532,0.75,13.223,0.1,waspada
0.0,0.0,0.0,46.73,37.89,21.45,3,0,200.634,1.6263,2,0.0,0.0,0.4673,0.85,17.706,0.3,aman
0.0,0.0,0.0,42.0,11.32,2.68,12,0,57.918,1.9475,1,0.0,0.0,0.42,0.75,4.754,0.5,waspada
18.66,45.664,179.298,61.06,23.63,6.1,10,0,22.622,1.923,1,18.66,15.2214,0.6106,0.75,14.431,0.6,siaga
0.0,0.0,0.0,40.47,18.62,34.67,3,0,99.618,1.6778,1,0.0,0.0,0.4047,0.55,7.536,0.15,waspada
0.0,0.0,0.0,74.36,15.55,2.98,8,1,64.006,1.7291,3,0.0,0.0,0.7436,0.35,11.56,0.55,waspada
0.0,0.0,0.0,66.33,27.71,0.01,1,0,85.908,0.05,2,0.0,0.0,0.6633,0.35,18.38,0.15,waspada
18.486,41.44,157.431,81.12,15.38,15.88,8,1,140.043,2.8831,2,18.486,13.8134,0.8112,0.85,12.474,0.6,siaga
7.474,12.276,61.321,53.44,23.24,4.87,3,0,17.209,1.9272,1,7.474,4.0921,0.5344,0.75,12.417,0.4,waspada
7.17,20.91,84.262,91.55,6.12,31.6,3,0,102.808,2.3125,3,7.17,6.9701,0.9155,0.75,5.607,0.75,siaga
7.011,10.604,36.644,34.47,35.76,26.29,12,0,98.684,0.9328,2,7.011,3.5345,0.3447,0.55,12.326,0.7,waspada
0.0,0.0,0.0,82.29,21.53,34.97,2,0,0.0,0.05,2,0.0,0.0,0.8229,0.85,17.719,0.2,waspada
2.995,5.937,14.21,68.41,37.93,14.4,5,0,50.541,1.2112,1,2.995,1.979,0.6841,0.85,25.947,0.7,waspada
10.618,26.339,61.48,35.34,20.22,34.35,7,1,32.582,1.7447,2,10.618,8.7798,0.3534,0.55,7.148,0.85,waspada
121.496,227.958,462.738,92.14,21.23,17.73,5,0,205.066,2.8768,0,121.496,75.986,0.9214,0.75,19.562,0.5,siaga
0.0,0.0,0.0,71.65,37.67,22.87,9,1,169.397,2.3184,2,0.0,0.0,0.7165,1.0,26.99,0.65,waspada
7.218,19.733,79.859,56.96,14.02,13.5,10,0,77.516,1.5454,1,7.218,6.5776,0.5696,0.85,7.985,0.4,waspada
0.0,0.0,0.0,39.97,11.39,34.67,11,0,121.713,1.0601,1,0.0,0.0,0.3997,0.85,4.552,0.75,aman
0.0,0.0,0.0,69.47,6.55,11.1,3,0,72.442,2.8767,0,0.0,0.0,0.6947,0.75,4.548,0.65,waspada
3.504,9.786,31.283,73.09,10.76,6.8,10,0,49.142,1.0847,1,3.504,3.2621,0.7309,0.75,7.863,0.25,waspada
94.67,183.685,276.212,94.2,2.22,9.98,3,0,178.868,1.5326,0,94.67,61.2283,0.942,0.75,2.091,0.65,siaga
0.0,0.0,0.0,78.48,23.63,30.02,5,0,42.983,2.4339,3,0.0,0.0,0.7848,0.35,18.546,0.55,siaga
0.0,0.0,0.0,67.04,35.76,20.07,9,1,189.91,0.05,1,0.0,0.0,0.6704,0.75,23.97,0.3,waspada
0.0,0.0,0.0,46.68,30.37,24.9,5,0,56.383,0.8962,3,0.0,0.0,0.4668,0.55,14.178,0.7,waspada
17.916,31.292,77.237,45.11,27.7,18.4,10,0,154.67,2.2637,1,17.916,10.4305,0.4511,0.35,12.498,0.35,siaga
40.742,92.322,286.587,58.78,3.97,29.35,6,1,31.662,1.1072,1,40.742,30.774,0.5878,0.75,2.332,0.5,siaga
0.0,0.0,0.0,34.81,7.2,10.3,1,0,14.818,1.8678,2,0.0,0.0,0.3481,0.55,2.505,0.2,waspada
78.717,161.395,447.239,37.11,20.52,12.33,11,0,66.096,4.2595,1,78.717,53.7982,0.3711,0.75,7.615,0.4,siaga
0.0,0.0,0.0,73.0,30.2,19.49,3,0,1.058,1.3192,1,0.0,0.0,0.73,0.75,22.047,0.1,waspada
1.591,3.176,7.47,91.82,24.01,8.96,1,0,22.538,1.4874,2,1.591,1.0588,0.9182,0.85,22.044,0.2,waspada
0.0,0.0,0.0,76.67,16.35,17.31,10,0,38.498,2.2339,2,0.0,0.0,0.7667,0.75,12.538,0.35,waspada
